sample,reward_best,reward_CA,location_lat,location_lon,patient_state
1,0.24418294143999997,0.24418294143999997,37.965586407753044,-121.68649272497962,"PatientState(Location(""FIELD"", (37.965586407753044, -121.68649272497962), -1.0, FIELD), 129.9467341638793, UNKNOWN, MIMIC)"
2,0.24418294143999997,0.24418294143999997,37.96756478222585,-121.68695786856257,"PatientState(Location(""FIELD"", (37.96756478222585, -121.68695786856257), -1.0, FIELD), 62.72031687667362, UNKNOWN, HEMORRHAGIC)"
3,0.2519882500810151,0.24418294143999997,37.967341703109675,-121.68627185366854,"PatientState(Location(""FIELD"", (37.967341703109675, -121.68627185366854), -1.0, FIELD), 55.58559228866019, UNKNOWN, LVO)"
4,0.24418294143999997,0.24418294143999997,37.966787050203905,-121.68938362198253,"PatientState(Location(""FIELD"", (37.966787050203905, -121.68938362198253), -1.0, FIELD), 83.44411586723251, UNKNOWN, MIMIC)"
5,0.3226770975726974,0.24418294143999997,37.96510485123655,-121.69038336207848,"PatientState(Location(""FIELD"", (37.96510485123655, -121.69038336207848), -1.0, FIELD), 15.071706494232428, UNKNOWN, HEMORRHAGIC)"
