sample,reward_best,reward_CA,location_lat,location_lon,patient_state
1,0.33964947147718133,0.3205580107002387,37.571596326422046,-121.77003410900458,"PatientState(Location(""FIELD"", (37.571596326422046, -121.77003410900458), -1.0, FIELD), 22.068136949566483, UNKNOWN, HEMORRHAGIC)"
2,0.24418294143999997,0.24418294143999997,37.56936960574384,-121.76960813991842,"PatientState(Location(""FIELD"", (37.56936960574384, -121.76960813991842), -1.0, FIELD), 262.20440802841637, UNKNOWN, HEMORRHAGIC)"
3,0.3308282209794694,0.24418294143999997,37.57191070482862,-121.77053872654747,"PatientState(Location(""FIELD"", (37.57191070482862, -121.77053872654747), -1.0, FIELD), 60.42254658416657, UNKNOWN, HEMORRHAGIC)"
4,0.3309679317608401,0.24418294143999997,37.57161136890747,-121.76911264251419,"PatientState(Location(""FIELD"", (37.57161136890747, -121.76911264251419), -1.0, FIELD), 57.931691624694984, UNKNOWN, LVO)"
5,0.24418294143999997,0.24418294143999997,37.57341706319571,-121.770222693592,"PatientState(Location(""FIELD"", (37.57341706319571, -121.770222693592), -1.0, FIELD), 175.3365886260324, UNKNOWN, LVO)"
