sample,reward_best,reward_CA,location_lat,location_lon,patient_state
1,0.24418294143999997,0.24418294143999997,38.1130343889995,-121.6206260926816,"PatientState(Location(""FIELD"", (38.1130343889995, -121.6206260926816), -1.0, FIELD), 247.16050502540799, UNKNOWN, LVO)"
2,0.24418294143999997,0.24418294143999997,38.11327088555162,-121.6180633044693,"PatientState(Location(""FIELD"", (38.11327088555162, -121.6180633044693), -1.0, FIELD), 81.97213281920037, UNKNOWN, LVO)"
3,0.24418294143999997,0.24418294143999997,38.11316325353805,-121.61654879355157,"PatientState(Location(""FIELD"", (38.11316325353805, -121.61654879355157), -1.0, FIELD), 269.98923609655594, UNKNOWN, HEMORRHAGIC)"
4,0.24418294143999997,0.24418294143999997,38.110523025819944,-121.6175747983875,"PatientState(Location(""FIELD"", (38.110523025819944, -121.6175747983875), -1.0, FIELD), 133.9718289750659, UNKNOWN, HEMORRHAGIC)"
5,0.24418294143999997,0.24418294143999997,38.11368339643778,-121.61869300488117,"PatientState(Location(""FIELD"", (38.11368339643778, -121.61869300488117), -1.0, FIELD), 153.63439723631177, UNKNOWN, HEMORRHAGIC)"
