sample,reward_best,reward_CA,location_lat,location_lon,patient_state
1,0.24418294143999997,0.24418294143999997,37.95098886073593,-121.77679235357766,"PatientState(Location(""FIELD"", (37.95098886073593, -121.77679235357766), -1.0, FIELD), 263.0984585669836, UNKNOWN, LVO)"
2,0.24418294143999997,0.24418294143999997,37.95270328890391,-121.77911683777201,"PatientState(Location(""FIELD"", (37.95270328890391, -121.77911683777201), -1.0, FIELD), 139.42074489080716, UNKNOWN, HEMORRHAGIC)"
3,0.3180853851478735,0.24418294143999997,37.9529623051856,-121.77710601440268,"PatientState(Location(""FIELD"", (37.9529623051856, -121.77710601440268), -1.0, FIELD), 39.58162148654538, UNKNOWN, NLVO)"
4,0.24418294143999997,0.24418294143999997,37.949729333050584,-121.77833015004956,"PatientState(Location(""FIELD"", (37.949729333050584, -121.77833015004956), -1.0, FIELD), 256.3380373655492, UNKNOWN, HEMORRHAGIC)"
5,0.24418294143999997,0.24418294143999997,37.95093761781232,-121.77873708756546,"PatientState(Location(""FIELD"", (37.95093761781232, -121.77873708756546), -1.0, FIELD), 81.12098828083069, UNKNOWN, MIMIC)"
