sample,reward_best,reward_CA,location_lat,location_lon,patient_state
1,0.34981842270000607,0.34748977005448173,37.23741816814061,-121.8032679959739,"PatientState(Location(""FIELD"", (37.23741816814061, -121.8032679959739), -1.0, FIELD), 37.65014374341694, UNKNOWN, LVO)"
2,0.34034056622499553,0.3379694933921593,37.23533159059383,-121.80496175100664,"PatientState(Location(""FIELD"", (37.23533159059383, -121.80496175100664), -1.0, FIELD), 77.23732349269436, UNKNOWN, MIMIC)"
3,0.3452510627251995,0.3429014744853119,37.235273733269985,-121.80416000054002,"PatientState(Location(""FIELD"", (37.235273733269985, -121.80416000054002), -1.0, FIELD), 56.37446948713862, UNKNOWN, LVO)"
4,0.24418294143999997,0.24418294143999997,37.236163026562195,-121.80443953133576,"PatientState(Location(""FIELD"", (37.236163026562195, -121.80443953133576), -1.0, FIELD), 263.64080742291867, UNKNOWN, HEMORRHAGIC)"
5,0.3156720965503393,0.25537055871102865,37.23601460931501,-121.80511172824808,"PatientState(Location(""FIELD"", (37.23601460931501, -121.80511172824808), -1.0, FIELD), 185.66120411818065, UNKNOWN, LVO)"
