sample,reward_best,reward_CA,location_lat,location_lon,patient_state
1,0.24418294143999997,0.24418294143999997,37.391053324295,-122.07257243697426,"PatientState(Location(""FIELD"", (37.391053324295, -122.07257243697426), -1.0, FIELD), 215.41237112534563, UNKNOWN, LVO)"
2,0.31720793482602994,0.25617940883207463,37.39227589131214,-122.07284397036982,"PatientState(Location(""FIELD"", (37.39227589131214, -122.07284397036982), -1.0, FIELD), 176.6266366730266, UNKNOWN, HEMORRHAGIC)"
3,0.3304739163390914,0.3304739163390914,37.38914809671741,-122.07094714065413,"PatientState(Location(""FIELD"", (37.38914809671741, -122.07094714065413), -1.0, FIELD), 103.47993441199117, UNKNOWN, NLVO)"
4,0.24418294143999997,0.24418294143999997,37.392615046324835,-122.07526241254901,"PatientState(Location(""FIELD"", (37.392615046324835, -122.07526241254901), -1.0, FIELD), 252.7006436788817, UNKNOWN, LVO)"
5,0.3506197071882447,0.3506197071882447,37.39078594778484,-122.07184614297226,"PatientState(Location(""FIELD"", (37.39078594778484, -122.07184614297226), -1.0, FIELD), 17.580266007516496, UNKNOWN, NLVO)"
