sample,reward_best,reward_CA,location_lat,location_lon,patient_state
1,0.32489298101690084,0.24418294143999997,37.87788431819467,-122.43983088818153,"PatientState(Location(""FIELD"", (37.87788431819467, -122.43983088818153), -1.0, FIELD), 84.49334420303069, UNKNOWN, MIMIC)"
2,0.24418294143999997,0.24418294143999997,37.87831031930928,-122.44004318982768,"PatientState(Location(""FIELD"", (37.87831031930928, -122.44004318982768), -1.0, FIELD), 164.06963668293244, UNKNOWN, LVO)"
3,0.3184598337811395,0.24418294143999997,37.878556913660375,-122.44018247036898,"PatientState(Location(""FIELD"", (37.878556913660375, -122.44018247036898), -1.0, FIELD), 112.94705726344627, UNKNOWN, LVO)"
4,0.3139876029489848,0.24418294143999997,37.87457978272376,-122.44077665048513,"PatientState(Location(""FIELD"", (37.87457978272376, -122.44077665048513), -1.0, FIELD), 133.52038824641653, UNKNOWN, HEMORRHAGIC)"
5,0.24418294143999997,0.24418294143999997,37.87557761521603,-122.4407004327436,"PatientState(Location(""FIELD"", (37.87557761521603, -122.4407004327436), -1.0, FIELD), 203.2348896019443, UNKNOWN, HEMORRHAGIC)"
