sample,reward_best,reward_CA,location_lat,location_lon,patient_state
1,0.24418294143999997,0.24418294143999997,37.96754857558573,-121.79623817940163,"PatientState(Location(""FIELD"", (37.96754857558573, -121.79623817940163), -1.0, FIELD), 68.63144054636957, UNKNOWN, LVO)"
2,0.24418294143999997,0.24418294143999997,37.96668547305589,-121.7999453267046,"PatientState(Location(""FIELD"", (37.96668547305589, -121.7999453267046), -1.0, FIELD), 142.39267207830494, UNKNOWN, MIMIC)"
3,0.3162822494226108,0.24418294143999997,37.966218659151686,-121.79736120358778,"PatientState(Location(""FIELD"", (37.966218659151686, -121.79736120358778), -1.0, FIELD), 48.62005211902715, UNKNOWN, MIMIC)"
4,0.3181784296666259,0.24418294143999997,37.96383021881965,-121.80042806423128,"PatientState(Location(""FIELD"", (37.96383021881965, -121.80042806423128), -1.0, FIELD), 39.88363057093429, UNKNOWN, HEMORRHAGIC)"
5,0.24418294143999997,0.24418294143999997,37.966236835105846,-121.7960040863131,"PatientState(Location(""FIELD"", (37.966236835105846, -121.7960040863131), -1.0, FIELD), 160.09070298104365, UNKNOWN, LVO)"
