sample,reward_best,reward_CA,location_lat,location_lon,patient_state
1,0.24418294143999997,0.24418294143999997,38.081513085950085,-122.24271363705195,"PatientState(Location(""FIELD"", (38.081513085950085, -122.24271363705195), -1.0, FIELD), 200.96884296887586, UNKNOWN, NLVO)"
2,0.25282625739778414,0.24418294143999997,38.08312328109257,-122.24156792634741,"PatientState(Location(""FIELD"", (38.08312328109257, -122.24156792634741), -1.0, FIELD), 81.6282672996546, UNKNOWN, MIMIC)"
3,0.24418294143999997,0.24418294143999997,38.08310988042394,-122.24485204544146,"PatientState(Location(""FIELD"", (38.08310988042394, -122.24485204544146), -1.0, FIELD), 248.45064250886645, UNKNOWN, LVO)"
4,0.3204558411443795,0.31724743681800993,38.08330848173698,-122.24476187557909,"PatientState(Location(""FIELD"", (38.08330848173698, -122.24476187557909), -1.0, FIELD), 51.85948301933324, UNKNOWN, LVO)"
5,0.3177448494141314,0.252774258979548,38.0810587824807,-122.24513862478639,"PatientState(Location(""FIELD"", (38.0810587824807, -122.24513862478639), -1.0, FIELD), 63.95722927193155, UNKNOWN, NLVO)"
