sample,reward_best,reward_CA,location_lat,location_lon,patient_state
1,0.24418294143999997,0.24418294143999997,37.514716954398786,-122.01252028224958,"PatientState(Location(""FIELD"", (37.514716954398786, -122.01252028224958), -1.0, FIELD), 221.6972426257063, UNKNOWN, HEMORRHAGIC)"
2,0.24418294143999997,0.24418294143999997,37.514346075799395,-122.01377271214093,"PatientState(Location(""FIELD"", (37.514346075799395, -122.01377271214093), -1.0, FIELD), 226.41838786684025, UNKNOWN, HEMORRHAGIC)"
3,0.24418294143999997,0.24418294143999997,37.51853860528789,-122.01513036993676,"PatientState(Location(""FIELD"", (37.51853860528789, -122.01513036993676), -1.0, FIELD), 208.64239612135245, UNKNOWN, LVO)"
4,0.24418294143999997,0.24418294143999997,37.51632832015032,-122.01172365613752,"PatientState(Location(""FIELD"", (37.51632832015032, -122.01172365613752), -1.0, FIELD), 216.7097977437989, UNKNOWN, HEMORRHAGIC)"
5,0.24418294143999997,0.24418294143999997,37.51484802082199,-122.01228237208694,"PatientState(Location(""FIELD"", (37.51484802082199, -122.01228237208694), -1.0, FIELD), 250.93683170710895, UNKNOWN, LVO)"
