sample,reward_best,reward_CA,location_lat,location_lon,patient_state
1,0.33282631740687085,0.3188217392758116,37.926809466285974,-122.3365110789259,"PatientState(Location(""FIELD"", (37.926809466285974, -122.3365110789259), -1.0, FIELD), 66.12380600501432, UNKNOWN, HEMORRHAGIC)"
2,0.3338680752608426,0.3198380677730335,37.92503477423149,-122.33975732077624,"PatientState(Location(""FIELD"", (37.92503477423149, -122.33975732077624), -1.0, FIELD), 62.88661326539968, UNKNOWN, HEMORRHAGIC)"
3,0.24418294143999997,0.24418294143999997,37.92454228533897,-122.33588432441749,"PatientState(Location(""FIELD"", (37.92454228533897, -122.33588432441749), -1.0, FIELD), 211.00838065325684, UNKNOWN, LVO)"
4,0.24418294143999997,0.24418294143999997,37.92871944639594,-122.339408675573,"PatientState(Location(""FIELD"", (37.92871944639594, -122.339408675573), -1.0, FIELD), 250.53147777319293, UNKNOWN, LVO)"
5,0.24418294143999997,0.24418294143999997,37.92580933320561,-122.33744747396324,"PatientState(Location(""FIELD"", (37.92580933320561, -122.33744747396324), -1.0, FIELD), 240.19748687842954, UNKNOWN, LVO)"
