sample,reward_best,reward_CA,location_lat,location_lon,patient_state
1,0.3212872229431612,0.24418294143999997,38.13862642281128,-121.73911617277348,"PatientState(Location(""FIELD"", (38.13862642281128, -121.73911617277348), -1.0, FIELD), 5.108979549674045, UNKNOWN, NLVO)"
2,0.24418294143999997,0.24418294143999997,38.138027790668225,-121.73788629849169,"PatientState(Location(""FIELD"", (38.138027790668225, -121.73788629849169), -1.0, FIELD), 134.80383252562746, UNKNOWN, LVO)"
3,0.24418294143999997,0.24418294143999997,38.13542046133289,-121.74001291235417,"PatientState(Location(""FIELD"", (38.13542046133289, -121.74001291235417), -1.0, FIELD), 79.25268296914369, UNKNOWN, HEMORRHAGIC)"
4,0.24418294143999997,0.24418294143999997,38.13634402030285,-121.73805670537911,"PatientState(Location(""FIELD"", (38.13634402030285, -121.73805670537911), -1.0, FIELD), 72.57816061937531, UNKNOWN, MIMIC)"
5,0.24418294143999997,0.24418294143999997,38.13644859070248,-121.74046972093014,"PatientState(Location(""FIELD"", (38.13644859070248, -121.74046972093014), -1.0, FIELD), 227.03375303294786, UNKNOWN, MIMIC)"
