sample,reward_best,reward_CA,location_lat,location_lon,patient_state
1,0.24418294143999997,0.24418294143999997,37.828322798925555,-121.59341716047683,"PatientState(Location(""FIELD"", (37.828322798925555, -121.59341716047683), -1.0, FIELD), 152.43679827995456, UNKNOWN, HEMORRHAGIC)"
2,0.24418294143999997,0.24418294143999997,37.82562448052231,-121.59313340738417,"PatientState(Location(""FIELD"", (37.82562448052231, -121.59313340738417), -1.0, FIELD), 88.27877074840868, UNKNOWN, NLVO)"
3,0.24418294143999997,0.24418294143999997,37.82598485048606,-121.59268940953639,"PatientState(Location(""FIELD"", (37.82598485048606, -121.59268940953639), -1.0, FIELD), 106.4477969641742, UNKNOWN, MIMIC)"
4,0.24418294143999997,0.24418294143999997,37.82432428674268,-121.59450083354713,"PatientState(Location(""FIELD"", (37.82432428674268, -121.59450083354713), -1.0, FIELD), 120.12180580108341, UNKNOWN, LVO)"
5,0.24418294143999997,0.24418294143999997,37.8255105889286,-121.59175400948544,"PatientState(Location(""FIELD"", (37.8255105889286, -121.59175400948544), -1.0, FIELD), 118.49476683331775, UNKNOWN, HEMORRHAGIC)"
