sample,reward_best,reward_CA,location_lat,location_lon,patient_state
1,0.24418294143999997,0.24418294143999997,38.1323560055235,-121.67956386366362,"PatientState(Location(""FIELD"", (38.1323560055235, -121.67956386366362), -1.0, FIELD), 113.42852510891555, UNKNOWN, LVO)"
2,0.24418294143999997,0.24418294143999997,38.13321417722147,-121.67663658229631,"PatientState(Location(""FIELD"", (38.13321417722147, -121.67663658229631), -1.0, FIELD), 70.71160950860279, UNKNOWN, LVO)"
3,0.24418294143999997,0.24418294143999997,38.1334508120862,-121.67921164488733,"PatientState(Location(""FIELD"", (38.1334508120862, -121.67921164488733), -1.0, FIELD), 144.36218279843183, UNKNOWN, HEMORRHAGIC)"
4,0.24418294143999997,0.24418294143999997,38.13041368192542,-121.67987868000569,"PatientState(Location(""FIELD"", (38.13041368192542, -121.67987868000569), -1.0, FIELD), 76.84986846977567, UNKNOWN, NLVO)"
5,0.24418294143999997,0.24418294143999997,38.13324362994151,-121.67969333375575,"PatientState(Location(""FIELD"", (38.13324362994151, -121.67969333375575), -1.0, FIELD), 206.8477299322537, UNKNOWN, LVO)"
