sample,reward_best,reward_CA,location_lat,location_lon,patient_state
1,0.24418294143999997,0.24418294143999997,37.239187861803124,-122.14462683579411,"PatientState(Location(""FIELD"", (37.239187861803124, -122.14462683579411), -1.0, FIELD), 195.64948324778908, UNKNOWN, MIMIC)"
2,0.24418294143999997,0.24418294143999997,37.242137555847506,-122.142036428775,"PatientState(Location(""FIELD"", (37.242137555847506, -122.142036428775), -1.0, FIELD), 217.70489689009995, UNKNOWN, NLVO)"
3,0.3403616473460543,0.3403616473460543,37.241634157995705,-122.14106739014346,"PatientState(Location(""FIELD"", (37.241634157995705, -122.14106739014346), -1.0, FIELD), 60.35660122598484, UNKNOWN, LVO)"
4,0.24418294143999997,0.24418294143999997,37.24320526744861,-122.14398021986345,"PatientState(Location(""FIELD"", (37.24320526744861, -122.14398021986345), -1.0, FIELD), 201.07778764891185, UNKNOWN, LVO)"
5,0.33781840230662297,0.33781840230662297,37.24005324718133,-122.14521356249836,"PatientState(Location(""FIELD"", (37.24005324718133, -122.14521356249836), -1.0, FIELD), 68.14204169361916, UNKNOWN, NLVO)"
