sample,reward_best,reward_CA,location_lat,location_lon,patient_state
1,0.3165996676708023,0.24418294143999997,37.82564420699483,-122.53461086946228,"PatientState(Location(""FIELD"", (37.82564420699483, -122.53461086946228), -1.0, FIELD), 124.52395942874286, UNKNOWN, MIMIC)"
2,0.3360467983401588,0.32435580732530117,37.82591028300279,-122.5352710198126,"PatientState(Location(""FIELD"", (37.82591028300279, -122.5352710198126), -1.0, FIELD), 38.76365701029961, UNKNOWN, LVO)"
3,0.24418294143999997,0.24418294143999997,37.82671605229574,-122.53149330283628,"PatientState(Location(""FIELD"", (37.82671605229574, -122.53149330283628), -1.0, FIELD), 261.72402562976856, UNKNOWN, LVO)"
4,0.339240872584405,0.3274913783222374,37.828203229876735,-122.53130501887013,"PatientState(Location(""FIELD"", (37.828203229876735, -122.53130501887013), -1.0, FIELD), 24.957430403610232, UNKNOWN, LVO)"
5,0.3344874601559425,0.32282564476922526,37.828440992288535,-122.535411284638,"PatientState(Location(""FIELD"", (37.828440992288535, -122.535411284638), -1.0, FIELD), 47.013808745028534, UNKNOWN, LVO)"
