sample,reward_best,reward_CA,location_lat,location_lon,patient_state
1,0.3337062278387861,0.3337062278387861,37.42996513963816,-121.75128363060223,"PatientState(Location(""FIELD"", (37.42996513963816, -121.75128363060223), -1.0, FIELD), 73.59072103012777, UNKNOWN, LVO)"
2,0.24418294143999997,0.24418294143999997,37.43334274854382,-121.7544542091224,"PatientState(Location(""FIELD"", (37.43334274854382, -121.7544542091224), -1.0, FIELD), 177.03872350066692, UNKNOWN, MIMIC)"
3,0.3407743878428407,0.3407743878428407,37.43001370957148,-121.75410789587724,"PatientState(Location(""FIELD"", (37.43001370957148, -121.75410789587724), -1.0, FIELD), 44.72766090069635, UNKNOWN, HEMORRHAGIC)"
4,0.3198464059200313,0.3198464059200313,37.43308736711967,-121.7517576036421,"PatientState(Location(""FIELD"", (37.43308736711967, -121.7517576036421), -1.0, FIELD), 131.66363426422515, UNKNOWN, HEMORRHAGIC)"
5,0.32496069319206267,0.32496069319206267,37.43219146404973,-121.75122361181376,"PatientState(Location(""FIELD"", (37.43219146404973, -121.75122361181376), -1.0, FIELD), 111.45073402653148, UNKNOWN, LVO)"
