sample,reward_best,reward_CA,location_lat,location_lon,patient_state
1,0.24418294143999997,0.24418294143999997,38.059916513546945,-121.73738346039666,"PatientState(Location(""FIELD"", (38.059916513546945, -121.73738346039666), -1.0, FIELD), 168.86044781203094, UNKNOWN, LVO)"
2,0.24418294143999997,0.24418294143999997,38.06151584788251,-121.73723380562258,"PatientState(Location(""FIELD"", (38.06151584788251, -121.73723380562258), -1.0, FIELD), 162.68168629181568, UNKNOWN, HEMORRHAGIC)"
3,0.3270473217887444,0.24418294143999997,38.05907243251492,-121.7362067167099,"PatientState(Location(""FIELD"", (38.05907243251492, -121.7362067167099), -1.0, FIELD), 0.6059278663327139, UNKNOWN, MIMIC)"
4,0.24418294143999997,0.24418294143999997,38.063687429178096,-121.73792225055047,"PatientState(Location(""FIELD"", (38.063687429178096, -121.73792225055047), -1.0, FIELD), 123.09102609007954, UNKNOWN, MIMIC)"
5,0.32281422934350745,0.24418294143999997,38.0595044239617,-121.73899053505856,"PatientState(Location(""FIELD"", (38.0595044239617, -121.73899053505856), -1.0, FIELD), 19.338609916208448, UNKNOWN, NLVO)"
