sample,reward_best,reward_CA,location_lat,location_lon,patient_state
1,0.328669711547988,0.24418294143999997,37.605930869770404,-121.84252934029972,"PatientState(Location(""FIELD"", (37.605930869770404, -121.84252934029972), -1.0, FIELD), 117.78272944557735, UNKNOWN, HEMORRHAGIC)"
2,0.24418294143999997,0.24418294143999997,37.60680885264699,-121.84205670534371,"PatientState(Location(""FIELD"", (37.60680885264699, -121.84205670534371), -1.0, FIELD), 220.41494059740378, UNKNOWN, LVO)"
3,0.326775192606987,0.24418294143999997,37.60397226315931,-121.84382849558818,"PatientState(Location(""FIELD"", (37.60397226315931, -121.84382849558818), -1.0, FIELD), 126.78825494601625, UNKNOWN, LVO)"
4,0.24418294143999997,0.24418294143999997,37.60430317729336,-121.84233621491194,"PatientState(Location(""FIELD"", (37.60430317729336, -121.84233621491194), -1.0, FIELD), 260.5805075980888, UNKNOWN, LVO)"
5,0.3339497694528354,0.3150534062172323,37.60823163583231,-121.8410735862332,"PatientState(Location(""FIELD"", (37.60823163583231, -121.8410735862332), -1.0, FIELD), 92.83628134172478, UNKNOWN, LVO)"
