sample,reward_best,reward_CA,location_lat,location_lon,patient_state
1,0.24418294143999997,0.24418294143999997,37.988242972134096,-121.74238269965507,"PatientState(Location(""FIELD"", (37.988242972134096, -121.74238269965507), -1.0, FIELD), 169.8010831648953, UNKNOWN, MIMIC)"
2,0.24418294143999997,0.24418294143999997,37.986490062371324,-121.74508526658258,"PatientState(Location(""FIELD"", (37.986490062371324, -121.74508526658258), -1.0, FIELD), 206.72652638202652, UNKNOWN, LVO)"
3,0.31963295477224024,0.24418294143999997,37.98701903155384,-121.7408311389084,"PatientState(Location(""FIELD"", (37.98701903155384, -121.7408311389084), -1.0, FIELD), 35.16206233674429, UNKNOWN, HEMORRHAGIC)"
4,0.32712644397940766,0.24418294143999997,37.98621057098033,-121.74462586435754,"PatientState(Location(""FIELD"", (37.98621057098033, -121.74462586435754), -1.0, FIELD), 1.4145650685833855, UNKNOWN, LVO)"
5,0.24418294143999997,0.24418294143999997,37.9842988899845,-121.74120158363837,"PatientState(Location(""FIELD"", (37.9842988899845, -121.74120158363837), -1.0, FIELD), 66.34095565180526, UNKNOWN, LVO)"
