sample,reward_best,reward_CA,location_lat,location_lon,patient_state
1,0.24418294143999997,0.24418294143999997,37.7328315605738,-121.80963915119014,"PatientState(Location(""FIELD"", (37.7328315605738, -121.80963915119014), -1.0, FIELD), 235.0790499618959, UNKNOWN, LVO)"
2,0.32067306217632113,0.24418294143999997,37.732917015259254,-121.80998363810875,"PatientState(Location(""FIELD"", (37.732917015259254, -121.80998363810875), -1.0, FIELD), 134.78890353330294, UNKNOWN, LVO)"
3,0.3420982936161254,0.3222277914873651,37.72973634842006,-121.80860056539991,"PatientState(Location(""FIELD"", (37.72973634842006, -121.80860056539991), -1.0, FIELD), 41.58173773492601, UNKNOWN, HEMORRHAGIC)"
4,0.34839703917160564,0.3283179497842259,37.73305746937097,-121.80941421641107,"PatientState(Location(""FIELD"", (37.73305746937097, -121.80941421641107), -1.0, FIELD), 14.237326049031608, UNKNOWN, LVO)"
5,0.24418294143999997,0.24418294143999997,37.73097084624457,-121.80903058734553,"PatientState(Location(""FIELD"", (37.73097084624457, -121.80903058734553), -1.0, FIELD), 218.7845188531963, UNKNOWN, NLVO)"
