sample,reward_best,reward_CA,location_lat,location_lon,patient_state
1,0.2635774934622693,0.2518678412895219,37.93435479215376,-122.07884662878577,"PatientState(Location(""FIELD"", (37.93435479215376, -122.07884662878577), -1.0, FIELD), 85.19083247443105, UNKNOWN, LVO)"
2,0.26206363662490045,0.24418294143999997,37.93715470858788,-122.07881047839975,"PatientState(Location(""FIELD"", (37.93715470858788, -122.07881047839975), -1.0, FIELD), 92.14742398761813, UNKNOWN, LVO)"
3,0.25195578212571856,0.24418294143999997,37.93415287432488,-122.08070121395534,"PatientState(Location(""FIELD"", (37.93415287432488, -122.08070121395534), -1.0, FIELD), 150.7630217716808, UNKNOWN, HEMORRHAGIC)"
4,0.24418294143999997,0.24418294143999997,37.93670892426874,-122.07702873229795,"PatientState(Location(""FIELD"", (37.93670892426874, -122.07702873229795), -1.0, FIELD), 257.685735590196, UNKNOWN, MIMIC)"
5,0.24418294143999997,0.24418294143999997,37.934688600144995,-122.08025564503991,"PatientState(Location(""FIELD"", (37.934688600144995, -122.08025564503991), -1.0, FIELD), 206.78586941595984, UNKNOWN, LVO)"
