sample,reward_best,reward_CA,location_lat,location_lon,patient_state
1,0.24418294143999997,0.24418294143999997,37.52951067555446,-122.07688879583814,"PatientState(Location(""FIELD"", (37.52951067555446, -122.07688879583814), -1.0, FIELD), 200.98204250467973, UNKNOWN, LVO)"
2,0.3205420773593577,0.24418294143999997,37.53014856532481,-122.07632417368323,"PatientState(Location(""FIELD"", (37.53014856532481, -122.07632417368323), -1.0, FIELD), 154.709288359687, UNKNOWN, LVO)"
3,0.32094340345604394,0.24418294143999997,37.53264881666756,-122.0790106078077,"PatientState(Location(""FIELD"", (37.53264881666756, -122.0790106078077), -1.0, FIELD), 152.33296343720124, UNKNOWN, LVO)"
4,0.24418294143999997,0.24418294143999997,37.53146284651856,-122.0780783312552,"PatientState(Location(""FIELD"", (37.53146284651856, -122.0780783312552), -1.0, FIELD), 263.78920278968377, UNKNOWN, LVO)"
5,0.327255089915916,0.24418294143999997,37.53024640673356,-122.078497224994,"PatientState(Location(""FIELD"", (37.53024640673356, -122.078497224994), -1.0, FIELD), 124.38035020473853, UNKNOWN, MIMIC)"
