sample,reward_best,reward_CA,location_lat,location_lon,patient_state
1,0.3244705939025514,0.24418294143999997,37.73361112748014,-122.14189994574912,"PatientState(Location(""FIELD"", (37.73361112748014, -122.14189994574912), -1.0, FIELD), 123.01774859845379, UNKNOWN, LVO)"
2,0.24418294143999997,0.24418294143999997,37.72928615993227,-122.1443020759858,"PatientState(Location(""FIELD"", (37.72928615993227, -122.1443020759858), -1.0, FIELD), 268.1023999696458, UNKNOWN, HEMORRHAGIC)"
3,0.24418294143999997,0.24418294143999997,37.73287726641878,-122.14410389888883,"PatientState(Location(""FIELD"", (37.73287726641878, -122.14410389888883), -1.0, FIELD), 173.86864267190018, UNKNOWN, HEMORRHAGIC)"
4,0.3272396247233409,0.24418294143999997,37.73049085559615,-122.14424243067678,"PatientState(Location(""FIELD"", (37.73049085559615, -122.14424243067678), -1.0, FIELD), 111.11174522991942, UNKNOWN, HEMORRHAGIC)"
5,0.3358817928212496,0.32005440190147716,37.73324448260089,-122.14391947388005,"PatientState(Location(""FIELD"", (37.73324448260089, -122.14391947388005), -1.0, FIELD), 72.7272009353488, UNKNOWN, LVO)"
