sample,reward_best,reward_CA,location_lat,location_lon,patient_state
1,0.32596874318319485,0.32596874318319485,37.25941922694049,-121.96829243517243,"PatientState(Location(""FIELD"", (37.25941922694049, -121.96829243517243), -1.0, FIELD), 145.58310301373683, UNKNOWN, HEMORRHAGIC)"
2,0.31421085864161274,0.31421085864161274,37.2608653820926,-121.97046318306242,"PatientState(Location(""FIELD"", (37.2608653820926, -121.97046318306242), -1.0, FIELD), 196.88070058487364, UNKNOWN, LVO)"
3,0.3387415653090008,0.3387415653090008,37.2628325928127,-121.96850210129276,"PatientState(Location(""FIELD"", (37.2628325928127, -121.96850210129276), -1.0, FIELD), 87.63256880484523, UNKNOWN, NLVO)"
4,0.24418294143999997,0.24418294143999997,37.26247942253376,-121.96912698465637,"PatientState(Location(""FIELD"", (37.26247942253376, -121.96912698465637), -1.0, FIELD), 255.12812559537403, UNKNOWN, LVO)"
5,0.3207998775960744,0.3207998775960744,37.26069290874839,-121.96867989084122,"PatientState(Location(""FIELD"", (37.26069290874839, -121.96867989084122), -1.0, FIELD), 166.58890753793145, UNKNOWN, LVO)"
