sample,reward_best,reward_CA,location_lat,location_lon,patient_state
1,0.3327916064756211,0.33046680590564015,37.32560656218745,-121.93892850662343,"PatientState(Location(""FIELD"", (37.32560656218745, -121.93892850662343), -1.0, FIELD), 111.0567343623515, UNKNOWN, LVO)"
2,0.3344567163469663,0.33174015421975367,37.32457352105495,-121.93778507091585,"PatientState(Location(""FIELD"", (37.32457352105495, -121.93778507091585), -1.0, FIELD), 104.73406867198561, UNKNOWN, MIMIC)"
3,0.3144157603770734,0.254806691532965,37.32826920362972,-121.93932184007585,"PatientState(Location(""FIELD"", (37.32826920362972, -121.93932184007585), -1.0, FIELD), 191.7492935608898, UNKNOWN, LVO)"
4,0.24418294143999997,0.24418294143999997,37.32784000574245,-121.93991591671484,"PatientState(Location(""FIELD"", (37.32784000574245, -121.93991591671484), -1.0, FIELD), 218.98367619651358, UNKNOWN, HEMORRHAGIC)"
5,0.33952532672230196,0.33722822047861745,37.325542122470615,-121.93857535577885,"PatientState(Location(""FIELD"", (37.325542122470615, -121.93857535577885), -1.0, FIELD), 81.91804734780114, UNKNOWN, HEMORRHAGIC)"
