sample,reward_best,reward_CA,location_lat,location_lon,patient_state
1,0.24418294143999997,0.24418294143999997,37.636675038460936,-121.94988685566054,"PatientState(Location(""FIELD"", (37.636675038460936, -121.94988685566054), -1.0, FIELD), 269.7969742450694, UNKNOWN, HEMORRHAGIC)"
2,0.24418294143999997,0.24418294143999997,37.633951463123815,-121.94692594638302,"PatientState(Location(""FIELD"", (37.633951463123815, -121.94692594638302), -1.0, FIELD), 182.92183842500907, UNKNOWN, LVO)"
3,0.24418294143999997,0.24418294143999997,37.634163742590374,-121.94855169249512,"PatientState(Location(""FIELD"", (37.634163742590374, -121.94855169249512), -1.0, FIELD), 217.20856271877696, UNKNOWN, LVO)"
4,0.3292501851876387,0.31388040955899993,37.63540448584177,-121.95004676348854,"PatientState(Location(""FIELD"", (37.63540448584177, -121.95004676348854), -1.0, FIELD), 101.11765212567599, UNKNOWN, LVO)"
5,0.35260604717926103,0.3366095926734205,37.63633148157876,-121.95039067197212,"PatientState(Location(""FIELD"", (37.63633148157876, -121.95039067197212), -1.0, FIELD), 0.1841784512080269, UNKNOWN, LVO)"
