sample,reward_best,reward_CA,location_lat,location_lon,patient_state
1,0.24418294143999997,0.24418294143999997,38.00069047636508,-122.05120435490936,"PatientState(Location(""FIELD"", (38.00069047636508, -122.05120435490936), -1.0, FIELD), 94.01301406862578, UNKNOWN, MIMIC)"
2,0.3283921715105153,0.3283921715105153,38.00258352227991,-122.0510743928529,"PatientState(Location(""FIELD"", (38.00258352227991, -122.0510743928529), -1.0, FIELD), 14.015560651852203, UNKNOWN, LVO)"
3,0.24418294143999997,0.24418294143999997,38.000192641495744,-122.05486406381837,"PatientState(Location(""FIELD"", (38.000192641495744, -122.05486406381837), -1.0, FIELD), 210.7990803952424, UNKNOWN, LVO)"
4,0.3176455813090089,0.3176455813090089,38.003100718345635,-122.05315752867737,"PatientState(Location(""FIELD"", (38.003100718345635, -122.05315752867737), -1.0, FIELD), 61.08722170591659, UNKNOWN, LVO)"
5,0.24418294143999997,0.24418294143999997,38.00036155865883,-122.05364771787937,"PatientState(Location(""FIELD"", (38.00036155865883, -122.05364771787937), -1.0, FIELD), 213.79232355985886, UNKNOWN, LVO)"
