sample,reward_best,reward_CA,location_lat,location_lon,patient_state
1,0.24418294143999997,0.24418294143999997,37.91595255937549,-121.8923699030828,"PatientState(Location(""FIELD"", (37.91595255937549, -121.8923699030828), -1.0, FIELD), 134.3871649772237, UNKNOWN, LVO)"
2,0.24418294143999997,0.24418294143999997,37.91633869490195,-121.8950528533997,"PatientState(Location(""FIELD"", (37.91633869490195, -121.8950528533997), -1.0, FIELD), 230.77045485274957, UNKNOWN, LVO)"
3,0.31614717319495655,0.31614717319495655,37.9171517810992,-121.89546506982512,"PatientState(Location(""FIELD"", (37.9171517810992, -121.89546506982512), -1.0, FIELD), 56.93011632872515, UNKNOWN, MIMIC)"
4,0.24418294143999997,0.24418294143999997,37.91397441093225,-121.89308675441848,"PatientState(Location(""FIELD"", (37.91397441093225, -121.89308675441848), -1.0, FIELD), 137.61143440507072, UNKNOWN, HEMORRHAGIC)"
5,0.2528688826927956,0.2528688826927956,37.91415232004787,-121.89433351041977,"PatientState(Location(""FIELD"", (37.91415232004787, -121.89433351041977), -1.0, FIELD), 62.81158529758213, UNKNOWN, MIMIC)"
