sample,reward_best,reward_CA,location_lat,location_lon,patient_state
1,0.3504007801181666,0.34659385585779245,37.31064846149236,-122.01042745525747,"PatientState(Location(""FIELD"", (37.31064846149236, -122.01042745525747), -1.0, FIELD), 33.28259253984443, UNKNOWN, LVO)"
2,0.3533510400041135,0.34977374441922127,37.310398165173154,-122.00676635878732,"PatientState(Location(""FIELD"", (37.310398165173154, -122.00676635878732), -1.0, FIELD), 20.201602889073232, UNKNOWN, LVO)"
3,0.3294024582019212,0.26570090708961397,37.31194457811274,-122.00815883556827,"PatientState(Location(""FIELD"", (37.31194457811274, -122.00815883556827), -1.0, FIELD), 123.05334770119184, UNKNOWN, HEMORRHAGIC)"
4,0.338053909715483,0.338053909715483,37.31259220399756,-122.00684203813675,"PatientState(Location(""FIELD"", (37.31259220399756, -122.00684203813675), -1.0, FIELD), 69.84184647150782, UNKNOWN, NLVO)"
5,0.24418294143999997,0.24418294143999997,37.31315181884959,-122.00914549361153,"PatientState(Location(""FIELD"", (37.31315181884959, -122.00914549361153), -1.0, FIELD), 231.98181820779618, UNKNOWN, LVO)"
