sample,reward_best,reward_CA,location_lat,location_lon,patient_state
1,0.24418294143999997,0.24418294143999997,37.65450014467703,-122.40136812812554,"PatientState(Location(""FIELD"", (37.65450014467703, -122.40136812812554), -1.0, FIELD), 226.62158775247005, UNKNOWN, LVO)"
2,0.3282495895607742,0.26576655829213836,37.65732760247851,-122.40185729934393,"PatientState(Location(""FIELD"", (37.65732760247851, -122.40185729934393), -1.0, FIELD), 121.16427820610558, UNKNOWN, NLVO)"
3,0.31607860235574453,0.25599962198431137,37.656581699109175,-122.40405146326546,"PatientState(Location(""FIELD"", (37.656581699109175, -122.40405146326546), -1.0, FIELD), 175.16915567603544, UNKNOWN, LVO)"
4,0.34414099957092137,0.3412774507983097,37.65633153377607,-122.4023325007092,"PatientState(Location(""FIELD"", (37.65633153377607, -122.4023325007092), -1.0, FIELD), 52.67591896396126, UNKNOWN, LVO)"
5,0.31383022398434707,0.25421709790052993,37.65828851858423,-122.40179072015258,"PatientState(Location(""FIELD"", (37.65828851858423, -122.40179072015258), -1.0, FIELD), 185.1429172475203, UNKNOWN, HEMORRHAGIC)"
