sample,reward_best,reward_CA,location_lat,location_lon,patient_state
1,0.3408769968704253,0.321907316707889,37.540343636271714,-121.89100340518519,"PatientState(Location(""FIELD"", (37.540343636271714, -121.89100340518519), -1.0, FIELD), 58.76975212994068, UNKNOWN, MIMIC)"
2,0.24418294143999997,0.24418294143999997,37.540066666284375,-121.89371257869419,"PatientState(Location(""FIELD"", (37.540066666284375, -121.89371257869419), -1.0, FIELD), 198.79076990719423, UNKNOWN, LVO)"
3,0.3470785238587087,0.32791009984476815,37.53956291081405,-121.89188543329043,"PatientState(Location(""FIELD"", (37.53956291081405, -121.89188543329043), -1.0, FIELD), 32.23234293307439, UNKNOWN, MIMIC)"
4,0.3293096473620125,0.24418294143999997,37.54232483914882,-121.89436959890158,"PatientState(Location(""FIELD"", (37.54232483914882, -121.89436959890158), -1.0, FIELD), 111.65191988919862, UNKNOWN, HEMORRHAGIC)"
5,0.32106121196639675,0.24418294143999997,37.540855888545344,-121.8932645775394,"PatientState(Location(""FIELD"", (37.540855888545344, -121.8932645775394), -1.0, FIELD), 145.4283665211138, UNKNOWN, LVO)"
