sample,reward_best,reward_CA,location_lat,location_lon,patient_state
1,0.24418294143999997,0.24418294143999997,37.39991291007252,-122.01015254409033,"PatientState(Location(""FIELD"", (37.39991291007252, -122.01015254409033), -1.0, FIELD), 205.59353331384548, UNKNOWN, LVO)"
2,0.3446086612833577,0.3400127260003368,37.401425792376706,-122.0104962235844,"PatientState(Location(""FIELD"", (37.401425792376706, -122.0104962235844), -1.0, FIELD), 56.51265972122094, UNKNOWN, HEMORRHAGIC)"
3,0.3240572622248764,0.26071700829982375,37.39898671457814,-122.006529041947,"PatientState(Location(""FIELD"", (37.39898671457814, -122.006529041947), -1.0, FIELD), 144.00020972699244, UNKNOWN, LVO)"
4,0.24418294143999997,0.24418294143999997,37.40345343020098,-122.00628721020726,"PatientState(Location(""FIELD"", (37.40345343020098, -122.00628721020726), -1.0, FIELD), 232.30820961437973, UNKNOWN, HEMORRHAGIC)"
5,0.3391849547202147,0.3340074421133541,37.40226567574662,-122.00945717889262,"PatientState(Location(""FIELD"", (37.40226567574662, -122.00945717889262), -1.0, FIELD), 78.9951796560343, UNKNOWN, HEMORRHAGIC)"
