sample,reward_best,reward_CA,location_lat,location_lon,patient_state
1,0.24418294143999997,0.24418294143999997,37.357923095607326,-121.88988884615902,"PatientState(Location(""FIELD"", (37.357923095607326, -121.88988884615902), -1.0, FIELD), 240.87038018795542, UNKNOWN, HEMORRHAGIC)"
2,0.3311574661327531,0.3311574661327531,37.35869966881341,-121.88665983408171,"PatientState(Location(""FIELD"", (37.35869966881341, -121.88665983408171), -1.0, FIELD), 122.8382335159724, UNKNOWN, HEMORRHAGIC)"
3,0.3534723181331702,0.3479248273969688,37.35609849320876,-121.88764699540545,"PatientState(Location(""FIELD"", (37.35609849320876, -121.88764699540545), -1.0, FIELD), 26.75978803027255, UNKNOWN, HEMORRHAGIC)"
4,0.24418294143999997,0.24418294143999997,37.35721875271929,-121.88656668658729,"PatientState(Location(""FIELD"", (37.35721875271929, -121.88656668658729), -1.0, FIELD), 242.29586766513088, UNKNOWN, LVO)"
5,0.35909303529436376,0.35368076221110933,37.3557957052385,-121.88820134567821,"PatientState(Location(""FIELD"", (37.3557957052385, -121.88820134567821), -1.0, FIELD), 2.999098336930931, UNKNOWN, LVO)"
