sample,reward_best,reward_CA,location_lat,location_lon,patient_state
1,0.33897364857684353,0.3249263605174781,37.74206164198417,-122.4767124330249,"PatientState(Location(""FIELD"", (37.74206164198417, -122.4767124330249), -1.0, FIELD), 62.89639566084565, UNKNOWN, HEMORRHAGIC)"
2,0.24418294143999997,0.24418294143999997,37.740444292892114,-122.47997969392235,"PatientState(Location(""FIELD"", (37.740444292892114, -122.47997969392235), -1.0, FIELD), 236.83479306425926, UNKNOWN, NLVO)"
3,0.24418294143999997,0.24418294143999997,37.741431408145004,-122.4762926189203,"PatientState(Location(""FIELD"", (37.741431408145004, -122.4762926189203), -1.0, FIELD), 213.77162294643716, UNKNOWN, HEMORRHAGIC)"
4,0.3472813515952321,0.33318034821963494,37.74158408862185,-122.48046278369543,"PatientState(Location(""FIELD"", (37.74158408862185, -122.48046278369543), -1.0, FIELD), 26.276970011146645, UNKNOWN, LVO)"
5,0.3452880886937107,0.3309564923379613,37.738866848226714,-122.47788504694815,"PatientState(Location(""FIELD"", (37.738866848226714, -122.47788504694815), -1.0, FIELD), 36.13801327733011, UNKNOWN, HEMORRHAGIC)"
