sample,reward_best,reward_CA,location_lat,location_lon,patient_state
1,0.31372480443884293,0.25246661715445856,37.45864289245094,-122.27946125084415,"PatientState(Location(""FIELD"", (37.45864289245094, -122.27946125084415), -1.0, FIELD), 190.77088190808058, UNKNOWN, LVO)"
2,0.24418294143999997,0.24418294143999997,37.45772368483241,-122.27877755653601,"PatientState(Location(""FIELD"", (37.45772368483241, -122.27877755653601), -1.0, FIELD), 209.34708698544745, UNKNOWN, HEMORRHAGIC)"
3,0.3332169970759916,0.329508527081645,37.45870849688543,-122.27649063350643,"PatientState(Location(""FIELD"", (37.45870849688543, -122.27649063350643), -1.0, FIELD), 105.6519439450419, UNKNOWN, NLVO)"
4,0.3321484690198437,0.32844140595610166,37.45431984414334,-122.27753530391728,"PatientState(Location(""FIELD"", (37.45431984414334, -122.27753530391728), -1.0, FIELD), 109.64434535475274, UNKNOWN, LVO)"
5,0.3199811585012421,0.25740396147826833,37.45390169813455,-122.27728253620299,"PatientState(Location(""FIELD"", (37.45390169813455, -122.27728253620299), -1.0, FIELD), 164.38564422204828, UNKNOWN, MIMIC)"
