sample,reward_best,reward_CA,location_lat,location_lon,patient_state
1,0.34200080173655284,0.3304774554611176,37.99417881253026,-122.32083480547388,"PatientState(Location(""FIELD"", (37.99417881253026, -122.32083480547388), -1.0, FIELD), 7.667146610006723, UNKNOWN, NLVO)"
2,0.24418294143999997,0.24418294143999997,37.996430222793116,-122.3232925215709,"PatientState(Location(""FIELD"", (37.996430222793116, -122.3232925215709), -1.0, FIELD), 250.96601679724398, UNKNOWN, NLVO)"
3,0.24418294143999997,0.24418294143999997,37.995014517782586,-122.32160015864388,"PatientState(Location(""FIELD"", (37.995014517782586, -122.32160015864388), -1.0, FIELD), 170.74429304746977, UNKNOWN, LVO)"
4,0.24418294143999997,0.24418294143999997,37.99522500171267,-122.32105176737034,"PatientState(Location(""FIELD"", (37.99522500171267, -122.32105176737034), -1.0, FIELD), 223.74127989710522, UNKNOWN, NLVO)"
5,0.25304361064234127,0.24418294143999997,37.99407107274092,-122.32181338264347,"PatientState(Location(""FIELD"", (37.99407107274092, -122.32181338264347), -1.0, FIELD), 151.55109160991225, UNKNOWN, MIMIC)"
