sample,reward_best,reward_CA,location_lat,location_lon,patient_state
1,0.33847210135024536,0.33847210135024536,37.37915879967496,-122.22654834289068,"PatientState(Location(""FIELD"", (37.37915879967496, -122.22654834289068), -1.0, FIELD), 84.23713741674763, UNKNOWN, LVO)"
2,0.3578365305512656,0.3578365305512656,37.38143856569312,-122.22994262174508,"PatientState(Location(""FIELD"", (37.38143856569312, -122.22994262174508), -1.0, FIELD), 2.0821044756977636, UNKNOWN, LVO)"
3,0.327665736452857,0.327665736452857,37.38299065990329,-122.22958370377324,"PatientState(Location(""FIELD"", (37.38299065990329, -122.22958370377324), -1.0, FIELD), 131.91381222804753, UNKNOWN, NLVO)"
4,0.34180801419017065,0.34180801419017065,37.381348679518794,-122.22901013277577,"PatientState(Location(""FIELD"", (37.381348679518794, -122.22901013277577), -1.0, FIELD), 70.1527801090949, UNKNOWN, LVO)"
5,0.34153986593402547,0.34153986593402547,37.38233060961673,-122.22958548924635,"PatientState(Location(""FIELD"", (37.38233060961673, -122.22958548924635), -1.0, FIELD), 71.48432955653712, UNKNOWN, HEMORRHAGIC)"
