sample,reward_best,reward_CA,location_lat,location_lon,patient_state
1,0.34775445590856313,0.33226402734777477,37.89892916735289,-122.11419682158727,"PatientState(Location(""FIELD"", (37.89892916735289, -122.11419682158727), -1.0, FIELD), 2.0083516065485716, UNKNOWN, LVO)"
2,0.3305480907930968,0.31549775699775384,37.90083217462017,-122.11091592295004,"PatientState(Location(""FIELD"", (37.90083217462017, -122.11091592295004), -1.0, FIELD), 76.41280754138369, UNKNOWN, LVO)"
3,0.315095057678525,0.24418294143999997,37.902151482428906,-122.11481481255426,"PatientState(Location(""FIELD"", (37.902151482428906, -122.11481481255426), -1.0, FIELD), 145.75302887692155, UNKNOWN, HEMORRHAGIC)"
4,0.3230779667032895,0.24418294143999997,37.90088464114789,-122.11176027054934,"PatientState(Location(""FIELD"", (37.90088464114789, -122.11176027054934), -1.0, FIELD), 109.32627321545444, UNKNOWN, HEMORRHAGIC)"
5,0.3146043244594528,0.24418294143999997,37.89956705743307,-122.11269115499506,"PatientState(Location(""FIELD"", (37.89956705743307, -122.11269115499506), -1.0, FIELD), 147.24363305233513, UNKNOWN, MIMIC)"
