sample,reward_best,reward_CA,location_lat,location_lon,patient_state
1,0.24418294143999997,0.24418294143999997,37.271586790814055,-121.75301031749855,"PatientState(Location(""FIELD"", (37.271586790814055, -121.75301031749855), -1.0, FIELD), 228.15030042986527, UNKNOWN, MIMIC)"
2,0.337744321445233,0.3335261057919862,37.27001144549912,-121.75257564223982,"PatientState(Location(""FIELD"", (37.27001144549912, -121.75257564223982), -1.0, FIELD), 76.89717758229715, UNKNOWN, LVO)"
3,0.33179004383940025,0.32756727391076146,37.272434648557656,-121.75361581500574,"PatientState(Location(""FIELD"", (37.272434648557656, -121.75361581500574), -1.0, FIELD), 102.14688144596114, UNKNOWN, MIMIC)"
4,0.24418294143999997,0.24418294143999997,37.27269488091646,-121.7547194835354,"PatientState(Location(""FIELD"", (37.27269488091646, -121.7547194835354), -1.0, FIELD), 233.95417478165663, UNKNOWN, HEMORRHAGIC)"
5,0.3222683131032643,0.25920419302735637,37.26993712946388,-121.75257600759653,"PatientState(Location(""FIELD"", (37.26993712946388, -121.75257600759653), -1.0, FIELD), 144.6733959752697, UNKNOWN, LVO)"
