sample,reward_best,reward_CA,location_lat,location_lon,patient_state
1,0.35560655240623884,0.3498213758562999,37.435769890321865,-122.09385420414405,"PatientState(Location(""FIELD"", (37.435769890321865, -122.09385420414405), -1.0, FIELD), 14.060352480256316, UNKNOWN, LVO)"
2,0.3279788154196461,0.26286592611562454,37.434250134331634,-122.09370825698961,"PatientState(Location(""FIELD"", (37.434250134331634, -122.09370825698961), -1.0, FIELD), 132.79407037625535, UNKNOWN, HEMORRHAGIC)"
3,0.24418294143999997,0.24418294143999997,37.434236351553274,-122.09371342868201,"PatientState(Location(""FIELD"", (37.434236351553274, -122.09371342868201), -1.0, FIELD), 198.04709667060177, UNKNOWN, LVO)"
4,0.24418294143999997,0.24418294143999997,37.43397594266786,-122.0919979329416,"PatientState(Location(""FIELD"", (37.43397594266786, -122.0919979329416), -1.0, FIELD), 217.1252048439789, UNKNOWN, NLVO)"
5,0.3527866475357094,0.3469655224586301,37.43490932343644,-122.09492433052507,"PatientState(Location(""FIELD"", (37.43490932343644, -122.09492433052507), -1.0, FIELD), 26.02124824464134, UNKNOWN, LVO)"
