sample,reward_best,reward_CA,location_lat,location_lon,patient_state
1,0.31512753095422597,0.31512753095422597,37.25255514203469,-122.00567305828751,"PatientState(Location(""FIELD"", (37.25255514203469, -122.00567305828751), -1.0, FIELD), 182.38504852328876, UNKNOWN, MIMIC)"
2,0.341716535847946,0.341716535847946,37.25074727806645,-122.00142399682508,"PatientState(Location(""FIELD"", (37.25074727806645, -122.00142399682508), -1.0, FIELD), 70.36057458695495, UNKNOWN, LVO)"
3,0.3570287695952705,0.3570287695952705,37.250011288544734,-122.0028934113216,"PatientState(Location(""FIELD"", (37.250011288544734, -122.0028934113216), -1.0, FIELD), 5.012296017480409, UNKNOWN, HEMORRHAGIC)"
4,0.31372194306855977,0.31372194306855977,37.253243219426956,-122.00239370990093,"PatientState(Location(""FIELD"", (37.253243219426956, -122.00239370990093), -1.0, FIELD), 192.1821447096655, UNKNOWN, LVO)"
5,0.3200991735822863,0.3200991735822863,37.25299977840572,-122.0035092743229,"PatientState(Location(""FIELD"", (37.25299977840572, -122.0035092743229), -1.0, FIELD), 161.21247443283102, UNKNOWN, LVO)"
