sample,reward_best,reward_CA,location_lat,location_lon,patient_state
1,0.24418294143999997,0.24418294143999997,37.39247591238654,-122.40763587987153,"PatientState(Location(""FIELD"", (37.39247591238654, -122.40763587987153), -1.0, FIELD), 187.41676829030686, UNKNOWN, HEMORRHAGIC)"
2,0.32309574620567516,0.2622828751481759,37.39006955851904,-122.40643495415887,"PatientState(Location(""FIELD"", (37.39006955851904, -122.40643495415887), -1.0, FIELD), 124.25575130055591, UNKNOWN, HEMORRHAGIC)"
3,0.3442861707233577,0.34087703429241,37.39075744837754,-122.40736547405132,"PatientState(Location(""FIELD"", (37.39075744837754, -122.40736547405132), -1.0, FIELD), 33.146616614166994, UNKNOWN, MIMIC)"
4,0.3196250413285909,0.25949299076259025,37.390436798493035,-122.40906532161317,"PatientState(Location(""FIELD"", (37.390436798493035, -122.40906532161317), -1.0, FIELD), 140.88346921919447, UNKNOWN, HEMORRHAGIC)"
5,0.32237041607602773,0.26169816973060367,37.39216632986968,-122.41001917804469,"PatientState(Location(""FIELD"", (37.39216632986968, -122.41001917804469), -1.0, FIELD), 128.8082210997832, UNKNOWN, NLVO)"
