sample,reward_best,reward_CA,location_lat,location_lon,patient_state
1,0.325330110670277,0.24418294143999997,37.83756102039855,-122.0035925037665,"PatientState(Location(""FIELD"", (37.83756102039855, -122.0035925037665), -1.0, FIELD), 100.63030010185832, UNKNOWN, HEMORRHAGIC)"
2,0.24418294143999997,0.24418294143999997,37.834983627290974,-122.004628799403,"PatientState(Location(""FIELD"", (37.834983627290974, -122.004628799403), -1.0, FIELD), 208.24489922124317, UNKNOWN, LVO)"
3,0.24418294143999997,0.24418294143999997,37.837605296250146,-122.00521691536665,"PatientState(Location(""FIELD"", (37.837605296250146, -122.00521691536665), -1.0, FIELD), 267.784316568526, UNKNOWN, HEMORRHAGIC)"
4,0.32496882254355886,0.24418294143999997,37.83554370153673,-122.00346506475569,"PatientState(Location(""FIELD"", (37.83554370153673, -122.00346506475569), -1.0, FIELD), 101.13147281857069, UNKNOWN, LVO)"
5,0.24418294143999997,0.24418294143999997,37.835797820643684,-122.0030110008583,"PatientState(Location(""FIELD"", (37.835797820643684, -122.0030110008583), -1.0, FIELD), 250.92726446359777, UNKNOWN, HEMORRHAGIC)"
