sample,reward_best,reward_CA,location_lat,location_lon,patient_state
1,0.32421302350592485,0.24418294143999997,37.5853263327854,-121.99991920566511,"PatientState(Location(""FIELD"", (37.5853263327854, -121.99991920566511), -1.0, FIELD), 130.32908171417358, UNKNOWN, HEMORRHAGIC)"
2,0.31987443084217115,0.24418294143999997,37.58410465857745,-121.99639158699706,"PatientState(Location(""FIELD"", (37.58410465857745, -121.99639158699706), -1.0, FIELD), 149.6735620458533, UNKNOWN, LVO)"
3,0.24418294143999997,0.24418294143999997,37.58721070296609,-122.00033614715993,"PatientState(Location(""FIELD"", (37.58721070296609, -122.00033614715993), -1.0, FIELD), 223.6106876971842, UNKNOWN, MIMIC)"
4,0.34077222523210093,0.32507882565170015,37.586907497677124,-121.99889622380216,"PatientState(Location(""FIELD"", (37.586907497677124, -121.99889622380216), -1.0, FIELD), 59.200294726488536, UNKNOWN, MIMIC)"
5,0.32506085542872865,0.24418294143999997,37.58872769130083,-121.99724546956384,"PatientState(Location(""FIELD"", (37.58872769130083, -121.99724546956384), -1.0, FIELD), 126.56143579968212, UNKNOWN, LVO)"
