sample,reward_best,reward_CA,location_lat,location_lon,patient_state
1,0.24418294143999997,0.24418294143999997,37.960543937624365,-121.80067217110208,"PatientState(Location(""FIELD"", (37.960543937624365, -121.80067217110208), -1.0, FIELD), 133.766728546936, UNKNOWN, LVO)"
2,0.32464391606337206,0.24418294143999997,37.96294659604916,-121.80006282544397,"PatientState(Location(""FIELD"", (37.96294659604916, -121.80006282544397), -1.0, FIELD), 11.326812930457708, UNKNOWN, HEMORRHAGIC)"
3,0.24418294143999997,0.24418294143999997,37.95950651331751,-121.79775726475829,"PatientState(Location(""FIELD"", (37.95950651331751, -121.79775726475829), -1.0, FIELD), 184.72744452035496, UNKNOWN, MIMIC)"
4,0.3269001644018939,0.24418294143999997,37.96067536252018,-121.79993872636224,"PatientState(Location(""FIELD"", (37.96067536252018, -121.79993872636224), -1.0, FIELD), 0.8366863009724235, UNKNOWN, MIMIC)"
5,0.24418294143999997,0.24418294143999997,37.9603740840858,-121.8005344831779,"PatientState(Location(""FIELD"", (37.9603740840858, -121.8005344831779), -1.0, FIELD), 262.7912558935542, UNKNOWN, MIMIC)"
