sample,reward_best,reward_CA,location_lat,location_lon,patient_state
1,0.3310964191789004,0.24418294143999997,37.575467206702804,-121.63167485544126,"PatientState(Location(""FIELD"", (37.575467206702804, -121.63167485544126), -1.0, FIELD), 54.2700407454976, UNKNOWN, LVO)"
2,0.24418294143999997,0.24418294143999997,37.57697739814961,-121.6340956019155,"PatientState(Location(""FIELD"", (37.57697739814961, -121.6340956019155), -1.0, FIELD), 224.8356313383553, UNKNOWN, LVO)"
3,0.24418294143999997,0.24418294143999997,37.578610485730394,-121.63368510522373,"PatientState(Location(""FIELD"", (37.578610485730394, -121.63368510522373), -1.0, FIELD), 207.86537094248408, UNKNOWN, MIMIC)"
4,0.32154853867099825,0.24418294143999997,37.576436030991644,-121.63522130589672,"PatientState(Location(""FIELD"", (37.576436030991644, -121.63522130589672), -1.0, FIELD), 103.44625633715535, UNKNOWN, HEMORRHAGIC)"
5,0.3203652691931008,0.24418294143999997,37.575680183635086,-121.63513179378089,"PatientState(Location(""FIELD"", (37.575680183635086, -121.63513179378089), -1.0, FIELD), 101.9291158083008, UNKNOWN, HEMORRHAGIC)"
