sample,reward_best,reward_CA,location_lat,location_lon,patient_state
1,0.24418294143999997,0.24418294143999997,37.54989784197621,-121.79937408338105,"PatientState(Location(""FIELD"", (37.54989784197621, -121.79937408338105), -1.0, FIELD), 226.1385495875396, UNKNOWN, HEMORRHAGIC)"
2,0.34570662796895435,0.326416836096709,37.55367729914651,-121.7979171020121,"PatientState(Location(""FIELD"", (37.55367729914651, -121.7979171020121), -1.0, FIELD), 1.9495535072554182, UNKNOWN, LVO)"
3,0.24418294143999997,0.24418294143999997,37.551609904587146,-121.79708493406606,"PatientState(Location(""FIELD"", (37.551609904587146, -121.79708493406606), -1.0, FIELD), 170.81833415026796, UNKNOWN, LVO)"
4,0.33406730547986935,0.31516683124551115,37.55119305885402,-121.80079951348839,"PatientState(Location(""FIELD"", (37.55119305885402, -121.80079951348839), -1.0, FIELD), 56.52180753582394, UNKNOWN, MIMIC)"
5,0.3397699456243445,0.3206744541809042,37.550123853621855,-121.79866656764689,"PatientState(Location(""FIELD"", (37.550123853621855, -121.79866656764689), -1.0, FIELD), 33.627477914187985, UNKNOWN, HEMORRHAGIC)"
