sample,reward_best,reward_CA,location_lat,location_lon,patient_state
1,0.24418294143999997,0.24418294143999997,37.33363982066082,-121.88317539738975,"PatientState(Location(""FIELD"", (37.33363982066082, -121.88317539738975), -1.0, FIELD), 230.12077237472155, UNKNOWN, HEMORRHAGIC)"
2,0.3274427109827889,0.3274427109827889,37.330615521803765,-121.88230653629377,"PatientState(Location(""FIELD"", (37.330615521803765, -121.88230653629377), -1.0, FIELD), 137.94145685581177, UNKNOWN, HEMORRHAGIC)"
3,0.24418294143999997,0.24418294143999997,37.33320839598503,-121.88550511630132,"PatientState(Location(""FIELD"", (37.33320839598503, -121.88550511630132), -1.0, FIELD), 226.96560195036065, UNKNOWN, LVO)"
4,0.33563728070173854,0.33563728070173854,37.329804302038774,-121.88105002325717,"PatientState(Location(""FIELD"", (37.329804302038774, -121.88105002325717), -1.0, FIELD), 102.26405995270761, UNKNOWN, LVO)"
5,0.35002073268330286,0.35002073268330286,37.33347422531274,-121.88346779434269,"PatientState(Location(""FIELD"", (37.33347422531274, -121.88346779434269), -1.0, FIELD), 39.49543905631938, UNKNOWN, NLVO)"
