sample,reward_best,reward_CA,location_lat,location_lon,patient_state
1,0.24418294143999997,0.24418294143999997,37.614449302830096,-122.42088288506775,"PatientState(Location(""FIELD"", (37.614449302830096, -122.42088288506775), -1.0, FIELD), 228.60370070186357, UNKNOWN, HEMORRHAGIC)"
2,0.3527707081097698,0.35026363187784904,37.61597457142156,-122.42578688711475,"PatientState(Location(""FIELD"", (37.61597457142156, -122.42578688711475), -1.0, FIELD), 12.056908467099442, UNKNOWN, LVO)"
3,0.31461441966231424,0.25510039128431916,37.61567213851215,-122.42095645691828,"PatientState(Location(""FIELD"", (37.61567213851215, -122.42095645691828), -1.0, FIELD), 179.77143371099672, UNKNOWN, LVO)"
4,0.31681454699366934,0.25681572329475705,37.61764809936422,-122.42487936697836,"PatientState(Location(""FIELD"", (37.61764809936422, -122.42487936697836), -1.0, FIELD), 170.75726494329035, UNKNOWN, HEMORRHAGIC)"
5,0.24418294143999997,0.24418294143999997,37.61550502504309,-122.42466577390074,"PatientState(Location(""FIELD"", (37.61550502504309, -122.42466577390074), -1.0, FIELD), 211.38164746370705, UNKNOWN, LVO)"
