sample,reward_best,reward_CA,location_lat,location_lon,patient_state
1,0.3490494814122628,0.3485969158734553,37.67717693434625,-122.4409193626792,"PatientState(Location(""FIELD"", (37.67717693434625, -122.4409193626792), -1.0, FIELD), 25.973684722590118, UNKNOWN, LVO)"
2,0.32204823143715144,0.2625883817288477,37.67675452604349,-122.44512401665251,"PatientState(Location(""FIELD"", (37.67675452604349, -122.44512401665251), -1.0, FIELD), 142.70289567064978, UNKNOWN, HEMORRHAGIC)"
3,0.3346698635297777,0.3340910427698516,37.676954779868886,-122.44502832582162,"PatientState(Location(""FIELD"", (37.676954779868886, -122.44502832582162), -1.0, FIELD), 87.21467493925508, UNKNOWN, HEMORRHAGIC)"
4,0.24418294143999997,0.24418294143999997,37.67407309237368,-122.4415423534319,"PatientState(Location(""FIELD"", (37.67407309237368, -122.4415423534319), -1.0, FIELD), 262.85603118116364, UNKNOWN, HEMORRHAGIC)"
5,0.24418294143999997,0.24418294143999997,37.677710893690616,-122.44258117737762,"PatientState(Location(""FIELD"", (37.677710893690616, -122.44258117737762), -1.0, FIELD), 263.31822326987725, UNKNOWN, MIMIC)"
