sample,reward_best,reward_CA,location_lat,location_lon,patient_state
1,0.3324904998662502,0.3194440625936829,37.71124605159949,-122.44029126399963,"PatientState(Location(""FIELD"", (37.71124605159949, -122.44029126399963), -1.0, FIELD), 90.3309300627868, UNKNOWN, HEMORRHAGIC)"
2,0.32012435293501157,0.24418294143999997,37.71317159477404,-122.4388039176584,"PatientState(Location(""FIELD"", (37.71317159477404, -122.4388039176584), -1.0, FIELD), 145.56849034320564, UNKNOWN, LVO)"
3,0.24418294143999997,0.24418294143999997,37.711605834157936,-122.43644537226646,"PatientState(Location(""FIELD"", (37.711605834157936, -122.43644537226646), -1.0, FIELD), 269.66698934698013, UNKNOWN, NLVO)"
4,0.34528459932179706,0.3319771109279386,37.71356580783569,-122.43824182722757,"PatientState(Location(""FIELD"", (37.71356580783569, -122.43824182722757), -1.0, FIELD), 35.859581254489605, UNKNOWN, HEMORRHAGIC)"
5,0.24418294143999997,0.24418294143999997,37.71345777042269,-122.4389776429921,"PatientState(Location(""FIELD"", (37.71345777042269, -122.4389776429921), -1.0, FIELD), 269.6777822813204, UNKNOWN, LVO)"
