sample,reward_best,reward_CA,location_lat,location_lon,patient_state
1,0.31495587034486483,0.31495587034486483,37.4246802653949,-122.27581785154976,"PatientState(Location(""FIELD"", (37.4246802653949, -122.27581785154976), -1.0, FIELD), 184.60360437469527, UNKNOWN, HEMORRHAGIC)"
2,0.3296378396922443,0.3296378396922443,37.425344170068094,-122.2768300814586,"PatientState(Location(""FIELD"", (37.425344170068094, -122.2768300814586), -1.0, FIELD), 118.50334614383007, UNKNOWN, LVO)"
3,0.24418294143999997,0.24418294143999997,37.42807588568491,-122.27990459938856,"PatientState(Location(""FIELD"", (37.42807588568491, -122.27990459938856), -1.0, FIELD), 233.16699194129134, UNKNOWN, LVO)"
4,0.3334592740776464,0.3334592740776464,37.42600622533883,-122.27607518011476,"PatientState(Location(""FIELD"", (37.42600622533883, -122.27607518011476), -1.0, FIELD), 102.13878794370167, UNKNOWN, LVO)"
5,0.24418294143999997,0.24418294143999997,37.425603423278574,-122.27593538339053,"PatientState(Location(""FIELD"", (37.425603423278574, -122.27593538339053), -1.0, FIELD), 262.38649624774087, UNKNOWN, HEMORRHAGIC)"
