sample,reward_best,reward_CA,location_lat,location_lon,patient_state
1,0.24418294143999997,0.24418294143999997,37.579056234478166,-121.6351036528091,"PatientState(Location(""FIELD"", (37.579056234478166, -121.6351036528091), -1.0, FIELD), 225.9163466149135, UNKNOWN, HEMORRHAGIC)"
2,0.3246507211946991,0.24418294143999997,37.579583194122335,-121.63423565391064,"PatientState(Location(""FIELD"", (37.579583194122335, -121.63423565391064), -1.0, FIELD), 89.41107000862415, UNKNOWN, LVO)"
3,0.24418294143999997,0.24418294143999997,37.58053377222288,-121.63485763728066,"PatientState(Location(""FIELD"", (37.58053377222288, -121.63485763728066), -1.0, FIELD), 233.92758458513524, UNKNOWN, LVO)"
4,0.331066138823527,0.24418294143999997,37.58043136182721,-121.63481679021591,"PatientState(Location(""FIELD"", (37.58043136182721, -121.63481679021591), -1.0, FIELD), 61.207392396347714, UNKNOWN, LVO)"
5,0.3215536275283196,0.24418294143999997,37.58136972223242,-121.63441159493144,"PatientState(Location(""FIELD"", (37.58136972223242, -121.63441159493144), -1.0, FIELD), 103.14695322150023, UNKNOWN, MIMIC)"
