sample,reward_best,reward_CA,location_lat,location_lon,patient_state
1,0.3347709584795655,0.3312596978276193,37.458669925330774,-122.4288495846358,"PatientState(Location(""FIELD"", (37.458669925330774, -122.4288495846358), -1.0, FIELD), 81.0455646848307, UNKNOWN, HEMORRHAGIC)"
2,0.3354400048528618,0.3354400048528618,37.45650011805734,-122.42635862731207,"PatientState(Location(""FIELD"", (37.45650011805734, -122.42635862731207), -1.0, FIELD), 62.01871460093637, UNKNOWN, NLVO)"
3,0.24418294143999997,0.24418294143999997,37.45581493718137,-122.42734063111094,"PatientState(Location(""FIELD"", (37.45581493718137, -122.42734063111094), -1.0, FIELD), 219.65439375959272, UNKNOWN, LVO)"
4,0.24418294143999997,0.24418294143999997,37.45715547703476,-122.42834252169038,"PatientState(Location(""FIELD"", (37.45715547703476, -122.42834252169038), -1.0, FIELD), 267.32746586630185, UNKNOWN, HEMORRHAGIC)"
5,0.25414415448984157,0.25414415448984157,37.45403177864972,-122.42863348459473,"PatientState(Location(""FIELD"", (37.45403177864972, -122.42863348459473), -1.0, FIELD), 177.2978461101761, UNKNOWN, NLVO)"
