sample,reward_best,reward_CA,location_lat,location_lon,patient_state
1,0.32277860806699255,0.24418294143999997,37.694358762620936,-121.85143312086409,"PatientState(Location(""FIELD"", (37.694358762620936, -121.85143312086409), -1.0, FIELD), 130.66938242033532, UNKNOWN, LVO)"
2,0.24418294143999997,0.24418294143999997,37.696828814864986,-121.85216578970999,"PatientState(Location(""FIELD"", (37.696828814864986, -121.85216578970999), -1.0, FIELD), 221.40754056010033, UNKNOWN, LVO)"
3,0.32050841674646824,0.24418294143999997,37.697574753397376,-121.85457739933386,"PatientState(Location(""FIELD"", (37.697574753397376, -121.85457739933386), -1.0, FIELD), 140.31098357490836, UNKNOWN, HEMORRHAGIC)"
4,0.24418294143999997,0.24418294143999997,37.694933091572516,-121.85571353231363,"PatientState(Location(""FIELD"", (37.694933091572516, -121.85571353231363), -1.0, FIELD), 181.7289575188265, UNKNOWN, MIMIC)"
5,0.34141533969385107,0.3215680948110253,37.697934314018234,-121.8550387611484,"PatientState(Location(""FIELD"", (37.697934314018234, -121.8550387611484), -1.0, FIELD), 45.9459338506827, UNKNOWN, LVO)"
