sample,reward_best,reward_CA,location_lat,location_lon,patient_state
1,0.319555115588233,0.24418294143999997,37.58524665179791,-121.74878829891358,"PatientState(Location(""FIELD"", (37.58524665179791, -121.74878829891358), -1.0, FIELD), 112.19570605628117, UNKNOWN, LVO)"
2,0.24418294143999997,0.24418294143999997,37.58471128079953,-121.74818909024015,"PatientState(Location(""FIELD"", (37.58471128079953, -121.74818909024015), -1.0, FIELD), 239.7118133920696, UNKNOWN, NLVO)"
3,0.3144703400914761,0.24418294143999997,37.585778723722875,-121.7482553052771,"PatientState(Location(""FIELD"", (37.585778723722875, -121.7482553052771), -1.0, FIELD), 135.01803647592925, UNKNOWN, HEMORRHAGIC)"
4,0.3376779294970168,0.3186526022756077,37.5872024232592,-121.74894133486151,"PatientState(Location(""FIELD"", (37.5872024232592, -121.74894133486151), -1.0, FIELD), 32.89578605946972, UNKNOWN, LVO)"
5,0.24418294143999997,0.24418294143999997,37.588544293737236,-121.74594139464023,"PatientState(Location(""FIELD"", (37.588544293737236, -121.74594139464023), -1.0, FIELD), 267.8221774396072, UNKNOWN, HEMORRHAGIC)"
