sample,reward_best,reward_CA,location_lat,location_lon,patient_state
1,0.3387286616157097,0.32091368710268586,37.59140272778182,-121.9091462496594,"PatientState(Location(""FIELD"", (37.59140272778182, -121.9091462496594), -1.0, FIELD), 72.96824451908046, UNKNOWN, LVO)"
2,0.3190260691835141,0.24418294143999997,37.59244840822836,-121.91075049225189,"PatientState(Location(""FIELD"", (37.59244840822836, -121.91075049225189), -1.0, FIELD), 159.36443220431198, UNKNOWN, MIMIC)"
3,0.24418294143999997,0.24418294143999997,37.593651247865864,-121.90644009265456,"PatientState(Location(""FIELD"", (37.593651247865864, -121.90644009265456), -1.0, FIELD), 231.11106154969082, UNKNOWN, HEMORRHAGIC)"
4,0.24418294143999997,0.24418294143999997,37.59342652012765,-121.9081973840219,"PatientState(Location(""FIELD"", (37.59342652012765, -121.9081973840219), -1.0, FIELD), 227.65991388024938, UNKNOWN, HEMORRHAGIC)"
5,0.24418294143999997,0.24418294143999997,37.59128726829653,-121.91074103797337,"PatientState(Location(""FIELD"", (37.59128726829653, -121.91074103797337), -1.0, FIELD), 238.66481382998714, UNKNOWN, NLVO)"
