sample,reward_best,reward_CA,location_lat,location_lon,patient_state
1,0.3386155571703388,0.327185381130382,37.918351852494276,-122.37844919447936,"PatientState(Location(""FIELD"", (37.918351852494276, -122.37844919447936), -1.0, FIELD), 27.890103000034582, UNKNOWN, NLVO)"
2,0.33068946517162134,0.31673773416192136,37.91522529679513,-122.37877812896151,"PatientState(Location(""FIELD"", (37.91522529679513, -122.37877812896151), -1.0, FIELD), 68.93604145323796, UNKNOWN, LVO)"
3,0.24418294143999997,0.24418294143999997,37.91560019807516,-122.37743544864712,"PatientState(Location(""FIELD"", (37.91560019807516, -122.37743544864712), -1.0, FIELD), 187.5801552553011, UNKNOWN, LVO)"
4,0.24418294143999997,0.24418294143999997,37.91473671418115,-122.37994216441281,"PatientState(Location(""FIELD"", (37.91473671418115, -122.37994216441281), -1.0, FIELD), 267.3303103435329, UNKNOWN, HEMORRHAGIC)"
5,0.2520572052839107,0.24418294143999997,37.91869031716419,-122.37594310984791,"PatientState(Location(""FIELD"", (37.91869031716419, -122.37594310984791), -1.0, FIELD), 161.5409632443165, UNKNOWN, HEMORRHAGIC)"
