sample,reward_best,reward_CA,location_lat,location_lon,patient_state
1,0.24418294143999997,0.24418294143999997,37.94570317127619,-121.93357694266791,"PatientState(Location(""FIELD"", (37.94570317127619, -121.93357694266791), -1.0, FIELD), 154.0566102042417, UNKNOWN, LVO)"
2,0.24418294143999997,0.24418294143999997,37.947791806955415,-121.93457783779506,"PatientState(Location(""FIELD"", (37.947791806955415, -121.93457783779506), -1.0, FIELD), 247.1374158303672, UNKNOWN, HEMORRHAGIC)"
3,0.3276012878695637,0.3276012878695637,37.94711514241746,-121.93453293379686,"PatientState(Location(""FIELD"", (37.94711514241746, -121.93453293379686), -1.0, FIELD), 10.898621818682138, UNKNOWN, HEMORRHAGIC)"
4,0.24418294143999997,0.24418294143999997,37.944407218169495,-121.9350466542735,"PatientState(Location(""FIELD"", (37.944407218169495, -121.9350466542735), -1.0, FIELD), 74.90194743374857, UNKNOWN, LVO)"
5,0.3297523886306546,0.3297523886306546,37.94620708122344,-121.93420599354272,"PatientState(Location(""FIELD"", (37.94620708122344, -121.93420599354272), -1.0, FIELD), 1.0222236750663594, UNKNOWN, HEMORRHAGIC)"
