sample,reward_best,reward_CA,location_lat,location_lon,patient_state
1,0.3348473544849998,0.26925239445924665,37.319825455874195,-122.34573609711477,"PatientState(Location(""FIELD"", (37.319825455874195, -122.34573609711477), -1.0, FIELD), 75.41711850700753, UNKNOWN, LVO)"
2,0.33989930473940877,0.3332473820373212,37.31958036494164,-122.34353262836893,"PatientState(Location(""FIELD"", (37.31958036494164, -122.34353262836893), -1.0, FIELD), 53.586988492875975, UNKNOWN, MIMIC)"
3,0.3246566303275705,0.261034371320213,37.32196280217166,-122.34525555109425,"PatientState(Location(""FIELD"", (37.32196280217166, -122.34525555109425), -1.0, FIELD), 121.00993926592002, UNKNOWN, NLVO)"
4,0.31819976984987564,0.2559018480185104,37.32207713018748,-122.34547006019424,"PatientState(Location(""FIELD"", (37.32207713018748, -122.34547006019424), -1.0, FIELD), 149.73954481169397, UNKNOWN, LVO)"
5,0.34033329922118966,0.3337235637442715,37.32336405323385,-122.34405552219798,"PatientState(Location(""FIELD"", (37.32336405323385, -122.34405552219798), -1.0, FIELD), 52.79859763606752, UNKNOWN, HEMORRHAGIC)"
