sample,reward_best,reward_CA,location_lat,location_lon,patient_state
1,0.31748265085782745,0.24418294143999997,37.81103360152245,-122.20923157736772,"PatientState(Location(""FIELD"", (37.81103360152245, -122.20923157736772), -1.0, FIELD), 146.69613488764705, UNKNOWN, NLVO)"
2,0.342018922868032,0.32815571877386984,37.81320650363113,-122.20885557006312,"PatientState(Location(""FIELD"", (37.81320650363113, -122.20885557006312), -1.0, FIELD), 39.540718393909096, UNKNOWN, NLVO)"
3,0.34312528832859895,0.32938881075731413,37.812158194475984,-122.21064714726417,"PatientState(Location(""FIELD"", (37.812158194475984, -122.21064714726417), -1.0, FIELD), 34.534513671437324, UNKNOWN, HEMORRHAGIC)"
4,0.34245280099372466,0.32873131665628985,37.80904677781051,-122.21047117512417,"PatientState(Location(""FIELD"", (37.80904677781051, -122.21047117512417), -1.0, FIELD), 38.29409664133303, UNKNOWN, HEMORRHAGIC)"
5,0.35034929059110287,0.3364570175168565,37.81117204318833,-122.20874433653343,"PatientState(Location(""FIELD"", (37.81117204318833, -122.20874433653343), -1.0, FIELD), 3.5058263597732298, UNKNOWN, HEMORRHAGIC)"
