sample,reward_best,reward_CA,location_lat,location_lon,patient_state
1,0.24418294143999997,0.24418294143999997,37.8624019966849,-122.01446732122984,"PatientState(Location(""FIELD"", (37.8624019966849, -122.01446732122984), -1.0, FIELD), 227.35646522960198, UNKNOWN, LVO)"
2,0.24418294143999997,0.24418294143999997,37.859031086827876,-122.01099409871675,"PatientState(Location(""FIELD"", (37.859031086827876, -122.01099409871675), -1.0, FIELD), 226.49936480840157, UNKNOWN, LVO)"
3,0.32192689472643143,0.24418294143999997,37.863221517912116,-122.01433331710605,"PatientState(Location(""FIELD"", (37.863221517912116, -122.01433331710605), -1.0, FIELD), 111.88717693627162, UNKNOWN, LVO)"
4,0.3146849419866632,0.24418294143999997,37.86058828933583,-122.01147828499177,"PatientState(Location(""FIELD"", (37.86058828933583, -122.01147828499177), -1.0, FIELD), 143.20338138927215, UNKNOWN, HEMORRHAGIC)"
5,0.32288754758354093,0.24418294143999997,37.8597336129918,-122.0124288597772,"PatientState(Location(""FIELD"", (37.8597336129918, -122.0124288597772), -1.0, FIELD), 107.05431632105122, UNKNOWN, HEMORRHAGIC)"
