sample,reward_best,reward_CA,location_lat,location_lon,patient_state
1,0.24418294143999997,0.24418294143999997,38.01324317169246,-121.85629643898623,"PatientState(Location(""FIELD"", (38.01324317169246, -121.85629643898623), -1.0, FIELD), 88.93730596207382, UNKNOWN, LVO)"
2,0.24418294143999997,0.24418294143999997,38.01334289955976,-121.85712833570268,"PatientState(Location(""FIELD"", (38.01334289955976, -121.85712833570268), -1.0, FIELD), 149.1604216688135, UNKNOWN, HEMORRHAGIC)"
3,0.24418294143999997,0.24418294143999997,38.01102678622233,-121.85982914951173,"PatientState(Location(""FIELD"", (38.01102678622233, -121.85982914951173), -1.0, FIELD), 199.4514229393032, UNKNOWN, HEMORRHAGIC)"
4,0.24418294143999997,0.24418294143999997,38.00889199221583,-121.85963996554393,"PatientState(Location(""FIELD"", (38.00889199221583, -121.85963996554393), -1.0, FIELD), 177.991899467127, UNKNOWN, HEMORRHAGIC)"
5,0.24418294143999997,0.24418294143999997,38.00919992799506,-121.85766889855408,"PatientState(Location(""FIELD"", (38.00919992799506, -121.85766889855408), -1.0, FIELD), 73.46362814607045, UNKNOWN, HEMORRHAGIC)"
