sample,reward_best,reward_CA,location_lat,location_lon,patient_state
1,0.34445117005784,0.32620142949265535,37.62903564857059,-122.05338775568855,"PatientState(Location(""FIELD"", (37.62903564857059, -122.05338775568855), -1.0, FIELD), 42.69933409736142, UNKNOWN, LVO)"
2,0.3241878167649126,0.24418294143999997,37.63171274397297,-122.05578838327052,"PatientState(Location(""FIELD"", (37.63171274397297, -122.05578838327052), -1.0, FIELD), 129.90230974270108, UNKNOWN, NLVO)"
3,0.3298661786068522,0.24418294143999997,37.63278217277533,-122.05096494344473,"PatientState(Location(""FIELD"", (37.63278217277533, -122.05096494344473), -1.0, FIELD), 104.99295838003223, UNKNOWN, LVO)"
4,0.3179949783446146,0.24418294143999997,37.63187640526425,-122.05550225884164,"PatientState(Location(""FIELD"", (37.63187640526425, -122.05550225884164), -1.0, FIELD), 157.46503493121998, UNKNOWN, LVO)"
5,0.24418294143999997,0.24418294143999997,37.6299243290204,-122.05303852435549,"PatientState(Location(""FIELD"", (37.6299243290204, -122.05303852435549), -1.0, FIELD), 264.9996408128492, UNKNOWN, LVO)"
