sample,reward_best,reward_CA,location_lat,location_lon,patient_state
1,0.3261609766383208,0.24418294143999997,37.8489972502701,-121.6133613408263,"PatientState(Location(""FIELD"", (37.8489972502701, -121.6133613408263), -1.0, FIELD), 2.1960760198433382, UNKNOWN, NLVO)"
2,0.24418294143999997,0.24418294143999997,37.84926762636447,-121.61212496344622,"PatientState(Location(""FIELD"", (37.84926762636447, -121.61212496344622), -1.0, FIELD), 176.009086062968, UNKNOWN, MIMIC)"
3,0.3195798758533407,0.24418294143999997,37.85017616789669,-121.6119571243386,"PatientState(Location(""FIELD"", (37.85017616789669, -121.6119571243386), -1.0, FIELD), 31.13904763509286, UNKNOWN, HEMORRHAGIC)"
4,0.24418294143999997,0.24418294143999997,37.8490073149533,-121.61417698345103,"PatientState(Location(""FIELD"", (37.8490073149533, -121.61417698345103), -1.0, FIELD), 171.59777637657726, UNKNOWN, HEMORRHAGIC)"
5,0.24418294143999997,0.24418294143999997,37.850071771776136,-121.61387742555283,"PatientState(Location(""FIELD"", (37.850071771776136, -121.61387742555283), -1.0, FIELD), 169.7737370850858, UNKNOWN, LVO)"
