sample,reward_best,reward_CA,location_lat,location_lon,patient_state
1,0.24418294143999997,0.24418294143999997,37.81882672331261,-121.69891296380789,"PatientState(Location(""FIELD"", (37.81882672331261, -121.69891296380789), -1.0, FIELD), 223.22141019251666, UNKNOWN, LVO)"
2,0.24418294143999997,0.24418294143999997,37.82377783305973,-121.69775168017941,"PatientState(Location(""FIELD"", (37.82377783305973, -121.69775168017941), -1.0, FIELD), 59.82377082381744, UNKNOWN, HEMORRHAGIC)"
3,0.24418294143999997,0.24418294143999997,37.82253011792247,-121.69672294762702,"PatientState(Location(""FIELD"", (37.82253011792247, -121.69672294762702), -1.0, FIELD), 235.14042063316097, UNKNOWN, LVO)"
4,0.24418294143999997,0.24418294143999997,37.81914350851665,-121.70039134223573,"PatientState(Location(""FIELD"", (37.81914350851665, -121.70039134223573), -1.0, FIELD), 87.74765159616338, UNKNOWN, LVO)"
5,0.3153144571743231,0.24418294143999997,37.81908923812605,-121.69825764391398,"PatientState(Location(""FIELD"", (37.81908923812605, -121.69825764391398), -1.0, FIELD), 28.126721945756582, UNKNOWN, LVO)"
