sample,reward_best,reward_CA,location_lat,location_lon,patient_state
1,0.25233229052709427,0.25233229052709427,37.65987593394028,-122.42032866964945,"PatientState(Location(""FIELD"", (37.65987593394028, -122.42032866964945), -1.0, FIELD), 199.82136242165328, UNKNOWN, LVO)"
2,0.3303489602602638,0.3285725894135321,37.65952011224323,-122.4170570894743,"PatientState(Location(""FIELD"", (37.65952011224323, -122.4170570894743), -1.0, FIELD), 109.62581917997922, UNKNOWN, HEMORRHAGIC)"
3,0.3204926334900183,0.2604209753646395,37.65993442957557,-122.41714307354863,"PatientState(Location(""FIELD"", (37.65993442957557, -122.41714307354863), -1.0, FIELD), 153.36133443767108, UNKNOWN, LVO)"
4,0.3374358867674461,0.33577078687295414,37.663476050096506,-122.41957381790547,"PatientState(Location(""FIELD"", (37.663476050096506, -122.41957381790547), -1.0, FIELD), 78.0238113820766, UNKNOWN, LVO)"
5,0.24418294143999997,0.24418294143999997,37.65915245408589,-122.4199028957844,"PatientState(Location(""FIELD"", (37.65915245408589, -122.4199028957844), -1.0, FIELD), 256.6320301261301, UNKNOWN, LVO)"
