sample,reward_best,reward_CA,location_lat,location_lon,patient_state
1,0.24418294143999997,0.24418294143999997,37.96793812372521,-121.9326600987205,"PatientState(Location(""FIELD"", (37.96793812372521, -121.9326600987205), -1.0, FIELD), 149.67984418451366, UNKNOWN, LVO)"
2,0.24418294143999997,0.24418294143999997,37.96491916612697,-121.93095370861127,"PatientState(Location(""FIELD"", (37.96491916612697, -121.93095370861127), -1.0, FIELD), 181.872965111583, UNKNOWN, NLVO)"
3,0.24418294143999997,0.24418294143999997,37.963809856057665,-121.93178995407327,"PatientState(Location(""FIELD"", (37.963809856057665, -121.93178995407327), -1.0, FIELD), 213.39309981625397, UNKNOWN, HEMORRHAGIC)"
4,0.24418294143999997,0.24418294143999997,37.96607245874297,-121.93183878730773,"PatientState(Location(""FIELD"", (37.96607245874297, -121.93183878730773), -1.0, FIELD), 87.37768377250715, UNKNOWN, LVO)"
5,0.31629993624157704,0.24418294143999997,37.964538431291416,-121.93543636766036,"PatientState(Location(""FIELD"", (37.964538431291416, -121.93543636766036), -1.0, FIELD), 54.917286052538266, UNKNOWN, LVO)"
