sample,reward_best,reward_CA,location_lat,location_lon,patient_state
1,0.24418294143999997,0.24418294143999997,37.76095104042937,-121.85061476615367,"PatientState(Location(""FIELD"", (37.76095104042937, -121.85061476615367), -1.0, FIELD), 168.91943010590072, UNKNOWN, LVO)"
2,0.24418294143999997,0.24418294143999997,37.76177782561885,-121.85054184966464,"PatientState(Location(""FIELD"", (37.76177782561885, -121.85054184966464), -1.0, FIELD), 164.91926361020535, UNKNOWN, LVO)"
3,0.24418294143999997,0.24418294143999997,37.75893287242209,-121.84611263502136,"PatientState(Location(""FIELD"", (37.75893287242209, -121.84611263502136), -1.0, FIELD), 168.21148776077206, UNKNOWN, LVO)"
4,0.3499499434466404,0.32739796124934356,37.761583752721904,-121.85019794033848,"PatientState(Location(""FIELD"", (37.761583752721904, -121.85019794033848), -1.0, FIELD), 1.3773087387908312, UNKNOWN, NLVO)"
5,0.3418761414795294,0.31961878249748477,37.75907721310278,-121.85071468220566,"PatientState(Location(""FIELD"", (37.75907721310278, -121.85071468220566), -1.0, FIELD), 35.7986217186719, UNKNOWN, HEMORRHAGIC)"
