sample,reward_best,reward_CA,location_lat,location_lon,patient_state
1,0.3312096379357565,0.3282089630930639,37.341403710306054,-121.94687857699249,"PatientState(Location(""FIELD"", (37.341403710306054, -121.94687857699249), -1.0, FIELD), 116.34523799275635, UNKNOWN, HEMORRHAGIC)"
2,0.24418294143999997,0.24418294143999997,37.33893063197502,-121.94668819737329,"PatientState(Location(""FIELD"", (37.33893063197502, -121.94668819737329), -1.0, FIELD), 261.87137068715157, UNKNOWN, NLVO)"
3,0.24418294143999997,0.24418294143999997,37.343310463988374,-121.94945306315316,"PatientState(Location(""FIELD"", (37.343310463988374, -121.94945306315316), -1.0, FIELD), 266.92003636650963, UNKNOWN, LVO)"
4,0.35286208499387134,0.34993197039427315,37.34118258234532,-121.94666262382661,"PatientState(Location(""FIELD"", (37.34118258234532, -121.94666262382661), -1.0, FIELD), 23.469293459999285, UNKNOWN, LVO)"
5,0.24418294143999997,0.24418294143999997,37.34248933634774,-121.95029180173843,"PatientState(Location(""FIELD"", (37.34248933634774, -121.95029180173843), -1.0, FIELD), 250.78230647693633, UNKNOWN, HEMORRHAGIC)"
