sample,reward_best,reward_CA,location_lat,location_lon,patient_state
1,0.34952291600937907,0.3348169441637486,37.81778006583176,-122.20232383424383,"PatientState(Location(""FIELD"", (37.81778006583176, -122.20232383424383), -1.0, FIELD), 7.902234317866749, UNKNOWN, LVO)"
2,0.32042371559977967,0.24418294143999997,37.8177762918895,-122.204296794592,"PatientState(Location(""FIELD"", (37.8177762918895, -122.204296794592), -1.0, FIELD), 136.3302148558386, UNKNOWN, HEMORRHAGIC)"
3,0.33187525463643686,0.31788589284569,37.81406271741094,-122.20442923274967,"PatientState(Location(""FIELD"", (37.81406271741094, -122.20442923274967), -1.0, FIELD), 81.66659139721959, UNKNOWN, NLVO)"
4,0.3196335218348257,0.24418294143999997,37.81484919418876,-122.20393933765179,"PatientState(Location(""FIELD"", (37.81484919418876, -122.20393933765179), -1.0, FIELD), 136.47560444604903, UNKNOWN, LVO)"
5,0.33343449454935997,0.3191147401908212,37.818362232796915,-122.20089276331997,"PatientState(Location(""FIELD"", (37.818362232796915, -122.20089276331997), -1.0, FIELD), 76.79665262639107, UNKNOWN, LVO)"
