sample,reward_best,reward_CA,location_lat,location_lon,patient_state
1,0.3509606875640578,0.3509606875640578,37.25859955356384,-122.09819877078407,"PatientState(Location(""FIELD"", (37.25859955356384, -122.09819877078407), -1.0, FIELD), 22.102185090663735, UNKNOWN, LVO)"
2,0.24418294143999997,0.24418294143999997,37.25642686564729,-122.09930629542541,"PatientState(Location(""FIELD"", (37.25642686564729, -122.09930629542541), -1.0, FIELD), 258.40248165604595, UNKNOWN, NLVO)"
3,0.3312223439985652,0.3312223439985652,37.25856973048304,-122.09976420518103,"PatientState(Location(""FIELD"", (37.25856973048304, -122.09976420518103), -1.0, FIELD), 106.88471450076483, UNKNOWN, HEMORRHAGIC)"
4,0.24418294143999997,0.24418294143999997,37.257045522235586,-122.09904139611665,"PatientState(Location(""FIELD"", (37.257045522235586, -122.09904139611665), -1.0, FIELD), 185.56814509455, UNKNOWN, NLVO)"
5,0.32153547671286575,0.32153547671286575,37.25713289496711,-122.09591489084454,"PatientState(Location(""FIELD"", (37.25713289496711, -122.09591489084454), -1.0, FIELD), 151.5876933875744, UNKNOWN, HEMORRHAGIC)"
