sample,reward_best,reward_CA,location_lat,location_lon,patient_state
1,0.26023871855788333,0.24418294143999997,37.97553991503027,-122.09221667805512,"PatientState(Location(""FIELD"", (37.97553991503027, -122.09221667805512), -1.0, FIELD), 100.75114370571761, UNKNOWN, MIMIC)"
2,0.3329728160666491,0.32283301065622366,37.97417893875761,-122.09200183772084,"PatientState(Location(""FIELD"", (37.97417893875761, -122.09200183772084), -1.0, FIELD), 37.6986718389694, UNKNOWN, NLVO)"
3,0.33244780717325473,0.3225562184063891,37.97848139686618,-122.09198309457872,"PatientState(Location(""FIELD"", (37.97848139686618, -122.09198309457872), -1.0, FIELD), 37.597864456302695, UNKNOWN, LVO)"
4,0.33299482328923796,0.3230510764356837,37.9783823783969,-122.09519158791196,"PatientState(Location(""FIELD"", (37.9783823783969, -122.09519158791196), -1.0, FIELD), 34.7070432345353, UNKNOWN, HEMORRHAGIC)"
5,0.24418294143999997,0.24418294143999997,37.97554016485659,-122.0940630655713,"PatientState(Location(""FIELD"", (37.97554016485659, -122.0940630655713), -1.0, FIELD), 229.78385290514763, UNKNOWN, LVO)"
