sample,reward_best,reward_CA,location_lat,location_lon,patient_state
1,0.24418294143999997,0.24418294143999997,37.87678414097716,-121.9200959432332,"PatientState(Location(""FIELD"", (37.87678414097716, -121.9200959432332), -1.0, FIELD), 169.44452555079334, UNKNOWN, NLVO)"
2,0.24418294143999997,0.24418294143999997,37.87656111755525,-121.91859721918274,"PatientState(Location(""FIELD"", (37.87656111755525, -121.91859721918274), -1.0, FIELD), 77.26736609445759, UNKNOWN, HEMORRHAGIC)"
3,0.24418294143999997,0.24418294143999997,37.878793309332934,-121.91837187399726,"PatientState(Location(""FIELD"", (37.878793309332934, -121.91837187399726), -1.0, FIELD), 59.04440648669424, UNKNOWN, LVO)"
4,0.3217315092926451,0.3217315092926451,37.877092441283054,-121.919175412064,"PatientState(Location(""FIELD"", (37.877092441283054, -121.919175412064), -1.0, FIELD), 6.90582894551811, UNKNOWN, NLVO)"
5,0.3172245657807541,0.3172245657807541,37.875070737279195,-121.91881548580515,"PatientState(Location(""FIELD"", (37.875070737279195, -121.91881548580515), -1.0, FIELD), 27.290335773754528, UNKNOWN, HEMORRHAGIC)"
