sample,reward_best,reward_CA,location_lat,location_lon,patient_state
1,0.24418294143999997,0.24418294143999997,37.450747071559285,-122.4059673039387,"PatientState(Location(""FIELD"", (37.450747071559285, -122.4059673039387), -1.0, FIELD), 189.99429569894292, UNKNOWN, LVO)"
2,0.34596754083892856,0.34596754083892856,37.45131883060746,-122.40975288992018,"PatientState(Location(""FIELD"", (37.45131883060746, -122.40975288992018), -1.0, FIELD), 15.65163006969912, UNKNOWN, NLVO)"
3,0.24418294143999997,0.24418294143999997,37.45171885102067,-122.40898710185822,"PatientState(Location(""FIELD"", (37.45171885102067, -122.40898710185822), -1.0, FIELD), 195.37138195194666, UNKNOWN, LVO)"
4,0.334355311591401,0.271411260148983,37.451322784183446,-122.40885647415723,"PatientState(Location(""FIELD"", (37.451322784183446, -122.40885647415723), -1.0, FIELD), 80.12475939439628, UNKNOWN, HEMORRHAGIC)"
5,0.24418294143999997,0.24418294143999997,37.451356815515986,-122.41021315675592,"PatientState(Location(""FIELD"", (37.451356815515986, -122.41021315675592), -1.0, FIELD), 242.32241657177326, UNKNOWN, MIMIC)"
