sample,reward_best,reward_CA,location_lat,location_lon,patient_state
1,0.24418294143999997,0.24418294143999997,37.43752318372854,-121.766035445788,"PatientState(Location(""FIELD"", (37.43752318372854, -121.766035445788), -1.0, FIELD), 266.7644661996225, UNKNOWN, LVO)"
2,0.24418294143999997,0.24418294143999997,37.437161734316085,-121.76914431073477,"PatientState(Location(""FIELD"", (37.437161734316085, -121.76914431073477), -1.0, FIELD), 212.5040400589532, UNKNOWN, LVO)"
3,0.34820326905149745,0.34820326905149745,37.43625961168389,-121.76705991288556,"PatientState(Location(""FIELD"", (37.43625961168389, -121.76705991288556), -1.0, FIELD), 12.534425951253267, UNKNOWN, MIMIC)"
4,0.3438717740956706,0.3438717740956706,37.43753581610015,-121.77021548839758,"PatientState(Location(""FIELD"", (37.43753581610015, -121.77021548839758), -1.0, FIELD), 29.25123053927665, UNKNOWN, NLVO)"
5,0.24418294143999997,0.24418294143999997,37.43387083029261,-121.76637263299348,"PatientState(Location(""FIELD"", (37.43387083029261, -121.76637263299348), -1.0, FIELD), 171.93676221486436, UNKNOWN, HEMORRHAGIC)"
