sample,reward_best,reward_CA,location_lat,location_lon,patient_state
1,0.24418294143999997,0.24418294143999997,37.58715267732576,-122.09306903357994,"PatientState(Location(""FIELD"", (37.58715267732576, -122.09306903357994), -1.0, FIELD), 254.29427346722107, UNKNOWN, LVO)"
2,0.3498512765510564,0.3314407794631054,37.58834278079839,-122.0939074713689,"PatientState(Location(""FIELD"", (37.58834278079839, -122.0939074713689), -1.0, FIELD), 15.554120055868307, UNKNOWN, LVO)"
3,0.24418294143999997,0.24418294143999997,37.58873211197838,-122.09152908434089,"PatientState(Location(""FIELD"", (37.58873211197838, -122.09152908434089), -1.0, FIELD), 190.54241360393956, UNKNOWN, HEMORRHAGIC)"
4,0.24418294143999997,0.24418294143999997,37.587430145073846,-122.09378796401224,"PatientState(Location(""FIELD"", (37.587430145073846, -122.09378796401224), -1.0, FIELD), 220.27991325343325, UNKNOWN, HEMORRHAGIC)"
5,0.3536319629004679,0.335113097117704,37.58389325971199,-122.0911185750414,"PatientState(Location(""FIELD"", (37.58389325971199, -122.0911185750414), -1.0, FIELD), 0.09619140156151951, UNKNOWN, MIMIC)"
