sample,reward_best,reward_CA,location_lat,location_lon,patient_state
1,0.33247444468953397,0.33247444468953397,37.39317504451798,-121.79946309660062,"PatientState(Location(""FIELD"", (37.39317504451798, -121.79946309660062), -1.0, FIELD), 109.45593405366252, UNKNOWN, HEMORRHAGIC)"
2,0.330079499974649,0.330079499974649,37.3904170467138,-121.79785117596022,"PatientState(Location(""FIELD"", (37.3904170467138, -121.79785117596022), -1.0, FIELD), 117.16206473636178, UNKNOWN, LVO)"
3,0.3431368639910018,0.3431368639910018,37.39003919086277,-121.79886204898611,"PatientState(Location(""FIELD"", (37.39003919086277, -121.79886204898611), -1.0, FIELD), 60.618249218072656, UNKNOWN, NLVO)"
4,0.24418294143999997,0.24418294143999997,37.39161935638022,-121.7978119267382,"PatientState(Location(""FIELD"", (37.39161935638022, -121.7978119267382), -1.0, FIELD), 264.69998808226705, UNKNOWN, LVO)"
5,0.3197030097823363,0.3197030097823363,37.393067048587326,-121.79954295992549,"PatientState(Location(""FIELD"", (37.393067048587326, -121.79954295992549), -1.0, FIELD), 165.7903701656124, UNKNOWN, LVO)"
