sample,reward_best,reward_CA,location_lat,location_lon,patient_state
1,0.32939203203779915,0.24418294143999997,37.51345895569736,-121.97457646625334,"PatientState(Location(""FIELD"", (37.51345895569736, -121.97457646625334), -1.0, FIELD), 117.53572187080493, UNKNOWN, LVO)"
2,0.33794020950870657,0.3192981940999622,37.509440193644686,-121.97493865374072,"PatientState(Location(""FIELD"", (37.509440193644686, -121.97493865374072), -1.0, FIELD), 81.33907725596244, UNKNOWN, HEMORRHAGIC)"
3,0.34135592570800954,0.3228100987477652,37.512354571517875,-121.9744403560917,"PatientState(Location(""FIELD"", (37.512354571517875, -121.9744403560917), -1.0, FIELD), 67.23286720013265, UNKNOWN, LVO)"
4,0.3367108444098106,0.3183517328096875,37.512878627186765,-121.97477370183267,"PatientState(Location(""FIELD"", (37.512878627186765, -121.97477370183267), -1.0, FIELD), 87.18569469142425, UNKNOWN, HEMORRHAGIC)"
5,0.3442055641565457,0.325432444413751,37.50986806054657,-121.97252995518005,"PatientState(Location(""FIELD"", (37.50986806054657, -121.97252995518005), -1.0, FIELD), 54.9713937629166, UNKNOWN, LVO)"
