sample,reward_best,reward_CA,location_lat,location_lon,patient_state
1,0.24418294143999997,0.24418294143999997,37.565195015881486,-121.93787592776823,"PatientState(Location(""FIELD"", (37.565195015881486, -121.93787592776823), -1.0, FIELD), 267.73106416515697, UNKNOWN, NLVO)"
2,0.3190983714961999,0.24418294143999997,37.5661469169593,-121.9371590330498,"PatientState(Location(""FIELD"", (37.5661469169593, -121.9371590330498), -1.0, FIELD), 158.29791375840261, UNKNOWN, HEMORRHAGIC)"
3,0.24418294143999997,0.24418294143999997,37.564643123580915,-121.93580063148593,"PatientState(Location(""FIELD"", (37.564643123580915, -121.93580063148593), -1.0, FIELD), 217.23929359916846, UNKNOWN, LVO)"
4,0.24418294143999997,0.24418294143999997,37.56788843246376,-121.93796036194718,"PatientState(Location(""FIELD"", (37.56788843246376, -121.93796036194718), -1.0, FIELD), 222.210193434915, UNKNOWN, HEMORRHAGIC)"
5,0.3407423926250043,0.3216145061218097,37.565982093977865,-121.93697338842684,"PatientState(Location(""FIELD"", (37.565982093977865, -121.93697338842684), -1.0, FIELD), 63.461929006944054, UNKNOWN, HEMORRHAGIC)"
