sample,reward_best,reward_CA,location_lat,location_lon,patient_state
1,0.24418294143999997,0.24418294143999997,37.38222724841911,-122.02330897485342,"PatientState(Location(""FIELD"", (37.38222724841911, -122.02330897485342), -1.0, FIELD), 263.14514948534514, UNKNOWN, NLVO)"
2,0.24418294143999997,0.24418294143999997,37.381224953944006,-122.02121656757512,"PatientState(Location(""FIELD"", (37.381224953944006, -122.02121656757512), -1.0, FIELD), 263.67928000471943, UNKNOWN, NLVO)"
3,0.3567697150396312,0.3527713121789764,37.382153684441796,-122.02537144215552,"PatientState(Location(""FIELD"", (37.382153684441796, -122.02537144215552), -1.0, FIELD), 1.1686660222155765, UNKNOWN, HEMORRHAGIC)"
4,0.32365771868379895,0.26140710465805084,37.37920760990181,-122.02248499430536,"PatientState(Location(""FIELD"", (37.37920760990181, -122.02248499430536), -1.0, FIELD), 143.8680067454449, UNKNOWN, LVO)"
5,0.3530408380634289,0.3490309378340516,37.38066186193216,-122.02554311016434,"PatientState(Location(""FIELD"", (37.38066186193216, -122.02554311016434), -1.0, FIELD), 17.25277113335809, UNKNOWN, MIMIC)"
