sample,reward_best,reward_CA,location_lat,location_lon,patient_state
1,0.24418294143999997,0.24418294143999997,37.520007896182534,-122.10809318479815,"PatientState(Location(""FIELD"", (37.520007896182534, -122.10809318479815), -1.0, FIELD), 212.9845854973596, UNKNOWN, LVO)"
2,0.24418294143999997,0.24418294143999997,37.522174822166875,-122.10769873044649,"PatientState(Location(""FIELD"", (37.522174822166875, -122.10769873044649), -1.0, FIELD), 220.32347492940033, UNKNOWN, MIMIC)"
3,0.34401973010543035,0.32106265829227987,37.51937410283948,-122.10804666823458,"PatientState(Location(""FIELD"", (37.51937410283948, -122.10804666823458), -1.0, FIELD), 61.124754942802376, UNKNOWN, LVO)"
4,0.3270294767657421,0.24418294143999997,37.52195787979044,-122.10673731330725,"PatientState(Location(""FIELD"", (37.52195787979044, -122.10673731330725), -1.0, FIELD), 134.59512169089243, UNKNOWN, LVO)"
5,0.3170193097202126,0.24418294143999997,37.519078708524184,-122.1082361809699,"PatientState(Location(""FIELD"", (37.519078708524184, -122.1082361809699), -1.0, FIELD), 179.36139431556202, UNKNOWN, LVO)"
