sample,reward_best,reward_CA,location_lat,location_lon,patient_state
1,0.32280791109437335,0.262311004939107,37.59013246894106,-122.38408364841027,"PatientState(Location(""FIELD"", (37.59013246894106, -122.38408364841027), -1.0, FIELD), 147.271012330905, UNKNOWN, LVO)"
2,0.329676050926352,0.32851086338224256,37.5906220826365,-122.38373409534914,"PatientState(Location(""FIELD"", (37.5906220826365, -122.38373409534914), -1.0, FIELD), 117.72257522596126, UNKNOWN, MIMIC)"
3,0.33911032841245003,0.3379626263666213,37.58917913786793,-122.38568925104339,"PatientState(Location(""FIELD"", (37.58917913786793, -122.38568925104339), -1.0, FIELD), 75.98862191251597, UNKNOWN, MIMIC)"
4,0.24418294143999997,0.24418294143999997,37.593798952817274,-122.38460354701725,"PatientState(Location(""FIELD"", (37.593798952817274, -122.38460354701725), -1.0, FIELD), 252.55130834046992, UNKNOWN, LVO)"
5,0.3181497309230186,0.2585412781912998,37.59333937635994,-122.38444528410437,"PatientState(Location(""FIELD"", (37.59333937635994, -122.38444528410437), -1.0, FIELD), 170.09527572487434, UNKNOWN, LVO)"
