sample,reward_best,reward_CA,location_lat,location_lon,patient_state
1,0.24418294143999997,0.24418294143999997,37.81363172620507,-122.477223312121,"PatientState(Location(""FIELD"", (37.81363172620507, -122.477223312121), -1.0, FIELD), 207.41472034070017, UNKNOWN, LVO)"
2,0.2534658609080808,0.24418294143999997,37.81113687129865,-122.47889002240073,"PatientState(Location(""FIELD"", (37.81113687129865, -122.47889002240073), -1.0, FIELD), 169.2904033024921, UNKNOWN, LVO)"
3,0.339377692575872,0.32762572983910176,37.80997860788718,-122.47889176251552,"PatientState(Location(""FIELD"", (37.80997860788718, -122.47889176251552), -1.0, FIELD), 48.15430740641557, UNKNOWN, LVO)"
4,0.24418294143999997,0.24418294143999997,37.81170355264804,-122.47676296672186,"PatientState(Location(""FIELD"", (37.81170355264804, -122.47676296672186), -1.0, FIELD), 194.2996904626972, UNKNOWN, LVO)"
5,0.24418294143999997,0.24418294143999997,37.81307858504524,-122.47881500401425,"PatientState(Location(""FIELD"", (37.81307858504524, -122.47881500401425), -1.0, FIELD), 222.40563097386132, UNKNOWN, HEMORRHAGIC)"
