sample,reward_best,reward_CA,location_lat,location_lon,patient_state
1,0.32240251234275313,0.24418294143999997,37.760036243793465,-121.66468055283529,"PatientState(Location(""FIELD"", (37.760036243793465, -121.66468055283529), -1.0, FIELD), 107.55567822713078, UNKNOWN, NLVO)"
2,0.24418294143999997,0.24418294143999997,37.763133368616984,-121.66468237474233,"PatientState(Location(""FIELD"", (37.763133368616984, -121.66468237474233), -1.0, FIELD), 264.5057543729018, UNKNOWN, LVO)"
3,0.3318808987552901,0.24418294143999997,37.763616634964905,-121.66573869719248,"PatientState(Location(""FIELD"", (37.763616634964905, -121.66573869719248), -1.0, FIELD), 64.4702893337605, UNKNOWN, HEMORRHAGIC)"
4,0.33730153611943015,0.24418294143999997,37.76182713830556,-121.66239692562255,"PatientState(Location(""FIELD"", (37.76182713830556, -121.66239692562255), -1.0, FIELD), 41.18146029083542, UNKNOWN, MIMIC)"
5,0.24418294143999997,0.24418294143999997,37.761458079318466,-121.66399825120392,"PatientState(Location(""FIELD"", (37.761458079318466, -121.66399825120392), -1.0, FIELD), 199.20805216016223, UNKNOWN, LVO)"
