sample,reward_best,reward_CA,location_lat,location_lon,patient_state
1,0.24418294143999997,0.24418294143999997,38.11268526956184,-122.51045137216741,"PatientState(Location(""FIELD"", (38.11268526956184, -122.51045137216741), -1.0, FIELD), 225.4547214822558, UNKNOWN, HEMORRHAGIC)"
2,0.24418294143999997,0.24418294143999997,38.11042513652334,-122.50902196799278,"PatientState(Location(""FIELD"", (38.11042513652334, -122.50902196799278), -1.0, FIELD), 90.50741842851708, UNKNOWN, LVO)"
3,0.24418294143999997,0.24418294143999997,38.11341742347423,-122.50955366515328,"PatientState(Location(""FIELD"", (38.11341742347423, -122.50955366515328), -1.0, FIELD), 85.46378592427078, UNKNOWN, HEMORRHAGIC)"
4,0.32588067361799067,0.26129911850990856,38.1098127680198,-122.50659376499547,"PatientState(Location(""FIELD"", (38.1098127680198, -122.50659376499547), -1.0, FIELD), 21.301206543748332, UNKNOWN, HEMORRHAGIC)"
5,0.24418294143999997,0.24418294143999997,38.11179253409923,-122.50886962795792,"PatientState(Location(""FIELD"", (38.11179253409923, -122.50886962795792), -1.0, FIELD), 251.86493417742835, UNKNOWN, LVO)"
