sample,reward_best,reward_CA,location_lat,location_lon,patient_state
1,0.31861164113486906,0.24418294143999997,38.04883409279546,-121.69582921533099,"PatientState(Location(""FIELD"", (38.04883409279546, -121.69582921533099), -1.0, FIELD), 30.10792382121807, UNKNOWN, HEMORRHAGIC)"
2,0.24418294143999997,0.24418294143999997,38.05013089709958,-121.69784610872173,"PatientState(Location(""FIELD"", (38.05013089709958, -121.69784610872173), -1.0, FIELD), 68.44675786820844, UNKNOWN, LVO)"
3,0.24418294143999997,0.24418294143999997,38.05123141772405,-121.70058011738467,"PatientState(Location(""FIELD"", (38.05123141772405, -121.70058011738467), -1.0, FIELD), 179.53051462315034, UNKNOWN, LVO)"
4,0.24418294143999997,0.24418294143999997,38.05191694571593,-121.69683211342927,"PatientState(Location(""FIELD"", (38.05191694571593, -121.69683211342927), -1.0, FIELD), 199.9793248585108, UNKNOWN, NLVO)"
5,0.32101812479363656,0.24418294143999997,38.050442054200246,-121.69858340659643,"PatientState(Location(""FIELD"", (38.050442054200246, -121.69858340659643), -1.0, FIELD), 19.42592386357474, UNKNOWN, HEMORRHAGIC)"
