sample,reward_best,reward_CA,location_lat,location_lon,patient_state
1,0.25449358893561735,0.24418294143999997,37.93896062973209,-122.3496779931332,"PatientState(Location(""FIELD"", (37.93896062973209, -122.3496779931332), -1.0, FIELD), 147.9318066074555, UNKNOWN, HEMORRHAGIC)"
2,0.24418294143999997,0.24418294143999997,37.94289171605929,-122.34642660187409,"PatientState(Location(""FIELD"", (37.94289171605929, -122.34642660187409), -1.0, FIELD), 240.26233931597915, UNKNOWN, HEMORRHAGIC)"
3,0.3344407821469863,0.32312776810872024,37.94284973044953,-122.34795813733417,"PatientState(Location(""FIELD"", (37.94284973044953, -122.34795813733417), -1.0, FIELD), 45.01883645321467, UNKNOWN, HEMORRHAGIC)"
4,0.2636637849532988,0.24418294143999997,37.94187123290452,-122.34984945174254,"PatientState(Location(""FIELD"", (37.94187123290452, -122.34984945174254), -1.0, FIELD), 95.96225948379072, UNKNOWN, LVO)"
5,0.25292974920006145,0.24418294143999997,37.94125650100553,-122.3501338889186,"PatientState(Location(""FIELD"", (37.94125650100553, -122.3501338889186), -1.0, FIELD), 156.12347194863347, UNKNOWN, HEMORRHAGIC)"
