sample,reward_best,reward_CA,location_lat,location_lon,patient_state
1,0.24418294143999997,0.24418294143999997,37.457987813565396,-121.60944262819339,"PatientState(Location(""FIELD"", (37.457987813565396, -121.60944262819339), -1.0, FIELD), 234.76713913754125, UNKNOWN, HEMORRHAGIC)"
2,0.24418294143999997,0.24418294143999997,37.45480594600698,-121.60688649276217,"PatientState(Location(""FIELD"", (37.45480594600698, -121.60688649276217), -1.0, FIELD), 244.12274231892314, UNKNOWN, HEMORRHAGIC)"
3,0.24418294143999997,0.24418294143999997,37.457914338263045,-121.60766605730493,"PatientState(Location(""FIELD"", (37.457914338263045, -121.60766605730493), -1.0, FIELD), 199.86451571208994, UNKNOWN, HEMORRHAGIC)"
4,0.3224976995877657,0.24418294143999997,37.45648585211482,-121.6060398502425,"PatientState(Location(""FIELD"", (37.45648585211482, -121.6060398502425), -1.0, FIELD), 32.706326517621704, UNKNOWN, LVO)"
5,0.24418294143999997,0.24418294143999997,37.458351414036386,-121.60971421574004,"PatientState(Location(""FIELD"", (37.458351414036386, -121.60971421574004), -1.0, FIELD), 230.18628182596277, UNKNOWN, LVO)"
