sample,reward_best,reward_CA,location_lat,location_lon,patient_state
1,0.3466043132894154,0.33177458353041983,37.76784831989992,-122.2766257410694,"PatientState(Location(""FIELD"", (37.76784831989992, -122.2766257410694), -1.0, FIELD), 19.671040382809128, UNKNOWN, LVO)"
2,0.3498083546083385,0.3349036061271768,37.76723344165331,-122.28030382011815,"PatientState(Location(""FIELD"", (37.76723344165331, -122.28030382011815), -1.0, FIELD), 5.556184488750015, UNKNOWN, HEMORRHAGIC)"
3,0.24418294143999997,0.24418294143999997,37.76485765322904,-122.27999347421293,"PatientState(Location(""FIELD"", (37.76485765322904, -122.27999347421293), -1.0, FIELD), 197.16110388137596, UNKNOWN, LVO)"
4,0.32680093460439147,0.24418294143999997,37.76731847645847,-122.28056108348456,"PatientState(Location(""FIELD"", (37.76731847645847, -122.28056108348456), -1.0, FIELD), 104.93820364643975, UNKNOWN, NLVO)"
5,0.24418294143999997,0.24418294143999997,37.7687182434988,-122.2783473923421,"PatientState(Location(""FIELD"", (37.7687182434988, -122.2783473923421), -1.0, FIELD), 201.13868781129145, UNKNOWN, LVO)"
