sample,reward_best,reward_CA,location_lat,location_lon,patient_state
1,0.322275980627425,0.24418294143999997,37.526136774908124,-122.29112695788616,"PatientState(Location(""FIELD"", (37.526136774908124, -122.29112695788616), -1.0, FIELD), 157.3493362464719, UNKNOWN, HEMORRHAGIC)"
2,0.3404993384576536,0.32563613419485865,37.524321517791485,-122.2933557800576,"PatientState(Location(""FIELD"", (37.524321517791485, -122.2933557800576), -1.0, FIELD), 76.23745824992963, UNKNOWN, MIMIC)"
3,0.32598685678293965,0.24418294143999997,37.52648464190771,-122.29109339865896,"PatientState(Location(""FIELD"", (37.52648464190771, -122.29109339865896), -1.0, FIELD), 140.98319986336193, UNKNOWN, LVO)"
4,0.32064351112321027,0.24418294143999997,37.52463478195011,-122.29241328095033,"PatientState(Location(""FIELD"", (37.52463478195011, -122.29241328095033), -1.0, FIELD), 163.31724792737535, UNKNOWN, NLVO)"
5,0.24418294143999997,0.24418294143999997,37.52507774351725,-122.29435282134943,"PatientState(Location(""FIELD"", (37.52507774351725, -122.29435282134943), -1.0, FIELD), 241.94906401592402, UNKNOWN, LVO)"
