sample,reward_best,reward_CA,location_lat,location_lon,patient_state
1,0.24418294143999997,0.24418294143999997,38.110383721922744,-122.22487019978854,"PatientState(Location(""FIELD"", (38.110383721922744, -122.22487019978854), -1.0, FIELD), 136.8207633799198, UNKNOWN, HEMORRHAGIC)"
2,0.24418294143999997,0.24418294143999997,38.1123018257321,-122.22466102162285,"PatientState(Location(""FIELD"", (38.1123018257321, -122.22466102162285), -1.0, FIELD), 127.83324670710466, UNKNOWN, LVO)"
3,0.24418294143999997,0.24418294143999997,38.11294313558938,-122.22325560003327,"PatientState(Location(""FIELD"", (38.11294313558938, -122.22325560003327), -1.0, FIELD), 152.23590760851252, UNKNOWN, LVO)"
4,0.24418294143999997,0.24418294143999997,38.11255345646263,-122.2220810828835,"PatientState(Location(""FIELD"", (38.11255345646263, -122.2220810828835), -1.0, FIELD), 131.5347414018441, UNKNOWN, NLVO)"
5,0.24418294143999997,0.24418294143999997,38.11266654833067,-122.22099286700653,"PatientState(Location(""FIELD"", (38.11266654833067, -122.22099286700653), -1.0, FIELD), 187.42053289531913, UNKNOWN, HEMORRHAGIC)"
