sample,reward_best,reward_CA,location_lat,location_lon,patient_state
1,0.2573868482463806,0.24418294143999997,38.04898878103759,-122.53698940536131,"PatientState(Location(""FIELD"", (38.04898878103759, -122.53698940536131), -1.0, FIELD), 115.3569071767811, UNKNOWN, NLVO)"
2,0.24418294143999997,0.24418294143999997,38.05152843171903,-122.53815156739806,"PatientState(Location(""FIELD"", (38.05152843171903, -122.53815156739806), -1.0, FIELD), 193.44796772047653, UNKNOWN, HEMORRHAGIC)"
3,0.2650042817102836,0.252572264487898,38.050115009587515,-122.540263680387,"PatientState(Location(""FIELD"", (38.050115009587515, -122.540263680387), -1.0, FIELD), 71.59263691474813, UNKNOWN, LVO)"
4,0.24418294143999997,0.24418294143999997,38.05339394541623,-122.53894931967864,"PatientState(Location(""FIELD"", (38.05339394541623, -122.53894931967864), -1.0, FIELD), 196.21400327103242, UNKNOWN, LVO)"
5,0.24418294143999997,0.24418294143999997,38.053736226057964,-122.5363937346127,"PatientState(Location(""FIELD"", (38.053736226057964, -122.5363937346127), -1.0, FIELD), 269.6035150373428, UNKNOWN, NLVO)"
