sample,reward_best,reward_CA,location_lat,location_lon,patient_state
1,0.3535384246284962,0.3535384246284962,37.54175808823102,-122.2451003129267,"PatientState(Location(""FIELD"", (37.54175808823102, -122.2451003129267), -1.0, FIELD), 18.350843599748377, UNKNOWN, HEMORRHAGIC)"
2,0.34004921599688354,0.34004921599688354,37.54372013778564,-122.24439051887968,"PatientState(Location(""FIELD"", (37.54372013778564, -122.24439051887968), -1.0, FIELD), 77.40312479749157, UNKNOWN, LVO)"
3,0.3349669527544624,0.3349669527544624,37.542269331166345,-122.24236943507333,"PatientState(Location(""FIELD"", (37.542269331166345, -122.24236943507333), -1.0, FIELD), 98.68780230085349, UNKNOWN, MIMIC)"
4,0.34858756437245264,0.34858756437245264,37.54124075680076,-122.241555504621,"PatientState(Location(""FIELD"", (37.54124075680076, -122.241555504621), -1.0, FIELD), 40.23758363822964, UNKNOWN, HEMORRHAGIC)"
5,0.3392886046274954,0.3392886046274954,37.54247411190208,-122.24300072873713,"PatientState(Location(""FIELD"", (37.54247411190208, -122.24300072873713), -1.0, FIELD), 79.93165716709044, UNKNOWN, HEMORRHAGIC)"
