sample,reward_best,reward_CA,location_lat,location_lon,patient_state
1,0.34030132720854067,0.34030132720854067,37.20369157367432,-122.08662724360542,"PatientState(Location(""FIELD"", (37.20369157367432, -122.08662724360542), -1.0, FIELD), 40.97286278422197, UNKNOWN, HEMORRHAGIC)"
2,0.31540085445796756,0.31540085445796756,37.20093440480805,-122.086864641841,"PatientState(Location(""FIELD"", (37.20093440480805, -122.086864641841), -1.0, FIELD), 152.31393117022122, UNKNOWN, HEMORRHAGIC)"
3,0.33585334631679464,0.33585334631679464,37.198981590547206,-122.08853685329865,"PatientState(Location(""FIELD"", (37.198981590547206, -122.08853685329865), -1.0, FIELD), 62.55218791475214, UNKNOWN, HEMORRHAGIC)"
4,0.24418294143999997,0.24418294143999997,37.19904635128331,-122.08833855156239,"PatientState(Location(""FIELD"", (37.19904635128331, -122.08833855156239), -1.0, FIELD), 244.9777433306358, UNKNOWN, HEMORRHAGIC)"
5,0.24418294143999997,0.24418294143999997,37.200552178655855,-122.08872845574578,"PatientState(Location(""FIELD"", (37.200552178655855, -122.08872845574578), -1.0, FIELD), 180.8187558586742, UNKNOWN, LVO)"
