sample,reward_best,reward_CA,location_lat,location_lon,patient_state
1,0.24418294143999997,0.24418294143999997,38.135779498218994,-121.66491933732043,"PatientState(Location(""FIELD"", (38.135779498218994, -121.66491933732043), -1.0, FIELD), 190.27383460377555, UNKNOWN, HEMORRHAGIC)"
2,0.24418294143999997,0.24418294143999997,38.12409406255691,-121.6740131711489,"PatientState(Location(""FIELD"", (38.12409406255691, -121.6740131711489), -1.0, FIELD), 259.5220382771478, UNKNOWN, LVO)"
3,0.24418294143999997,0.24418294143999997,38.16003944663654,-121.67530971028964,"PatientState(Location(""FIELD"", (38.16003944663654, -121.67530971028964), -1.0, FIELD), 259.162579419937, UNKNOWN, HEMORRHAGIC)"
