sample,reward_best,reward_CA,location_lat,location_lon,patient_state
1,0.3432176285590698,0.3226743500014544,37.7907167381818,-121.95992437728454,"PatientState(Location(""FIELD"", (37.7907167381818, -121.95992437728454), -1.0, FIELD), 36.25722527078854, UNKNOWN, LVO)"
2,0.32482450755364817,0.24418294143999997,37.79369639546043,-121.95864989852646,"PatientState(Location(""FIELD"", (37.79369639546043, -121.95864989852646), -1.0, FIELD), 115.09935761606114, UNKNOWN, HEMORRHAGIC)"
3,0.3263162692710641,0.24418294143999997,37.78931780193376,-121.95640653734975,"PatientState(Location(""FIELD"", (37.78931780193376, -121.95640653734975), -1.0, FIELD), 108.62888646900174, UNKNOWN, NLVO)"
4,0.3348852842559664,0.25283655405185246,37.79295301834645,-121.95961108087316,"PatientState(Location(""FIELD"", (37.79295301834645, -121.95961108087316), -1.0, FIELD), 72.37407623771372, UNKNOWN, LVO)"
5,0.24418294143999997,0.24418294143999997,37.79103896075418,-121.95740875836195,"PatientState(Location(""FIELD"", (37.79103896075418, -121.95740875836195), -1.0, FIELD), 224.0699079085922, UNKNOWN, HEMORRHAGIC)"
