sample,reward_best,reward_CA,location_lat,location_lon,patient_state
1,0.31416779769565395,0.24418294143999997,37.70590118718238,-121.76160122925431,"PatientState(Location(""FIELD"", (37.70590118718238, -121.76160122925431), -1.0, FIELD), 167.0167552126923, UNKNOWN, LVO)"
2,0.3280244453343992,0.24418294143999997,37.70515377287543,-121.76420523522776,"PatientState(Location(""FIELD"", (37.70515377287543, -121.76420523522776), -1.0, FIELD), 105.44352992770492, UNKNOWN, HEMORRHAGIC)"
3,0.33221831672570745,0.24418294143999997,37.7052843121768,-121.76391709522309,"PatientState(Location(""FIELD"", (37.7052843121768, -121.76391709522309), -1.0, FIELD), 87.06796987634156, UNKNOWN, LVO)"
4,0.3462945454583788,0.3262839032189902,37.70514731931559,-121.76498269190222,"PatientState(Location(""FIELD"", (37.70514731931559, -121.76498269190222), -1.0, FIELD), 26.429908910306228, UNKNOWN, HEMORRHAGIC)"
5,0.34031411873251616,0.32050464149444785,37.70494383116293,-121.76426951206403,"PatientState(Location(""FIELD"", (37.70494383116293, -121.76426951206403), -1.0, FIELD), 52.012810845581335, UNKNOWN, MIMIC)"
