sample,reward_best,reward_CA,location_lat,location_lon,patient_state
1,0.24418294143999997,0.24418294143999997,37.34760202067063,-121.88634474192132,"PatientState(Location(""FIELD"", (37.34760202067063, -121.88634474192132), -1.0, FIELD), 254.32524086693158, UNKNOWN, LVO)"
2,0.24418294143999997,0.24418294143999997,37.346514752046595,-121.88925280748118,"PatientState(Location(""FIELD"", (37.346514752046595, -121.88925280748118), -1.0, FIELD), 235.92222098504217, UNKNOWN, LVO)"
3,0.35798089546367545,0.35798089546367545,37.348342578004164,-121.88662051761177,"PatientState(Location(""FIELD"", (37.348342578004164, -121.88662051761177), -1.0, FIELD), 7.933253646425776, UNKNOWN, HEMORRHAGIC)"
4,0.24418294143999997,0.24418294143999997,37.347653571023486,-121.88967554526987,"PatientState(Location(""FIELD"", (37.347653571023486, -121.88967554526987), -1.0, FIELD), 257.9110765573041, UNKNOWN, HEMORRHAGIC)"
5,0.24418294143999997,0.24418294143999997,37.34575752591829,-121.88744620153189,"PatientState(Location(""FIELD"", (37.34575752591829, -121.88744620153189), -1.0, FIELD), 250.60077529352603, UNKNOWN, HEMORRHAGIC)"
