sample,reward_best,reward_CA,location_lat,location_lon,patient_state
1,0.34853152000549326,0.3272095553106281,37.67652713032751,-121.90320421161867,"PatientState(Location(""FIELD"", (37.67652713032751, -121.90320421161867), -1.0, FIELD), 23.724085003098246, UNKNOWN, MIMIC)"
2,0.331953625098432,0.24418294143999997,37.67419596248544,-121.90082688488432,"PatientState(Location(""FIELD"", (37.67419596248544, -121.90082688488432), -1.0, FIELD), 96.52954239688304, UNKNOWN, LVO)"
3,0.3476540110028493,0.32577624706015995,37.67396267184557,-121.9049150657129,"PatientState(Location(""FIELD"", (37.67396267184557, -121.9049150657129), -1.0, FIELD), 28.31241182449812, UNKNOWN, LVO)"
4,0.24418294143999997,0.24418294143999997,37.67551730130972,-121.90346446682891,"PatientState(Location(""FIELD"", (37.67551730130972, -121.90346446682891), -1.0, FIELD), 190.10626236967406, UNKNOWN, LVO)"
5,0.24418294143999997,0.24418294143999997,37.678323333116424,-121.9045527290833,"PatientState(Location(""FIELD"", (37.678323333116424, -121.9045527290833), -1.0, FIELD), 193.67880585001384, UNKNOWN, LVO)"
