sample,reward_best,reward_CA,location_lat,location_lon,patient_state
1,0.32587992039978425,0.24418294143999997,37.91107347707352,-121.73832165965437,"PatientState(Location(""FIELD"", (37.91107347707352, -121.73832165965437), -1.0, FIELD), 0.7634347847928613, UNKNOWN, HEMORRHAGIC)"
2,0.24418294143999997,0.24418294143999997,37.910360410549586,-121.74055563391285,"PatientState(Location(""FIELD"", (37.910360410549586, -121.74055563391285), -1.0, FIELD), 268.85959782906133, UNKNOWN, MIMIC)"
3,0.24418294143999997,0.24418294143999997,37.91020826315385,-121.73674140690052,"PatientState(Location(""FIELD"", (37.91020826315385, -121.73674140690052), -1.0, FIELD), 259.9724747837358, UNKNOWN, LVO)"
4,0.24418294143999997,0.24418294143999997,37.911164646904844,-121.73583528615295,"PatientState(Location(""FIELD"", (37.911164646904844, -121.73583528615295), -1.0, FIELD), 70.70770973390438, UNKNOWN, LVO)"
5,0.24418294143999997,0.24418294143999997,37.91030772264831,-121.73764994276333,"PatientState(Location(""FIELD"", (37.91030772264831, -121.73764994276333), -1.0, FIELD), 150.12326633889137, UNKNOWN, HEMORRHAGIC)"
