sample,reward_best,reward_CA,location_lat,location_lon,patient_state
1,0.24418294143999997,0.24418294143999997,37.32838385732219,-122.08562857716679,"PatientState(Location(""FIELD"", (37.32838385732219, -122.08562857716679), -1.0, FIELD), 240.90333893944873, UNKNOWN, LVO)"
2,0.3310834031471426,0.326330999806097,37.32551990961821,-122.08233582286387,"PatientState(Location(""FIELD"", (37.32551990961821, -122.08233582286387), -1.0, FIELD), 113.00526466575829, UNKNOWN, LVO)"
3,0.3464827063199694,0.34173983843294947,37.326600502711116,-122.08085198996311,"PatientState(Location(""FIELD"", (37.326600502711116, -122.08085198996311), -1.0, FIELD), 47.32770896002485, UNKNOWN, LVO)"
4,0.3461860367319157,0.34144319734908063,37.32539091896062,-122.08387261557668,"PatientState(Location(""FIELD"", (37.32539091896062, -122.08387261557668), -1.0, FIELD), 47.71262535223356, UNKNOWN, MIMIC)"
5,0.32824539075420583,0.2637911505040593,37.326258150874324,-122.08367292353698,"PatientState(Location(""FIELD"", (37.326258150874324, -122.08367292353698), -1.0, FIELD), 125.12939014976584, UNKNOWN, HEMORRHAGIC)"
