sample,reward_best,reward_CA,location_lat,location_lon,patient_state
1,0.3256730078696198,0.2606536312780036,37.297991543003256,-122.05467303764316,"PatientState(Location(""FIELD"", (37.297991543003256, -122.05467303764316), -1.0, FIELD), 140.7497029339585, UNKNOWN, MIMIC)"
2,0.322286788248841,0.25796488309608717,37.29670292997693,-122.05570100889857,"PatientState(Location(""FIELD"", (37.29670292997693, -122.05570100889857), -1.0, FIELD), 156.37299548159302, UNKNOWN, HEMORRHAGIC)"
3,0.33755423876921165,0.33143139788645637,37.2964548648195,-122.05157955406825,"PatientState(Location(""FIELD"", (37.2964548648195, -122.05157955406825), -1.0, FIELD), 88.95711974563942, UNKNOWN, HEMORRHAGIC)"
4,0.24418294143999997,0.24418294143999997,37.29693359876543,-122.05343859883722,"PatientState(Location(""FIELD"", (37.29693359876543, -122.05343859883722), -1.0, FIELD), 194.5001672099477, UNKNOWN, HEMORRHAGIC)"
5,0.24418294143999997,0.24418294143999997,37.29575095874601,-122.05089171396445,"PatientState(Location(""FIELD"", (37.29575095874601, -122.05089171396445), -1.0, FIELD), 243.8643459553626, UNKNOWN, LVO)"
