sample,reward_best,reward_CA,location_lat,location_lon,patient_state
1,0.32023302536285675,0.24418294143999997,37.50948512390454,-121.9637108139324,"PatientState(Location(""FIELD"", (37.50948512390454, -121.9637108139324), -1.0, FIELD), 160.45213253187313, UNKNOWN, HEMORRHAGIC)"
2,0.348826001062178,0.3298593180401845,37.510176090764304,-121.96465100671303,"PatientState(Location(""FIELD"", (37.510176090764304, -121.96465100671303), -1.0, FIELD), 36.82286749328315, UNKNOWN, LVO)"
3,0.3220945244214844,0.24418294143999997,37.51187329924457,-121.96496607863583,"PatientState(Location(""FIELD"", (37.51187329924457, -121.96496607863583), -1.0, FIELD), 152.63884618302242, UNKNOWN, HEMORRHAGIC)"
4,0.3534405514109611,0.3339128547695503,37.51045905241505,-121.96165457389905,"PatientState(Location(""FIELD"", (37.51045905241505, -121.96165457389905), -1.0, FIELD), 16.417174088139102, UNKNOWN, LVO)"
5,0.3316557657803875,0.3144997204861265,37.509011552102905,-121.96562631972304,"PatientState(Location(""FIELD"", (37.509011552102905, -121.96562631972304), -1.0, FIELD), 106.35980223993744, UNKNOWN, NLVO)"
