sample,reward_best,reward_CA,location_lat,location_lon,patient_state
1,0.24418294143999997,0.24418294143999997,38.02293404336259,-121.67696253332821,"PatientState(Location(""FIELD"", (38.02293404336259, -121.67696253332821), -1.0, FIELD), 237.7712478994382, UNKNOWN, LVO)"
2,0.24418294143999997,0.24418294143999997,38.02227406577431,-121.67858173821487,"PatientState(Location(""FIELD"", (38.02227406577431, -121.67858173821487), -1.0, FIELD), 180.03623170136146, UNKNOWN, LVO)"
3,0.24418294143999997,0.24418294143999997,38.021981268349506,-121.67663959624021,"PatientState(Location(""FIELD"", (38.021981268349506, -121.67663959624021), -1.0, FIELD), 82.71501682214615, UNKNOWN, LVO)"
4,0.24418294143999997,0.24418294143999997,38.02186529411519,-121.67719339612748,"PatientState(Location(""FIELD"", (38.02186529411519, -121.67719339612748), -1.0, FIELD), 114.743941212225, UNKNOWN, LVO)"
5,0.24418294143999997,0.24418294143999997,38.02044646368102,-121.67613042151389,"PatientState(Location(""FIELD"", (38.02044646368102, -121.67613042151389), -1.0, FIELD), 88.70829791231691, UNKNOWN, LVO)"
