sample,reward_best,reward_CA,location_lat,location_lon,patient_state
1,0.34038553500128776,0.3264008023953461,38.05459961345936,-122.20742460981695,"PatientState(Location(""FIELD"", (38.05459961345936, -122.20742460981695), -1.0, FIELD), 8.478284593626901, UNKNOWN, LVO)"
2,0.26128276780793935,0.24418294143999997,38.05437421643235,-122.20679146851975,"PatientState(Location(""FIELD"", (38.05437421643235, -122.20679146851975), -1.0, FIELD), 98.12488905632223, UNKNOWN, LVO)"
3,0.3405354216786764,0.32652694132637133,38.05510935122931,-122.20801154639364,"PatientState(Location(""FIELD"", (38.05510935122931, -122.20801154639364), -1.0, FIELD), 7.861145732754235, UNKNOWN, HEMORRHAGIC)"
4,0.33012867508746857,0.3189393575805938,38.05830065077393,-122.20844148017245,"PatientState(Location(""FIELD"", (38.05830065077393, -122.20844148017245), -1.0, FIELD), 53.01178363985388, UNKNOWN, HEMORRHAGIC)"
5,0.33206361426300185,0.3208184503062447,38.05450553384881,-122.21040509008,"PatientState(Location(""FIELD"", (38.05450553384881, -122.21040509008), -1.0, FIELD), 44.09839174069658, UNKNOWN, HEMORRHAGIC)"
