sample,reward_best,reward_CA,location_lat,location_lon,patient_state
1,0.24418294143999997,0.24418294143999997,37.8756472630878,-122.56491163277191,"PatientState(Location(""FIELD"", (37.8756472630878, -122.56491163277191), -1.0, FIELD), 231.05501865919769, UNKNOWN, LVO)"
2,0.3337410781618177,0.25719321606178597,37.87719723836354,-122.56356305101096,"PatientState(Location(""FIELD"", (37.87719723836354, -122.56356305101096), -1.0, FIELD), 44.45163482051948, UNKNOWN, LVO)"
3,0.33165356214782943,0.2555971007742499,37.87737532064992,-122.56270645943566,"PatientState(Location(""FIELD"", (37.87737532064992, -122.56270645943566), -1.0, FIELD), 53.49539306949281, UNKNOWN, LVO)"
4,0.2528192002036591,0.24418294143999997,37.87814259558208,-122.56256504368855,"PatientState(Location(""FIELD"", (37.87814259558208, -122.56256504368855), -1.0, FIELD), 155.9605044703057, UNKNOWN, HEMORRHAGIC)"
5,0.24418294143999997,0.24418294143999997,37.87416359431476,-122.5609700208122,"PatientState(Location(""FIELD"", (37.87416359431476, -122.5609700208122), -1.0, FIELD), 235.5240559253457, UNKNOWN, HEMORRHAGIC)"
