sample,reward_best,reward_CA,location_lat,location_lon,patient_state
1,0.3164460248411047,0.24418294143999997,37.643772635731246,-121.78849610551616,"PatientState(Location(""FIELD"", (37.643772635731246, -121.78849610551616), -1.0, FIELD), 165.26423036515055, UNKNOWN, LVO)"
2,0.33420380431632957,0.3152985605072885,37.6415111083775,-121.78817905477483,"PatientState(Location(""FIELD"", (37.6415111083775, -121.78817905477483), -1.0, FIELD), 85.47666339417815, UNKNOWN, LVO)"
3,0.24418294143999997,0.24418294143999997,37.639104748737864,-121.79078207517176,"PatientState(Location(""FIELD"", (37.639104748737864, -121.79078207517176), -1.0, FIELD), 247.4256550465601, UNKNOWN, HEMORRHAGIC)"
4,0.31945952345222994,0.24418294143999997,37.640910133805285,-121.78963529354947,"PatientState(Location(""FIELD"", (37.640910133805285, -121.78963529354947), -1.0, FIELD), 152.11595295795325, UNKNOWN, HEMORRHAGIC)"
5,0.3300409755296124,0.24418294143999997,37.64185753864938,-121.78640496641688,"PatientState(Location(""FIELD"", (37.64185753864938, -121.78640496641688), -1.0, FIELD), 103.37742052815838, UNKNOWN, HEMORRHAGIC)"
