sample,reward_best,reward_CA,location_lat,location_lon,patient_state
1,0.24418294143999997,0.24418294143999997,37.394615852698045,-122.40899282484823,"PatientState(Location(""FIELD"", (37.394615852698045, -122.40899282484823), -1.0, FIELD), 214.47198966852503, UNKNOWN, MIMIC)"
2,0.24418294143999997,0.24418294143999997,37.39654345443633,-122.40807032550026,"PatientState(Location(""FIELD"", (37.39654345443633, -122.40807032550026), -1.0, FIELD), 220.14378233549783, UNKNOWN, NLVO)"
3,0.25246519435721987,0.25246519435721987,37.39508483071176,-122.4102292219128,"PatientState(Location(""FIELD"", (37.39508483071176, -122.4102292219128), -1.0, FIELD), 180.04574220685862, UNKNOWN, LVO)"
4,0.31373228972736206,0.25479362020016183,37.39524674409039,-122.41049075206067,"PatientState(Location(""FIELD"", (37.39524674409039, -122.41049075206067), -1.0, FIELD), 166.71205903750564, UNKNOWN, LVO)"
5,0.3272135563560855,0.2656142349542602,37.39648906592914,-122.40721423943423,"PatientState(Location(""FIELD"", (37.39648906592914, -122.40721423943423), -1.0, FIELD), 106.3581420795379, UNKNOWN, MIMIC)"
