sample,reward_best,reward_CA,location_lat,location_lon,patient_state
1,0.3256633369248851,0.24418294143999997,37.8384790266358,-121.62637795618485,"PatientState(Location(""FIELD"", (37.8384790266358, -121.62637795618485), -1.0, FIELD), 2.185232444068049, UNKNOWN, HEMORRHAGIC)"
2,0.24418294143999997,0.24418294143999997,37.83797789716195,-121.62987329638294,"PatientState(Location(""FIELD"", (37.83797789716195, -121.62987329638294), -1.0, FIELD), 81.40062767714359, UNKNOWN, LVO)"
3,0.24418294143999997,0.24418294143999997,37.83397866611953,-121.62719620693669,"PatientState(Location(""FIELD"", (37.83397866611953, -121.62719620693669), -1.0, FIELD), 125.10642770579362, UNKNOWN, NLVO)"
4,0.31924298710347465,0.24418294143999997,37.83735301186096,-121.62646497107035,"PatientState(Location(""FIELD"", (37.83735301186096, -121.62646497107035), -1.0, FIELD), 30.67078656651103, UNKNOWN, MIMIC)"
5,0.32288584892486344,0.24418294143999997,37.8371367594269,-121.62608144538841,"PatientState(Location(""FIELD"", (37.8371367594269, -121.62608144538841), -1.0, FIELD), 14.581694307869848, UNKNOWN, LVO)"
