sample,reward_best,reward_CA,location_lat,location_lon,patient_state
1,0.24418294143999997,0.24418294143999997,37.51239666222753,-121.66909213380627,"PatientState(Location(""FIELD"", (37.51239666222753, -121.66909213380627), -1.0, FIELD), 131.20830071579243, UNKNOWN, HEMORRHAGIC)"
2,0.32177277663724946,0.24418294143999997,37.51204223574919,-121.66929916209497,"PatientState(Location(""FIELD"", (37.51204223574919, -121.66929916209497), -1.0, FIELD), 89.21233647942199, UNKNOWN, LVO)"
3,0.24418294143999997,0.24418294143999997,37.51359331572879,-121.66966239937574,"PatientState(Location(""FIELD"", (37.51359331572879, -121.66966239937574), -1.0, FIELD), 166.3424622293618, UNKNOWN, HEMORRHAGIC)"
4,0.32208212668884345,0.24418294143999997,37.51264987260048,-121.67005375576393,"PatientState(Location(""FIELD"", (37.51264987260048, -121.67005375576393), -1.0, FIELD), 87.83727060546218, UNKNOWN, LVO)"
5,0.24418294143999997,0.24418294143999997,37.5135406599747,-121.66613607499778,"PatientState(Location(""FIELD"", (37.5135406599747, -121.66613607499778), -1.0, FIELD), 249.80274082418646, UNKNOWN, HEMORRHAGIC)"
