sample,reward_best,reward_CA,location_lat,location_lon,patient_state
1,0.3340563641151282,0.3340563641151282,37.457214974727734,-122.13544134210916,"PatientState(Location(""FIELD"", (37.457214974727734, -122.13544134210916), -1.0, FIELD), 106.95105166850644, UNKNOWN, LVO)"
2,0.24418294143999997,0.24418294143999997,37.45518174034346,-122.1336228145583,"PatientState(Location(""FIELD"", (37.45518174034346, -122.1336228145583), -1.0, FIELD), 236.0040220509953, UNKNOWN, NLVO)"
3,0.24418294143999997,0.24418294143999997,37.455224781756684,-122.13301984926086,"PatientState(Location(""FIELD"", (37.455224781756684, -122.13301984926086), -1.0, FIELD), 238.0817896995647, UNKNOWN, HEMORRHAGIC)"
4,0.24418294143999997,0.24418294143999997,37.458021530886306,-122.13527446336562,"PatientState(Location(""FIELD"", (37.458021530886306, -122.13527446336562), -1.0, FIELD), 216.03486542242777, UNKNOWN, LVO)"
5,0.24418294143999997,0.24418294143999997,37.45393839754251,-122.13542719440517,"PatientState(Location(""FIELD"", (37.45393839754251, -122.13542719440517), -1.0, FIELD), 242.20682175551082, UNKNOWN, LVO)"
