sample,reward_best,reward_CA,location_lat,location_lon,patient_state
1,0.3262393764766607,0.26321055034372126,37.594200342811774,-122.3412903211548,"PatientState(Location(""FIELD"", (37.594200342811774, -122.3412903211548), -1.0, FIELD), 134.4295569145699, UNKNOWN, HEMORRHAGIC)"
2,0.3423479321232983,0.33886911369666073,37.59480732052648,-122.34242587856575,"PatientState(Location(""FIELD"", (37.59480732052648, -122.34242587856575), -1.0, FIELD), 64.40393680528007, UNKNOWN, LVO)"
3,0.3530709496229253,0.34962891322045786,37.59464549017411,-122.34161307746366,"PatientState(Location(""FIELD"", (37.59464549017411, -122.34161307746366), -1.0, FIELD), 18.765631782453983, UNKNOWN, LVO)"
4,0.24418294143999997,0.24418294143999997,37.59464350421968,-122.34263765198438,"PatientState(Location(""FIELD"", (37.59464350421968, -122.34263765198438), -1.0, FIELD), 202.14742274502245, UNKNOWN, HEMORRHAGIC)"
5,0.33632782798626776,0.3328319757687128,37.59443791644529,-122.34178560264934,"PatientState(Location(""FIELD"", (37.59443791644529, -122.34178560264934), -1.0, FIELD), 90.34599739160616, UNKNOWN, LVO)"
