sample,reward_best,reward_CA,location_lat,location_lon,patient_state
1,0.24418294143999997,0.24418294143999997,37.89129046112185,-121.64489342436342,"PatientState(Location(""FIELD"", (37.89129046112185, -121.64489342436342), -1.0, FIELD), 212.62638465939793, UNKNOWN, HEMORRHAGIC)"
2,0.31788796598923036,0.24418294143999997,37.89308403545747,-121.6432258502858,"PatientState(Location(""FIELD"", (37.89308403545747, -121.6432258502858), -1.0, FIELD), 34.95958395053481, UNKNOWN, HEMORRHAGIC)"
3,0.32444715683022196,0.24418294143999997,37.893643509781,-121.64463862313342,"PatientState(Location(""FIELD"", (37.893643509781, -121.64463862313342), -1.0, FIELD), 5.696810716028676, UNKNOWN, HEMORRHAGIC)"
4,0.31642617236882326,0.24418294143999997,37.89317650293207,-121.64125368583203,"PatientState(Location(""FIELD"", (37.89317650293207, -121.64125368583203), -1.0, FIELD), 41.506325694143975, UNKNOWN, HEMORRHAGIC)"
5,0.24418294143999997,0.24418294143999997,37.893028037253984,-121.64438328367369,"PatientState(Location(""FIELD"", (37.893028037253984, -121.64438328367369), -1.0, FIELD), 57.46986816871781, UNKNOWN, HEMORRHAGIC)"
