sample,reward_best,reward_CA,location_lat,location_lon,patient_state
1,0.31776675162315043,0.31776675162315043,37.41125259985097,-122.24622831338888,"PatientState(Location(""FIELD"", (37.41125259985097, -122.24622831338888), -1.0, FIELD), 179.65425509477257, UNKNOWN, LVO)"
2,0.31460581403813875,0.31460581403813875,37.41283521452686,-122.25018336230761,"PatientState(Location(""FIELD"", (37.41283521452686, -122.25018336230761), -1.0, FIELD), 189.54191450436687, UNKNOWN, NLVO)"
3,0.32365193589359076,0.32365193589359076,37.413057306514006,-122.25043363226455,"PatientState(Location(""FIELD"", (37.413057306514006, -122.25043363226455), -1.0, FIELD), 149.1019601923633, UNKNOWN, MIMIC)"
4,0.24418294143999997,0.24418294143999997,37.41107989187535,-122.24665123744796,"PatientState(Location(""FIELD"", (37.41107989187535, -122.24665123744796), -1.0, FIELD), 249.7692014323141, UNKNOWN, NLVO)"
5,0.330581786037331,0.330581786037331,37.4092163911958,-122.25059851021362,"PatientState(Location(""FIELD"", (37.4092163911958, -122.25059851021362), -1.0, FIELD), 119.21706262223412, UNKNOWN, HEMORRHAGIC)"
