sample,reward_best,reward_CA,location_lat,location_lon,patient_state
1,0.34889714157279966,0.32818705319885416,37.64625446854186,-122.05498448770429,"PatientState(Location(""FIELD"", (37.64625446854186, -122.05498448770429), -1.0, FIELD), 22.70901371937976, UNKNOWN, LVO)"
2,0.3398130970421006,0.3194160921964063,37.644940332043,-122.05398193382963,"PatientState(Location(""FIELD"", (37.644940332043, -122.05398193382963), -1.0, FIELD), 61.08827641696177, UNKNOWN, HEMORRHAGIC)"
3,0.24418294143999997,0.24418294143999997,37.64878381051231,-122.05118793338451,"PatientState(Location(""FIELD"", (37.64878381051231, -122.05118793338451), -1.0, FIELD), 184.14573859723473, UNKNOWN, LVO)"
4,0.3415504636812891,0.32109180822196065,37.644166387364436,-122.05142785501005,"PatientState(Location(""FIELD"", (37.644166387364436, -122.05142785501005), -1.0, FIELD), 52.72880880216505, UNKNOWN, LVO)"
5,0.3514295760681526,0.3306362410216447,37.64471480620953,-122.05088740393902,"PatientState(Location(""FIELD"", (37.64471480620953, -122.05088740393902), -1.0, FIELD), 10.61384884049168, UNKNOWN, LVO)"
