sample,reward_best,reward_CA,location_lat,location_lon,patient_state
1,0.24418294143999997,0.24418294143999997,37.6547870711124,-121.77697098657677,"PatientState(Location(""FIELD"", (37.6547870711124, -121.77697098657677), -1.0, FIELD), 203.31017019798418, UNKNOWN, HEMORRHAGIC)"
2,0.31393246457441465,0.24418294143999997,37.6584273690087,-121.77779905326135,"PatientState(Location(""FIELD"", (37.6584273690087, -121.77779905326135), -1.0, FIELD), 172.5544153356934, UNKNOWN, NLVO)"
3,0.3195707332795876,0.24418294143999997,37.65450695691019,-121.77872258280817,"PatientState(Location(""FIELD"", (37.65450695691019, -121.77872258280817), -1.0, FIELD), 148.4892985617258, UNKNOWN, NLVO)"
4,0.24418294143999997,0.24418294143999997,37.65748257672364,-121.78057256824164,"PatientState(Location(""FIELD"", (37.65748257672364, -121.78057256824164), -1.0, FIELD), 221.7789329347136, UNKNOWN, NLVO)"
5,0.24418294143999997,0.24418294143999997,37.65575120397447,-121.77722419136369,"PatientState(Location(""FIELD"", (37.65575120397447, -121.77722419136369), -1.0, FIELD), 174.1549977890624, UNKNOWN, HEMORRHAGIC)"
