sample,reward_best,reward_CA,location_lat,location_lon,patient_state
1,0.24418294143999997,0.24418294143999997,37.56604007528053,-122.51528988515966,"PatientState(Location(""FIELD"", (37.56604007528053, -122.51528988515966), -1.0, FIELD), 214.3273421661352, UNKNOWN, LVO)"
2,0.3386957319036731,0.3395930381123758,37.56562208311578,-122.51481822726325,"PatientState(Location(""FIELD"", (37.56562208311578, -122.51481822726325), -1.0, FIELD), 56.766998687710334, UNKNOWN, LVO)"
3,0.24418294143999997,0.24418294143999997,37.566263743319325,-122.51512916872788,"PatientState(Location(""FIELD"", (37.566263743319325, -122.51512916872788), -1.0, FIELD), 214.7383186846581, UNKNOWN, LVO)"
4,0.24418294143999997,0.24418294143999997,37.568123829359585,-122.5145094817749,"PatientState(Location(""FIELD"", (37.568123829359585, -122.5145094817749), -1.0, FIELD), 236.04510988862094, UNKNOWN, HEMORRHAGIC)"
5,0.24418294143999997,0.24418294143999997,37.56515964721335,-122.5127393254149,"PatientState(Location(""FIELD"", (37.56515964721335, -122.5127393254149), -1.0, FIELD), 225.5392880416154, UNKNOWN, HEMORRHAGIC)"
