sample,reward_best,reward_CA,location_lat,location_lon,patient_state
1,0.32912540169289195,0.32912540169289195,37.40069689863686,-121.86086721415644,"PatientState(Location(""FIELD"", (37.40069689863686, -121.86086721415644), -1.0, FIELD), 132.09489815653498, UNKNOWN, LVO)"
2,0.24418294143999997,0.24418294143999997,37.401813011225535,-121.86350536771793,"PatientState(Location(""FIELD"", (37.401813011225535, -121.86350536771793), -1.0, FIELD), 255.4141092471317, UNKNOWN, MIMIC)"
3,0.34547112914989286,0.34547112914989286,37.40162664926137,-121.86398092088663,"PatientState(Location(""FIELD"", (37.40162664926137, -121.86398092088663), -1.0, FIELD), 62.69645253356574, UNKNOWN, LVO)"
4,0.24418294143999997,0.24418294143999997,37.40347154344317,-121.86263313762082,"PatientState(Location(""FIELD"", (37.40347154344317, -121.86263313762082), -1.0, FIELD), 219.7842243362071, UNKNOWN, NLVO)"
5,0.35318427060108726,0.35318427060108726,37.400553431642855,-121.86174110195442,"PatientState(Location(""FIELD"", (37.400553431642855, -121.86174110195442), -1.0, FIELD), 28.98887397798896, UNKNOWN, HEMORRHAGIC)"
