sample,reward_best,reward_CA,location_lat,location_lon,patient_state
1,0.24418294143999997,0.24418294143999997,38.07665690219129,-122.1982031209254,"PatientState(Location(""FIELD"", (38.07665690219129, -122.1982031209254), -1.0, FIELD), 124.55862890180299, UNKNOWN, HEMORRHAGIC)"
2,0.32086554795157296,0.3193424486921799,38.074949974705476,-122.19881231571998,"PatientState(Location(""FIELD"", (38.074949974705476, -122.19881231571998), -1.0, FIELD), 45.22343461663591, UNKNOWN, LVO)"
3,0.24418294143999997,0.24418294143999997,38.07393800186042,-122.19745155450718,"PatientState(Location(""FIELD"", (38.07393800186042, -122.19745155450718), -1.0, FIELD), 113.16593301302088, UNKNOWN, LVO)"
4,0.32361403365496383,0.32208074958260263,38.07690847929206,-122.19626105957855,"PatientState(Location(""FIELD"", (38.07690847929206, -122.19626105957855), -1.0, FIELD), 33.33633587549681, UNKNOWN, MIMIC)"
5,0.24418294143999997,0.24418294143999997,38.0782167754642,-122.19912792074352,"PatientState(Location(""FIELD"", (38.0782167754642, -122.19912792074352), -1.0, FIELD), 205.4942942154079, UNKNOWN, HEMORRHAGIC)"
