sample,reward_best,reward_CA,location_lat,location_lon,patient_state
1,0.24418294143999997,0.24418294143999997,38.159531914901706,-121.97037663684762,"PatientState(Location(""FIELD"", (38.159531914901706, -121.97037663684762), -1.0, FIELD), 183.98242423158973, UNKNOWN, NLVO)"
2,0.31784133123740177,0.24418294143999997,38.16230594244318,-121.96947650215452,"PatientState(Location(""FIELD"", (38.16230594244318, -121.96947650215452), -1.0, FIELD), 23.412834000969024, UNKNOWN, LVO)"
3,0.24418294143999997,0.24418294143999997,38.160350187123896,-121.97012185284204,"PatientState(Location(""FIELD"", (38.160350187123896, -121.97012185284204), -1.0, FIELD), 115.20529261402528, UNKNOWN, LVO)"
4,0.24418294143999997,0.24418294143999997,38.163429981212694,-121.96997141552448,"PatientState(Location(""FIELD"", (38.163429981212694, -121.96997141552448), -1.0, FIELD), 238.4615925551428, UNKNOWN, LVO)"
5,0.24418294143999997,0.24418294143999997,38.16205261927986,-121.96913180601983,"PatientState(Location(""FIELD"", (38.16205261927986, -121.96913180601983), -1.0, FIELD), 145.73626687753475, UNKNOWN, HEMORRHAGIC)"
