sample,reward_best,reward_CA,location_lat,location_lon,patient_state
1,0.34813982243041813,0.32640769519388524,37.64594586364446,-121.60170564580655,"PatientState(Location(""FIELD"", (37.64594586364446, -121.60170564580655), -1.0, FIELD), 1.204205010265078, UNKNOWN, NLVO)"
2,0.34588806242070935,0.3242357111568302,37.647025579167256,-121.60483141624228,"PatientState(Location(""FIELD"", (37.647025579167256, -121.60483141624228), -1.0, FIELD), 12.513673996350212, UNKNOWN, LVO)"
3,0.3364207539153767,0.3151219585336646,37.64818018264115,-121.60394168850658,"PatientState(Location(""FIELD"", (37.64818018264115, -121.60394168850658), -1.0, FIELD), 51.955155286784304, UNKNOWN, LVO)"
4,0.32541333725702626,0.24418294143999997,37.64473336710187,-121.60139311324845,"PatientState(Location(""FIELD"", (37.64473336710187, -121.60139311324845), -1.0, FIELD), 99.4144232903399, UNKNOWN, HEMORRHAGIC)"
5,0.24418294143999997,0.24418294143999997,37.64578243449961,-121.60392586447657,"PatientState(Location(""FIELD"", (37.64578243449961, -121.60392586447657), -1.0, FIELD), 234.9968007717199, UNKNOWN, NLVO)"
