sample,reward_best,reward_CA,location_lat,location_lon,patient_state
1,0.35378514109200526,0.3503701939024623,37.305097385199424,-121.94220081525931,"PatientState(Location(""FIELD"", (37.305097385199424, -121.94220081525931), -1.0, FIELD), 20.84335376795377, UNKNOWN, HEMORRHAGIC)"
2,0.3271033852083131,0.26360725031824256,37.30645132981399,-121.94405039463355,"PatientState(Location(""FIELD"", (37.30645132981399, -121.94405039463355), -1.0, FIELD), 135.8497461774558, UNKNOWN, LVO)"
3,0.24418294143999997,0.24418294143999997,37.306844230089574,-121.94415827127676,"PatientState(Location(""FIELD"", (37.306844230089574, -121.94415827127676), -1.0, FIELD), 258.8013154381356, UNKNOWN, HEMORRHAGIC)"
4,0.24418294143999997,0.24418294143999997,37.30822664631166,-121.94131044414614,"PatientState(Location(""FIELD"", (37.30822664631166, -121.94131044414614), -1.0, FIELD), 239.7395778106847, UNKNOWN, LVO)"
5,0.3215837083570068,0.25909879353717136,37.30419107224931,-121.94355658107906,"PatientState(Location(""FIELD"", (37.30419107224931, -121.94355658107906), -1.0, FIELD), 160.21148440557798, UNKNOWN, HEMORRHAGIC)"
