sample,reward_best,reward_CA,location_lat,location_lon,patient_state
1,0.33697024719474505,0.32213658633973774,37.795256705186226,-122.16113478257203,"PatientState(Location(""FIELD"", (37.795256705186226, -122.16113478257203), -1.0, FIELD), 58.86129423078073, UNKNOWN, HEMORRHAGIC)"
2,0.24418294143999997,0.24418294143999997,37.795946515919475,-122.16461479097278,"PatientState(Location(""FIELD"", (37.795946515919475, -122.16461479097278), -1.0, FIELD), 163.1827983532199, UNKNOWN, HEMORRHAGIC)"
3,0.34316872359949707,0.32817977273960064,37.79797468721301,-122.16269273142997,"PatientState(Location(""FIELD"", (37.79797468721301, -122.16269273142997), -1.0, FIELD), 34.40174621127482, UNKNOWN, LVO)"
4,0.24418294143999997,0.24418294143999997,37.798752935290324,-122.16464424156607,"PatientState(Location(""FIELD"", (37.798752935290324, -122.16464424156607), -1.0, FIELD), 195.01304623668165, UNKNOWN, LVO)"
5,0.24418294143999997,0.24418294143999997,37.79423594506567,-122.16138339257745,"PatientState(Location(""FIELD"", (37.79423594506567, -122.16138339257745), -1.0, FIELD), 192.4770174968061, UNKNOWN, HEMORRHAGIC)"
