sample,reward_best,reward_CA,location_lat,location_lon,patient_state
1,0.3420141138300976,0.32214647152286313,37.70783680894586,-121.65974189784292,"PatientState(Location(""FIELD"", (37.70783680894586, -121.65974189784292), -1.0, FIELD), 29.88802609446079, UNKNOWN, LVO)"
2,0.24418294143999997,0.24418294143999997,37.7087664379834,-121.65947095736182,"PatientState(Location(""FIELD"", (37.7087664379834, -121.65947095736182), -1.0, FIELD), 238.05672257279403, UNKNOWN, MIMIC)"
3,0.3341540839995596,0.31456201100486925,37.70820139346871,-121.65622540754399,"PatientState(Location(""FIELD"", (37.70820139346871, -121.65622540754399), -1.0, FIELD), 64.17115760643233, UNKNOWN, LVO)"
4,0.32757354402063504,0.24418294143999997,37.7069036544277,-121.65988292158333,"PatientState(Location(""FIELD"", (37.7069036544277, -121.65988292158333), -1.0, FIELD), 92.51927259989377, UNKNOWN, LVO)"
5,0.3408783868896033,0.3210495162183926,37.70809059766802,-121.65954551626511,"PatientState(Location(""FIELD"", (37.70809059766802, -121.65954551626511), -1.0, FIELD), 34.847108559943024, UNKNOWN, HEMORRHAGIC)"
