sample,reward_best,reward_CA,location_lat,location_lon,patient_state
1,0.35521085477699377,0.3387857224913371,37.54133805079199,-121.98344890902736,"PatientState(Location(""FIELD"", (37.54133805079199, -121.98344890902736), -1.0, FIELD), 4.807326990556929, UNKNOWN, HEMORRHAGIC)"
2,0.24418294143999997,0.24418294143999997,37.54379325912409,-121.98265937034664,"PatientState(Location(""FIELD"", (37.54379325912409, -121.98265937034664), -1.0, FIELD), 263.17464334326297, UNKNOWN, HEMORRHAGIC)"
3,0.31366926659039723,0.24418294143999997,37.5388677957176,-121.98535479820745,"PatientState(Location(""FIELD"", (37.5388677957176, -121.98535479820745), -1.0, FIELD), 185.6785172383051, UNKNOWN, NLVO)"
4,0.338853698371957,0.3229807808701419,37.54239283413763,-121.9810780618099,"PatientState(Location(""FIELD"", (37.54239283413763, -121.9810780618099), -1.0, FIELD), 73.7254627985075, UNKNOWN, MIMIC)"
5,0.3497192130565919,0.33351366218078987,37.54071784941948,-121.98218484140493,"PatientState(Location(""FIELD"", (37.54071784941948, -121.98218484140493), -1.0, FIELD), 27.3193374949902, UNKNOWN, LVO)"
