sample,reward_best,reward_CA,location_lat,location_lon,patient_state
1,0.32518142515272425,0.24418294143999997,37.96564021004437,-121.67367444088643,"PatientState(Location(""FIELD"", (37.96564021004437, -121.67367444088643), -1.0, FIELD), 1.8996689428017222, UNKNOWN, HEMORRHAGIC)"
2,0.322681738262997,0.24418294143999997,37.96524030744302,-121.67177532516719,"PatientState(Location(""FIELD"", (37.96524030744302, -121.67177532516719), -1.0, FIELD), 12.664458570586104, UNKNOWN, LVO)"
3,0.24418294143999997,0.24418294143999997,37.96511114674287,-121.67087405293904,"PatientState(Location(""FIELD"", (37.96511114674287, -121.67087405293904), -1.0, FIELD), 259.27657486454984, UNKNOWN, LVO)"
4,0.24418294143999997,0.24418294143999997,37.96419596127493,-121.67573770679141,"PatientState(Location(""FIELD"", (37.96419596127493, -121.67573770679141), -1.0, FIELD), 59.44474367433918, UNKNOWN, NLVO)"
5,0.3199405736344548,0.24418294143999997,37.96422005279132,-121.67566213275137,"PatientState(Location(""FIELD"", (37.96422005279132, -121.67566213275137), -1.0, FIELD), 24.901797990960333, UNKNOWN, LVO)"
