sample,reward_best,reward_CA,location_lat,location_lon,patient_state
1,0.24418294143999997,0.24418294143999997,37.31793363399167,-122.40598023160112,"PatientState(Location(""FIELD"", (37.31793363399167, -122.40598023160112), -1.0, FIELD), 269.2294697272289, UNKNOWN, LVO)"
2,0.33697176280583413,0.33250865793745943,37.317600323727284,-122.40584367251365,"PatientState(Location(""FIELD"", (37.317600323727284, -122.40584367251365), -1.0, FIELD), 61.56640252469638, UNKNOWN, HEMORRHAGIC)"
3,0.24418294143999997,0.24418294143999997,37.316720040070315,-122.40727401060472,"PatientState(Location(""FIELD"", (37.316720040070315, -122.40727401060472), -1.0, FIELD), 249.0944480045597, UNKNOWN, HEMORRHAGIC)"
4,0.24418294143999997,0.24418294143999997,37.31750855614688,-122.4067327921618,"PatientState(Location(""FIELD"", (37.31750855614688, -122.4067327921618), -1.0, FIELD), 254.11117464948572, UNKNOWN, HEMORRHAGIC)"
5,0.34665662830668675,0.34665662830668675,37.317301763012225,-122.40591190879327,"PatientState(Location(""FIELD"", (37.317301763012225, -122.40591190879327), -1.0, FIELD), 1.2828336783336125, UNKNOWN, NLVO)"
