sample,reward_best,reward_CA,location_lat,location_lon,patient_state
1,0.262485068927698,0.24418294143999997,38.021315944588146,-122.15731071034465,"PatientState(Location(""FIELD"", (38.021315944588146, -122.15731071034465), -1.0, FIELD), 80.17726905774578, UNKNOWN, HEMORRHAGIC)"
2,0.24418294143999997,0.24418294143999997,38.02187616411101,-122.15886340245494,"PatientState(Location(""FIELD"", (38.02187616411101, -122.15886340245494), -1.0, FIELD), 142.81406620532198, UNKNOWN, HEMORRHAGIC)"
3,0.3180453006178769,0.31744704604895296,38.02256592426714,-122.15995116058527,"PatientState(Location(""FIELD"", (38.02256592426714, -122.15995116058527), -1.0, FIELD), 52.14826808980482, UNKNOWN, HEMORRHAGIC)"
4,0.26172518320064403,0.24418294143999997,38.02270521639173,-122.15990051765853,"PatientState(Location(""FIELD"", (38.02270521639173, -122.15990051765853), -1.0, FIELD), 83.52423403129413, UNKNOWN, LVO)"
5,0.329712921858537,0.31965724225407427,38.022396228090564,-122.1606058904166,"PatientState(Location(""FIELD"", (38.022396228090564, -122.1606058904166), -1.0, FIELD), 42.205380589918924, UNKNOWN, HEMORRHAGIC)"
