sample,reward_best,reward_CA,location_lat,location_lon,patient_state
1,0.24418294143999997,0.24418294143999997,37.956576957041754,-121.6520569478707,"PatientState(Location(""FIELD"", (37.956576957041754, -121.6520569478707), -1.0, FIELD), 221.27229584215337, UNKNOWN, LVO)"
2,0.24418294143999997,0.24418294143999997,37.955564025049824,-121.65252287160216,"PatientState(Location(""FIELD"", (37.955564025049824, -121.65252287160216), -1.0, FIELD), 207.05764086823962, UNKNOWN, LVO)"
3,0.24418294143999997,0.24418294143999997,37.95664708162668,-121.6519511377822,"PatientState(Location(""FIELD"", (37.95664708162668, -121.6519511377822), -1.0, FIELD), 201.05877673946028, UNKNOWN, NLVO)"
4,0.24418294143999997,0.24418294143999997,37.95596380507282,-121.65443063298746,"PatientState(Location(""FIELD"", (37.95596380507282, -121.65443063298746), -1.0, FIELD), 117.29446828290008, UNKNOWN, LVO)"
5,0.24418294143999997,0.24418294143999997,37.957381529171094,-121.65211390577555,"PatientState(Location(""FIELD"", (37.957381529171094, -121.65211390577555), -1.0, FIELD), 78.87346100316778, UNKNOWN, HEMORRHAGIC)"
