sample,reward_best,reward_CA,location_lat,location_lon,patient_state
1,0.24418294143999997,0.24418294143999997,37.41516109289689,-121.86251637689162,"PatientState(Location(""FIELD"", (37.41516109289689, -121.86251637689162), -1.0, FIELD), 260.13810704911225, UNKNOWN, LVO)"
2,0.33721173105431124,0.33721173105431124,37.4158887059408,-121.8649972461394,"PatientState(Location(""FIELD"", (37.4158887059408, -121.8649972461394), -1.0, FIELD), 94.76654928680048, UNKNOWN, MIMIC)"
3,0.34918655349691896,0.34918655349691896,37.41472768585093,-121.86556605246265,"PatientState(Location(""FIELD"", (37.41472768585093, -121.86556605246265), -1.0, FIELD), 43.80665527079186, UNKNOWN, HEMORRHAGIC)"
4,0.34575524439370203,0.34575524439370203,37.41504387540156,-121.86197840872816,"PatientState(Location(""FIELD"", (37.41504387540156, -121.86197840872816), -1.0, FIELD), 58.94374446027541, UNKNOWN, LVO)"
5,0.32743316444719117,0.32743316444719117,37.41640448997578,-121.8644465087319,"PatientState(Location(""FIELD"", (37.41640448997578, -121.8644465087319), -1.0, FIELD), 137.77012285854002, UNKNOWN, LVO)"
