sample,reward_best,reward_CA,location_lat,location_lon,patient_state
1,0.24418294143999997,0.24418294143999997,37.598138985623926,-121.73990228133486,"PatientState(Location(""FIELD"", (37.598138985623926, -121.73990228133486), -1.0, FIELD), 194.3210074124153, UNKNOWN, NLVO)"
2,0.3376289422979301,0.3186056531743829,37.5960324604445,-121.73981906707809,"PatientState(Location(""FIELD"", (37.5960324604445, -121.73981906707809), -1.0, FIELD), 48.312525709789554, UNKNOWN, HEMORRHAGIC)"
3,0.24418294143999997,0.24418294143999997,37.598526098026404,-121.7397062145251,"PatientState(Location(""FIELD"", (37.598526098026404, -121.7397062145251), -1.0, FIELD), 240.70918177205948, UNKNOWN, LVO)"
4,0.3261719882466044,0.24418294143999997,37.593990223980754,-121.73693168167296,"PatientState(Location(""FIELD"", (37.593990223980754, -121.73693168167296), -1.0, FIELD), 95.22002992404708, UNKNOWN, HEMORRHAGIC)"
5,0.34791964798275493,0.3285602778121327,37.59689253019128,-121.74029410440386,"PatientState(Location(""FIELD"", (37.59689253019128, -121.74029410440386), -1.0, FIELD), 4.3239302378735145, UNKNOWN, HEMORRHAGIC)"
