sample,reward_best,reward_CA,location_lat,location_lon,patient_state
1,0.33464133738341456,0.24418294143999997,37.64974472950832,-121.66921034342947,"PatientState(Location(""FIELD"", (37.64974472950832, -121.66921034342947), -1.0, FIELD), 66.0102597432069, UNKNOWN, LVO)"
2,0.3181697114664701,0.24418294143999997,37.65056044549762,-121.66901729602841,"PatientState(Location(""FIELD"", (37.65056044549762, -121.66901729602841), -1.0, FIELD), 138.83080418930942, UNKNOWN, HEMORRHAGIC)"
3,0.33850349029250815,0.31712472622535587,37.650630628344295,-121.66891627169626,"PatientState(Location(""FIELD"", (37.650630628344295, -121.66891627169626), -1.0, FIELD), 49.55998199129213, UNKNOWN, NLVO)"
4,0.24418294143999997,0.24418294143999997,37.65206863994317,-121.66914215489571,"PatientState(Location(""FIELD"", (37.65206863994317, -121.66914215489571), -1.0, FIELD), 195.4028881990587, UNKNOWN, LVO)"
5,0.3471503450278326,0.3254528815431286,37.65196818482567,-121.66964673884338,"PatientState(Location(""FIELD"", (37.65196818482567, -121.66964673884338), -1.0, FIELD), 12.943141898159752, UNKNOWN, LVO)"
