sample,reward_best,reward_CA,location_lat,location_lon,patient_state
1,0.32512180114909467,0.24418294143999997,37.60454785757086,-122.03748274088797,"PatientState(Location(""FIELD"", (37.60454785757086, -122.03748274088797), -1.0, FIELD), 127.91881485164642, UNKNOWN, HEMORRHAGIC)"
2,0.3414637447967104,0.32404248218292586,37.60622777675768,-122.03800667473868,"PatientState(Location(""FIELD"", (37.60622777675768, -122.03800667473868), -1.0, FIELD), 56.63131688317854, UNKNOWN, LVO)"
3,0.32257951424080317,0.24418294143999997,37.60600430902098,-122.0394459469553,"PatientState(Location(""FIELD"", (37.60600430902098, -122.0394459469553), -1.0, FIELD), 139.2447514397238, UNKNOWN, LVO)"
4,0.24418294143999997,0.24418294143999997,37.604121640082404,-122.03674566644554,"PatientState(Location(""FIELD"", (37.604121640082404, -122.03674566644554), -1.0, FIELD), 187.8371472793132, UNKNOWN, LVO)"
5,0.24418294143999997,0.24418294143999997,37.60696100226254,-122.0385633841864,"PatientState(Location(""FIELD"", (37.60696100226254, -122.0385633841864), -1.0, FIELD), 269.6962232184837, UNKNOWN, NLVO)"
