sample,reward_best,reward_CA,location_lat,location_lon,patient_state
1,0.24418294143999997,0.24418294143999997,37.20451640826745,-122.0081514495494,"PatientState(Location(""FIELD"", (37.20451640826745, -122.0081514495494), -1.0, FIELD), 194.4139468924402, UNKNOWN, NLVO)"
2,0.31942773148778725,0.31942773148778725,37.204834356824925,-122.01042310540903,"PatientState(Location(""FIELD"", (37.204834356824925, -122.01042310540903), -1.0, FIELD), 161.35962004239866, UNKNOWN, HEMORRHAGIC)"
3,0.34923794700015787,0.34923794700015787,37.20858687542621,-122.0107007742682,"PatientState(Location(""FIELD"", (37.20858687542621, -122.0107007742682), -1.0, FIELD), 29.06679381768859, UNKNOWN, HEMORRHAGIC)"
4,0.24418294143999997,0.24418294143999997,37.20408636544506,-122.00664052245034,"PatientState(Location(""FIELD"", (37.20408636544506, -122.00664052245034), -1.0, FIELD), 208.61409718521944, UNKNOWN, MIMIC)"
5,0.31496455423519926,0.31496455423519926,37.20438160135617,-122.0106369309996,"PatientState(Location(""FIELD"", (37.20438160135617, -122.0106369309996), -1.0, FIELD), 181.38946551396978, UNKNOWN, HEMORRHAGIC)"
