sample,reward_best,reward_CA,location_lat,location_lon,patient_state
1,0.24418294143999997,0.24418294143999997,37.43155259273298,-122.30904058967037,"PatientState(Location(""FIELD"", (37.43155259273298, -122.30904058967037), -1.0, FIELD), 266.47098445855846, UNKNOWN, HEMORRHAGIC)"
2,0.3180791682428233,0.3180791682428233,37.42980766046684,-122.30706750044463,"PatientState(Location(""FIELD"", (37.42980766046684, -122.30706750044463), -1.0, FIELD), 163.46294589408942, UNKNOWN, LVO)"
3,0.3159946449399672,0.24418294143999997,37.4322535219328,-122.31007493341329,"PatientState(Location(""FIELD"", (37.4322535219328, -122.31007493341329), -1.0, FIELD), 170.74339061673734, UNKNOWN, LVO)"
4,0.3294790840905551,0.24418294143999997,37.430035393022465,-122.30988634557443,"PatientState(Location(""FIELD"", (37.430035393022465, -122.30988634557443), -1.0, FIELD), 111.05911844516162, UNKNOWN, HEMORRHAGIC)"
5,0.3215180830938047,0.24418294143999997,37.42898932022542,-122.30972784508894,"PatientState(Location(""FIELD"", (37.42898932022542, -122.30972784508894), -1.0, FIELD), 146.26840130795222, UNKNOWN, LVO)"
