sample,reward_best,reward_CA,location_lat,location_lon,patient_state
1,0.24418294143999997,0.24418294143999997,38.14046753939092,-121.79327964306776,"PatientState(Location(""FIELD"", (38.14046753939092, -121.79327964306776), -1.0, FIELD), 87.21238779350561, UNKNOWN, LVO)"
2,0.24418294143999997,0.24418294143999997,38.13981234807834,-121.79468637328702,"PatientState(Location(""FIELD"", (38.13981234807834, -121.79468637328702), -1.0, FIELD), 216.17575504761587, UNKNOWN, NLVO)"
3,0.24418294143999997,0.24418294143999997,38.14267331505031,-121.79428640539363,"PatientState(Location(""FIELD"", (38.14267331505031, -121.79428640539363), -1.0, FIELD), 167.2679177041493, UNKNOWN, LVO)"
4,0.24418294143999997,0.24418294143999997,38.14089446183435,-121.79173628780032,"PatientState(Location(""FIELD"", (38.14089446183435, -121.79173628780032), -1.0, FIELD), 143.3258198246712, UNKNOWN, HEMORRHAGIC)"
5,0.24418294143999997,0.24418294143999997,38.14291392461534,-121.79339132411363,"PatientState(Location(""FIELD"", (38.14291392461534, -121.79339132411363), -1.0, FIELD), 78.3442578222485, UNKNOWN, MIMIC)"
