sample,reward_best,reward_CA,location_lat,location_lon,patient_state
1,0.24418294143999997,0.24418294143999997,38.07742698225949,-122.12141715935502,"PatientState(Location(""FIELD"", (38.07742698225949, -122.12141715935502), -1.0, FIELD), 114.57364458795678, UNKNOWN, HEMORRHAGIC)"
2,0.24418294143999997,0.24418294143999997,38.077544248699006,-122.12430773600107,"PatientState(Location(""FIELD"", (38.077544248699006, -122.12430773600107), -1.0, FIELD), 188.41521630282602, UNKNOWN, LVO)"
3,0.24418294143999997,0.24418294143999997,38.07569415204128,-122.1220064768448,"PatientState(Location(""FIELD"", (38.07569415204128, -122.1220064768448), -1.0, FIELD), 257.1566567963055, UNKNOWN, HEMORRHAGIC)"
4,0.3285571307951489,0.3285571307951489,38.07632456437878,-122.12131165433786,"PatientState(Location(""FIELD"", (38.07632456437878, -122.12131165433786), -1.0, FIELD), 9.051788691172304, UNKNOWN, HEMORRHAGIC)"
5,0.3256421347285571,0.3256421347285571,38.07652582940853,-122.1225010096765,"PatientState(Location(""FIELD"", (38.07652582940853, -122.1225010096765), -1.0, FIELD), 20.13691805749022, UNKNOWN, LVO)"
