sample,reward_best,reward_CA,location_lat,location_lon,patient_state
1,0.3184973625103068,0.24418294143999997,37.84438016528916,-122.19191072379607,"PatientState(Location(""FIELD"", (37.84438016528916, -122.19191072379607), -1.0, FIELD), 137.08577949525986, UNKNOWN, LVO)"
2,0.24418294143999997,0.24418294143999997,37.845564706580575,-122.19577774087017,"PatientState(Location(""FIELD"", (37.845564706580575, -122.19577774087017), -1.0, FIELD), 198.69681378610008, UNKNOWN, LVO)"
3,0.24418294143999997,0.24418294143999997,37.84454501485712,-122.1950966300817,"PatientState(Location(""FIELD"", (37.84454501485712, -122.1950966300817), -1.0, FIELD), 214.80740673730236, UNKNOWN, LVO)"
4,0.24418294143999997,0.24418294143999997,37.844822232620395,-122.19490727599975,"PatientState(Location(""FIELD"", (37.844822232620395, -122.19490727599975), -1.0, FIELD), 267.9193803920909, UNKNOWN, HEMORRHAGIC)"
5,0.34388532869423855,0.32880759890110833,37.84772104651792,-122.19519222941345,"PatientState(Location(""FIELD"", (37.84772104651792, -122.19519222941345), -1.0, FIELD), 25.356554207567484, UNKNOWN, MIMIC)"
