sample,reward_best,reward_CA,location_lat,location_lon,patient_state
1,0.24418294143999997,0.24418294143999997,37.493979782554234,-121.97911018848693,"PatientState(Location(""FIELD"", (37.493979782554234, -121.97911018848693), -1.0, FIELD), 239.27060593515856, UNKNOWN, LVO)"
2,0.3453838252420767,0.3262487011987092,37.49615899967151,-121.9776421785739,"PatientState(Location(""FIELD"", (37.49615899967151, -121.9776421785739), -1.0, FIELD), 49.19086928206738, UNKNOWN, LVO)"
3,0.3182454310128705,0.24418294143999997,37.49828481586892,-121.97887656770827,"PatientState(Location(""FIELD"", (37.49828481586892, -121.97887656770827), -1.0, FIELD), 167.36843615326748, UNKNOWN, LVO)"
4,0.24418294143999997,0.24418294143999997,37.49570471578278,-121.97598874221701,"PatientState(Location(""FIELD"", (37.49570471578278, -121.97598874221701), -1.0, FIELD), 226.5880135565545, UNKNOWN, LVO)"
5,0.3348598583099398,0.31594435654153646,37.49516339664058,-121.97639760993626,"PatientState(Location(""FIELD"", (37.49516339664058, -121.97639760993626), -1.0, FIELD), 94.77281984134221, UNKNOWN, HEMORRHAGIC)"
