sample,reward_best,reward_CA,location_lat,location_lon,patient_state
1,0.24418294143999997,0.24418294143999997,37.88758010088188,-121.60088992185297,"PatientState(Location(""FIELD"", (37.88758010088188, -121.60088992185297), -1.0, FIELD), 71.79518942703511, UNKNOWN, HEMORRHAGIC)"
2,0.24418294143999997,0.24418294143999997,37.88859838477982,-121.60124306099112,"PatientState(Location(""FIELD"", (37.88859838477982, -121.60124306099112), -1.0, FIELD), 201.32944853473228, UNKNOWN, LVO)"
3,0.24418294143999997,0.24418294143999997,37.8874938945266,-121.60276009277845,"PatientState(Location(""FIELD"", (37.8874938945266, -121.60276009277845), -1.0, FIELD), 211.9268404644019, UNKNOWN, LVO)"
4,0.32108761214737147,0.24418294143999997,37.888167148959404,-121.60212285367626,"PatientState(Location(""FIELD"", (37.888167148959404, -121.60212285367626), -1.0, FIELD), 16.18363392412088, UNKNOWN, HEMORRHAGIC)"
5,0.24418294143999997,0.24418294143999997,37.88797090902746,-121.60381791505924,"PatientState(Location(""FIELD"", (37.88797090902746, -121.60381791505924), -1.0, FIELD), 112.55867212375996, UNKNOWN, LVO)"
