sample,reward_best,reward_CA,location_lat,location_lon,patient_state
1,0.24418294143999997,0.24418294143999997,38.014859779129885,-121.74452072840671,"PatientState(Location(""FIELD"", (38.014859779129885, -121.74452072840671), -1.0, FIELD), 230.0497374329096, UNKNOWN, NLVO)"
2,0.24418294143999997,0.24418294143999997,38.01475744646092,-121.74240488334469,"PatientState(Location(""FIELD"", (38.01475744646092, -121.74240488334469), -1.0, FIELD), 119.17977681689705, UNKNOWN, HEMORRHAGIC)"
3,0.24418294143999997,0.24418294143999997,38.01668651670004,-121.74458681308094,"PatientState(Location(""FIELD"", (38.01668651670004, -121.74458681308094), -1.0, FIELD), 68.1984698809567, UNKNOWN, HEMORRHAGIC)"
4,0.3237619760320487,0.24418294143999997,38.018540486123264,-121.74330491924086,"PatientState(Location(""FIELD"", (38.018540486123264, -121.74330491924086), -1.0, FIELD), 16.213585966694865, UNKNOWN, LVO)"
5,0.24418294143999997,0.24418294143999997,38.01602948084648,-121.7437569210834,"PatientState(Location(""FIELD"", (38.01602948084648, -121.7437569210834), -1.0, FIELD), 256.2836185257586, UNKNOWN, LVO)"
