sample,reward_best,reward_CA,location_lat,location_lon,patient_state
1,0.3181469889083978,0.24418294143999997,37.96668338867631,-121.81869807705793,"PatientState(Location(""FIELD"", (37.96668338867631, -121.81869807705793), -1.0, FIELD), 36.905969103389374, UNKNOWN, LVO)"
2,0.24418294143999997,0.24418294143999997,37.965643555418225,-121.81709332566916,"PatientState(Location(""FIELD"", (37.965643555418225, -121.81709332566916), -1.0, FIELD), 68.01158445950686, UNKNOWN, HEMORRHAGIC)"
3,0.24418294143999997,0.24418294143999997,37.96822024002857,-121.81881606043926,"PatientState(Location(""FIELD"", (37.96822024002857, -121.81881606043926), -1.0, FIELD), 158.92591531520722, UNKNOWN, LVO)"
4,0.24418294143999997,0.24418294143999997,37.96705595636919,-121.81982863265473,"PatientState(Location(""FIELD"", (37.96705595636919, -121.81982863265473), -1.0, FIELD), 140.8021397469203, UNKNOWN, LVO)"
5,0.24418294143999997,0.24418294143999997,37.967349279037805,-121.81800444371532,"PatientState(Location(""FIELD"", (37.967349279037805, -121.81800444371532), -1.0, FIELD), 261.75598292035596, UNKNOWN, LVO)"
