sample,reward_best,reward_CA,location_lat,location_lon,patient_state
1,0.325730878509893,0.24418294143999997,38.16129894405776,-122.21288786119621,"PatientState(Location(""FIELD"", (38.16129894405776, -122.21288786119621), -1.0, FIELD), 25.8238998697522, UNKNOWN, LVO)"
2,0.3238662037407873,0.24418294143999997,38.16363824639206,-122.21383361785674,"PatientState(Location(""FIELD"", (38.16363824639206, -122.21383361785674), -1.0, FIELD), 31.701070946805846, UNKNOWN, HEMORRHAGIC)"
3,0.24418294143999997,0.24418294143999997,38.163019298856604,-122.2113631894654,"PatientState(Location(""FIELD"", (38.163019298856604, -122.2113631894654), -1.0, FIELD), 252.99949587362028, UNKNOWN, LVO)"
4,0.24418294143999997,0.24418294143999997,38.15921109578581,-122.21083918632472,"PatientState(Location(""FIELD"", (38.15921109578581, -122.21083918632472), -1.0, FIELD), 227.92351012263705, UNKNOWN, MIMIC)"
5,0.24418294143999997,0.24418294143999997,38.161234032632585,-122.21322441065897,"PatientState(Location(""FIELD"", (38.161234032632585, -122.21322441065897), -1.0, FIELD), 200.35250266273223, UNKNOWN, NLVO)"
