sample,reward_best,reward_CA,location_lat,location_lon,patient_state
1,0.24418294143999997,0.24418294143999997,37.923101283065726,-122.16446354013517,"PatientState(Location(""FIELD"", (37.923101283065726, -122.16446354013517), -1.0, FIELD), 162.66131148001128, UNKNOWN, NLVO)"
2,0.3294489854567947,0.2518421224717323,37.9198286091041,-122.16336978813665,"PatientState(Location(""FIELD"", (37.9198286091041, -122.16336978813665), -1.0, FIELD), 79.14271948716794, UNKNOWN, NLVO)"
3,0.24418294143999997,0.24418294143999997,37.921642799765394,-122.16415067052168,"PatientState(Location(""FIELD"", (37.921642799765394, -122.16415067052168), -1.0, FIELD), 178.2319325440236, UNKNOWN, HEMORRHAGIC)"
4,0.3206973554381328,0.24418294143999997,37.91904492003248,-122.16512945741727,"PatientState(Location(""FIELD"", (37.91904492003248, -122.16512945741727), -1.0, FIELD), 117.60565988109937, UNKNOWN, LVO)"
5,0.24418294143999997,0.24418294143999997,37.92020613424603,-122.164327895282,"PatientState(Location(""FIELD"", (37.92020613424603, -122.164327895282), -1.0, FIELD), 249.1623145835362, UNKNOWN, LVO)"
