sample,reward_best,reward_CA,location_lat,location_lon,patient_state
1,0.24418294143999997,0.24418294143999997,37.65986662527017,-121.65065926928663,"PatientState(Location(""FIELD"", (37.65986662527017, -121.65065926928663), -1.0, FIELD), 153.7742262647603, UNKNOWN, LVO)"
2,0.24418294143999997,0.24418294143999997,37.65900372359411,-121.64628188009922,"PatientState(Location(""FIELD"", (37.65900372359411, -121.64628188009922), -1.0, FIELD), 185.7007899792508, UNKNOWN, LVO)"
3,0.34124235290569427,0.3197600169204699,37.66307372925008,-121.65070414361983,"PatientState(Location(""FIELD"", (37.66307372925008, -121.65070414361983), -1.0, FIELD), 32.32922237755135, UNKNOWN, LVO)"
4,0.24418294143999997,0.24418294143999997,37.66334493865867,-121.64898907207696,"PatientState(Location(""FIELD"", (37.66334493865867, -121.64898907207696), -1.0, FIELD), 262.97578867026544, UNKNOWN, NLVO)"
5,0.24418294143999997,0.24418294143999997,37.66140967091802,-121.64614583237017,"PatientState(Location(""FIELD"", (37.66140967091802, -121.64614583237017), -1.0, FIELD), 247.57936108814965, UNKNOWN, NLVO)"
