sample,reward_best,reward_CA,location_lat,location_lon,patient_state
1,0.24418294143999997,0.24418294143999997,37.907674274284,-121.74845892369603,"PatientState(Location(""FIELD"", (37.907674274284, -121.74845892369603), -1.0, FIELD), 96.29324372195792, UNKNOWN, LVO)"
2,0.24418294143999997,0.24418294143999997,37.90565404834431,-121.74709364202116,"PatientState(Location(""FIELD"", (37.90565404834431, -121.74709364202116), -1.0, FIELD), 183.79426108402512, UNKNOWN, LVO)"
3,0.24418294143999997,0.24418294143999997,37.90689169934779,-121.74730251620034,"PatientState(Location(""FIELD"", (37.90689169934779, -121.74730251620034), -1.0, FIELD), 191.95055646337218, UNKNOWN, LVO)"
4,0.24418294143999997,0.24418294143999997,37.90544129164617,-121.74654015110639,"PatientState(Location(""FIELD"", (37.90544129164617, -121.74654015110639), -1.0, FIELD), 145.39946549139773, UNKNOWN, HEMORRHAGIC)"
5,0.24418294143999997,0.24418294143999997,37.90599754234651,-121.74937156744186,"PatientState(Location(""FIELD"", (37.90599754234651, -121.74937156744186), -1.0, FIELD), 85.46471672290217, UNKNOWN, MIMIC)"
