sample,reward_best,reward_CA,location_lat,location_lon,patient_state
1,0.3441568687251162,0.3296939444964622,37.83819690361326,-122.24542093995805,"PatientState(Location(""FIELD"", (37.83819690361326, -122.24542093995805), -1.0, FIELD), 27.62469863891132, UNKNOWN, LVO)"
2,0.3297664737145913,0.3155440511981048,37.83608236172779,-122.24207954527128,"PatientState(Location(""FIELD"", (37.83608236172779, -122.24207954527128), -1.0, FIELD), 90.14639748561778, UNKNOWN, LVO)"
3,0.3382706292786021,0.3237222514308467,37.83820529537793,-122.24132711713068,"PatientState(Location(""FIELD"", (37.83820529537793, -122.24132711713068), -1.0, FIELD), 53.413613088155415, UNKNOWN, HEMORRHAGIC)"
4,0.34721713484489514,0.33287928698685326,37.83526320269627,-122.24328656787587,"PatientState(Location(""FIELD"", (37.83526320269627, -122.24328656787587), -1.0, FIELD), 13.140397492067743, UNKNOWN, MIMIC)"
5,0.24418294143999997,0.24418294143999997,37.837815080064146,-122.24347633996987,"PatientState(Location(""FIELD"", (37.837815080064146, -122.24347633996987), -1.0, FIELD), 249.5129542448314, UNKNOWN, LVO)"
