sample,reward_best,reward_CA,location_lat,location_lon,patient_state
1,0.24418294143999997,0.24418294143999997,37.51798815892806,-121.63256316638557,"PatientState(Location(""FIELD"", (37.51798815892806, -121.63256316638557), -1.0, FIELD), 257.7991930194118, UNKNOWN, LVO)"
2,0.24418294143999997,0.24418294143999997,37.51691151346112,-121.63139874750301,"PatientState(Location(""FIELD"", (37.51691151346112, -121.63139874750301), -1.0, FIELD), 136.2453727235057, UNKNOWN, NLVO)"
3,0.33829523465257255,0.316627107517384,37.51660810148255,-121.63427792754491,"PatientState(Location(""FIELD"", (37.51660810148255, -121.63427792754491), -1.0, FIELD), 23.042369753681456, UNKNOWN, HEMORRHAGIC)"
4,0.33674393238386086,0.31513587421567457,37.51656626582214,-121.63317570905667,"PatientState(Location(""FIELD"", (37.51656626582214, -121.63317570905667), -1.0, FIELD), 29.575791496418685, UNKNOWN, LVO)"
5,0.32206332390139153,0.24418294143999997,37.51403025513381,-121.6325624195323,"PatientState(Location(""FIELD"", (37.51403025513381, -121.6325624195323), -1.0, FIELD), 92.80082596857137, UNKNOWN, MIMIC)"
