sample,reward_best,reward_CA,location_lat,location_lon,patient_state
1,0.24418294143999997,0.24418294143999997,37.180291182056465,-122.00990195041507,"PatientState(Location(""FIELD"", (37.180291182056465, -122.00990195041507), -1.0, FIELD), 222.96942121818395, UNKNOWN, LVO)"
2,0.32326230741035433,0.32326230741035433,37.179796304167205,-122.00949885695425,"PatientState(Location(""FIELD"", (37.179796304167205, -122.00949885695425), -1.0, FIELD), 150.08715208920458, UNKNOWN, LVO)"
3,0.3397909027218161,0.3397909027218161,37.17944795108114,-122.00871956544601,"PatientState(Location(""FIELD"", (37.17944795108114, -122.00871956544601), -1.0, FIELD), 78.00554012896603, UNKNOWN, LVO)"
4,0.24418294143999997,0.24418294143999997,37.18227492484019,-122.00606198715955,"PatientState(Location(""FIELD"", (37.18227492484019, -122.00606198715955), -1.0, FIELD), 264.6128030762044, UNKNOWN, LVO)"
5,0.35799108499012766,0.35799108499012766,37.1815558760186,-122.00808732659856,"PatientState(Location(""FIELD"", (37.1815558760186, -122.00808732659856), -1.0, FIELD), 1.0338529009763175, UNKNOWN, HEMORRHAGIC)"
