sample,reward_best,reward_CA,location_lat,location_lon,patient_state
1,0.24418294143999997,0.24418294143999997,38.13365704883423,-121.99229859362377,"PatientState(Location(""FIELD"", (38.13365704883423, -121.99229859362377), -1.0, FIELD), 206.1627844145258, UNKNOWN, HEMORRHAGIC)"
2,0.24418294143999997,0.24418294143999997,38.131411755999146,-121.99553783446987,"PatientState(Location(""FIELD"", (38.131411755999146, -121.99553783446987), -1.0, FIELD), 55.30724056721778, UNKNOWN, LVO)"
3,0.24418294143999997,0.24418294143999997,38.130088767544066,-121.99175011965055,"PatientState(Location(""FIELD"", (38.130088767544066, -121.99175011965055), -1.0, FIELD), 35.48353317673778, UNKNOWN, LVO)"
4,0.24418294143999997,0.24418294143999997,38.132928119826914,-121.99391334091014,"PatientState(Location(""FIELD"", (38.132928119826914, -121.99391334091014), -1.0, FIELD), 110.6031029894158, UNKNOWN, LVO)"
5,0.24418294143999997,0.24418294143999997,38.130211862257305,-121.99233761241642,"PatientState(Location(""FIELD"", (38.130211862257305, -121.99233761241642), -1.0, FIELD), 258.34613500471056, UNKNOWN, LVO)"
