sample,reward_best,reward_CA,location_lat,location_lon,patient_state
1,0.24418294143999997,0.24418294143999997,37.659184287453535,-121.62700895194233,"PatientState(Location(""FIELD"", (37.659184287453535, -121.62700895194233), -1.0, FIELD), 168.60373676339583, UNKNOWN, HEMORRHAGIC)"
2,0.32284511811119654,0.24418294143999997,37.660169948313595,-121.62986348892169,"PatientState(Location(""FIELD"", (37.660169948313595, -121.62986348892169), -1.0, FIELD), 100.82257751658533, UNKNOWN, NLVO)"
3,0.33358650206067103,0.24418294143999997,37.662990179915326,-121.62752747623104,"PatientState(Location(""FIELD"", (37.662990179915326, -121.62752747623104), -1.0, FIELD), 52.11670641951861, UNKNOWN, LVO)"
4,0.24418294143999997,0.24418294143999997,37.663341283421616,-121.62784631526173,"PatientState(Location(""FIELD"", (37.663341283421616, -121.62784631526173), -1.0, FIELD), 216.7572322291808, UNKNOWN, HEMORRHAGIC)"
5,0.32389980365935317,0.24418294143999997,37.66367082901557,-121.62852176072712,"PatientState(Location(""FIELD"", (37.66367082901557, -121.62852176072712), -1.0, FIELD), 94.6357227185541, UNKNOWN, LVO)"
