sample,reward_best,reward_CA,location_lat,location_lon,patient_state
1,0.24418294143999997,0.24418294143999997,37.427298634577426,-122.16376626102854,"PatientState(Location(""FIELD"", (37.427298634577426, -122.16376626102854), -1.0, FIELD), 215.50814898317554, UNKNOWN, LVO)"
2,0.24418294143999997,0.24418294143999997,37.425082414030655,-122.16178382162389,"PatientState(Location(""FIELD"", (37.425082414030655, -122.16178382162389), -1.0, FIELD), 217.04691540918046, UNKNOWN, LVO)"
3,0.3181371719574448,0.3181371719574448,37.42703654336535,-122.16182394491724,"PatientState(Location(""FIELD"", (37.42703654336535, -122.16182394491724), -1.0, FIELD), 181.69651575717862, UNKNOWN, LVO)"
4,0.24418294143999997,0.24418294143999997,37.42844844932527,-122.16168098814626,"PatientState(Location(""FIELD"", (37.42844844932527, -122.16168098814626), -1.0, FIELD), 228.85970452688005, UNKNOWN, HEMORRHAGIC)"
5,0.3424524960304467,0.3424524960304467,37.42452980022526,-122.16267189321297,"PatientState(Location(""FIELD"", (37.42452980022526, -122.16267189321297), -1.0, FIELD), 74.47873802250894, UNKNOWN, LVO)"
