sample,reward_best,reward_CA,location_lat,location_lon,patient_state
1,0.3546600945648314,0.349925450113336,37.43582765148859,-121.97125746808165,"PatientState(Location(""FIELD"", (37.43582765148859, -121.97125746808165), -1.0, FIELD), 7.536726723304463, UNKNOWN, HEMORRHAGIC)"
2,0.24418294143999997,0.24418294143999997,37.43390114961727,-121.97349562699392,"PatientState(Location(""FIELD"", (37.43390114961727, -121.97349562699392), -1.0, FIELD), 220.32339969944255, UNKNOWN, HEMORRHAGIC)"
3,0.3255325335600452,0.2613464332282297,37.43607185903472,-121.97151558711518,"PatientState(Location(""FIELD"", (37.43607185903472, -121.97151558711518), -1.0, FIELD), 133.02146335905286, UNKNOWN, LVO)"
4,0.34472749463889485,0.3399836227112376,37.4372404833612,-121.97250564820969,"PatientState(Location(""FIELD"", (37.4372404833612, -121.97250564820969), -1.0, FIELD), 49.67970477989039, UNKNOWN, LVO)"
5,0.24418294143999997,0.24418294143999997,37.43724243023963,-121.97391340732352,"PatientState(Location(""FIELD"", (37.43724243023963, -121.97391340732352), -1.0, FIELD), 192.87542498925728, UNKNOWN, LVO)"
