sample,reward_best,reward_CA,location_lat,location_lon,patient_state
1,0.24418294143999997,0.24418294143999997,38.14366108510614,-121.83380855093819,"PatientState(Location(""FIELD"", (38.14366108510614, -121.83380855093819), -1.0, FIELD), 91.1914299923243, UNKNOWN, LVO)"
2,0.24418294143999997,0.24418294143999997,38.14110998738642,-121.83382956442856,"PatientState(Location(""FIELD"", (38.14110998738642, -121.83382956442856), -1.0, FIELD), 206.78496740149157, UNKNOWN, HEMORRHAGIC)"
3,0.24418294143999997,0.24418294143999997,38.1429596008395,-121.8331111784791,"PatientState(Location(""FIELD"", (38.1429596008395, -121.8331111784791), -1.0, FIELD), 154.6474709208719, UNKNOWN, MIMIC)"
4,0.24418294143999997,0.24418294143999997,38.14066844630321,-121.83566129312308,"PatientState(Location(""FIELD"", (38.14066844630321, -121.83566129312308), -1.0, FIELD), 125.5478754293013, UNKNOWN, LVO)"
5,0.3163077737300854,0.24418294143999997,38.14263872829986,-121.83137620593328,"PatientState(Location(""FIELD"", (38.14263872829986, -121.83137620593328), -1.0, FIELD), 8.705421592479262, UNKNOWN, HEMORRHAGIC)"
