sample,reward_best,reward_CA,location_lat,location_lon,patient_state
1,0.3468963657144545,0.3468963657144545,37.380725056316514,-121.78129323726314,"PatientState(Location(""FIELD"", (37.380725056316514, -121.78129323726314), -1.0, FIELD), 50.369920959794484, UNKNOWN, LVO)"
2,0.35799581531773783,0.35799581531773783,37.37983476449148,-121.78513497951843,"PatientState(Location(""FIELD"", (37.37983476449148, -121.78513497951843), -1.0, FIELD), 3.814014473113654, UNKNOWN, HEMORRHAGIC)"
3,0.24418294143999997,0.24418294143999997,37.37907351009841,-121.78571126466339,"PatientState(Location(""FIELD"", (37.37907351009841, -121.78571126466339), -1.0, FIELD), 247.66236458063207, UNKNOWN, LVO)"
4,0.33750561568257664,0.33750561568257664,37.37982752624503,-121.78496613218049,"PatientState(Location(""FIELD"", (37.37982752624503, -121.78496613218049), -1.0, FIELD), 91.02066159807309, UNKNOWN, LVO)"
5,0.3345815339135079,0.3345815339135079,37.38149324250398,-121.78379641656484,"PatientState(Location(""FIELD"", (37.38149324250398, -121.78379641656484), -1.0, FIELD), 103.68173328953895, UNKNOWN, LVO)"
