sample,reward_best,reward_CA,location_lat,location_lon,patient_state
1,0.24418294143999997,0.24418294143999997,38.11415290886769,-121.67564586803596,"PatientState(Location(""FIELD"", (38.11415290886769, -121.67564586803596), -1.0, FIELD), 238.7360373742313, UNKNOWN, HEMORRHAGIC)"
2,0.24418294143999997,0.24418294143999997,38.11416717164969,-121.67416549969737,"PatientState(Location(""FIELD"", (38.11416717164969, -121.67416549969737), -1.0, FIELD), 121.21212194354797, UNKNOWN, LVO)"
3,0.24418294143999997,0.24418294143999997,38.11411609591631,-121.67100463978537,"PatientState(Location(""FIELD"", (38.11411609591631, -121.67100463978537), -1.0, FIELD), 236.04496501872973, UNKNOWN, NLVO)"
4,0.24418294143999997,0.24418294143999997,38.117475282345744,-121.67346019128405,"PatientState(Location(""FIELD"", (38.117475282345744, -121.67346019128405), -1.0, FIELD), 172.50351439679025, UNKNOWN, LVO)"
5,0.24418294143999997,0.24418294143999997,38.11459966427975,-121.6745923072383,"PatientState(Location(""FIELD"", (38.11459966427975, -121.6745923072383), -1.0, FIELD), 201.85825801873304, UNKNOWN, MIMIC)"
