sample,reward_best,reward_CA,location_lat,location_lon,patient_state
1,0.31701909572642184,0.24418294143999997,37.68448064830759,-121.8938309734292,"PatientState(Location(""FIELD"", (37.68448064830759, -121.8938309734292), -1.0, FIELD), 159.72902142718308, UNKNOWN, NLVO)"
2,0.35091593313004654,0.3301168827212408,37.6869068725797,-121.8933023741085,"PatientState(Location(""FIELD"", (37.6869068725797, -121.8933023741085), -1.0, FIELD), 12.135052509845504, UNKNOWN, LVO)"
3,0.35128659427526643,0.33042897072522287,37.685118593660114,-121.89499965509438,"PatientState(Location(""FIELD"", (37.685118593660114, -121.89499965509438), -1.0, FIELD), 10.965676736685172, UNKNOWN, LVO)"
4,0.24418294143999997,0.24418294143999997,37.68783394554919,-121.8932994853091,"PatientState(Location(""FIELD"", (37.68783394554919, -121.8932994853091), -1.0, FIELD), 174.86887923093948, UNKNOWN, LVO)"
5,0.32622392559639496,0.24418294143999997,37.6855311817901,-121.89187508588917,"PatientState(Location(""FIELD"", (37.6855311817901, -121.89187508588917), -1.0, FIELD), 118.51101564481206, UNKNOWN, LVO)"
