sample,reward_best,reward_CA,location_lat,location_lon,patient_state
1,0.31856248391702713,0.31856248391702713,37.38152293836991,-121.88327193409555,"PatientState(Location(""FIELD"", (37.38152293836991, -121.88327193409555), -1.0, FIELD), 179.4427184177614, UNKNOWN, LVO)"
2,0.3187479849078439,0.3187479849078439,37.37913871060089,-121.88082943677789,"PatientState(Location(""FIELD"", (37.37913871060089, -121.88082943677789), -1.0, FIELD), 178.44120941835774, UNKNOWN, HEMORRHAGIC)"
3,0.31786994834376825,0.31786994834376825,37.38282587467891,-121.88559046602211,"PatientState(Location(""FIELD"", (37.38282587467891, -121.88559046602211), -1.0, FIELD), 181.51349841359666, UNKNOWN, LVO)"
4,0.33488783169891406,0.33488783169891406,37.38187257580127,-121.8854664791998,"PatientState(Location(""FIELD"", (37.38187257580127, -121.8854664791998), -1.0, FIELD), 106.68634775190189, UNKNOWN, NLVO)"
5,0.35112293378364995,0.35112293378364995,37.381129708937166,-121.88544241122331,"PatientState(Location(""FIELD"", (37.381129708937166, -121.88544241122331), -1.0, FIELD), 37.58351102487747, UNKNOWN, HEMORRHAGIC)"
