sample,reward_best,reward_CA,location_lat,location_lon,patient_state
1,0.32112362441518044,0.26226959184043,37.671134960357065,-122.45026287586599,"PatientState(Location(""FIELD"", (37.671134960357065, -122.45026287586599), -1.0, FIELD), 144.21882809446237, UNKNOWN, LVO)"
2,0.24418294143999997,0.24418294143999997,37.67277538197406,-122.44758926635087,"PatientState(Location(""FIELD"", (37.67277538197406, -122.44758926635087), -1.0, FIELD), 207.66434686892958, UNKNOWN, LVO)"
3,0.24418294143999997,0.24418294143999997,37.67083456259053,-122.44809343307595,"PatientState(Location(""FIELD"", (37.67083456259053, -122.44809343307595), -1.0, FIELD), 224.30132759695024, UNKNOWN, LVO)"
4,0.3430013577797043,0.3430506764217662,37.668954659977274,-122.44988655990184,"PatientState(Location(""FIELD"", (37.668954659977274, -122.44988655990184), -1.0, FIELD), 49.558903325942275, UNKNOWN, LVO)"
5,0.24418294143999997,0.24418294143999997,37.672198786433185,-122.44791594961097,"PatientState(Location(""FIELD"", (37.672198786433185, -122.44791594961097), -1.0, FIELD), 257.7760895175456, UNKNOWN, LVO)"
