sample,reward_best,reward_CA,location_lat,location_lon,patient_state
1,0.24418294143999997,0.24418294143999997,37.729607793987675,-122.05568994971696,"PatientState(Location(""FIELD"", (37.729607793987675, -122.05568994971696), -1.0, FIELD), 265.51778112813037, UNKNOWN, LVO)"
2,0.24418294143999997,0.24418294143999997,37.72941859559261,-122.0552491241914,"PatientState(Location(""FIELD"", (37.72941859559261, -122.0552491241914), -1.0, FIELD), 262.345543960356, UNKNOWN, HEMORRHAGIC)"
3,0.24418294143999997,0.24418294143999997,37.731371386379486,-122.05147710662517,"PatientState(Location(""FIELD"", (37.731371386379486, -122.05147710662517), -1.0, FIELD), 174.69535625576057, UNKNOWN, NLVO)"
4,0.3220524659653427,0.24418294143999997,37.73363366555036,-122.05446032686352,"PatientState(Location(""FIELD"", (37.73363366555036, -122.05446032686352), -1.0, FIELD), 127.71407757046752, UNKNOWN, NLVO)"
5,0.32533182819276824,0.24418294143999997,37.73249172263158,-122.05219093477203,"PatientState(Location(""FIELD"", (37.73249172263158, -122.05219093477203), -1.0, FIELD), 115.66271464132126, UNKNOWN, HEMORRHAGIC)"
