sample,reward_best,reward_CA,location_lat,location_lon,patient_state
1,0.3168149694344146,0.3168149694344146,37.292781313595604,-122.23819821781356,"PatientState(Location(""FIELD"", (37.292781313595604, -122.23819821781356), -1.0, FIELD), 158.32370149898088, UNKNOWN, HEMORRHAGIC)"
2,0.24418294143999997,0.24418294143999997,37.29377954345545,-122.23677986509489,"PatientState(Location(""FIELD"", (37.29377954345545, -122.23677986509489), -1.0, FIELD), 258.3340309758458, UNKNOWN, HEMORRHAGIC)"
3,0.3459313462526685,0.3459313462526685,37.290160875300884,-122.23788451716644,"PatientState(Location(""FIELD"", (37.290160875300884, -122.23788451716644), -1.0, FIELD), 30.67233895241933, UNKNOWN, NLVO)"
4,0.31601639286433575,0.31601639286433575,37.2907494912696,-122.23830443113718,"PatientState(Location(""FIELD"", (37.2907494912696, -122.23830443113718), -1.0, FIELD), 161.5705809527186, UNKNOWN, LVO)"
5,0.3306393579127522,0.3306393579127522,37.29214297905374,-122.23852161837276,"PatientState(Location(""FIELD"", (37.29214297905374, -122.23852161837276), -1.0, FIELD), 97.07354799983732, UNKNOWN, NLVO)"
