sample,reward_best,reward_CA,location_lat,location_lon,patient_state
1,0.24418294143999997,0.24418294143999997,37.894119823109584,-122.55094061995942,"PatientState(Location(""FIELD"", (37.894119823109584, -122.55094061995942), -1.0, FIELD), 200.83447785412187, UNKNOWN, NLVO)"
2,0.24418294143999997,0.24418294143999997,37.89383764892568,-122.55426926132144,"PatientState(Location(""FIELD"", (37.89383764892568, -122.55426926132144), -1.0, FIELD), 182.78921755506738, UNKNOWN, LVO)"
3,0.24418294143999997,0.24418294143999997,37.89665744223988,-122.55288143994831,"PatientState(Location(""FIELD"", (37.89665744223988, -122.55288143994831), -1.0, FIELD), 189.2988449295874, UNKNOWN, LVO)"
4,0.3342179107730694,0.2573424542413521,37.897467581435144,-122.55462625508748,"PatientState(Location(""FIELD"", (37.897467581435144, -122.55462625508748), -1.0, FIELD), 43.60166188916094, UNKNOWN, HEMORRHAGIC)"
5,0.24418294143999997,0.24418294143999997,37.89750459277294,-122.55228653954292,"PatientState(Location(""FIELD"", (37.89750459277294, -122.55228653954292), -1.0, FIELD), 201.87846304311094, UNKNOWN, LVO)"
