sample,reward_best,reward_CA,location_lat,location_lon,patient_state
1,0.330797274120716,0.330797274120716,37.20844607274737,-122.14591282527722,"PatientState(Location(""FIELD"", (37.20844607274737, -122.14591282527722), -1.0, FIELD), 91.76787529360317, UNKNOWN, HEMORRHAGIC)"
2,0.24418294143999997,0.24418294143999997,37.20781218708854,-122.14988316092241,"PatientState(Location(""FIELD"", (37.20781218708854, -122.14988316092241), -1.0, FIELD), 241.7175050199463, UNKNOWN, LVO)"
3,0.3345146377343572,0.3345146377343572,37.206062269177615,-122.14779579091805,"PatientState(Location(""FIELD"", (37.206062269177615, -122.14779579091805), -1.0, FIELD), 75.49905121569043, UNKNOWN, LVO)"
4,0.3420100862115039,0.3420100862115039,37.2040388150519,-122.14790386187116,"PatientState(Location(""FIELD"", (37.2040388150519, -122.14790386187116), -1.0, FIELD), 42.681979958811475, UNKNOWN, LVO)"
5,0.33746442343350325,0.33746442343350325,37.207266425020215,-122.1480185903213,"PatientState(Location(""FIELD"", (37.207266425020215, -122.1480185903213), -1.0, FIELD), 62.76375810068382, UNKNOWN, LVO)"
