sample,reward_best,reward_CA,location_lat,location_lon,patient_state
1,0.31599656204205345,0.24418294143999997,37.51277259595649,-122.31722492422765,"PatientState(Location(""FIELD"", (37.51277259595649, -122.31722492422765), -1.0, FIELD), 180.11810175253567, UNKNOWN, LVO)"
2,0.3216096791868182,0.24418294143999997,37.51341313977135,-122.31748291101924,"PatientState(Location(""FIELD"", (37.51341313977135, -122.31748291101924), -1.0, FIELD), 154.73597013358153, UNKNOWN, LVO)"
3,0.35562525560638625,0.34021719095585534,37.51019468956396,-122.31704701197903,"PatientState(Location(""FIELD"", (37.51019468956396, -122.31704701197903), -1.0, FIELD), 6.394995013286357, UNKNOWN, NLVO)"
4,0.3201891168224417,0.24418294143999997,37.513381952422606,-122.32010138958731,"PatientState(Location(""FIELD"", (37.513381952422606, -122.32010138958731), -1.0, FIELD), 159.80795711697368, UNKNOWN, HEMORRHAGIC)"
5,0.25180371817907204,0.24418294143999997,37.513139298869085,-122.31660738579006,"PatientState(Location(""FIELD"", (37.513139298869085, -122.31660738579006), -1.0, FIELD), 193.4362469505575, UNKNOWN, LVO)"
