sample,reward_best,reward_CA,location_lat,location_lon,patient_state
1,0.24418294143999997,0.24418294143999997,37.902425449614654,-122.57531270412954,"PatientState(Location(""FIELD"", (37.902425449614654, -122.57531270412954), -1.0, FIELD), 161.44510127632844, UNKNOWN, HEMORRHAGIC)"
2,0.24418294143999997,0.24418294143999997,37.90157750818217,-122.57352987572467,"PatientState(Location(""FIELD"", (37.90157750818217, -122.57352987572467), -1.0, FIELD), 165.35458066483804, UNKNOWN, LVO)"
3,0.33675690126521846,0.2595125307488014,37.90139696642435,-122.57335941702591,"PatientState(Location(""FIELD"", (37.90139696642435, -122.57335941702591), -1.0, FIELD), 29.534618709585683, UNKNOWN, LVO)"
4,0.24418294143999997,0.24418294143999997,37.90147272810388,-122.57122365211414,"PatientState(Location(""FIELD"", (37.90147272810388, -122.57122365211414), -1.0, FIELD), 215.85845780121204, UNKNOWN, MIMIC)"
5,0.34025143317151135,0.26172565852599355,37.901436621273284,-122.57284174958528,"PatientState(Location(""FIELD"", (37.901436621273284, -122.57284174958528), -1.0, FIELD), 17.268279303048587, UNKNOWN, NLVO)"
