sample,reward_best,reward_CA,location_lat,location_lon,patient_state
1,0.3480855259311393,0.32672631607043545,37.78482966879607,-122.00701550335525,"PatientState(Location(""FIELD"", (37.78482966879607, -122.00701550335525), -1.0, FIELD), 16.86009724098112, UNKNOWN, HEMORRHAGIC)"
2,0.24418294143999997,0.24418294143999997,37.78755212875517,-122.0072110999123,"PatientState(Location(""FIELD"", (37.78755212875517, -122.0072110999123), -1.0, FIELD), 189.64550524120244, UNKNOWN, LVO)"
3,0.32439012800364503,0.24418294143999997,37.78790748247806,-122.01070342047534,"PatientState(Location(""FIELD"", (37.78790748247806, -122.01070342047534), -1.0, FIELD), 118.67039192016867, UNKNOWN, LVO)"
4,0.3317957194443235,0.24418294143999997,37.783990138524985,-122.00698183112864,"PatientState(Location(""FIELD"", (37.783990138524985, -122.00698183112864), -1.0, FIELD), 87.1004382754218, UNKNOWN, NLVO)"
5,0.31411447276928456,0.24418294143999997,37.78471575589426,-122.00955255034071,"PatientState(Location(""FIELD"", (37.78471575589426, -122.00955255034071), -1.0, FIELD), 164.870834777041, UNKNOWN, NLVO)"
