sample,reward_best,reward_CA,location_lat,location_lon,patient_state
1,0.24418294143999997,0.24418294143999997,37.876240372260455,-122.45354603045656,"PatientState(Location(""FIELD"", (37.876240372260455, -122.45354603045656), -1.0, FIELD), 218.80617296925718, UNKNOWN, LVO)"
2,0.24418294143999997,0.24418294143999997,37.877275279121676,-122.45435360054452,"PatientState(Location(""FIELD"", (37.877275279121676, -122.45435360054452), -1.0, FIELD), 258.18908695174935, UNKNOWN, LVO)"
3,0.24418294143999997,0.24418294143999997,37.877904763110756,-122.45541780924779,"PatientState(Location(""FIELD"", (37.877904763110756, -122.45541780924779), -1.0, FIELD), 168.29996204581286, UNKNOWN, LVO)"
4,0.33256854060709096,0.25567639079540216,37.87795085800724,-122.45317736289252,"PatientState(Location(""FIELD"", (37.87795085800724, -122.45317736289252), -1.0, FIELD), 49.3956835074708, UNKNOWN, HEMORRHAGIC)"
5,0.3176089218443674,0.24418294143999997,37.87412029767804,-122.45462793716777,"PatientState(Location(""FIELD"", (37.87412029767804, -122.45462793716777), -1.0, FIELD), 119.87000681024533, UNKNOWN, HEMORRHAGIC)"
