sample,reward_best,reward_CA,location_lat,location_lon,patient_state
1,0.32871048871684194,0.32871048871684194,37.36844912378671,-121.89209769309268,"PatientState(Location(""FIELD"", (37.36844912378671, -121.89209769309268), -1.0, FIELD), 132.34207222909612, UNKNOWN, LVO)"
2,0.3232823086393326,0.3232823086393326,37.36864140812365,-121.89318960004405,"PatientState(Location(""FIELD"", (37.36864140812365, -121.89318960004405), -1.0, FIELD), 156.4818076481074, UNKNOWN, LVO)"
3,0.24418294143999997,0.24418294143999997,37.36487599627153,-121.89245249833718,"PatientState(Location(""FIELD"", (37.36487599627153, -121.89245249833718), -1.0, FIELD), 216.12167477163206, UNKNOWN, HEMORRHAGIC)"
4,0.3569643623128157,0.3569643623128157,37.365480989507965,-121.89553942664972,"PatientState(Location(""FIELD"", (37.365480989507965, -121.89553942664972), -1.0, FIELD), 11.387773031245574, UNKNOWN, LVO)"
5,0.24418294143999997,0.24418294143999997,37.367402028252066,-121.89122269676075,"PatientState(Location(""FIELD"", (37.367402028252066, -121.89122269676075), -1.0, FIELD), 215.77490831616984, UNKNOWN, HEMORRHAGIC)"
