sample,reward_best,reward_CA,location_lat,location_lon,patient_state
1,0.24418294143999997,0.24418294143999997,38.07516802842315,-122.13609056105828,"PatientState(Location(""FIELD"", (38.07516802842315, -122.13609056105828), -1.0, FIELD), 137.43659308944487, UNKNOWN, NLVO)"
2,0.24418294143999997,0.24418294143999997,38.07756984090458,-122.13949775436764,"PatientState(Location(""FIELD"", (38.07756984090458, -122.13949775436764), -1.0, FIELD), 121.30958456907501, UNKNOWN, LVO)"
3,0.24418294143999997,0.24418294143999997,38.07554010862135,-122.13703340084703,"PatientState(Location(""FIELD"", (38.07554010862135, -122.13703340084703), -1.0, FIELD), 194.63381339512227, UNKNOWN, LVO)"
4,0.326265736810385,0.326265736810385,38.07704371829289,-122.1393442213235,"PatientState(Location(""FIELD"", (38.07704371829289, -122.1393442213235), -1.0, FIELD), 13.508209477883375, UNKNOWN, HEMORRHAGIC)"
5,0.24418294143999997,0.24418294143999997,38.07403034505123,-122.13864163089242,"PatientState(Location(""FIELD"", (38.07403034505123, -122.13864163089242), -1.0, FIELD), 88.99586650792637, UNKNOWN, HEMORRHAGIC)"
