sample,reward_best,reward_CA,location_lat,location_lon,patient_state
1,0.32554327858826754,0.24418294143999997,37.459024479523514,-121.63514697441295,"PatientState(Location(""FIELD"", (37.459024479523514, -121.63514697441295), -1.0, FIELD), 57.49402602931595, UNKNOWN, LVO)"
2,0.33115669462851927,0.24418294143999997,37.462179367863406,-121.63421975227783,"PatientState(Location(""FIELD"", (37.462179367863406, -121.63421975227783), -1.0, FIELD), 33.711605216140676, UNKNOWN, LVO)"
3,0.3359539761989449,0.3169880215323377,37.45917695013648,-121.6339127132298,"PatientState(Location(""FIELD"", (37.45917695013648, -121.6339127132298), -1.0, FIELD), 11.64096702821712, UNKNOWN, LVO)"
4,0.24418294143999997,0.24418294143999997,37.46159784170898,-121.6340520298032,"PatientState(Location(""FIELD"", (37.46159784170898, -121.6340520298032), -1.0, FIELD), 149.1197349939518, UNKNOWN, HEMORRHAGIC)"
5,0.24418294143999997,0.24418294143999997,37.45938428382069,-121.63468140987595,"PatientState(Location(""FIELD"", (37.45938428382069, -121.63468140987595), -1.0, FIELD), 121.03855765128762, UNKNOWN, NLVO)"
