sample,reward_best,reward_CA,location_lat,location_lon,patient_state
1,0.24418294143999997,0.24418294143999997,38.06722740426586,-121.86849563842769,"PatientState(Location(""FIELD"", (38.06722740426586, -121.86849563842769), -1.0, FIELD), 180.5486895523403, UNKNOWN, LVO)"
2,0.24418294143999997,0.24418294143999997,38.066356440965244,-121.87058180222616,"PatientState(Location(""FIELD"", (38.066356440965244, -121.87058180222616), -1.0, FIELD), 224.53510719025266, UNKNOWN, LVO)"
3,0.24418294143999997,0.24418294143999997,38.06441164375057,-121.86924193250258,"PatientState(Location(""FIELD"", (38.06441164375057, -121.86924193250258), -1.0, FIELD), 192.72399904833014, UNKNOWN, LVO)"
4,0.24418294143999997,0.24418294143999997,38.06562272015364,-121.86905244265887,"PatientState(Location(""FIELD"", (38.06562272015364, -121.86905244265887), -1.0, FIELD), 64.674169129856, UNKNOWN, MIMIC)"
5,0.24418294143999997,0.24418294143999997,38.06723233104839,-121.86951709505131,"PatientState(Location(""FIELD"", (38.06723233104839, -121.86951709505131), -1.0, FIELD), 26.735911732687665, UNKNOWN, NLVO)"
