sample,reward_best,reward_CA,location_lat,location_lon,patient_state
1,0.34797252072424295,0.3439936338153764,37.315422349018185,-121.97281878216856,"PatientState(Location(""FIELD"", (37.315422349018185, -121.97281878216856), -1.0, FIELD), 45.28070373042276, UNKNOWN, HEMORRHAGIC)"
2,0.3399377469930308,0.33594029347560994,37.31481978979078,-121.97245003980458,"PatientState(Location(""FIELD"", (37.31481978979078, -121.97245003980458), -1.0, FIELD), 79.4981048004465, UNKNOWN, HEMORRHAGIC)"
3,0.31857049531899784,0.25635768118130337,37.3184404909967,-121.97407573598264,"PatientState(Location(""FIELD"", (37.3184404909967, -121.97407573598264), -1.0, FIELD), 170.27520627063808, UNKNOWN, LVO)"
4,0.3575322023708939,0.3539962948358123,37.317269477706084,-121.97190365120073,"PatientState(Location(""FIELD"", (37.317269477706084, -121.97190365120073), -1.0, FIELD), 4.120613248308157, UNKNOWN, LVO)"
5,0.35083266700192445,0.3472762078921755,37.318203185677106,-121.97228069593463,"PatientState(Location(""FIELD"", (37.318203185677106, -121.97228069593463), -1.0, FIELD), 32.89271519737316, UNKNOWN, LVO)"
