sample,reward_best,reward_CA,location_lat,location_lon,patient_state
1,0.3465903137774359,0.32491280832042074,37.65978628725223,-121.6828730953876,"PatientState(Location(""FIELD"", (37.65978628725223, -121.6828730953876), -1.0, FIELD), 17.074040152238737, UNKNOWN, NLVO)"
2,0.24418294143999997,0.24418294143999997,37.660423814593585,-121.6840567992842,"PatientState(Location(""FIELD"", (37.660423814593585, -121.6840567992842), -1.0, FIELD), 245.18468185431422, UNKNOWN, LVO)"
3,0.3404747290452961,0.31902146633050565,37.662148212739154,-121.68309310531464,"PatientState(Location(""FIELD"", (37.662148212739154, -121.68309310531464), -1.0, FIELD), 43.81000812547077, UNKNOWN, MIMIC)"
4,0.24418294143999997,0.24418294143999997,37.662251405685886,-121.68219277582222,"PatientState(Location(""FIELD"", (37.662251405685886, -121.68219277582222), -1.0, FIELD), 265.91279288920254, UNKNOWN, MIMIC)"
5,0.24418294143999997,0.24418294143999997,37.66176626912458,-121.6826714243054,"PatientState(Location(""FIELD"", (37.66176626912458, -121.6826714243054), -1.0, FIELD), 247.25336425076665, UNKNOWN, MIMIC)"
