sample,reward_best,reward_CA,location_lat,location_lon,patient_state
1,0.3323187748733957,0.31421586053841133,37.692795485085036,-121.96763567269481,"PatientState(Location(""FIELD"", (37.692795485085036, -121.96763567269481), -1.0, FIELD), 89.0064552212683, UNKNOWN, HEMORRHAGIC)"
2,0.24418294143999997,0.24418294143999997,37.69232460590805,-121.96661524562006,"PatientState(Location(""FIELD"", (37.69232460590805, -121.96661524562006), -1.0, FIELD), 244.85003720238922, UNKNOWN, HEMORRHAGIC)"
3,0.32473759363709,0.24418294143999997,37.69263548672738,-121.96743305366519,"PatientState(Location(""FIELD"", (37.69263548672738, -121.96743305366519), -1.0, FIELD), 122.29527429649663, UNKNOWN, NLVO)"
4,0.24418294143999997,0.24418294143999997,37.692641690280865,-121.96871237741969,"PatientState(Location(""FIELD"", (37.692641690280865, -121.96871237741969), -1.0, FIELD), 243.21356964469214, UNKNOWN, LVO)"
5,0.24418294143999997,0.24418294143999997,37.69217103395196,-121.96674527364716,"PatientState(Location(""FIELD"", (37.69217103395196, -121.96674527364716), -1.0, FIELD), 243.74313357110708, UNKNOWN, HEMORRHAGIC)"
