sample,reward_best,reward_CA,location_lat,location_lon,patient_state
1,0.32113381673289687,0.24418294143999997,37.71541990961296,-121.69671962811928,"PatientState(Location(""FIELD"", (37.71541990961296, -121.69671962811928), -1.0, FIELD), 128.78345320373344, UNKNOWN, HEMORRHAGIC)"
2,0.3321504867944705,0.24418294143999997,37.715069536219424,-121.69675714116913,"PatientState(Location(""FIELD"", (37.715069536219424, -121.69675714116913), -1.0, FIELD), 80.3555423467499, UNKNOWN, HEMORRHAGIC)"
3,0.24418294143999997,0.24418294143999997,37.71673939126946,-121.69941872312684,"PatientState(Location(""FIELD"", (37.71673939126946, -121.69941872312684), -1.0, FIELD), 269.82069976920934, UNKNOWN, MIMIC)"
4,0.33024532300306253,0.24418294143999997,37.71719525300523,-121.70079293312138,"PatientState(Location(""FIELD"", (37.71719525300523, -121.70079293312138), -1.0, FIELD), 89.53943102741059, UNKNOWN, HEMORRHAGIC)"
5,0.3219992323713084,0.24418294143999997,37.716304453667675,-121.69859217552906,"PatientState(Location(""FIELD"", (37.716304453667675, -121.69859217552906), -1.0, FIELD), 126.0306569919504, UNKNOWN, HEMORRHAGIC)"
