sample,reward_best,reward_CA,location_lat,location_lon,patient_state
1,0.24418294143999997,0.24418294143999997,37.88989451356513,-121.8382216214649,"PatientState(Location(""FIELD"", (37.88989451356513, -121.8382216214649), -1.0, FIELD), 195.08530460502507, UNKNOWN, NLVO)"
2,0.24418294143999997,0.24418294143999997,37.89303162783727,-121.83783108605796,"PatientState(Location(""FIELD"", (37.89303162783727, -121.83783108605796), -1.0, FIELD), 82.55071069916927, UNKNOWN, LVO)"
3,0.3200133834742249,0.24418294143999997,37.89193956050126,-121.83620029083903,"PatientState(Location(""FIELD"", (37.89193956050126, -121.83620029083903), -1.0, FIELD), 25.388865474046206, UNKNOWN, HEMORRHAGIC)"
4,0.24418294143999997,0.24418294143999997,37.889197538215875,-121.83762575172292,"PatientState(Location(""FIELD"", (37.889197538215875, -121.83762575172292), -1.0, FIELD), 59.470456797987076, UNKNOWN, NLVO)"
5,0.24418294143999997,0.24418294143999997,37.89322122052444,-121.83759836566082,"PatientState(Location(""FIELD"", (37.89322122052444, -121.83759836566082), -1.0, FIELD), 57.70314025399023, UNKNOWN, HEMORRHAGIC)"
