sample,reward_best,reward_CA,location_lat,location_lon,patient_state
1,0.24418294143999997,0.24418294143999997,38.11273633034899,-121.98174995863396,"PatientState(Location(""FIELD"", (38.11273633034899, -121.98174995863396), -1.0, FIELD), 201.3476421118353, UNKNOWN, LVO)"
2,0.24418294143999997,0.24418294143999997,38.11201382502837,-121.98562337861989,"PatientState(Location(""FIELD"", (38.11201382502837, -121.98562337861989), -1.0, FIELD), 11.271504529642293, UNKNOWN, NLVO)"
3,0.24418294143999997,0.24418294143999997,38.11336229501427,-121.9815391430246,"PatientState(Location(""FIELD"", (38.11336229501427, -121.9815391430246), -1.0, FIELD), 141.04897918183522, UNKNOWN, HEMORRHAGIC)"
4,0.24418294143999997,0.24418294143999997,38.11064437607243,-121.98110843676074,"PatientState(Location(""FIELD"", (38.11064437607243, -121.98110843676074), -1.0, FIELD), 183.58828312875576, UNKNOWN, LVO)"
5,0.24418294143999997,0.24418294143999997,38.11016508018299,-121.9830503956633,"PatientState(Location(""FIELD"", (38.11016508018299, -121.9830503956633), -1.0, FIELD), 37.97455795605855, UNKNOWN, LVO)"
