sample,reward_best,reward_CA,location_lat,location_lon,patient_state
1,0.24418294143999997,0.24418294143999997,37.41412102563239,-122.1934825983264,"PatientState(Location(""FIELD"", (37.41412102563239, -122.1934825983264), -1.0, FIELD), 257.22012470367554, UNKNOWN, HEMORRHAGIC)"
2,0.31957574247164283,0.31957574247164283,37.41827755588727,-122.19483597467915,"PatientState(Location(""FIELD"", (37.41827755588727, -122.19483597467915), -1.0, FIELD), 177.52693045976412, UNKNOWN, LVO)"
3,0.3548750144619047,0.3548750144619047,37.41446970957415,-122.19369389369463,"PatientState(Location(""FIELD"", (37.41446970957415, -122.19369389369463), -1.0, FIELD), 23.646432042144433, UNKNOWN, LVO)"
4,0.31443133943104656,0.31443133943104656,37.41498336028097,-122.19511215165639,"PatientState(Location(""FIELD"", (37.41498336028097, -122.19511215165639), -1.0, FIELD), 199.5206665792624, UNKNOWN, LVO)"
5,0.35868579832823994,0.35868579832823994,37.41806977421135,-122.19384911036362,"PatientState(Location(""FIELD"", (37.41806977421135, -122.19384911036362), -1.0, FIELD), 8.658309145343, UNKNOWN, NLVO)"
