sample,reward_best,reward_CA,location_lat,location_lon,patient_state
1,0.24418294143999997,0.24418294143999997,37.75658291944655,-122.50951832830496,"PatientState(Location(""FIELD"", (37.75658291944655, -122.50951832830496), -1.0, FIELD), 203.73592969569833, UNKNOWN, LVO)"
2,0.3286938811603659,0.2543162913820517,37.756220722262356,-122.50982740635034,"PatientState(Location(""FIELD"", (37.756220722262356, -122.50982740635034), -1.0, FIELD), 98.57830250886335, UNKNOWN, HEMORRHAGIC)"
3,0.25169861153714196,0.24418294143999997,37.7586443591319,-122.50701738512686,"PatientState(Location(""FIELD"", (37.7586443591319, -122.50701738512686), -1.0, FIELD), 185.84365997370867, UNKNOWN, HEMORRHAGIC)"
4,0.34195609100906676,0.3281055552180616,37.7579485573989,-122.50658013708077,"PatientState(Location(""FIELD"", (37.7579485573989, -122.50658013708077), -1.0, FIELD), 43.48708010621433, UNKNOWN, LVO)"
5,0.34431932288936595,0.33287656408140887,37.755369496250594,-122.50921102279644,"PatientState(Location(""FIELD"", (37.755369496250594, -122.50921102279644), -1.0, FIELD), 22.94768069601235, UNKNOWN, NLVO)"
