sample,reward_best,reward_CA,location_lat,location_lon,patient_state
1,0.24418294143999997,0.24418294143999997,37.47251717984156,-122.42232232390515,"PatientState(Location(""FIELD"", (37.47251717984156, -122.42232232390515), -1.0, FIELD), 261.6601884669177, UNKNOWN, HEMORRHAGIC)"
2,0.342679485954619,0.33861338758319454,37.470791187222225,-122.42126195726719,"PatientState(Location(""FIELD"", (37.470791187222225, -122.42126195726719), -1.0, FIELD), 50.22197258074311, UNKNOWN, HEMORRHAGIC)"
3,0.35436797313513957,0.35044120770070397,37.470475750218235,-122.42333070513939,"PatientState(Location(""FIELD"", (37.470475750218235, -122.42333070513939), -1.0, FIELD), 0.6526434106576573, UNKNOWN, MIMIC)"
4,0.3153408348454463,0.25616009882135077,37.47296814686443,-122.42514115926048,"PatientState(Location(""FIELD"", (37.47296814686443, -122.42514115926048), -1.0, FIELD), 166.68588199904028, UNKNOWN, LVO)"
5,0.3143438967589083,0.25536720621591774,37.47055253037674,-122.42367526956487,"PatientState(Location(""FIELD"", (37.47055253037674, -122.42367526956487), -1.0, FIELD), 170.87357597316608, UNKNOWN, HEMORRHAGIC)"
