sample,reward_best,reward_CA,location_lat,location_lon,patient_state
1,0.24418294143999997,0.24418294143999997,38.07602414968648,-121.8254936644518,"PatientState(Location(""FIELD"", (38.07602414968648, -121.8254936644518), -1.0, FIELD), 257.6511470734741, UNKNOWN, LVO)"
2,0.31490879798664195,0.24418294143999997,38.07409232113511,-121.82128519550832,"PatientState(Location(""FIELD"", (38.07409232113511, -121.82128519550832), -1.0, FIELD), 7.224527787960749, UNKNOWN, HEMORRHAGIC)"
3,0.24418294143999997,0.24418294143999997,38.07400860178978,-121.82097871282245,"PatientState(Location(""FIELD"", (38.07400860178978, -121.82097871282245), -1.0, FIELD), 185.99666566269718, UNKNOWN, LVO)"
4,0.24418294143999997,0.24418294143999997,38.07622315778485,-121.82474211930578,"PatientState(Location(""FIELD"", (38.07622315778485, -121.82474211930578), -1.0, FIELD), 204.3448760810296, UNKNOWN, NLVO)"
5,0.24418294143999997,0.24418294143999997,38.0746278552056,-121.82466963765982,"PatientState(Location(""FIELD"", (38.0746278552056, -121.82466963765982), -1.0, FIELD), 73.97033057349557, UNKNOWN, LVO)"
