sample,reward_best,reward_CA,location_lat,location_lon,patient_state
1,0.3246047177967436,0.3246047177967436,37.171336106871905,-121.86407394754967,"PatientState(Location(""FIELD"", (37.171336106871905, -121.86407394754967), -1.0, FIELD), 136.5545112527534, UNKNOWN, MIMIC)"
2,0.3398674920690015,0.3398674920690015,37.17295302713553,-121.86327830726029,"PatientState(Location(""FIELD"", (37.17295302713553, -121.86327830726029), -1.0, FIELD), 70.76566315796768, UNKNOWN, HEMORRHAGIC)"
3,0.3217814515577692,0.3217814515577692,37.17262727929757,-121.86251675535058,"PatientState(Location(""FIELD"", (37.17262727929757, -121.86251675535058), -1.0, FIELD), 149.81876517185597, UNKNOWN, LVO)"
4,0.24418294143999997,0.24418294143999997,37.17324918554438,-121.86380586366478,"PatientState(Location(""FIELD"", (37.17324918554438, -121.86380586366478), -1.0, FIELD), 223.72931903745166, UNKNOWN, NLVO)"
5,0.336850146517114,0.336850146517114,37.17112047987553,-121.86250510811627,"PatientState(Location(""FIELD"", (37.17112047987553, -121.86250510811627), -1.0, FIELD), 83.58938115408544, UNKNOWN, HEMORRHAGIC)"
