sample,reward_best,reward_CA,location_lat,location_lon,patient_state
1,0.24418294143999997,0.24418294143999997,37.86781051889863,-121.72352316682836,"PatientState(Location(""FIELD"", (37.86781051889863, -121.72352316682836), -1.0, FIELD), 192.78249058068945, UNKNOWN, LVO)"
2,0.24418294143999997,0.24418294143999997,37.86630312747013,-121.72133622347926,"PatientState(Location(""FIELD"", (37.86630312747013, -121.72133622347926), -1.0, FIELD), 249.1718340269193, UNKNOWN, LVO)"
3,0.24418294143999997,0.24418294143999997,37.86877471593254,-121.72111352482307,"PatientState(Location(""FIELD"", (37.86877471593254, -121.72111352482307), -1.0, FIELD), 72.0961886655867, UNKNOWN, MIMIC)"
4,0.24418294143999997,0.24418294143999997,37.86761351203799,-121.72429262957475,"PatientState(Location(""FIELD"", (37.86761351203799, -121.72429262957475), -1.0, FIELD), 62.32525519225562, UNKNOWN, LVO)"
5,0.24418294143999997,0.24418294143999997,37.86650091429858,-121.72410724497536,"PatientState(Location(""FIELD"", (37.86650091429858, -121.72410724497536), -1.0, FIELD), 165.73273008466916, UNKNOWN, LVO)"
