sample,reward_best,reward_CA,location_lat,location_lon,patient_state
1,0.25394680143665804,0.24418294143999997,37.703664649362175,-122.4844645978049,"PatientState(Location(""FIELD"", (37.703664649362175, -122.4844645978049), -1.0, FIELD), 181.86737070023892, UNKNOWN, MIMIC)"
2,0.3295923902148434,0.25403861748009615,37.69927118790282,-122.48234445365688,"PatientState(Location(""FIELD"", (37.69927118790282, -122.48234445365688), -1.0, FIELD), 107.55751577950666, UNKNOWN, LVO)"
3,0.3415303930450795,0.3271589652053797,37.702380326581604,-122.48417087649005,"PatientState(Location(""FIELD"", (37.702380326581604, -122.48417087649005), -1.0, FIELD), 54.90668599221934, UNKNOWN, LVO)"
4,0.3451770412899217,0.3307255462430124,37.69932359558809,-122.48534450456495,"PatientState(Location(""FIELD"", (37.69932359558809, -122.48534450456495), -1.0, FIELD), 39.57894501841125, UNKNOWN, LVO)"
5,0.34260473994639,0.32820945143593144,37.69896156577872,-122.48118015386969,"PatientState(Location(""FIELD"", (37.69896156577872, -122.48118015386969), -1.0, FIELD), 51.03581135375387, UNKNOWN, LVO)"
