sample,reward_best,reward_CA,location_lat,location_lon,patient_state
1,0.24418294143999997,0.24418294143999997,37.69191378084201,-122.48181657212368,"PatientState(Location(""FIELD"", (37.69191378084201, -122.48181657212368), -1.0, FIELD), 214.55397613833173, UNKNOWN, LVO)"
2,0.24418294143999997,0.24418294143999997,37.69189757098602,-122.48511830066187,"PatientState(Location(""FIELD"", (37.69189757098602, -122.48511830066187), -1.0, FIELD), 215.38780159280688, UNKNOWN, LVO)"
3,0.31702349149260445,0.2576544290688512,37.69309632337056,-122.48140259693557,"PatientState(Location(""FIELD"", (37.69309632337056, -122.48140259693557), -1.0, FIELD), 163.88262580657093, UNKNOWN, LVO)"
4,0.24418294143999997,0.24418294143999997,37.69272947131112,-122.48198521005982,"PatientState(Location(""FIELD"", (37.69272947131112, -122.48198521005982), -1.0, FIELD), 261.671689289256, UNKNOWN, LVO)"
5,0.3515323875030565,0.3499183357376365,37.692133767187066,-122.48262886571916,"PatientState(Location(""FIELD"", (37.692133767187066, -122.48262886571916), -1.0, FIELD), 12.883782376636963, UNKNOWN, LVO)"
