sample,reward_best,reward_CA,location_lat,location_lon,patient_state
1,0.24418294143999997,0.24418294143999997,38.07514440521503,-121.77847987935182,"PatientState(Location(""FIELD"", (38.07514440521503, -121.77847987935182), -1.0, FIELD), 228.16245338711317, UNKNOWN, LVO)"
2,0.24418294143999997,0.24418294143999997,38.07718183047625,-121.77882383248215,"PatientState(Location(""FIELD"", (38.07718183047625, -121.77882383248215), -1.0, FIELD), 114.67068818019861, UNKNOWN, HEMORRHAGIC)"
3,0.24418294143999997,0.24418294143999997,38.074540754546355,-121.77807256415532,"PatientState(Location(""FIELD"", (38.074540754546355, -121.77807256415532), -1.0, FIELD), 241.36140772914237, UNKNOWN, HEMORRHAGIC)"
4,0.24418294143999997,0.24418294143999997,38.074518134127544,-121.77583098952955,"PatientState(Location(""FIELD"", (38.074518134127544, -121.77583098952955), -1.0, FIELD), 235.80670041738762, UNKNOWN, LVO)"
5,0.24418294143999997,0.24418294143999997,38.073922218989544,-121.77789367154872,"PatientState(Location(""FIELD"", (38.073922218989544, -121.77789367154872), -1.0, FIELD), 20.37635023925506, UNKNOWN, HEMORRHAGIC)"
