sample,reward_best,reward_CA,location_lat,location_lon,patient_state
1,0.3423508860120334,0.327271166854789,37.7216120627528,-122.09467659479253,"PatientState(Location(""FIELD"", (37.7216120627528, -122.09467659479253), -1.0, FIELD), 42.89293160983589, UNKNOWN, NLVO)"
2,0.3390609908678622,0.32364266270024983,37.722813884618226,-122.09353942123809,"PatientState(Location(""FIELD"", (37.722813884618226, -122.09353942123809), -1.0, FIELD), 53.22304479645067, UNKNOWN, LVO)"
3,0.32223600234360544,0.24418294143999997,37.71955784168282,-122.09186962756378,"PatientState(Location(""FIELD"", (37.71955784168282, -122.09186962756378), -1.0, FIELD), 128.93859500407814, UNKNOWN, HEMORRHAGIC)"
4,0.35105824658708434,0.3353356764257306,37.72339459373677,-122.09214521331465,"PatientState(Location(""FIELD"", (37.72339459373677, -122.09214521331465), -1.0, FIELD), 2.6624001616709325, UNKNOWN, MIMIC)"
5,0.24418294143999997,0.24418294143999997,37.719416179799595,-122.09139828798695,"PatientState(Location(""FIELD"", (37.719416179799595, -122.09139828798695), -1.0, FIELD), 221.5557988112192, UNKNOWN, HEMORRHAGIC)"
