sample,reward_best,reward_CA,location_lat,location_lon,patient_state
1,0.24418294143999997,0.24418294143999997,37.936111985375284,-121.78943045867608,"PatientState(Location(""FIELD"", (37.936111985375284, -121.78943045867608), -1.0, FIELD), 173.93213954203128, UNKNOWN, HEMORRHAGIC)"
2,0.24418294143999997,0.24418294143999997,37.93602946344225,-121.78979563513016,"PatientState(Location(""FIELD"", (37.93602946344225, -121.78979563513016), -1.0, FIELD), 133.55280921643254, UNKNOWN, LVO)"
3,0.24418294143999997,0.24418294143999997,37.937520420837814,-121.78596963232437,"PatientState(Location(""FIELD"", (37.937520420837814, -121.78596963232437), -1.0, FIELD), 97.4383649780875, UNKNOWN, LVO)"
4,0.24418294143999997,0.24418294143999997,37.93550059057196,-121.78865469736219,"PatientState(Location(""FIELD"", (37.93550059057196, -121.78865469736219), -1.0, FIELD), 99.10581631892528, UNKNOWN, NLVO)"
5,0.24418294143999997,0.24418294143999997,37.93388573722902,-121.78888636630602,"PatientState(Location(""FIELD"", (37.93388573722902, -121.78888636630602), -1.0, FIELD), 157.3397316289054, UNKNOWN, HEMORRHAGIC)"
