sample,reward_best,reward_CA,location_lat,location_lon,patient_state
1,0.24418294143999997,0.24418294143999997,37.815222290552015,-121.93042797380924,"PatientState(Location(""FIELD"", (37.815222290552015, -121.93042797380924), -1.0, FIELD), 177.6734983296458, UNKNOWN, HEMORRHAGIC)"
2,0.24418294143999997,0.24418294143999997,37.814105423295025,-121.9267820615893,"PatientState(Location(""FIELD"", (37.814105423295025, -121.9267820615893), -1.0, FIELD), 149.1701319725628, UNKNOWN, MIMIC)"
3,0.24418294143999997,0.24418294143999997,37.81853704608154,-121.92905248209499,"PatientState(Location(""FIELD"", (37.81853704608154, -121.92905248209499), -1.0, FIELD), 243.78987474420586, UNKNOWN, LVO)"
4,0.24418294143999997,0.24418294143999997,37.81448555931216,-121.92978323705015,"PatientState(Location(""FIELD"", (37.81448555931216, -121.92978323705015), -1.0, FIELD), 165.85935704442423, UNKNOWN, NLVO)"
5,0.3139671449067513,0.24418294143999997,37.816210516983084,-121.92882346157394,"PatientState(Location(""FIELD"", (37.816210516983084, -121.92882346157394), -1.0, FIELD), 147.24944833342997, UNKNOWN, LVO)"
