sample,reward_best,reward_CA,location_lat,location_lon,patient_state
1,0.3391661861990981,0.3244777578759922,37.87023863663073,-121.99604795101729,"PatientState(Location(""FIELD"", (37.87023863663073, -121.99604795101729), -1.0, FIELD), 32.15610257867257, UNKNOWN, MIMIC)"
2,0.24418294143999997,0.24418294143999997,37.86992137248698,-121.99599477350043,"PatientState(Location(""FIELD"", (37.86992137248698, -121.99599477350043), -1.0, FIELD), 145.99940986874674, UNKNOWN, HEMORRHAGIC)"
3,0.3303789675420011,0.315913638001968,37.869440926883314,-121.99769127607952,"PatientState(Location(""FIELD"", (37.869440926883314, -121.99769127607952), -1.0, FIELD), 70.36616193500495, UNKNOWN, LVO)"
4,0.24418294143999997,0.24418294143999997,37.872518618834945,-121.9972896186432,"PatientState(Location(""FIELD"", (37.872518618834945, -121.9972896186432), -1.0, FIELD), 249.25795800921634, UNKNOWN, MIMIC)"
5,0.32464657167615296,0.24418294143999997,37.87102530780121,-121.99665760536324,"PatientState(Location(""FIELD"", (37.87102530780121, -121.99665760536324), -1.0, FIELD), 95.53941974353947, UNKNOWN, MIMIC)"
