sample,reward_best,reward_CA,location_lat,location_lon,patient_state
1,0.24418294143999997,0.24418294143999997,37.53723906156846,-121.69268224676756,"PatientState(Location(""FIELD"", (37.53723906156846, -121.69268224676756), -1.0, FIELD), 268.87349416638943, UNKNOWN, LVO)"
2,0.33956195224806274,0.31784501281535205,37.53544398600474,-121.69101489877652,"PatientState(Location(""FIELD"", (37.53544398600474, -121.69101489877652), -1.0, FIELD), 13.756892152549877, UNKNOWN, MIMIC)"
3,0.24418294143999997,0.24418294143999997,37.53576938288937,-121.69172915187966,"PatientState(Location(""FIELD"", (37.53576938288937, -121.69172915187966), -1.0, FIELD), 133.55251428529266, UNKNOWN, LVO)"
4,0.24418294143999997,0.24418294143999997,37.536098831385,-121.69299791141358,"PatientState(Location(""FIELD"", (37.536098831385, -121.69299791141358), -1.0, FIELD), 170.8183504877122, UNKNOWN, LVO)"
5,0.24418294143999997,0.24418294143999997,37.53817854039569,-121.69370690046425,"PatientState(Location(""FIELD"", (37.53817854039569, -121.69370690046425), -1.0, FIELD), 188.99552513666097, UNKNOWN, LVO)"
