sample,reward_best,reward_CA,location_lat,location_lon,patient_state
1,0.24418294143999997,0.24418294143999997,37.88541688180805,-121.67224725858489,"PatientState(Location(""FIELD"", (37.88541688180805, -121.67224725858489), -1.0, FIELD), 68.29937981595579, UNKNOWN, LVO)"
2,0.24418294143999997,0.24418294143999997,37.88612920860445,-121.67524504163146,"PatientState(Location(""FIELD"", (37.88612920860445, -121.67524504163146), -1.0, FIELD), 99.49635450702881, UNKNOWN, LVO)"
3,0.24418294143999997,0.24418294143999997,37.88695465161629,-121.67147215628493,"PatientState(Location(""FIELD"", (37.88695465161629, -121.67147215628493), -1.0, FIELD), 183.25186232931293, UNKNOWN, LVO)"
4,0.31671009799472555,0.24418294143999997,37.88829761902798,-121.67086400497386,"PatientState(Location(""FIELD"", (37.88829761902798, -121.67086400497386), -1.0, FIELD), 36.77935336689569, UNKNOWN, NLVO)"
5,0.24418294143999997,0.24418294143999997,37.88693941554707,-121.67387821412093,"PatientState(Location(""FIELD"", (37.88693941554707, -121.67387821412093), -1.0, FIELD), 245.990408091568, UNKNOWN, NLVO)"
