sample,reward_best,reward_CA,location_lat,location_lon,patient_state
1,0.24418294143999997,0.24418294143999997,37.227873058816115,-122.36381207874263,"PatientState(Location(""FIELD"", (37.227873058816115, -122.36381207874263), -1.0, FIELD), 248.98876891472847, UNKNOWN, LVO)"
2,0.3469251462883426,0.3425081510837301,37.22598646179672,-122.3653903405055,"PatientState(Location(""FIELD"", (37.22598646179672, -122.3653903405055), -1.0, FIELD), 2.188981338163396, UNKNOWN, LVO)"
3,0.24418294143999997,0.24418294143999997,37.224573416775044,-122.3625225912155,"PatientState(Location(""FIELD"", (37.224573416775044, -122.3625225912155), -1.0, FIELD), 252.0434995468786, UNKNOWN, LVO)"
4,0.24418294143999997,0.24418294143999997,37.22415588850978,-122.36536535062724,"PatientState(Location(""FIELD"", (37.22415588850978, -122.36536535062724), -1.0, FIELD), 231.99658612523038, UNKNOWN, HEMORRHAGIC)"
5,0.3357258935681478,0.33125756176222143,37.22760852564673,-122.36160044639975,"PatientState(Location(""FIELD"", (37.22760852564673, -122.36160044639975), -1.0, FIELD), 50.31478881248499, UNKNOWN, HEMORRHAGIC)"
