sample,reward_best,reward_CA,location_lat,location_lon,patient_state
1,0.34186192859063735,0.32028807917431584,37.80686867675982,-121.8277602010579,"PatientState(Location(""FIELD"", (37.80686867675982, -121.8277602010579), -1.0, FIELD), 14.441306164008607, UNKNOWN, HEMORRHAGIC)"
2,0.33521332382899727,0.2522509800150448,37.804853166695004,-121.82629609350654,"PatientState(Location(""FIELD"", (37.804853166695004, -121.82629609350654), -1.0, FIELD), 45.3716804668762, UNKNOWN, HEMORRHAGIC)"
3,0.24418294143999997,0.24418294143999997,37.8053887435372,-121.8269109600479,"PatientState(Location(""FIELD"", (37.8053887435372, -121.8269109600479), -1.0, FIELD), 203.15988000212488, UNKNOWN, HEMORRHAGIC)"
4,0.24418294143999997,0.24418294143999997,37.80576253194256,-121.82967329363734,"PatientState(Location(""FIELD"", (37.80576253194256, -121.82967329363734), -1.0, FIELD), 184.3244180330225, UNKNOWN, NLVO)"
5,0.3213618839768059,0.24418294143999997,37.804948765168376,-121.82837477048594,"PatientState(Location(""FIELD"", (37.804948765168376, -121.82837477048594), -1.0, FIELD), 103.29169453946557, UNKNOWN, LVO)"
