sample,reward_best,reward_CA,location_lat,location_lon,patient_state
1,0.24418294143999997,0.24418294143999997,38.01407638963153,-121.80358246673775,"PatientState(Location(""FIELD"", (38.01407638963153, -121.80358246673775), -1.0, FIELD), 159.65132790424127, UNKNOWN, NLVO)"
2,0.31651540363289526,0.24418294143999997,38.016097742714784,-121.80457532078579,"PatientState(Location(""FIELD"", (38.016097742714784, -121.80457532078579), -1.0, FIELD), 49.296502575409974, UNKNOWN, MIMIC)"
3,0.32390299869440686,0.24418294143999997,38.016508406053845,-121.80397416949597,"PatientState(Location(""FIELD"", (38.016508406053845, -121.80397416949597), -1.0, FIELD), 16.296189164816806, UNKNOWN, MIMIC)"
4,0.24418294143999997,0.24418294143999997,38.01655920864255,-121.80535099941108,"PatientState(Location(""FIELD"", (38.01655920864255, -121.80535099941108), -1.0, FIELD), 89.01511551734781, UNKNOWN, LVO)"
5,0.24418294143999997,0.24418294143999997,38.014238972379935,-121.80116337641729,"PatientState(Location(""FIELD"", (38.014238972379935, -121.80116337641729), -1.0, FIELD), 118.36750381384354, UNKNOWN, HEMORRHAGIC)"
