sample,reward_best,reward_CA,location_lat,location_lon,patient_state
1,0.352186715160018,0.33699141629993573,37.54023923372757,-122.30954580941756,"PatientState(Location(""FIELD"", (37.54023923372757, -122.30954580941756), -1.0, FIELD), 27.443025815952424, UNKNOWN, MIMIC)"
2,0.32979818908020314,0.3149601930049988,37.54206125287115,-122.30630121911626,"PatientState(Location(""FIELD"", (37.54206125287115, -122.30630121911626), -1.0, FIELD), 124.3491217757644, UNKNOWN, LVO)"
3,0.3364782184116651,0.32170779634618746,37.54111324606017,-122.3102059801022,"PatientState(Location(""FIELD"", (37.54111324606017, -122.3102059801022), -1.0, FIELD), 94.43627889810739, UNKNOWN, LVO)"
4,0.24418294143999997,0.24418294143999997,37.54210124247999,-122.30785629183133,"PatientState(Location(""FIELD"", (37.54210124247999, -122.30785629183133), -1.0, FIELD), 213.3275943626474, UNKNOWN, LVO)"
5,0.33788275714250443,0.3227306316039808,37.543426285255535,-122.30944934572834,"PatientState(Location(""FIELD"", (37.543426285255535, -122.30944934572834), -1.0, FIELD), 89.11730114149043, UNKNOWN, NLVO)"
