sample,reward_best,reward_CA,location_lat,location_lon,patient_state
1,0.24418294143999997,0.24418294143999997,37.792553425608126,-122.06678567572303,"PatientState(Location(""FIELD"", (37.792553425608126, -122.06678567572303), -1.0, FIELD), 268.0999985048556, UNKNOWN, LVO)"
2,0.24418294143999997,0.24418294143999997,37.78889730306961,-122.06968777467442,"PatientState(Location(""FIELD"", (37.78889730306961, -122.06968777467442), -1.0, FIELD), 224.64769434755104, UNKNOWN, HEMORRHAGIC)"
3,0.31836505185206576,0.24418294143999997,37.79021538875974,-122.06629908072652,"PatientState(Location(""FIELD"", (37.79021538875974, -122.06629908072652), -1.0, FIELD), 136.56460407252948, UNKNOWN, LVO)"
4,0.3367706797625992,0.3201098142681407,37.79259189473615,-122.06629710417643,"PatientState(Location(""FIELD"", (37.79259189473615, -122.06629710417643), -1.0, FIELD), 55.301675565830266, UNKNOWN, LVO)"
5,0.24418294143999997,0.24418294143999997,37.789479228272725,-122.06672265573367,"PatientState(Location(""FIELD"", (37.789479228272725, -122.06672265573367), -1.0, FIELD), 202.6249642307889, UNKNOWN, LVO)"
