sample,reward_best,reward_CA,location_lat,location_lon,patient_state
1,0.2532657246476517,0.24418294143999997,38.09799253613423,-122.25434365517602,"PatientState(Location(""FIELD"", (38.09799253613423, -122.25434365517602), -1.0, FIELD), 76.68625582150844, UNKNOWN, LVO)"
2,0.24418294143999997,0.24418294143999997,38.09472015317529,-122.2536141384636,"PatientState(Location(""FIELD"", (38.09472015317529, -122.2536141384636), -1.0, FIELD), 268.9669264269584, UNKNOWN, HEMORRHAGIC)"
3,0.24418294143999997,0.24418294143999997,38.09506456085156,-122.25478348888407,"PatientState(Location(""FIELD"", (38.09506456085156, -122.25478348888407), -1.0, FIELD), 160.1143923202485, UNKNOWN, LVO)"
4,0.24418294143999997,0.24418294143999997,38.09787041310581,-122.25575861719052,"PatientState(Location(""FIELD"", (38.09787041310581, -122.25575861719052), -1.0, FIELD), 266.56843826936506, UNKNOWN, MIMIC)"
5,0.24418294143999997,0.24418294143999997,38.09433226265812,-122.25366152198347,"PatientState(Location(""FIELD"", (38.09433226265812, -122.25366152198347), -1.0, FIELD), 267.55307502278464, UNKNOWN, HEMORRHAGIC)"
