sample,reward_best,reward_CA,location_lat,location_lon,patient_state
1,0.24418294143999997,0.24418294143999997,38.06753028066693,-121.75738620189748,"PatientState(Location(""FIELD"", (38.06753028066693, -121.75738620189748), -1.0, FIELD), 212.56744235331453, UNKNOWN, NLVO)"
2,0.24418294143999997,0.24418294143999997,38.06510451559456,-121.75921532433766,"PatientState(Location(""FIELD"", (38.06510451559456, -121.75921532433766), -1.0, FIELD), 200.87225927127216, UNKNOWN, MIMIC)"
3,0.24418294143999997,0.24418294143999997,38.06609741721957,-121.75743868227417,"PatientState(Location(""FIELD"", (38.06609741721957, -121.75743868227417), -1.0, FIELD), 202.2925117264782, UNKNOWN, LVO)"
4,0.24418294143999997,0.24418294143999997,38.0685757484393,-121.75784089840694,"PatientState(Location(""FIELD"", (38.0685757484393, -121.75784089840694), -1.0, FIELD), 176.57008004426328, UNKNOWN, LVO)"
5,0.24418294143999997,0.24418294143999997,38.06605118049302,-121.75669485752859,"PatientState(Location(""FIELD"", (38.06605118049302, -121.75669485752859), -1.0, FIELD), 213.74724852231986, UNKNOWN, MIMIC)"
