sample,reward_best,reward_CA,location_lat,location_lon,patient_state
1,0.32529959389538915,0.32529959389538915,37.43120319400756,-122.18857493129592,"PatientState(Location(""FIELD"", (37.43120319400756, -122.18857493129592), -1.0, FIELD), 154.3400818745076, UNKNOWN, HEMORRHAGIC)"
2,0.24418294143999997,0.24418294143999997,37.43179609983477,-122.18688762940037,"PatientState(Location(""FIELD"", (37.43179609983477, -122.18688762940037), -1.0, FIELD), 266.94006324883264, UNKNOWN, LVO)"
3,0.35103915087438436,0.35103915087438436,37.431153645639476,-122.18780241165966,"PatientState(Location(""FIELD"", (37.431153645639476, -122.18780241165966), -1.0, FIELD), 43.154923974020285, UNKNOWN, HEMORRHAGIC)"
4,0.3443076383219567,0.3443076383219567,37.43086228772124,-122.18959066083337,"PatientState(Location(""FIELD"", (37.43086228772124, -122.18959066083337), -1.0, FIELD), 71.35646747401621, UNKNOWN, HEMORRHAGIC)"
5,0.24418294143999997,0.24418294143999997,37.43117252372704,-122.1889732062617,"PatientState(Location(""FIELD"", (37.43117252372704, -122.1889732062617), -1.0, FIELD), 252.91196792961196, UNKNOWN, LVO)"
