sample,reward_best,reward_CA,location_lat,location_lon,patient_state
1,0.24418294143999997,0.24418294143999997,37.98069602191284,-122.4718855205038,"PatientState(Location(""FIELD"", (37.98069602191284, -122.4718855205038), -1.0, FIELD), 169.0098683923307, UNKNOWN, HEMORRHAGIC)"
2,0.25194824734181853,0.24418294143999997,37.982806591962856,-122.47555448183077,"PatientState(Location(""FIELD"", (37.982806591962856, -122.47555448183077), -1.0, FIELD), 147.40318915160626, UNKNOWN, LVO)"
3,0.26001454293646103,0.24418294143999997,37.9828333044468,-122.47184820004978,"PatientState(Location(""FIELD"", (37.9828333044468, -122.47184820004978), -1.0, FIELD), 102.66473878738834, UNKNOWN, HEMORRHAGIC)"
4,0.24418294143999997,0.24418294143999997,37.98262468401126,-122.47277710734947,"PatientState(Location(""FIELD"", (37.98262468401126, -122.47277710734947), -1.0, FIELD), 210.7164526561685, UNKNOWN, LVO)"
5,0.24418294143999997,0.24418294143999997,37.981988356564585,-122.47456745579821,"PatientState(Location(""FIELD"", (37.981988356564585, -122.47456745579821), -1.0, FIELD), 212.47245807876942, UNKNOWN, HEMORRHAGIC)"
