sample,reward_best,reward_CA,location_lat,location_lon,patient_state
1,0.24418294143999997,0.24418294143999997,37.98450024790633,-121.65751160009663,"PatientState(Location(""FIELD"", (37.98450024790633, -121.65751160009663), -1.0, FIELD), 146.941132591178, UNKNOWN, LVO)"
2,0.24418294143999997,0.24418294143999997,37.98594731187727,-121.65761064569632,"PatientState(Location(""FIELD"", (37.98594731187727, -121.65761064569632), -1.0, FIELD), 132.23233021445822, UNKNOWN, HEMORRHAGIC)"
3,0.24418294143999997,0.24418294143999997,37.98565138080031,-121.6587140589983,"PatientState(Location(""FIELD"", (37.98565138080031, -121.6587140589983), -1.0, FIELD), 149.1070066427318, UNKNOWN, MIMIC)"
4,0.24418294143999997,0.24418294143999997,37.985876311987894,-121.6588625408765,"PatientState(Location(""FIELD"", (37.985876311987894, -121.6588625408765), -1.0, FIELD), 212.46542876811736, UNKNOWN, LVO)"
5,0.24418294143999997,0.24418294143999997,37.98645782024313,-121.65682647799761,"PatientState(Location(""FIELD"", (37.98645782024313, -121.65682647799761), -1.0, FIELD), 180.48785092437288, UNKNOWN, HEMORRHAGIC)"
