sample,reward_best,reward_CA,location_lat,location_lon,patient_state
1,0.24418294143999997,0.24418294143999997,37.79679308064499,-121.87350837286849,"PatientState(Location(""FIELD"", (37.79679308064499, -121.87350837286849), -1.0, FIELD), 229.94460733778928, UNKNOWN, LVO)"
2,0.34088534720697244,0.32083694052456013,37.797482288324645,-121.87440420194095,"PatientState(Location(""FIELD"", (37.797482288324645, -121.87440420194095), -1.0, FIELD), 40.67551362433888, UNKNOWN, LVO)"
3,0.24418294143999997,0.24418294143999997,37.79786795775296,-121.87267453060642,"PatientState(Location(""FIELD"", (37.79786795775296, -121.87267453060642), -1.0, FIELD), 180.6690062246451, UNKNOWN, LVO)"
4,0.34093669959556916,0.3208869268270723,37.79825358627642,-121.87525528598651,"PatientState(Location(""FIELD"", (37.79825358627642, -121.87525528598651), -1.0, FIELD), 40.51638334241177, UNKNOWN, LVO)"
5,0.24418294143999997,0.24418294143999997,37.797019554461336,-121.8751687530105,"PatientState(Location(""FIELD"", (37.797019554461336, -121.8751687530105), -1.0, FIELD), 207.67839040367244, UNKNOWN, HEMORRHAGIC)"
