sample,reward_best,reward_CA,location_lat,location_lon,patient_state
1,0.327023487316807,0.26461817855563885,37.370057618395464,-121.9879327557404,"PatientState(Location(""FIELD"", (37.370057618395464, -121.9879327557404), -1.0, FIELD), 129.0514916453114, UNKNOWN, HEMORRHAGIC)"
2,0.24418294143999997,0.24418294143999997,37.37081367939759,-121.98724913977709,"PatientState(Location(""FIELD"", (37.37081367939759, -121.98724913977709), -1.0, FIELD), 237.8237952750981, UNKNOWN, LVO)"
3,0.35262371145420746,0.3502380102174436,37.37020225750528,-121.9873646446565,"PatientState(Location(""FIELD"", (37.37020225750528, -121.9873646446565), -1.0, FIELD), 18.62288205733056, UNKNOWN, MIMIC)"
4,0.32734472035833095,0.2649095656884115,37.36901249105685,-121.9905849843986,"PatientState(Location(""FIELD"", (37.36901249105685, -121.9905849843986), -1.0, FIELD), 128.1142613399579, UNKNOWN, LVO)"
5,0.31482882712958843,0.2543029221521807,37.37055588869759,-121.98986974083809,"PatientState(Location(""FIELD"", (37.37055588869759, -121.98986974083809), -1.0, FIELD), 185.60294315634192, UNKNOWN, MIMIC)"
