sample,reward_best,reward_CA,location_lat,location_lon,patient_state
1,0.24418294143999997,0.24418294143999997,38.11199880022445,-122.20659861564225,"PatientState(Location(""FIELD"", (38.11199880022445, -122.20659861564225), -1.0, FIELD), 115.26610906396058, UNKNOWN, NLVO)"
2,0.24418294143999997,0.24418294143999997,38.1111887639187,-122.20612284894372,"PatientState(Location(""FIELD"", (38.1111887639187, -122.20612284894372), -1.0, FIELD), 269.62065211405064, UNKNOWN, LVO)"
3,0.24418294143999997,0.24418294143999997,38.11159111211305,-122.21075161545377,"PatientState(Location(""FIELD"", (38.11159111211305, -122.21075161545377), -1.0, FIELD), 113.77018281461555, UNKNOWN, HEMORRHAGIC)"
4,0.24418294143999997,0.24418294143999997,38.11144635076319,-122.20943846764821,"PatientState(Location(""FIELD"", (38.11144635076319, -122.20943846764821), -1.0, FIELD), 201.40533360840692, UNKNOWN, MIMIC)"
5,0.24418294143999997,0.24418294143999997,38.10993374278798,-122.20872765774735,"PatientState(Location(""FIELD"", (38.10993374278798, -122.20872765774735), -1.0, FIELD), 234.00778215433482, UNKNOWN, NLVO)"
