sample,reward_best,reward_CA,location_lat,location_lon,patient_state
1,0.3337752939311269,0.334516751301228,37.504419345828566,-122.4579141770283,"PatientState(Location(""FIELD"", (37.504419345828566, -122.4579141770283), -1.0, FIELD), 75.46856254428381, UNKNOWN, LVO)"
2,0.34216739699057147,0.34216739699057147,37.5086691959486,-122.4607622908742,"PatientState(Location(""FIELD"", (37.5086691959486, -122.4607622908742), -1.0, FIELD), 41.35370911426304, UNKNOWN, MIMIC)"
3,0.33586068735095387,0.3366825056656832,37.50799783910666,-122.46006339563732,"PatientState(Location(""FIELD"", (37.50799783910666, -122.46006339563732), -1.0, FIELD), 64.89036275272713, UNKNOWN, LVO)"
4,0.24418294143999997,0.24418294143999997,37.50848239451165,-122.45946797367617,"PatientState(Location(""FIELD"", (37.50848239451165, -122.45946797367617), -1.0, FIELD), 218.74709741203193, UNKNOWN, HEMORRHAGIC)"
5,0.33888881091825496,0.3396974704576102,37.505243280818306,-122.4591989275924,"PatientState(Location(""FIELD"", (37.505243280818306, -122.4591989275924), -1.0, FIELD), 53.31732912447787, UNKNOWN, LVO)"
