sample,reward_best,reward_CA,location_lat,location_lon,patient_state
1,0.24418294143999997,0.24418294143999997,37.80292031747103,-122.48102253914959,"PatientState(Location(""FIELD"", (37.80292031747103, -122.48102253914959), -1.0, FIELD), 242.8938998680761, UNKNOWN, LVO)"
2,0.3431857265164318,0.33116831829929716,37.80289735339293,-122.48157645198276,"PatientState(Location(""FIELD"", (37.80289735339293, -122.48157645198276), -1.0, FIELD), 31.637233038523814, UNKNOWN, LVO)"
3,0.24418294143999997,0.24418294143999997,37.80074498164695,-122.48275225912889,"PatientState(Location(""FIELD"", (37.80074498164695, -122.48275225912889), -1.0, FIELD), 264.7111665817438, UNKNOWN, HEMORRHAGIC)"
4,0.24418294143999997,0.24418294143999997,37.79946461744752,-122.48240226990954,"PatientState(Location(""FIELD"", (37.79946461744752, -122.48240226990954), -1.0, FIELD), 204.86044006380956, UNKNOWN, HEMORRHAGIC)"
5,0.3393626316999366,0.3271729463005607,37.79895747082032,-122.48221893476021,"PatientState(Location(""FIELD"", (37.79895747082032, -122.48221893476021), -1.0, FIELD), 49.61089057440559, UNKNOWN, HEMORRHAGIC)"
