sample,reward_best,reward_CA,location_lat,location_lon,patient_state
1,0.31745564197714526,0.31745564197714526,37.18885578509478,-122.12624472827737,"PatientState(Location(""FIELD"", (37.18885578509478, -122.12624472827737), -1.0, FIELD), 140.0672461495745, UNKNOWN, NLVO)"
2,0.3405788303290319,0.3405788303290319,37.18917978926852,-122.12640445932175,"PatientState(Location(""FIELD"", (37.18917978926852, -122.12640445932175), -1.0, FIELD), 38.488802310962384, UNKNOWN, LVO)"
3,0.3328161596271377,0.3328161596271377,37.19266387051419,-122.12666851076533,"PatientState(Location(""FIELD"", (37.19266387051419, -122.12666851076533), -1.0, FIELD), 71.36807017018744, UNKNOWN, LVO)"
4,0.24418294143999997,0.24418294143999997,37.19138199683151,-122.12860192400669,"PatientState(Location(""FIELD"", (37.19138199683151, -122.12860192400669), -1.0, FIELD), 167.71244083478203, UNKNOWN, LVO)"
5,0.24418294143999997,0.24418294143999997,37.19336314066508,-122.1281843946436,"PatientState(Location(""FIELD"", (37.19336314066508, -122.1281843946436), -1.0, FIELD), 224.55356164682954, UNKNOWN, HEMORRHAGIC)"
