sample,reward_best,reward_CA,location_lat,location_lon,patient_state
1,0.24418294143999997,0.24418294143999997,37.70269007904761,-122.04737796169645,"PatientState(Location(""FIELD"", (37.70269007904761, -122.04737796169645), -1.0, FIELD), 207.21307563420993, UNKNOWN, HEMORRHAGIC)"
2,0.3406856777063377,0.32357319113220934,37.70058691081035,-122.04654669941272,"PatientState(Location(""FIELD"", (37.70058691081035, -122.04654669941272), -1.0, FIELD), 52.12252606129932, UNKNOWN, LVO)"
3,0.24418294143999997,0.24418294143999997,37.701631658252374,-122.04889778215299,"PatientState(Location(""FIELD"", (37.701631658252374, -122.04889778215299), -1.0, FIELD), 203.6773939356546, UNKNOWN, LVO)"
4,0.24418294143999997,0.24418294143999997,37.70258153870541,-122.04914734900436,"PatientState(Location(""FIELD"", (37.70258153870541, -122.04914734900436), -1.0, FIELD), 216.6379790062982, UNKNOWN, HEMORRHAGIC)"
5,0.31384370547374346,0.24418294143999997,37.702459381463065,-122.04623494563963,"PatientState(Location(""FIELD"", (37.702459381463065, -122.04623494563963), -1.0, FIELD), 171.18201382295666, UNKNOWN, HEMORRHAGIC)"
