sample,reward_best,reward_CA,location_lat,location_lon,patient_state
1,0.3351236006582115,0.24418294143999997,37.628064916225775,-122.12783648213268,"PatientState(Location(""FIELD"", (37.628064916225775, -122.12783648213268), -1.0, FIELD), 89.16110214326642, UNKNOWN, HEMORRHAGIC)"
2,0.24418294143999997,0.24418294143999997,37.62850745734317,-122.13016823505116,"PatientState(Location(""FIELD"", (37.62850745734317, -122.13016823505116), -1.0, FIELD), 223.47592294206802, UNKNOWN, MIMIC)"
3,0.34430827770009664,0.3220431675533613,37.628201582684326,-122.12676013808141,"PatientState(Location(""FIELD"", (37.628201582684326, -122.12676013808141), -1.0, FIELD), 49.50206626660817, UNKNOWN, HEMORRHAGIC)"
4,0.3159734698304626,0.24418294143999997,37.62466399201653,-122.12719390705412,"PatientState(Location(""FIELD"", (37.62466399201653, -122.12719390705412), -1.0, FIELD), 174.0169615875778, UNKNOWN, LVO)"
5,0.34521539883227065,0.32291666788077317,37.62565555260705,-122.12930934793872,"PatientState(Location(""FIELD"", (37.62565555260705, -122.12930934793872), -1.0, FIELD), 45.1384505797403, UNKNOWN, LVO)"
