sample,reward_best,reward_CA,location_lat,location_lon,patient_state
1,0.24418294143999997,0.24418294143999997,37.764763273234784,-121.84993731750055,"PatientState(Location(""FIELD"", (37.764763273234784, -121.84993731750055), -1.0, FIELD), 235.6356095888624, UNKNOWN, LVO)"
2,0.34129943450642064,0.3190634997962795,37.765687441979225,-121.84898737255833,"PatientState(Location(""FIELD"", (37.765687441979225, -121.84898737255833), -1.0, FIELD), 36.98726534429586, UNKNOWN, LVO)"
3,0.31579900179734693,0.24418294143999997,37.76564148034949,-121.8507322048706,"PatientState(Location(""FIELD"", (37.76564148034949, -121.8507322048706), -1.0, FIELD), 149.01347608114116, UNKNOWN, HEMORRHAGIC)"
4,0.24418294143999997,0.24418294143999997,37.76664034560363,-121.84606691081265,"PatientState(Location(""FIELD"", (37.76664034560363, -121.84606691081265), -1.0, FIELD), 176.845223936073, UNKNOWN, MIMIC)"
5,0.24418294143999997,0.24418294143999997,37.76407305720009,-121.85038230202555,"PatientState(Location(""FIELD"", (37.76407305720009, -121.85038230202555), -1.0, FIELD), 264.10420708755436, UNKNOWN, HEMORRHAGIC)"
