sample,reward_best,reward_CA,location_lat,location_lon,patient_state
1,0.25170390953192295,0.24418294143999997,38.006972886834895,-121.69322883748856,"PatientState(Location(""FIELD"", (38.006972886834895, -121.69322883748856), -1.0, FIELD), 51.82303526189386, UNKNOWN, LVO)"
2,0.24418294143999997,0.24418294143999997,38.006250670011376,-121.69407517777202,"PatientState(Location(""FIELD"", (38.006250670011376, -121.69407517777202), -1.0, FIELD), 55.475968817711035, UNKNOWN, LVO)"
3,0.24418294143999997,0.24418294143999997,38.008029842541056,-121.69133008262129,"PatientState(Location(""FIELD"", (38.008029842541056, -121.69133008262129), -1.0, FIELD), 104.06521702442747, UNKNOWN, LVO)"
4,0.24418294143999997,0.24418294143999997,38.00769910369469,-121.69113554383225,"PatientState(Location(""FIELD"", (38.00769910369469, -121.69113554383225), -1.0, FIELD), 194.82116193048205, UNKNOWN, LVO)"
5,0.24418294143999997,0.24418294143999997,38.00585989859866,-121.69332860971149,"PatientState(Location(""FIELD"", (38.00585989859866, -121.69332860971149), -1.0, FIELD), 171.57253346060153, UNKNOWN, LVO)"
