sample,reward_best,reward_CA,location_lat,location_lon,patient_state
1,0.3493510411341857,0.33106464645168404,37.722622853229055,-122.19247488121468,"PatientState(Location(""FIELD"", (37.722622853229055, -122.19247488121468), -1.0, FIELD), 18.31336890024243, UNKNOWN, NLVO)"
2,0.3255475263547451,0.24418294143999997,37.72093029168799,-122.19459712940589,"PatientState(Location(""FIELD"", (37.72093029168799, -122.19459712940589), -1.0, FIELD), 122.36193984642973, UNKNOWN, LVO)"
3,0.24418294143999997,0.24418294143999997,37.72167702880439,-122.19465341968547,"PatientState(Location(""FIELD"", (37.72167702880439, -122.19465341968547), -1.0, FIELD), 186.22838075748425, UNKNOWN, HEMORRHAGIC)"
4,0.24418294143999997,0.24418294143999997,37.719176214935004,-122.19159638397798,"PatientState(Location(""FIELD"", (37.719176214935004, -122.19159638397798), -1.0, FIELD), 237.97009391518435, UNKNOWN, HEMORRHAGIC)"
5,0.31412136057187706,0.24418294143999997,37.72130047596697,-122.19392160365827,"PatientState(Location(""FIELD"", (37.72130047596697, -122.19392160365827), -1.0, FIELD), 173.3647368918779, UNKNOWN, HEMORRHAGIC)"
