sample,reward_best,reward_CA,location_lat,location_lon,patient_state
1,0.24418294143999997,0.24418294143999997,37.87908225392935,-121.92306809195424,"PatientState(Location(""FIELD"", (37.87908225392935, -121.92306809195424), -1.0, FIELD), 188.75536737818035, UNKNOWN, HEMORRHAGIC)"
2,0.323126856522494,0.32351714022984057,37.8788626253096,-121.92465292057317,"PatientState(Location(""FIELD"", (37.8788626253096, -121.92465292057317), -1.0, FIELD), 0.40244525266084685, UNKNOWN, LVO)"
3,0.24418294143999997,0.24418294143999997,37.88216788653806,-121.9208342825947,"PatientState(Location(""FIELD"", (37.88216788653806, -121.9208342825947), -1.0, FIELD), 58.39265867636512, UNKNOWN, HEMORRHAGIC)"
4,0.3195028942446625,0.3195028942446625,37.882561473605335,-121.92303791653376,"PatientState(Location(""FIELD"", (37.882561473605335, -121.92303791653376), -1.0, FIELD), 12.050694188187759, UNKNOWN, HEMORRHAGIC)"
5,0.24418294143999997,0.24418294143999997,37.883153844606866,-121.92206154867652,"PatientState(Location(""FIELD"", (37.883153844606866, -121.92206154867652), -1.0, FIELD), 150.31840800415156, UNKNOWN, LVO)"
