sample,reward_best,reward_CA,location_lat,location_lon,patient_state
1,0.3557196685396778,0.33851838988902905,37.55229140792826,-122.01614590536073,"PatientState(Location(""FIELD"", (37.55229140792826, -122.01614590536073), -1.0, FIELD), 1.5394646348711583, UNKNOWN, LVO)"
2,0.32294812706298803,0.24418294143999997,37.54939858266834,-122.01758232891348,"PatientState(Location(""FIELD"", (37.54939858266834, -122.01758232891348), -1.0, FIELD), 143.76721586944925, UNKNOWN, LVO)"
3,0.3425166909245918,0.3255584260525084,37.55178215175489,-122.01686809748966,"PatientState(Location(""FIELD"", (37.55178215175489, -122.01686809748966), -1.0, FIELD), 57.875073851627256, UNKNOWN, HEMORRHAGIC)"
4,0.33851901979012344,0.3217259382137141,37.551829829871316,-122.01672996004834,"PatientState(Location(""FIELD"", (37.551829829871316, -122.01672996004834), -1.0, FIELD), 74.94961894059327, UNKNOWN, HEMORRHAGIC)"
5,0.24418294143999997,0.24418294143999997,37.55063965724133,-122.01736337253402,"PatientState(Location(""FIELD"", (37.55063965724133, -122.01736337253402), -1.0, FIELD), 242.06639659980587, UNKNOWN, NLVO)"
