sample,reward_best,reward_CA,location_lat,location_lon,patient_state
1,0.24418294143999997,0.24418294143999997,37.52724818063515,-121.68791251236411,"PatientState(Location(""FIELD"", (37.52724818063515, -121.68791251236411), -1.0, FIELD), 157.33999561147664, UNKNOWN, MIMIC)"
2,0.3295164978110236,0.24418294143999997,37.52614337371448,-121.69055789333348,"PatientState(Location(""FIELD"", (37.52614337371448, -121.69055789333348), -1.0, FIELD), 57.0717956521988, UNKNOWN, LVO)"
3,0.24418294143999997,0.24418294143999997,37.52584059079002,-121.68703510842843,"PatientState(Location(""FIELD"", (37.52584059079002, -121.68703510842843), -1.0, FIELD), 128.5221741203351, UNKNOWN, LVO)"
4,0.24418294143999997,0.24418294143999997,37.52586090134108,-121.6880169994547,"PatientState(Location(""FIELD"", (37.52586090134108, -121.6880169994547), -1.0, FIELD), 265.7250979285544, UNKNOWN, LVO)"
5,0.3419596567458749,0.3227915691427994,37.525745940677695,-121.68673896134983,"PatientState(Location(""FIELD"", (37.525745940677695, -121.68673896134983), -1.0, FIELD), 1.6051074086074413, UNKNOWN, LVO)"
