sample,reward_best,reward_CA,location_lat,location_lon,patient_state
1,0.32439610063842,0.32439610063842,37.31337830925667,-121.65440297669713,"PatientState(Location(""FIELD"", (37.31337830925667, -121.65440297669713), -1.0, FIELD), 126.10730080433012, UNKNOWN, HEMORRHAGIC)"
2,0.35099297758738823,0.35099297758738823,37.313198508830304,-121.65375533865551,"PatientState(Location(""FIELD"", (37.313198508830304, -121.65375533865551), -1.0, FIELD), 7.848778408827481, UNKNOWN, NLVO)"
3,0.34793326762500004,0.34793326762500004,37.31280753898476,-121.65516741417325,"PatientState(Location(""FIELD"", (37.31280753898476, -121.65516741417325), -1.0, FIELD), 24.074331006346792, UNKNOWN, NLVO)"
4,0.34989642477072913,0.34989642477072913,37.31056709056828,-121.65388785897352,"PatientState(Location(""FIELD"", (37.31056709056828, -121.65388785897352), -1.0, FIELD), 12.282624530782556, UNKNOWN, LVO)"
5,0.24418294143999997,0.24418294143999997,37.312973514705746,-121.65513642286791,"PatientState(Location(""FIELD"", (37.312973514705746, -121.65513642286791), -1.0, FIELD), 246.64842872953878, UNKNOWN, LVO)"
