sample,reward_best,reward_CA,location_lat,location_lon,patient_state
1,0.3256726912105247,0.24418294143999997,37.70531714962352,-121.81557198856568,"PatientState(Location(""FIELD"", (37.70531714962352, -121.81557198856568), -1.0, FIELD), 117.0994339095514, UNKNOWN, HEMORRHAGIC)"
2,0.32691620562094376,0.24418294143999997,37.706051424327036,-121.8155325127467,"PatientState(Location(""FIELD"", (37.706051424327036, -121.8155325127467), -1.0, FIELD), 111.35220672587435, UNKNOWN, LVO)"
3,0.24418294143999997,0.24418294143999997,37.70839781430372,-121.81498663519311,"PatientState(Location(""FIELD"", (37.70839781430372, -121.81498663519311), -1.0, FIELD), 205.5609746228642, UNKNOWN, LVO)"
4,0.24418294143999997,0.24418294143999997,37.70525612445234,-121.81246257591745,"PatientState(Location(""FIELD"", (37.70525612445234, -121.81246257591745), -1.0, FIELD), 212.01006877999023, UNKNOWN, NLVO)"
5,0.24418294143999997,0.24418294143999997,37.70695916693876,-121.81365353824589,"PatientState(Location(""FIELD"", (37.70695916693876, -121.81365353824589), -1.0, FIELD), 241.8070117308702, UNKNOWN, HEMORRHAGIC)"
