sample,reward_best,reward_CA,location_lat,location_lon,patient_state
1,0.3253267274389041,0.24418294143999997,37.73525773061772,-122.14071545664088,"PatientState(Location(""FIELD"", (37.73525773061772, -122.14071545664088), -1.0, FIELD), 119.79024225826983, UNKNOWN, LVO)"
2,0.3277495875820859,0.24418294143999997,37.7372522133476,-122.13716540869699,"PatientState(Location(""FIELD"", (37.7372522133476, -122.13716540869699), -1.0, FIELD), 108.23009567170139, UNKNOWN, LVO)"
3,0.24418294143999997,0.24418294143999997,37.73408369084901,-122.13624016857334,"PatientState(Location(""FIELD"", (37.73408369084901, -122.13624016857334), -1.0, FIELD), 268.0149933946043, UNKNOWN, HEMORRHAGIC)"
4,0.33027314571028804,0.31469286649402306,37.73390823955287,-122.13629411057767,"PatientState(Location(""FIELD"", (37.73390823955287, -122.13629411057767), -1.0, FIELD), 97.47431180005567, UNKNOWN, HEMORRHAGIC)"
5,0.3372723003141259,0.3212623678075377,37.73792110354016,-122.13751116341496,"PatientState(Location(""FIELD"", (37.73792110354016, -122.13751116341496), -1.0, FIELD), 66.49623718473819, UNKNOWN, HEMORRHAGIC)"
