sample,reward_best,reward_CA,location_lat,location_lon,patient_state
1,0.32806082202738135,0.2630398197999345,38.13304200831413,-122.57205188375745,"PatientState(Location(""FIELD"", (38.13304200831413, -122.57205188375745), -1.0, FIELD), 5.708615400050153, UNKNOWN, HEMORRHAGIC)"
2,0.24418294143999997,0.24418294143999997,38.129053792916345,-122.57484086937775,"PatientState(Location(""FIELD"", (38.129053792916345, -122.57484086937775), -1.0, FIELD), 143.60446777394205, UNKNOWN, LVO)"
3,0.2533212798049149,0.25234566820503673,38.132438658741854,-122.57397698539066,"PatientState(Location(""FIELD"", (38.132438658741854, -122.57397698539066), -1.0, FIELD), 65.74260835122047, UNKNOWN, LVO)"
4,0.3244289247331738,0.26014334063407835,38.12946081194516,-122.57496109478735,"PatientState(Location(""FIELD"", (38.12946081194516, -122.57496109478735), -1.0, FIELD), 22.159132070667038, UNKNOWN, HEMORRHAGIC)"
5,0.24418294143999997,0.24418294143999997,38.13275561856139,-122.57412313537795,"PatientState(Location(""FIELD"", (38.13275561856139, -122.57412313537795), -1.0, FIELD), 111.84406795698888, UNKNOWN, LVO)"
