sample,reward_best,reward_CA,location_lat,location_lon,patient_state
1,0.3228468061782666,0.3228468061782666,37.42717356416451,-121.88476110681475,"PatientState(Location(""FIELD"", (37.42717356416451, -121.88476110681475), -1.0, FIELD), 161.63675387436857, UNKNOWN, HEMORRHAGIC)"
2,0.24418294143999997,0.24418294143999997,37.42488109775983,-121.8835798016285,"PatientState(Location(""FIELD"", (37.42488109775983, -121.8835798016285), -1.0, FIELD), 234.99982177119588, UNKNOWN, NLVO)"
3,0.3205489059640834,0.3205489059640834,37.42468994528425,-121.88370952579736,"PatientState(Location(""FIELD"", (37.42468994528425, -121.88370952579736), -1.0, FIELD), 172.04052048724583, UNKNOWN, HEMORRHAGIC)"
4,0.34671488421027624,0.34671488421027624,37.42810519703622,-121.88136190435627,"PatientState(Location(""FIELD"", (37.42810519703622, -121.88136190435627), -1.0, FIELD), 54.60149372713516, UNKNOWN, HEMORRHAGIC)"
5,0.24418294143999997,0.24418294143999997,37.42766004020639,-121.88198677268699,"PatientState(Location(""FIELD"", (37.42766004020639, -121.88198677268699), -1.0, FIELD), 231.4869176319223, UNKNOWN, HEMORRHAGIC)"
