sample,reward_best,reward_CA,location_lat,location_lon,patient_state
1,0.34266051046109763,0.34266051046109763,37.35392778062171,-121.58105984927818,"PatientState(Location(""FIELD"", (37.35392778062171, -121.58105984927818), -1.0, FIELD), 29.995001237027, UNKNOWN, LVO)"
2,0.24418294143999997,0.24418294143999997,37.35491939269055,-121.58474664613881,"PatientState(Location(""FIELD"", (37.35491939269055, -121.58474664613881), -1.0, FIELD), 237.72084319678552, UNKNOWN, LVO)"
3,0.3319170097237816,0.3319170097237816,37.354261355078854,-121.58258585679529,"PatientState(Location(""FIELD"", (37.354261355078854, -121.58258585679529), -1.0, FIELD), 77.77101158133836, UNKNOWN, HEMORRHAGIC)"
4,0.3330956346069594,0.3330956346069594,37.356848582218404,-121.58230762048298,"PatientState(Location(""FIELD"", (37.356848582218404, -121.58230762048298), -1.0, FIELD), 71.95382874949217, UNKNOWN, LVO)"
5,0.32168178163022493,0.32168178163022493,37.354436157237075,-121.58440089125013,"PatientState(Location(""FIELD"", (37.354436157237075, -121.58440089125013), -1.0, FIELD), 122.87863316059251, UNKNOWN, LVO)"
