sample,reward_best,reward_CA,location_lat,location_lon,patient_state
1,0.24418294143999997,0.24418294143999997,37.33580751427426,-122.10741910115959,"PatientState(Location(""FIELD"", (37.33580751427426, -122.10741910115959), -1.0, FIELD), 217.31853401500445, UNKNOWN, HEMORRHAGIC)"
2,0.35134332622110753,0.34717608720636967,37.33590471878894,-122.10674955954437,"PatientState(Location(""FIELD"", (37.33590471878894, -122.10674955954437), -1.0, FIELD), 23.288880975536998, UNKNOWN, HEMORRHAGIC)"
3,0.24418294143999997,0.24418294143999997,37.337732632719465,-122.10653805025895,"PatientState(Location(""FIELD"", (37.337732632719465, -122.10653805025895), -1.0, FIELD), 244.80050231855492, UNKNOWN, LVO)"
4,0.24418294143999997,0.24418294143999997,37.33589067927545,-122.1089698751564,"PatientState(Location(""FIELD"", (37.33589067927545, -122.1089698751564), -1.0, FIELD), 231.69491770179948, UNKNOWN, NLVO)"
5,0.32010837817348536,0.2577994587904749,37.33758055928253,-122.10624278874971,"PatientState(Location(""FIELD"", (37.33758055928253, -122.10624278874971), -1.0, FIELD), 158.85974824675398, UNKNOWN, MIMIC)"
