sample,reward_best,reward_CA,location_lat,location_lon,patient_state
1,0.24418294143999997,0.24418294143999997,38.04013453823403,-121.88295504850512,"PatientState(Location(""FIELD"", (38.04013453823403, -121.88295504850512), -1.0, FIELD), 268.3343963491181, UNKNOWN, LVO)"
2,0.24418294143999997,0.24418294143999997,38.04164148782468,-121.88367974305251,"PatientState(Location(""FIELD"", (38.04164148782468, -121.88367974305251), -1.0, FIELD), 111.76170279310732, UNKNOWN, MIMIC)"
3,0.24418294143999997,0.24418294143999997,38.04067229676988,-121.8846745470568,"PatientState(Location(""FIELD"", (38.04067229676988, -121.8846745470568), -1.0, FIELD), 160.41145051917613, UNKNOWN, NLVO)"
4,0.3237425447774226,0.24418294143999997,38.04052127707384,-121.88285305403065,"PatientState(Location(""FIELD"", (38.04052127707384, -121.88285305403065), -1.0, FIELD), 23.201254206948896, UNKNOWN, LVO)"
5,0.24418294143999997,0.24418294143999997,38.0409819824189,-121.8833245212319,"PatientState(Location(""FIELD"", (38.0409819824189, -121.8833245212319), -1.0, FIELD), 108.94426662074191, UNKNOWN, LVO)"
