sample,reward_best,reward_CA,location_lat,location_lon,patient_state
1,0.3230030525645449,0.24418294143999997,37.80902035466126,-122.01262333038103,"PatientState(Location(""FIELD"", (37.80902035466126, -122.01262333038103), -1.0, FIELD), 106.47022665179546, UNKNOWN, LVO)"
2,0.32923043088049564,0.2516872602949139,37.81372819567055,-122.01291196464737,"PatientState(Location(""FIELD"", (37.81372819567055, -122.01291196464737), -1.0, FIELD), 80.29761110569291, UNKNOWN, HEMORRHAGIC)"
3,0.24418294143999997,0.24418294143999997,37.81116802297445,-122.0155840019608,"PatientState(Location(""FIELD"", (37.81116802297445, -122.0155840019608), -1.0, FIELD), 232.6445236255657, UNKNOWN, LVO)"
4,0.24418294143999997,0.24418294143999997,37.809017483281394,-122.01166993507265,"PatientState(Location(""FIELD"", (37.809017483281394, -122.01166993507265), -1.0, FIELD), 259.634286824305, UNKNOWN, HEMORRHAGIC)"
5,0.24418294143999997,0.24418294143999997,37.80895656632998,-122.01361242867061,"PatientState(Location(""FIELD"", (37.80895656632998, -122.01361242867061), -1.0, FIELD), 198.99081627777971, UNKNOWN, MIMIC)"
