sample,reward_best,reward_CA,location_lat,location_lon,patient_state
1,0.35423422804723653,0.35423422804723653,37.38540549721181,-122.24313099910785,"PatientState(Location(""FIELD"", (37.38540549721181, -122.24313099910785), -1.0, FIELD), 14.424706483819826, UNKNOWN, LVO)"
2,0.33197184651132566,0.33197184651132566,37.38419016201003,-122.24474290214856,"PatientState(Location(""FIELD"", (37.38419016201003, -122.24474290214856), -1.0, FIELD), 109.55502146447806, UNKNOWN, HEMORRHAGIC)"
3,0.3323079380542705,0.3323079380542705,37.38849134942652,-122.24555598902806,"PatientState(Location(""FIELD"", (37.38849134942652, -122.24555598902806), -1.0, FIELD), 111.33371990617988, UNKNOWN, LVO)"
4,0.33506398175179414,0.33506398175179414,37.38784706411689,-122.24116838855485,"PatientState(Location(""FIELD"", (37.38784706411689, -122.24116838855485), -1.0, FIELD), 99.59489612675556, UNKNOWN, HEMORRHAGIC)"
5,0.24418294143999997,0.24418294143999997,37.38748059260749,-122.24164144902947,"PatientState(Location(""FIELD"", (37.38748059260749, -122.24164144902947), -1.0, FIELD), 268.4481753124056, UNKNOWN, HEMORRHAGIC)"
