sample,reward_best,reward_CA,location_lat,location_lon,patient_state
1,0.24418294143999997,0.24418294143999997,37.82170105506624,-122.30878036562493,"PatientState(Location(""FIELD"", (37.82170105506624, -122.30878036562493), -1.0, FIELD), 175.73867745522188, UNKNOWN, LVO)"
2,0.24418294143999997,0.24418294143999997,37.82063199775724,-122.30837945629837,"PatientState(Location(""FIELD"", (37.82063199775724, -122.30837945629837), -1.0, FIELD), 184.94628218592, UNKNOWN, HEMORRHAGIC)"
3,0.34347708237976915,0.3294025607449984,37.82074603183963,-122.30961810446303,"PatientState(Location(""FIELD"", (37.82074603183963, -122.30961810446303), -1.0, FIELD), 29.480926909126897, UNKNOWN, LVO)"
4,0.31647699814753877,0.24418294143999997,37.82206856597019,-122.30652831574011,"PatientState(Location(""FIELD"", (37.82206856597019, -122.30652831574011), -1.0, FIELD), 148.41172599207647, UNKNOWN, LVO)"
5,0.24418294143999997,0.24418294143999997,37.819714346667176,-122.30749123888582,"PatientState(Location(""FIELD"", (37.819714346667176, -122.30749123888582), -1.0, FIELD), 184.68940840359988, UNKNOWN, LVO)"
