sample,reward_best,reward_CA,location_lat,location_lon,patient_state
1,0.345700596486149,0.3413330215332732,37.32945562761069,-122.04198196717317,"PatientState(Location(""FIELD"", (37.32945562761069, -122.04198196717317), -1.0, FIELD), 54.38529456024966, UNKNOWN, MIMIC)"
2,0.3249026376105929,0.2614174882533597,37.32933313994502,-122.04560947471843,"PatientState(Location(""FIELD"", (37.32933313994502, -122.04560947471843), -1.0, FIELD), 143.337327978312, UNKNOWN, NLVO)"
3,0.32998228120632733,0.2657969835520274,37.33231307610769,-122.04390314366901,"PatientState(Location(""FIELD"", (37.33231307610769, -122.04390314366901), -1.0, FIELD), 120.33445077738043, UNKNOWN, LVO)"
4,0.24418294143999997,0.24418294143999997,37.331549093475914,-122.04306873190599,"PatientState(Location(""FIELD"", (37.331549093475914, -122.04306873190599), -1.0, FIELD), 207.06442688849407, UNKNOWN, LVO)"
5,0.3567712403602078,0.35240218057162714,37.32895213257011,-122.045007567634,"PatientState(Location(""FIELD"", (37.32895213257011, -122.045007567634), -1.0, FIELD), 6.145591853229275, UNKNOWN, LVO)"
