sample,reward_best,reward_CA,location_lat,location_lon,patient_state
1,0.24418294143999997,0.24418294143999997,37.57777123217469,-121.72130408939046,"PatientState(Location(""FIELD"", (37.57777123217469, -121.72130408939046), -1.0, FIELD), 213.4867264090221, UNKNOWN, NLVO)"
2,0.3439629911612639,0.3247295833139544,37.57633333295204,-121.72486638932563,"PatientState(Location(""FIELD"", (37.57633333295204, -121.72486638932563), -1.0, FIELD), 6.815871909708456, UNKNOWN, HEMORRHAGIC)"
3,0.3390056264181247,0.3199357714492783,37.57536180069313,-121.72545126541011,"PatientState(Location(""FIELD"", (37.57536180069313, -121.72545126541011), -1.0, FIELD), 25.551810834855342, UNKNOWN, HEMORRHAGIC)"
4,0.24418294143999997,0.24418294143999997,37.574291559976004,-121.72538919109435,"PatientState(Location(""FIELD"", (37.574291559976004, -121.72538919109435), -1.0, FIELD), 137.6646116869069, UNKNOWN, LVO)"
5,0.24418294143999997,0.24418294143999997,37.57848934651811,-121.72441775317682,"PatientState(Location(""FIELD"", (37.57848934651811, -121.72441775317682), -1.0, FIELD), 245.3071818473342, UNKNOWN, MIMIC)"
