sample,reward_best,reward_CA,location_lat,location_lon,patient_state
1,0.33589350761189407,0.33589350761189407,37.38563623506305,-121.87832309736511,"PatientState(Location(""FIELD"", (37.38563623506305, -121.87832309736511), -1.0, FIELD), 103.14308374861993, UNKNOWN, LVO)"
2,0.31368989715369405,0.31368989715369405,37.385241979761076,-121.87844557241871,"PatientState(Location(""FIELD"", (37.385241979761076, -121.87844557241871), -1.0, FIELD), 201.04028688370494, UNKNOWN, HEMORRHAGIC)"
3,0.24418294143999997,0.24418294143999997,37.38877727356991,-121.88019774897562,"PatientState(Location(""FIELD"", (37.38877727356991, -121.88019774897562), -1.0, FIELD), 225.81082456459214, UNKNOWN, LVO)"
4,0.3502252707882788,0.3502252707882788,37.386320829011545,-121.87595557352053,"PatientState(Location(""FIELD"", (37.386320829011545, -121.87595557352053), -1.0, FIELD), 42.671539947192805, UNKNOWN, MIMIC)"
5,0.3331562223971247,0.3331562223971247,37.385912966401065,-121.87658290156753,"PatientState(Location(""FIELD"", (37.385912966401065, -121.87658290156753), -1.0, FIELD), 115.80494619241514, UNKNOWN, HEMORRHAGIC)"
