sample,reward_best,reward_CA,location_lat,location_lon,patient_state
1,0.3248483176021212,0.24418294143999997,38.010571492436014,-121.72612939682634,"PatientState(Location(""FIELD"", (38.010571492436014, -121.72612939682634), -1.0, FIELD), 9.113830387806825, UNKNOWN, LVO)"
2,0.24418294143999997,0.24418294143999997,38.01099942001002,-121.72909846411032,"PatientState(Location(""FIELD"", (38.01099942001002, -121.72909846411032), -1.0, FIELD), 236.78970921684976, UNKNOWN, HEMORRHAGIC)"
3,0.24418294143999997,0.24418294143999997,38.01035908236364,-121.72793076636496,"PatientState(Location(""FIELD"", (38.01035908236364, -121.72793076636496), -1.0, FIELD), 136.2789770928141, UNKNOWN, MIMIC)"
4,0.24418294143999997,0.24418294143999997,38.01304749152615,-121.72783402519109,"PatientState(Location(""FIELD"", (38.01304749152615, -121.72783402519109), -1.0, FIELD), 235.1648076210863, UNKNOWN, HEMORRHAGIC)"
5,0.32447187297622726,0.24418294143999997,38.01368588500501,-121.72702769591264,"PatientState(Location(""FIELD"", (38.01368588500501, -121.72702769591264), -1.0, FIELD), 10.465446769739966, UNKNOWN, LVO)"
