sample,reward_best,reward_CA,location_lat,location_lon,patient_state
1,0.33482373910154317,0.31589689655134523,37.6650733901345,-121.89413259248863,"PatientState(Location(""FIELD"", (37.6650733901345, -121.89413259248863), -1.0, FIELD), 79.08967296251245, UNKNOWN, LVO)"
2,0.32006253674228285,0.24418294143999997,37.665505204071344,-121.89260667733735,"PatientState(Location(""FIELD"", (37.665505204071344, -121.89260667733735), -1.0, FIELD), 144.24424343622732, UNKNOWN, HEMORRHAGIC)"
3,0.3272860925917972,0.24418294143999997,37.667480631246505,-121.8957502813346,"PatientState(Location(""FIELD"", (37.667480631246505, -121.8957502813346), -1.0, FIELD), 117.86391445198021, UNKNOWN, HEMORRHAGIC)"
4,0.24418294143999997,0.24418294143999997,37.6649816789118,-121.8950585582731,"PatientState(Location(""FIELD"", (37.6649816789118, -121.8950585582731), -1.0, FIELD), 192.96390607301967, UNKNOWN, LVO)"
5,0.33332137606916007,0.314447055135171,37.66852453685688,-121.89528280772664,"PatientState(Location(""FIELD"", (37.66852453685688, -121.89528280772664), -1.0, FIELD), 91.02077950939193, UNKNOWN, LVO)"
