sample,reward_best,reward_CA,location_lat,location_lon,patient_state
1,0.33211587236938755,0.3171328364183994,37.86630028099811,-122.12356799124228,"PatientState(Location(""FIELD"", (37.86630028099811, -122.12356799124228), -1.0, FIELD), 65.79989338181554, UNKNOWN, NLVO)"
2,0.32530252427587153,0.24418294143999997,37.86796281097513,-122.12565663186821,"PatientState(Location(""FIELD"", (37.86796281097513, -122.12565663186821), -1.0, FIELD), 96.28880575794426, UNKNOWN, LVO)"
3,0.24418294143999997,0.24418294143999997,37.864244333883256,-122.12086243028875,"PatientState(Location(""FIELD"", (37.864244333883256, -122.12086243028875), -1.0, FIELD), 237.11256780715246, UNKNOWN, HEMORRHAGIC)"
4,0.3218088661044674,0.24418294143999997,37.865124629008314,-122.12444323612083,"PatientState(Location(""FIELD"", (37.865124629008314, -122.12444323612083), -1.0, FIELD), 111.19354274617183, UNKNOWN, MIMIC)"
5,0.24418294143999997,0.24418294143999997,37.866411526257586,-122.12386959811651,"PatientState(Location(""FIELD"", (37.866411526257586, -122.12386959811651), -1.0, FIELD), 205.76238454354484, UNKNOWN, LVO)"
