sample,reward_best,reward_CA,location_lat,location_lon,patient_state
1,0.24418294143999997,0.24418294143999997,38.02973290632818,-121.94246635383439,"PatientState(Location(""FIELD"", (38.02973290632818, -121.94246635383439), -1.0, FIELD), 257.0142705202347, UNKNOWN, LVO)"
2,0.24418294143999997,0.24418294143999997,38.030585728564965,-121.94226577123993,"PatientState(Location(""FIELD"", (38.030585728564965, -121.94226577123993), -1.0, FIELD), 253.028465718878, UNKNOWN, LVO)"
3,0.24418294143999997,0.24418294143999997,38.02943566278932,-121.94410119825186,"PatientState(Location(""FIELD"", (38.02943566278932, -121.94410119825186), -1.0, FIELD), 125.81010518288193, UNKNOWN, HEMORRHAGIC)"
4,0.24418294143999997,0.24418294143999997,38.03041551981022,-121.94378006067475,"PatientState(Location(""FIELD"", (38.03041551981022, -121.94378006067475), -1.0, FIELD), 203.59180443697468, UNKNOWN, HEMORRHAGIC)"
5,0.24418294143999997,0.24418294143999997,38.029188137068665,-121.94222641504821,"PatientState(Location(""FIELD"", (38.029188137068665, -121.94222641504821), -1.0, FIELD), 220.2319296239723, UNKNOWN, LVO)"
