sample,reward_best,reward_CA,location_lat,location_lon,patient_state
1,0.24418294143999997,0.24418294143999997,38.00149978021035,-121.72855192132083,"PatientState(Location(""FIELD"", (38.00149978021035, -121.72855192132083), -1.0, FIELD), 121.4697057829571, UNKNOWN, LVO)"
2,0.24418294143999997,0.24418294143999997,38.001882756804434,-121.73050235489217,"PatientState(Location(""FIELD"", (38.001882756804434, -121.73050235489217), -1.0, FIELD), 187.6033124214896, UNKNOWN, HEMORRHAGIC)"
3,0.24418294143999997,0.24418294143999997,37.99940742728834,-121.72999691804317,"PatientState(Location(""FIELD"", (37.99940742728834, -121.72999691804317), -1.0, FIELD), 205.7347604738165, UNKNOWN, HEMORRHAGIC)"
4,0.24418294143999997,0.24418294143999997,37.999016441458586,-121.73069633828865,"PatientState(Location(""FIELD"", (37.999016441458586, -121.73069633828865), -1.0, FIELD), 215.4018016776112, UNKNOWN, LVO)"
5,0.32467383964459035,0.24418294143999997,38.00280567531416,-121.73022114310533,"PatientState(Location(""FIELD"", (38.00280567531416, -121.73022114310533), -1.0, FIELD), 9.42459828623726, UNKNOWN, HEMORRHAGIC)"
