sample,reward_best,reward_CA,location_lat,location_lon,patient_state
1,0.24418294143999997,0.24418294143999997,37.374105116118,-122.22105247536916,"PatientState(Location(""FIELD"", (37.374105116118, -122.22105247536916), -1.0, FIELD), 211.97681375778077, UNKNOWN, LVO)"
2,0.3242588165884683,0.3242588165884683,37.37783652265713,-122.2247143978699,"PatientState(Location(""FIELD"", (37.37783652265713, -122.2247143978699), -1.0, FIELD), 145.76475505689982, UNKNOWN, LVO)"
3,0.3476627343685376,0.3476627343685376,37.37580674567813,-122.224575861759,"PatientState(Location(""FIELD"", (37.37580674567813, -122.224575861759), -1.0, FIELD), 43.648624669993715, UNKNOWN, LVO)"
4,0.24418294143999997,0.24418294143999997,37.378098722784166,-122.22386267750751,"PatientState(Location(""FIELD"", (37.378098722784166, -122.22386267750751), -1.0, FIELD), 241.20860425413002, UNKNOWN, LVO)"
5,0.354706489874686,0.354706489874686,37.377066015364775,-122.22169287017542,"PatientState(Location(""FIELD"", (37.377066015364775, -122.22169287017542), -1.0, FIELD), 13.249609078631856, UNKNOWN, LVO)"
