sample,reward_best,reward_CA,location_lat,location_lon,patient_state
1,0.34568521883654807,0.32813593872296914,37.751538779139125,-122.1875268519295,"PatientState(Location(""FIELD"", (37.751538779139125, -122.1875268519295), -1.0, FIELD), 30.825924078331937, UNKNOWN, LVO)"
2,0.33932184564523876,0.32195677547444856,37.750147393342075,-122.18942681132579,"PatientState(Location(""FIELD"", (37.750147393342075, -122.18942681132579), -1.0, FIELD), 57.963364240657135, UNKNOWN, MIMIC)"
3,0.3184306577275265,0.24418294143999997,37.75256518325879,-122.18927626936203,"PatientState(Location(""FIELD"", (37.75256518325879, -122.18927626936203), -1.0, FIELD), 149.6109647196485, UNKNOWN, LVO)"
4,0.32481192614244486,0.24418294143999997,37.75302430793858,-122.18966257806439,"PatientState(Location(""FIELD"", (37.75302430793858, -122.18966257806439), -1.0, FIELD), 122.76164335875768, UNKNOWN, HEMORRHAGIC)"
5,0.24418294143999997,0.24418294143999997,37.74968896947813,-122.18853268687062,"PatientState(Location(""FIELD"", (37.74968896947813, -122.18853268687062), -1.0, FIELD), 196.7867352147941, UNKNOWN, HEMORRHAGIC)"
