sample,reward_best,reward_CA,location_lat,location_lon,patient_state
1,0.24418294143999997,0.24418294143999997,38.01144062243266,-122.57034880403326,"PatientState(Location(""FIELD"", (38.01144062243266, -122.57034880403326), -1.0, FIELD), 245.37126162564286, UNKNOWN, LVO)"
2,0.24418294143999997,0.24418294143999997,38.01063939745428,-122.56937411470017,"PatientState(Location(""FIELD"", (38.01063939745428, -122.56937411470017), -1.0, FIELD), 189.78259449790124, UNKNOWN, NLVO)"
3,0.254660695753661,0.24418294143999997,38.01324838204077,-122.56851244443911,"PatientState(Location(""FIELD"", (38.01324838204077, -122.56851244443911), -1.0, FIELD), 131.92590178582506, UNKNOWN, LVO)"
4,0.24418294143999997,0.24418294143999997,38.01192697877291,-122.56814514547865,"PatientState(Location(""FIELD"", (38.01192697877291, -122.56814514547865), -1.0, FIELD), 263.34562482931585, UNKNOWN, HEMORRHAGIC)"
5,0.24418294143999997,0.24418294143999997,38.01379604679605,-122.57029931054787,"PatientState(Location(""FIELD"", (38.01379604679605, -122.57029931054787), -1.0, FIELD), 227.45539764129668, UNKNOWN, HEMORRHAGIC)"
