sample,reward_best,reward_CA,location_lat,location_lon,patient_state
1,0.31502549384145295,0.24418294143999997,37.83934565470328,-121.94325546093833,"PatientState(Location(""FIELD"", (37.83934565470328, -121.94325546093833), -1.0, FIELD), 138.59982641096386, UNKNOWN, HEMORRHAGIC)"
2,0.3210924090606142,0.24418294143999997,37.8390425315451,-121.94382867338979,"PatientState(Location(""FIELD"", (37.8390425315451, -121.94382867338979), -1.0, FIELD), 111.42613375580936, UNKNOWN, LVO)"
3,0.3293010250757599,0.2518547593709516,37.84239474911773,-121.94248005591956,"PatientState(Location(""FIELD"", (37.84239474911773, -121.94248005591956), -1.0, FIELD), 74.92805886770803, UNKNOWN, LVO)"
4,0.3202509961540719,0.24418294143999997,37.84037853207996,-121.94250927453338,"PatientState(Location(""FIELD"", (37.84037853207996, -121.94250927453338), -1.0, FIELD), 115.14032405495531, UNKNOWN, HEMORRHAGIC)"
5,0.24418294143999997,0.24418294143999997,37.8434407334773,-121.94119364417213,"PatientState(Location(""FIELD"", (37.8434407334773, -121.94119364417213), -1.0, FIELD), 198.97624155140602, UNKNOWN, LVO)"
