sample,reward_best,reward_CA,location_lat,location_lon,patient_state
1,0.33920665699844615,0.33920665699844615,37.32343598315665,-121.85891177935525,"PatientState(Location(""FIELD"", (37.32343598315665, -121.85891177935525), -1.0, FIELD), 85.05327718816703, UNKNOWN, LVO)"
2,0.34092884764274467,0.34092884764274467,37.32059206776666,-121.85850143863782,"PatientState(Location(""FIELD"", (37.32059206776666, -121.85850143863782), -1.0, FIELD), 77.17014277044434, UNKNOWN, HEMORRHAGIC)"
3,0.334858240237733,0.334858240237733,37.31922345282932,-121.86054320537465,"PatientState(Location(""FIELD"", (37.31922345282932, -121.86054320537465), -1.0, FIELD), 103.8165130262071, UNKNOWN, LVO)"
4,0.34662241072362815,0.34662241072362815,37.31959608462985,-121.86002522323645,"PatientState(Location(""FIELD"", (37.31959608462985, -121.86002522323645), -1.0, FIELD), 53.352243641445035, UNKNOWN, LVO)"
5,0.31471709997809605,0.31471709997809605,37.32245137813054,-121.85999966647513,"PatientState(Location(""FIELD"", (37.32245137813054, -121.85999966647513), -1.0, FIELD), 193.3583657542912, UNKNOWN, LVO)"
