sample,reward_best,reward_CA,location_lat,location_lon,patient_state
1,0.24418294143999997,0.24418294143999997,37.945185849920875,-121.93895404614152,"PatientState(Location(""FIELD"", (37.945185849920875, -121.93895404614152), -1.0, FIELD), 259.69107500926845, UNKNOWN, LVO)"
2,0.24418294143999997,0.24418294143999997,37.94766374136279,-121.93744818795498,"PatientState(Location(""FIELD"", (37.94766374136279, -121.93744818795498), -1.0, FIELD), 148.13595979967187, UNKNOWN, LVO)"
3,0.24418294143999997,0.24418294143999997,37.94564043054888,-121.93620193501508,"PatientState(Location(""FIELD"", (37.94564043054888, -121.93620193501508), -1.0, FIELD), 173.38760568778983, UNKNOWN, LVO)"
4,0.24418294143999997,0.24418294143999997,37.94380565416495,-121.93690143665836,"PatientState(Location(""FIELD"", (37.94380565416495, -121.93690143665836), -1.0, FIELD), 80.46696742744479, UNKNOWN, LVO)"
5,0.24418294143999997,0.24418294143999997,37.944329469923645,-121.93873764354998,"PatientState(Location(""FIELD"", (37.944329469923645, -121.93873764354998), -1.0, FIELD), 226.783447006155, UNKNOWN, LVO)"
