sample,reward_best,reward_CA,location_lat,location_lon,patient_state
1,0.24418294143999997,0.24418294143999997,37.919417271492826,-121.65193787853312,"PatientState(Location(""FIELD"", (37.919417271492826, -121.65193787853312), -1.0, FIELD), 163.68445269881204, UNKNOWN, HEMORRHAGIC)"
2,0.31859574601461643,0.24418294143999997,37.91903466950121,-121.65305507544235,"PatientState(Location(""FIELD"", (37.91903466950121, -121.65305507544235), -1.0, FIELD), 23.83019097007899, UNKNOWN, LVO)"
3,0.24418294143999997,0.24418294143999997,37.91970005894579,-121.6539066682058,"PatientState(Location(""FIELD"", (37.91970005894579, -121.6539066682058), -1.0, FIELD), 160.1695180756416, UNKNOWN, HEMORRHAGIC)"
4,0.24418294143999997,0.24418294143999997,37.922814161697396,-121.65333597006476,"PatientState(Location(""FIELD"", (37.922814161697396, -121.65333597006476), -1.0, FIELD), 117.693136325813, UNKNOWN, LVO)"
5,0.24418294143999997,0.24418294143999997,37.92194697797896,-121.65381288998678,"PatientState(Location(""FIELD"", (37.92194697797896, -121.65381288998678), -1.0, FIELD), 243.05661619514146, UNKNOWN, HEMORRHAGIC)"
