sample,reward_best,reward_CA,location_lat,location_lon,patient_state
1,0.24418294143999997,0.24418294143999997,37.807734412384356,-122.43801486061423,"PatientState(Location(""FIELD"", (37.807734412384356, -122.43801486061423), -1.0, FIELD), 236.26929239568867, UNKNOWN, NLVO)"
2,0.24418294143999997,0.24418294143999997,37.80507819109336,-122.44036140959732,"PatientState(Location(""FIELD"", (37.80507819109336, -122.44036140959732), -1.0, FIELD), 269.1162686172672, UNKNOWN, HEMORRHAGIC)"
3,0.24418294143999997,0.24418294143999997,37.80799784652084,-122.43777599300344,"PatientState(Location(""FIELD"", (37.80799784652084, -122.43777599300344), -1.0, FIELD), 227.4732451304614, UNKNOWN, LVO)"
4,0.3413138171920603,0.32969348964007167,37.80572820072163,-122.44025001970077,"PatientState(Location(""FIELD"", (37.80572820072163, -122.44025001970077), -1.0, FIELD), 42.67046373925244, UNKNOWN, LVO)"
5,0.3240265953833308,0.25174088719876436,37.807058398644614,-122.43918328029733,"PatientState(Location(""FIELD"", (37.807058398644614, -122.43918328029733), -1.0, FIELD), 117.29097716296133, UNKNOWN, MIMIC)"
