sample,reward_best,reward_CA,location_lat,location_lon,patient_state
1,0.34723568552488127,0.32719425919861456,37.724241603537145,-121.87174882172238,"PatientState(Location(""FIELD"", (37.724241603537145, -121.87174882172238), -1.0, FIELD), 24.731408158625825, UNKNOWN, HEMORRHAGIC)"
2,0.24418294143999997,0.24418294143999997,37.72848811634874,-121.87265306814446,"PatientState(Location(""FIELD"", (37.72848811634874, -121.87265306814446), -1.0, FIELD), 190.23429840865444, UNKNOWN, MIMIC)"
3,0.24418294143999997,0.24418294143999997,37.72812398259849,-121.87209729703704,"PatientState(Location(""FIELD"", (37.72812398259849, -121.87209729703704), -1.0, FIELD), 221.47607377348533, UNKNOWN, HEMORRHAGIC)"
4,0.24418294143999997,0.24418294143999997,37.728773739486485,-121.87439808279153,"PatientState(Location(""FIELD"", (37.728773739486485, -121.87439808279153), -1.0, FIELD), 174.58675343947579, UNKNOWN, LVO)"
5,0.24418294143999997,0.24418294143999997,37.72637540341969,-121.87212233883619,"PatientState(Location(""FIELD"", (37.72637540341969, -121.87212233883619), -1.0, FIELD), 187.74581176417166, UNKNOWN, LVO)"
