sample,reward_best,reward_CA,location_lat,location_lon,patient_state
1,0.31580165565337415,0.24418294143999997,37.893950983879606,-121.7013236881065,"PatientState(Location(""FIELD"", (37.893950983879606, -121.7013236881065), -1.0, FIELD), 47.41285960989255, UNKNOWN, HEMORRHAGIC)"
2,0.32050074293196534,0.24418294143999997,37.897566074587736,-121.70165272996165,"PatientState(Location(""FIELD"", (37.897566074587736, -121.70165272996165), -1.0, FIELD), 26.405653157638927, UNKNOWN, NLVO)"
3,0.24418294143999997,0.24418294143999997,37.897983781411824,-121.70219277666051,"PatientState(Location(""FIELD"", (37.897983781411824, -121.70219277666051), -1.0, FIELD), 153.26808495364892, UNKNOWN, LVO)"
4,0.32409159902578144,0.24418294143999997,37.89856448322697,-121.70569010004051,"PatientState(Location(""FIELD"", (37.89856448322697, -121.70569010004051), -1.0, FIELD), 7.4571763612009745, UNKNOWN, LVO)"
5,0.24418294143999997,0.24418294143999997,37.89851456519234,-121.702558084167,"PatientState(Location(""FIELD"", (37.89851456519234, -121.702558084167), -1.0, FIELD), 137.87665854761764, UNKNOWN, MIMIC)"
