sample,reward_best,reward_CA,location_lat,location_lon,patient_state
1,0.32729362747285373,0.24418294143999997,37.75749571948411,-121.59514273218446,"PatientState(Location(""FIELD"", (37.75749571948411, -121.59514273218446), -1.0, FIELD), 84.65742297886808, UNKNOWN, HEMORRHAGIC)"
2,0.3287079882247906,0.24418294143999997,37.75487493260339,-121.59187161776262,"PatientState(Location(""FIELD"", (37.75487493260339, -121.59187161776262), -1.0, FIELD), 80.02804771032757, UNKNOWN, HEMORRHAGIC)"
3,0.3287340299769443,0.24418294143999997,37.754065324264054,-121.5930828379129,"PatientState(Location(""FIELD"", (37.754065324264054, -121.5930828379129), -1.0, FIELD), 79.48707765434722, UNKNOWN, HEMORRHAGIC)"
4,0.24418294143999997,0.24418294143999997,37.75532220760737,-121.59360883115129,"PatientState(Location(""FIELD"", (37.75532220760737, -121.59360883115129), -1.0, FIELD), 220.07884338573496, UNKNOWN, HEMORRHAGIC)"
5,0.24418294143999997,0.24418294143999997,37.75426319775495,-121.59202709415321,"PatientState(Location(""FIELD"", (37.75426319775495, -121.59202709415321), -1.0, FIELD), 215.34876457104846, UNKNOWN, HEMORRHAGIC)"
