sample,reward_best,reward_CA,location_lat,location_lon,patient_state
1,0.32798920195005654,0.263313908979971,37.42315319452153,-121.95570430123205,"PatientState(Location(""FIELD"", (37.42315319452153, -121.95570430123205), -1.0, FIELD), 125.22008747484688, UNKNOWN, MIMIC)"
2,0.32446783347619,0.26049634579638276,37.42313951514606,-121.95448444305356,"PatientState(Location(""FIELD"", (37.42313951514606, -121.95448444305356), -1.0, FIELD), 140.66662634807355, UNKNOWN, LVO)"
3,0.33381224955687194,0.32906681931823667,37.42194883245113,-121.95133638416674,"PatientState(Location(""FIELD"", (37.42194883245113, -121.95133638416674), -1.0, FIELD), 98.84279107273943, UNKNOWN, LVO)"
4,0.24418294143999997,0.24418294143999997,37.42140094563257,-121.95251280382998,"PatientState(Location(""FIELD"", (37.42140094563257, -121.95251280382998), -1.0, FIELD), 210.23333385734867, UNKNOWN, HEMORRHAGIC)"
5,0.3213712633317839,0.25803287189277896,37.41943948064037,-121.95497128029616,"PatientState(Location(""FIELD"", (37.41943948064037, -121.95497128029616), -1.0, FIELD), 156.41162473470584, UNKNOWN, LVO)"
