sample,reward_best,reward_CA,location_lat,location_lon,patient_state
1,0.2596593852825062,0.24418294143999997,37.96207462890553,-122.50298053165892,"PatientState(Location(""FIELD"", (37.96207462890553, -122.50298053165892), -1.0, FIELD), 111.90185350476737, UNKNOWN, LVO)"
2,0.24418294143999997,0.24418294143999997,37.963175353342976,-122.50234632363582,"PatientState(Location(""FIELD"", (37.963175353342976, -122.50234632363582), -1.0, FIELD), 228.38900445525658, UNKNOWN, NLVO)"
3,0.24418294143999997,0.24418294143999997,37.95934994606355,-122.50259820557483,"PatientState(Location(""FIELD"", (37.95934994606355, -122.50259820557483), -1.0, FIELD), 241.46031554796102, UNKNOWN, LVO)"
4,0.24418294143999997,0.24418294143999997,37.96042968161809,-122.50186034761812,"PatientState(Location(""FIELD"", (37.96042968161809, -122.50186034761812), -1.0, FIELD), 166.04677231719032, UNKNOWN, LVO)"
5,0.24418294143999997,0.24418294143999997,37.961849713972995,-122.50192363033295,"PatientState(Location(""FIELD"", (37.961849713972995, -122.50192363033295), -1.0, FIELD), 218.1243734725388, UNKNOWN, HEMORRHAGIC)"
