sample,reward_best,reward_CA,location_lat,location_lon,patient_state
1,0.31898136687318535,0.2601397149554608,37.584625105227346,-122.48820197084353,"PatientState(Location(""FIELD"", (37.584625105227346, -122.48820197084353), -1.0, FIELD), 146.54927080319914, UNKNOWN, LVO)"
2,0.31890384363471674,0.26007702341673977,37.58772530094241,-122.4870646412836,"PatientState(Location(""FIELD"", (37.58772530094241, -122.4870646412836), -1.0, FIELD), 145.78754168425766, UNKNOWN, HEMORRHAGIC)"
3,0.24418294143999997,0.24418294143999997,37.58803479229089,-122.48889584766927,"PatientState(Location(""FIELD"", (37.58803479229089, -122.48889584766927), -1.0, FIELD), 208.77890683348434, UNKNOWN, LVO)"
4,0.3485845904018209,0.3467391665944003,37.58530845603277,-122.48765242953004,"PatientState(Location(""FIELD"", (37.58530845603277, -122.48765242953004), -1.0, FIELD), 17.843554764432398, UNKNOWN, HEMORRHAGIC)"
5,0.3366460434987969,0.33469585670138846,37.58481311836802,-122.48606585873061,"PatientState(Location(""FIELD"", (37.58481311836802, -122.48606585873061), -1.0, FIELD), 67.80123804931426, UNKNOWN, LVO)"
