sample,reward_best,reward_CA,location_lat,location_lon,patient_state
1,0.3303795052378957,0.2517049290391366,37.752922427126464,-122.1761469453714,"PatientState(Location(""FIELD"", (37.752922427126464, -122.1761469453714), -1.0, FIELD), 96.57047549210218, UNKNOWN, HEMORRHAGIC)"
2,0.32243109793643815,0.24418294143999997,37.752571100623676,-122.17592291337421,"PatientState(Location(""FIELD"", (37.752571100623676, -122.17592291337421), -1.0, FIELD), 131.4587339886978, UNKNOWN, HEMORRHAGIC)"
3,0.31365988042725096,0.24418294143999997,37.74908557068282,-122.17810390694353,"PatientState(Location(""FIELD"", (37.74908557068282, -122.17810390694353), -1.0, FIELD), 169.48760168549134, UNKNOWN, HEMORRHAGIC)"
4,0.35042268848994795,0.3329790346175506,37.751697974918,-122.1793357642973,"PatientState(Location(""FIELD"", (37.751697974918, -122.1793357642973), -1.0, FIELD), 9.193074086867044, UNKNOWN, MIMIC)"
5,0.3369561754974364,0.32011503953961057,37.75229365559107,-122.17707146055886,"PatientState(Location(""FIELD"", (37.75229365559107, -122.17707146055886), -1.0, FIELD), 66.68551958786523, UNKNOWN, HEMORRHAGIC)"
