sample,reward_best,reward_CA,location_lat,location_lon,patient_state
1,0.24418294143999997,0.24418294143999997,38.14243053496056,-121.63546909858783,"PatientState(Location(""FIELD"", (38.14243053496056, -121.63546909858783), -1.0, FIELD), 109.86155151440211, UNKNOWN, HEMORRHAGIC)"
2,0.24418294143999997,0.24418294143999997,38.14280168401842,-121.6356454937483,"PatientState(Location(""FIELD"", (38.14280168401842, -121.6356454937483), -1.0, FIELD), 243.8131824745003, UNKNOWN, HEMORRHAGIC)"
3,0.24418294143999997,0.24418294143999997,38.14301828590731,-121.63250327230863,"PatientState(Location(""FIELD"", (38.14301828590731, -121.63250327230863), -1.0, FIELD), 218.7788635890165, UNKNOWN, HEMORRHAGIC)"
4,0.24418294143999997,0.24418294143999997,38.13919282079153,-121.63302774841723,"PatientState(Location(""FIELD"", (38.13919282079153, -121.63302774841723), -1.0, FIELD), 166.9870725317262, UNKNOWN, HEMORRHAGIC)"
5,0.31654954681014014,0.24418294143999997,38.140773823203666,-121.63464179508394,"PatientState(Location(""FIELD"", (38.140773823203666, -121.63464179508394), -1.0, FIELD), 28.974904917746162, UNKNOWN, LVO)"
