sample,reward_best,reward_CA,location_lat,location_lon,patient_state
1,0.3329014286935842,0.2694383532923316,37.215448885648286,-122.3380998913828,"PatientState(Location(""FIELD"", (37.215448885648286, -122.3380998913828), -1.0, FIELD), 57.946520510971816, UNKNOWN, HEMORRHAGIC)"
2,0.3412087619778999,0.33676434060775345,37.21508877379209,-122.3376857149684,"PatientState(Location(""FIELD"", (37.21508877379209, -122.3376857149684), -1.0, FIELD), 22.00191261157351, UNKNOWN, HEMORRHAGIC)"
3,0.3284150777048421,0.2657875163519718,37.214173665134105,-122.33960757342298,"PatientState(Location(""FIELD"", (37.214173665134105, -122.33960757342298), -1.0, FIELD), 77.57073657130182, UNKNOWN, HEMORRHAGIC)"
4,0.32639579602141117,0.2641533530945017,37.21642270187264,-122.34027038506579,"PatientState(Location(""FIELD"", (37.21642270187264, -122.34027038506579), -1.0, FIELD), 86.43498727325984, UNKNOWN, NLVO)"
5,0.33831811450587124,0.3338607945501131,37.217171295487,-122.34069982181413,"PatientState(Location(""FIELD"", (37.217171295487, -122.34069982181413), -1.0, FIELD), 34.43691419336296, UNKNOWN, HEMORRHAGIC)"
