sample,reward_best,reward_CA,location_lat,location_lon,patient_state
1,0.24418294143999997,0.24418294143999997,37.87443556115573,-121.6306821305044,"PatientState(Location(""FIELD"", (37.87443556115573, -121.6306821305044), -1.0, FIELD), 179.69166971503975, UNKNOWN, NLVO)"
2,0.24418294143999997,0.24418294143999997,37.877618133028264,-121.6269396135772,"PatientState(Location(""FIELD"", (37.877618133028264, -121.6269396135772), -1.0, FIELD), 176.47636880059116, UNKNOWN, HEMORRHAGIC)"
3,0.24418294143999997,0.24418294143999997,37.876327417366475,-121.62641955570727,"PatientState(Location(""FIELD"", (37.876327417366475, -121.62641955570727), -1.0, FIELD), 89.43787827515149, UNKNOWN, LVO)"
4,0.24418294143999997,0.24418294143999997,37.874861598602166,-121.62723566194427,"PatientState(Location(""FIELD"", (37.874861598602166, -121.62723566194427), -1.0, FIELD), 93.06818843298366, UNKNOWN, HEMORRHAGIC)"
5,0.32266236193583364,0.24418294143999997,37.87479308675234,-121.63039282925598,"PatientState(Location(""FIELD"", (37.87479308675234, -121.63039282925598), -1.0, FIELD), 12.113650359316349, UNKNOWN, MIMIC)"
