sample,reward_best,reward_CA,location_lat,location_lon,patient_state
1,0.24418294143999997,0.24418294143999997,37.76931323888462,-122.24670819742923,"PatientState(Location(""FIELD"", (37.76931323888462, -122.24670819742923), -1.0, FIELD), 268.31922402245175, UNKNOWN, LVO)"
2,0.32637291511907046,0.24418294143999997,37.771910431941215,-122.2489439770401,"PatientState(Location(""FIELD"", (37.771910431941215, -122.2489439770401), -1.0, FIELD), 112.23917780644447, UNKNOWN, LVO)"
3,0.32639036700878743,0.24418294143999997,37.77211078072051,-122.25057229444815,"PatientState(Location(""FIELD"", (37.77211078072051, -122.25057229444815), -1.0, FIELD), 111.77225087892722, UNKNOWN, LVO)"
4,0.24418294143999997,0.24418294143999997,37.76961381825842,-122.24703968699833,"PatientState(Location(""FIELD"", (37.76961381825842, -122.24703968699833), -1.0, FIELD), 257.38707028573054, UNKNOWN, HEMORRHAGIC)"
5,0.3193723764167892,0.24418294143999997,37.77296923681054,-122.24943948766935,"PatientState(Location(""FIELD"", (37.77296923681054, -122.24943948766935), -1.0, FIELD), 143.4385541618476, UNKNOWN, LVO)"
