sample,reward_best,reward_CA,location_lat,location_lon,patient_state
1,0.24418294143999997,0.24418294143999997,38.1001959271429,-121.85642189473003,"PatientState(Location(""FIELD"", (38.1001959271429, -121.85642189473003), -1.0, FIELD), 187.51486260718332, UNKNOWN, HEMORRHAGIC)"
2,0.24418294143999997,0.24418294143999997,38.10344783415427,-121.86039530444297,"PatientState(Location(""FIELD"", (38.10344783415427, -121.86039530444297), -1.0, FIELD), 173.39449548961406, UNKNOWN, LVO)"
3,0.24418294143999997,0.24418294143999997,38.09881778345943,-121.85938769585002,"PatientState(Location(""FIELD"", (38.09881778345943, -121.85938769585002), -1.0, FIELD), 184.82123160945562, UNKNOWN, LVO)"
4,0.24418294143999997,0.24418294143999997,38.09914381282902,-121.85899678928317,"PatientState(Location(""FIELD"", (38.09914381282902, -121.85899678928317), -1.0, FIELD), 230.07663438775143, UNKNOWN, MIMIC)"
5,0.24418294143999997,0.24418294143999997,38.101403355873465,-121.86004939696154,"PatientState(Location(""FIELD"", (38.101403355873465, -121.86004939696154), -1.0, FIELD), 81.24634518992893, UNKNOWN, HEMORRHAGIC)"
