sample,reward_best,reward_CA,location_lat,location_lon,patient_state
1,0.24418294143999997,0.24418294143999997,38.155904932927136,-122.3775885701309,"PatientState(Location(""FIELD"", (38.155904932927136, -122.3775885701309), -1.0, FIELD), 120.01000658754032, UNKNOWN, HEMORRHAGIC)"
2,0.24418294143999997,0.24418294143999997,38.158755550114144,-122.37888734162351,"PatientState(Location(""FIELD"", (38.158755550114144, -122.37888734162351), -1.0, FIELD), 247.78977081505033, UNKNOWN, HEMORRHAGIC)"
3,0.2537107001970552,0.24418294143999997,38.1568849638148,-122.37821487657413,"PatientState(Location(""FIELD"", (38.1568849638148, -122.37821487657413), -1.0, FIELD), 58.42141294346836, UNKNOWN, LVO)"
4,0.3199198937702952,0.24418294143999997,38.1579646885746,-122.3778180201704,"PatientState(Location(""FIELD"", (38.1579646885746, -122.3778180201704), -1.0, FIELD), 39.03935220040072, UNKNOWN, HEMORRHAGIC)"
5,0.24418294143999997,0.24418294143999997,38.15528276077079,-122.38064435975942,"PatientState(Location(""FIELD"", (38.15528276077079, -122.38064435975942), -1.0, FIELD), 198.86539674298595, UNKNOWN, LVO)"
