sample,reward_best,reward_CA,location_lat,location_lon,patient_state
1,0.24418294143999997,0.24418294143999997,38.000749656580325,-121.63561560990505,"PatientState(Location(""FIELD"", (38.000749656580325, -121.63561560990505), -1.0, FIELD), 170.43527681034612, UNKNOWN, MIMIC)"
2,0.24418294143999997,0.24418294143999997,38.001196854880455,-121.63292570938754,"PatientState(Location(""FIELD"", (38.001196854880455, -121.63292570938754), -1.0, FIELD), 129.0939471349945, UNKNOWN, LVO)"
3,0.24418294143999997,0.24418294143999997,38.000612512344844,-121.63157373153886,"PatientState(Location(""FIELD"", (38.000612512344844, -121.63157373153886), -1.0, FIELD), 262.7171975422458, UNKNOWN, HEMORRHAGIC)"
4,0.24418294143999997,0.24418294143999997,38.00278366186874,-121.63251332208999,"PatientState(Location(""FIELD"", (38.00278366186874, -121.63251332208999), -1.0, FIELD), 74.04433366382156, UNKNOWN, HEMORRHAGIC)"
5,0.24418294143999997,0.24418294143999997,38.00164396312537,-121.63484739691297,"PatientState(Location(""FIELD"", (38.00164396312537, -121.63484739691297), -1.0, FIELD), 261.8979282008451, UNKNOWN, LVO)"
