sample,reward_best,reward_CA,location_lat,location_lon,patient_state
1,0.3335537665034072,0.3291936768830065,37.29633263514459,-121.96099002594215,"PatientState(Location(""FIELD"", (37.29633263514459, -121.96099002594215), -1.0, FIELD), 106.85584008360044, UNKNOWN, LVO)"
2,0.32952537569366414,0.26440925969025997,37.29394820301799,-121.96538604227095,"PatientState(Location(""FIELD"", (37.29394820301799, -121.96538604227095), -1.0, FIELD), 126.28455094949841, UNKNOWN, MIMIC)"
3,0.32817011408808655,0.26386575504556103,37.29836716363881,-121.96528198392883,"PatientState(Location(""FIELD"", (37.29836716363881, -121.96528198392883), -1.0, FIELD), 130.39010283700532, UNKNOWN, HEMORRHAGIC)"
4,0.3426609542694037,0.337739579265713,37.29532269908455,-121.96312074733098,"PatientState(Location(""FIELD"", (37.29532269908455, -121.96312074733098), -1.0, FIELD), 69.44309827469463, UNKNOWN, MIMIC)"
5,0.24418294143999997,0.24418294143999997,37.297552390448274,-121.9637635709486,"PatientState(Location(""FIELD"", (37.297552390448274, -121.9637635709486), -1.0, FIELD), 199.44975414916928, UNKNOWN, MIMIC)"
