sample,reward_best,reward_CA,location_lat,location_lon,patient_state
1,0.24418294143999997,0.24418294143999997,38.116780639033706,-122.50877176698465,"PatientState(Location(""FIELD"", (38.116780639033706, -122.50877176698465), -1.0, FIELD), 230.9845567229368, UNKNOWN, LVO)"
2,0.3227779654459258,0.25884581932286294,38.114596472259855,-122.50709353781636,"PatientState(Location(""FIELD"", (38.114596472259855, -122.50709353781636), -1.0, FIELD), 34.93580999285437, UNKNOWN, LVO)"
3,0.3273690861543397,0.26248649955613146,38.11651687387965,-122.50613212778039,"PatientState(Location(""FIELD"", (38.11651687387965, -122.50613212778039), -1.0, FIELD), 15.612739267810028, UNKNOWN, HEMORRHAGIC)"
4,0.24418294143999997,0.24418294143999997,38.11688756408131,-122.50690175527976,"PatientState(Location(""FIELD"", (38.11688756408131, -122.50690175527976), -1.0, FIELD), 111.88123410704932, UNKNOWN, HEMORRHAGIC)"
5,0.32519313832776986,0.2607512307232816,38.11400750034213,-122.50937898952957,"PatientState(Location(""FIELD"", (38.11400750034213, -122.50937898952957), -1.0, FIELD), 23.807298335558766, UNKNOWN, NLVO)"
