sample,reward_best,reward_CA,location_lat,location_lon,patient_state
1,0.326826383009024,0.26437839251545636,37.26482765731708,-122.38344776242458,"PatientState(Location(""FIELD"", (37.26482765731708, -122.38344776242458), -1.0, FIELD), 95.31445077644658, UNKNOWN, LVO)"
2,0.24418294143999997,0.24418294143999997,37.263882419954115,-122.38542040152963,"PatientState(Location(""FIELD"", (37.263882419954115, -122.38542040152963), -1.0, FIELD), 256.52823219865184, UNKNOWN, LVO)"
3,0.24418294143999997,0.24418294143999997,37.26685067801161,-122.38174383493407,"PatientState(Location(""FIELD"", (37.26685067801161, -122.38174383493407), -1.0, FIELD), 254.9068594706283, UNKNOWN, HEMORRHAGIC)"
4,0.24418294143999997,0.24418294143999997,37.2673987033334,-122.38306013533885,"PatientState(Location(""FIELD"", (37.2673987033334, -122.38306013533885), -1.0, FIELD), 260.25462211906057, UNKNOWN, HEMORRHAGIC)"
5,0.34128686969107186,0.34128686969107186,37.268529921683076,-122.38495593689215,"PatientState(Location(""FIELD"", (37.268529921683076, -122.38495593689215), -1.0, FIELD), 12.320552905260481, UNKNOWN, NLVO)"
