sample,reward_best,reward_CA,location_lat,location_lon,patient_state
1,0.33883221913831923,0.3336542975257082,37.331493571170626,-122.38036045081954,"PatientState(Location(""FIELD"", (37.331493571170626, -122.38036045081954), -1.0, FIELD), 56.17978992546625, UNKNOWN, HEMORRHAGIC)"
2,0.3273843816806955,0.2643098537251838,37.333553823392286,-122.37660519286072,"PatientState(Location(""FIELD"", (37.333553823392286, -122.37660519286072), -1.0, FIELD), 106.24308405945747, UNKNOWN, HEMORRHAGIC)"
3,0.3481377243208669,0.34291112214507935,37.33305976597226,-122.37722122597648,"PatientState(Location(""FIELD"", (37.33305976597226, -122.37722122597648), -1.0, FIELD), 16.50146007019191, UNKNOWN, NLVO)"
4,0.34208938090636243,0.3368949266035616,37.332889826478635,-122.38007128054929,"PatientState(Location(""FIELD"", (37.332889826478635, -122.38007128054929), -1.0, FIELD), 42.223320961716055, UNKNOWN, LVO)"
5,0.24418294143999997,0.24418294143999997,37.33020741625492,-122.37648338747715,"PatientState(Location(""FIELD"", (37.33020741625492, -122.37648338747715), -1.0, FIELD), 253.23927015580193, UNKNOWN, LVO)"
