sample,reward_best,reward_CA,location_lat,location_lon,patient_state
1,0.24418294143999997,0.24418294143999997,38.09275003466903,-121.8713038957848,"PatientState(Location(""FIELD"", (38.09275003466903, -121.8713038957848), -1.0, FIELD), 247.0310811546663, UNKNOWN, LVO)"
2,0.24418294143999997,0.24418294143999997,38.09367024523937,-121.8735986076411,"PatientState(Location(""FIELD"", (38.09367024523937, -121.8735986076411), -1.0, FIELD), 234.5176154451633, UNKNOWN, LVO)"
3,0.24418294143999997,0.24418294143999997,38.093035223095484,-121.87353126501434,"PatientState(Location(""FIELD"", (38.093035223095484, -121.87353126501434), -1.0, FIELD), 230.97474350905782, UNKNOWN, LVO)"
4,0.24418294143999997,0.24418294143999997,38.09250849869308,-121.87455995992852,"PatientState(Location(""FIELD"", (38.09250849869308, -121.87455995992852), -1.0, FIELD), 144.71935609382797, UNKNOWN, HEMORRHAGIC)"
5,0.24418294143999997,0.24418294143999997,38.09260667467908,-121.87278512569907,"PatientState(Location(""FIELD"", (38.09260667467908, -121.87278512569907), -1.0, FIELD), 190.4791259292252, UNKNOWN, NLVO)"
