sample,reward_best,reward_CA,location_lat,location_lon,patient_state
1,0.3304765789939503,0.2572500151287014,38.08766983633033,-122.57246100776801,"PatientState(Location(""FIELD"", (38.08766983633033, -122.57246100776801), -1.0, FIELD), 42.195211095771235, UNKNOWN, LVO)"
2,0.24418294143999997,0.24418294143999997,38.08874244852124,-122.57123315590628,"PatientState(Location(""FIELD"", (38.08874244852124, -122.57123315590628), -1.0, FIELD), 252.4580152592491, UNKNOWN, LVO)"
3,0.2639541465964917,0.24418294143999997,38.08397666069117,-122.57302650038856,"PatientState(Location(""FIELD"", (38.08397666069117, -122.57302650038856), -1.0, FIELD), 74.87732624570167, UNKNOWN, HEMORRHAGIC)"
4,0.24418294143999997,0.24418294143999997,38.08529804232065,-122.57479018783667,"PatientState(Location(""FIELD"", (38.08529804232065, -122.57479018783667), -1.0, FIELD), 231.21488382927478, UNKNOWN, LVO)"
5,0.24418294143999997,0.24418294143999997,38.087326320886916,-122.57539885577589,"PatientState(Location(""FIELD"", (38.087326320886916, -122.57539885577589), -1.0, FIELD), 259.2264691830511, UNKNOWN, MIMIC)"
