sample,reward_best,reward_CA,location_lat,location_lon,patient_state
1,0.24418294143999997,0.24418294143999997,37.79618490153353,-121.65854354519493,"PatientState(Location(""FIELD"", (37.79618490153353, -121.65854354519493), -1.0, FIELD), 69.83630045633555, UNKNOWN, LVO)"
2,0.3159252416691209,0.24418294143999997,37.79649387914987,-121.65804259926203,"PatientState(Location(""FIELD"", (37.79649387914987, -121.65804259926203), -1.0, FIELD), 47.9688140756278, UNKNOWN, HEMORRHAGIC)"
3,0.24418294143999997,0.24418294143999997,37.79411724800986,-121.65878959857115,"PatientState(Location(""FIELD"", (37.79411724800986, -121.65878959857115), -1.0, FIELD), 53.575511869992496, UNKNOWN, MIMIC)"
4,0.24418294143999997,0.24418294143999997,37.79481208123969,-121.65947892746028,"PatientState(Location(""FIELD"", (37.79481208123969, -121.65947892746028), -1.0, FIELD), 136.10093663293702, UNKNOWN, HEMORRHAGIC)"
5,0.24418294143999997,0.24418294143999997,37.79448076543286,-121.65996977780904,"PatientState(Location(""FIELD"", (37.79448076543286, -121.65996977780904), -1.0, FIELD), 73.3100755406337, UNKNOWN, HEMORRHAGIC)"
