sample,reward_best,reward_CA,location_lat,location_lon,patient_state
1,0.3445436380953629,0.33193363318197067,37.73977261750961,-122.43270918703946,"PatientState(Location(""FIELD"", (37.73977261750961, -122.43270918703946), -1.0, FIELD), 38.265641424478034, UNKNOWN, MIMIC)"
2,0.24418294143999997,0.24418294143999997,37.741081017623245,-122.4320312939388,"PatientState(Location(""FIELD"", (37.741081017623245, -122.4320312939388), -1.0, FIELD), 238.5947411621372, UNKNOWN, LVO)"
3,0.3312853205188762,0.31962946361955685,37.74120569499952,-122.43153581558691,"PatientState(Location(""FIELD"", (37.74120569499952, -122.43153581558691), -1.0, FIELD), 95.14953528137266, UNKNOWN, LVO)"
4,0.3500425306552347,0.3380488035446678,37.741841365073626,-122.43151974050134,"PatientState(Location(""FIELD"", (37.741841365073626, -122.43151974050134), -1.0, FIELD), 14.98133774159851, UNKNOWN, LVO)"
5,0.24418294143999997,0.24418294143999997,37.73957895138596,-122.4332421169156,"PatientState(Location(""FIELD"", (37.73957895138596, -122.4332421169156), -1.0, FIELD), 259.34349686131975, UNKNOWN, HEMORRHAGIC)"
