sample,reward_best,reward_CA,location_lat,location_lon,patient_state
1,0.24418294143999997,0.24418294143999997,37.63435215590036,-122.08627241392439,"PatientState(Location(""FIELD"", (37.63435215590036, -122.08627241392439), -1.0, FIELD), 239.8610359882525, UNKNOWN, LVO)"
2,0.3139320035363829,0.24418294143999997,37.63811331321749,-122.08774642433208,"PatientState(Location(""FIELD"", (37.63811331321749, -122.08774642433208), -1.0, FIELD), 177.65816435603008, UNKNOWN, LVO)"
3,0.3483682939889403,0.32937676609657557,37.637225929672425,-122.08685115855897,"PatientState(Location(""FIELD"", (37.637225929672425, -122.08685115855897), -1.0, FIELD), 27.484514345918832, UNKNOWN, HEMORRHAGIC)"
4,0.3331252177925688,0.31462898067607803,37.6377709002747,-122.08666404347579,"PatientState(Location(""FIELD"", (37.6377709002747, -122.08666404347579), -1.0, FIELD), 93.12331277557446, UNKNOWN, HEMORRHAGIC)"
5,0.24418294143999997,0.24418294143999997,37.635436210265695,-122.08762004992863,"PatientState(Location(""FIELD"", (37.635436210265695, -122.08762004992863), -1.0, FIELD), 184.79906502493972, UNKNOWN, NLVO)"
