sample,reward_best,reward_CA,location_lat,location_lon,patient_state
1,0.24418294143999997,0.24418294143999997,37.436439693714235,-121.83745874228048,"PatientState(Location(""FIELD"", (37.436439693714235, -121.83745874228048), -1.0, FIELD), 206.74657083572725, UNKNOWN, LVO)"
2,0.24418294143999997,0.24418294143999997,37.43822397684827,-121.83588310732652,"PatientState(Location(""FIELD"", (37.43822397684827, -121.83588310732652), -1.0, FIELD), 203.54942899671883, UNKNOWN, LVO)"
3,0.3251963617406486,0.3251963617406486,37.43466186632807,-121.84017305905756,"PatientState(Location(""FIELD"", (37.43466186632807, -121.84017305905756), -1.0, FIELD), 138.2610783927483, UNKNOWN, NLVO)"
4,0.32982641191291495,0.32982641191291495,37.43829119037464,-121.8393492808516,"PatientState(Location(""FIELD"", (37.43829119037464, -121.8393492808516), -1.0, FIELD), 119.6388198159087, UNKNOWN, MIMIC)"
5,0.34984148956639166,0.34984148956639166,37.43661569428796,-121.83743362524895,"PatientState(Location(""FIELD"", (37.43661569428796, -121.83743362524895), -1.0, FIELD), 33.07563306456175, UNKNOWN, LVO)"
