sample,reward_best,reward_CA,location_lat,location_lon,patient_state
1,0.24418294143999997,0.24418294143999997,37.31306680133443,-122.26284452234071,"PatientState(Location(""FIELD"", (37.31306680133443, -122.26284452234071), -1.0, FIELD), 228.08525010065821, UNKNOWN, LVO)"
2,0.24418294143999997,0.24418294143999997,37.310105240935584,-122.26229947517801,"PatientState(Location(""FIELD"", (37.310105240935584, -122.26229947517801), -1.0, FIELD), 257.68905354541965, UNKNOWN, HEMORRHAGIC)"
3,0.32541598227698537,0.32541598227698537,37.312936316152324,-122.26454075862235,"PatientState(Location(""FIELD"", (37.312936316152324, -122.26454075862235), -1.0, FIELD), 118.62107667442035, UNKNOWN, NLVO)"
4,0.32925762583311563,0.32925762583311563,37.31349352603805,-122.26247206554804,"PatientState(Location(""FIELD"", (37.31349352603805, -122.26247206554804), -1.0, FIELD), 102.51169122131549, UNKNOWN, LVO)"
5,0.24418294143999997,0.24418294143999997,37.30933580086862,-122.26118310972747,"PatientState(Location(""FIELD"", (37.30933580086862, -122.26118310972747), -1.0, FIELD), 189.71917073496726, UNKNOWN, LVO)"
