sample,reward_best,reward_CA,location_lat,location_lon,patient_state
1,0.3214292152569643,0.24418294143999997,37.74147864152658,-122.18713992308936,"PatientState(Location(""FIELD"", (37.74147864152658, -122.18713992308936), -1.0, FIELD), 137.52876568825806, UNKNOWN, LVO)"
2,0.24418294143999997,0.24418294143999997,37.74319258039214,-122.18668762872093,"PatientState(Location(""FIELD"", (37.74319258039214, -122.18668762872093), -1.0, FIELD), 176.35741602116806, UNKNOWN, LVO)"
3,0.24418294143999997,0.24418294143999997,37.74153370092648,-122.19000005875156,"PatientState(Location(""FIELD"", (37.74153370092648, -122.19000005875156), -1.0, FIELD), 249.40584682366148, UNKNOWN, HEMORRHAGIC)"
4,0.24418294143999997,0.24418294143999997,37.74166758017452,-122.19046775627531,"PatientState(Location(""FIELD"", (37.74166758017452, -122.19046775627531), -1.0, FIELD), 254.85410175170927, UNKNOWN, NLVO)"
5,0.24418294143999997,0.24418294143999997,37.740492475094086,-122.18742599566279,"PatientState(Location(""FIELD"", (37.740492475094086, -122.18742599566279), -1.0, FIELD), 213.5001800250825, UNKNOWN, LVO)"
