sample,reward_best,reward_CA,location_lat,location_lon,patient_state
1,0.24418294143999997,0.24418294143999997,37.88388548358705,-122.25963507375437,"PatientState(Location(""FIELD"", (37.88388548358705, -122.25963507375437), -1.0, FIELD), 197.30858821086883, UNKNOWN, HEMORRHAGIC)"
2,0.33226592009101014,0.3196586869260257,37.8846196248418,-122.25953305427804,"PatientState(Location(""FIELD"", (37.8846196248418, -122.25953305427804), -1.0, FIELD), 69.59865592378199, UNKNOWN, LVO)"
3,0.33011508288155184,0.3215149853854679,37.88765047778064,-122.25839347965352,"PatientState(Location(""FIELD"", (37.88765047778064, -122.25839347965352), -1.0, FIELD), 59.74406093851937, UNKNOWN, NLVO)"
4,0.24418294143999997,0.24418294143999997,37.88601660418089,-122.25855934004703,"PatientState(Location(""FIELD"", (37.88601660418089, -122.25855934004703), -1.0, FIELD), 251.59522538100038, UNKNOWN, HEMORRHAGIC)"
5,0.24418294143999997,0.24418294143999997,37.88700755401428,-122.25905453922866,"PatientState(Location(""FIELD"", (37.88700755401428, -122.25905453922866), -1.0, FIELD), 213.08341611363122, UNKNOWN, NLVO)"
