sample,reward_best,reward_CA,location_lat,location_lon,patient_state
1,0.33521985735765547,0.2713356183148664,37.22139943117893,-122.3544251576493,"PatientState(Location(""FIELD"", (37.22139943117893, -122.3544251576493), -1.0, FIELD), 53.30832556843474, UNKNOWN, HEMORRHAGIC)"
2,0.24418294143999997,0.24418294143999997,37.22376098265657,-122.35444555273243,"PatientState(Location(""FIELD"", (37.22376098265657, -122.35444555273243), -1.0, FIELD), 181.80800007523786, UNKNOWN, HEMORRHAGIC)"
3,0.24418294143999997,0.24418294143999997,37.2202085278977,-122.35309204555206,"PatientState(Location(""FIELD"", (37.2202085278977, -122.35309204555206), -1.0, FIELD), 181.56909988245005, UNKNOWN, MIMIC)"
4,0.24418294143999997,0.24418294143999997,37.22295695307307,-122.35244566207112,"PatientState(Location(""FIELD"", (37.22295695307307, -122.35244566207112), -1.0, FIELD), 226.26578651236366, UNKNOWN, HEMORRHAGIC)"
5,0.24418294143999997,0.24418294143999997,37.21932426910223,-122.3544380891923,"PatientState(Location(""FIELD"", (37.21932426910223, -122.3544380891923), -1.0, FIELD), 267.3749704694316, UNKNOWN, HEMORRHAGIC)"
