sample,reward_best,reward_CA,location_lat,location_lon,patient_state
1,0.24418294143999997,0.24418294143999997,37.70042295404492,-122.40618080411788,"PatientState(Location(""FIELD"", (37.70042295404492, -122.40618080411788), -1.0, FIELD), 244.54032035184125, UNKNOWN, HEMORRHAGIC)"
2,0.24418294143999997,0.24418294143999997,37.70349156549446,-122.4063789365101,"PatientState(Location(""FIELD"", (37.70349156549446, -122.4063789365101), -1.0, FIELD), 207.91899803026604, UNKNOWN, LVO)"
3,0.3169476081060505,0.24418294143999997,37.70052086415645,-122.4075656650613,"PatientState(Location(""FIELD"", (37.70052086415645, -122.4075656650613), -1.0, FIELD), 165.60156138469202, UNKNOWN, LVO)"
4,0.35122787645759324,0.33881297174962033,37.70174229731203,-122.40633413520897,"PatientState(Location(""FIELD"", (37.70174229731203, -122.40633413520897), -1.0, FIELD), 4.438934468549977, UNKNOWN, NLVO)"
5,0.24418294143999997,0.24418294143999997,37.69946484316912,-122.40725485595908,"PatientState(Location(""FIELD"", (37.69946484316912, -122.40725485595908), -1.0, FIELD), 201.99124130065837, UNKNOWN, HEMORRHAGIC)"
