sample,reward_best,reward_CA,location_lat,location_lon,patient_state
1,0.3420809283161468,0.3205173282134974,37.630987766691845,-122.10833157984345,"PatientState(Location(""FIELD"", (37.630987766691845, -122.10833157984345), -1.0, FIELD), 60.74626336208201, UNKNOWN, LVO)"
2,0.3373919507382883,0.31600567282604025,37.629151154337386,-122.10991899926935,"PatientState(Location(""FIELD"", (37.629151154337386, -122.10991899926935), -1.0, FIELD), 80.97545964847819, UNKNOWN, NLVO)"
3,0.33816238433728435,0.31674652220634153,37.63003867766436,-122.10628589363496,"PatientState(Location(""FIELD"", (37.63003867766436, -122.10628589363496), -1.0, FIELD), 77.31605371996618, UNKNOWN, HEMORRHAGIC)"
4,0.34953675387835637,0.32770446347437954,37.63202563707715,-122.10800911018336,"PatientState(Location(""FIELD"", (37.63202563707715, -122.10800911018336), -1.0, FIELD), 28.816845185815186, UNKNOWN, LVO)"
5,0.3387170577868268,0.3172800062880278,37.62901884692466,-122.10625205840695,"PatientState(Location(""FIELD"", (37.62901884692466, -122.10625205840695), -1.0, FIELD), 75.0199793574013, UNKNOWN, LVO)"
