sample,reward_best,reward_CA,location_lat,location_lon,patient_state
1,0.24418294143999997,0.24418294143999997,37.65585233845948,-121.78930785170768,"PatientState(Location(""FIELD"", (37.65585233845948, -121.78930785170768), -1.0, FIELD), 248.42547992109957, UNKNOWN, LVO)"
2,0.3510198275540899,0.3315645574662967,37.657822500533484,-121.78848156451211,"PatientState(Location(""FIELD"", (37.657822500533484, -121.78848156451211), -1.0, FIELD), 10.58508046585361, UNKNOWN, HEMORRHAGIC)"
3,0.24418294143999997,0.24418294143999997,37.65454305346184,-121.78738764383297,"PatientState(Location(""FIELD"", (37.65454305346184, -121.78738764383297), -1.0, FIELD), 193.4004139518232, UNKNOWN, HEMORRHAGIC)"
4,0.33169617467411394,0.24418294143999997,37.653873981990515,-121.78658025745544,"PatientState(Location(""FIELD"", (37.653873981990515, -121.78658025745544), -1.0, FIELD), 94.19503040087486, UNKNOWN, HEMORRHAGIC)"
5,0.3380764576692576,0.31903797639728665,37.65804684461248,-121.78919644660164,"PatientState(Location(""FIELD"", (37.65804684461248, -121.78919644660164), -1.0, FIELD), 65.80550824518062, UNKNOWN, LVO)"
