sample,reward_best,reward_CA,location_lat,location_lon,patient_state
1,0.32815644392365034,0.24418294143999997,37.34909542349473,-122.17312572101017,"PatientState(Location(""FIELD"", (37.34909542349473, -122.17312572101017), -1.0, FIELD), 122.74016474280259, UNKNOWN, LVO)"
2,0.24418294143999997,0.24418294143999997,37.35255209492521,-122.17198086351682,"PatientState(Location(""FIELD"", (37.35255209492521, -122.17198086351682), -1.0, FIELD), 258.6879774015867, UNKNOWN, LVO)"
3,0.3317646324305217,0.3158262527224333,37.35132193641696,-122.17175428305725,"PatientState(Location(""FIELD"", (37.35132193641696, -122.17175428305725), -1.0, FIELD), 107.7911497257282, UNKNOWN, HEMORRHAGIC)"
4,0.3257380374811173,0.24418294143999997,37.35180828604123,-122.1745411849728,"PatientState(Location(""FIELD"", (37.35180828604123, -122.1745411849728), -1.0, FIELD), 133.77936494509694, UNKNOWN, LVO)"
5,0.3516350216059278,0.33514958296330977,37.35110415602533,-122.17141085951162,"PatientState(Location(""FIELD"", (37.35110415602533, -122.17141085951162), -1.0, FIELD), 22.419529915394882, UNKNOWN, LVO)"
