sample,reward_best,reward_CA,location_lat,location_lon,patient_state
1,0.24418294143999997,0.24418294143999997,38.143323205144824,-122.52484215866828,"PatientState(Location(""FIELD"", (38.143323205144824, -122.52484215866828), -1.0, FIELD), 169.63677816045478, UNKNOWN, HEMORRHAGIC)"
2,0.24418294143999997,0.24418294143999997,38.14055823612782,-122.52328936023667,"PatientState(Location(""FIELD"", (38.14055823612782, -122.52328936023667), -1.0, FIELD), 179.06132545478422, UNKNOWN, HEMORRHAGIC)"
3,0.24418294143999997,0.24418294143999997,38.142240185865845,-122.52141708435919,"PatientState(Location(""FIELD"", (38.142240185865845, -122.52141708435919), -1.0, FIELD), 164.12911986326984, UNKNOWN, LVO)"
4,0.24418294143999997,0.24418294143999997,38.14156310664528,-122.52266170021731,"PatientState(Location(""FIELD"", (38.14156310664528, -122.52266170021731), -1.0, FIELD), 225.7769273593453, UNKNOWN, HEMORRHAGIC)"
5,0.3261165447387534,0.24418294143999997,38.138960687681674,-122.52108968136938,"PatientState(Location(""FIELD"", (38.138960687681674, -122.52108968136938), -1.0, FIELD), 7.806129063672909, UNKNOWN, HEMORRHAGIC)"
