sample,reward_best,reward_CA,location_lat,location_lon,patient_state
1,0.24418294143999997,0.24418294143999997,37.80877574364584,-122.01808984066925,"PatientState(Location(""FIELD"", (37.80877574364584, -122.01808984066925), -1.0, FIELD), 240.82733525812984, UNKNOWN, HEMORRHAGIC)"
2,0.24418294143999997,0.24418294143999997,37.805936255990574,-122.01602186858668,"PatientState(Location(""FIELD"", (37.805936255990574, -122.01602186858668), -1.0, FIELD), 210.31546293144538, UNKNOWN, HEMORRHAGIC)"
3,0.24418294143999997,0.24418294143999997,37.807482766329976,-122.01737150212347,"PatientState(Location(""FIELD"", (37.807482766329976, -122.01737150212347), -1.0, FIELD), 162.1947431849885, UNKNOWN, HEMORRHAGIC)"
4,0.24418294143999997,0.24418294143999997,37.80774103876788,-122.01636334295495,"PatientState(Location(""FIELD"", (37.80774103876788, -122.01636334295495), -1.0, FIELD), 257.9930014996975, UNKNOWN, LVO)"
5,0.32557478556230995,0.24418294143999997,37.807637641545405,-122.01677961307418,"PatientState(Location(""FIELD"", (37.807637641545405, -122.01677961307418), -1.0, FIELD), 94.58993396411982, UNKNOWN, NLVO)"
