sample,reward_best,reward_CA,location_lat,location_lon,patient_state
1,0.318615526098895,0.24418294143999997,37.51971201181683,-122.27726067277908,"PatientState(Location(""FIELD"", (37.51971201181683, -122.27726067277908), -1.0, FIELD), 177.25873530405718, UNKNOWN, LVO)"
2,0.35794051965608803,0.34085075475311544,37.52073959204416,-122.28010338253547,"PatientState(Location(""FIELD"", (37.52073959204416, -122.28010338253547), -1.0, FIELD), 4.4509256659221395, UNKNOWN, NLVO)"
3,0.3539699060179801,0.33697999359466946,37.51957937912231,-122.27649532240585,"PatientState(Location(""FIELD"", (37.51957937912231, -122.27649532240585), -1.0, FIELD), 23.89078643140359, UNKNOWN, HEMORRHAGIC)"
4,0.24418294143999997,0.24418294143999997,37.51988279875207,-122.27614652106809,"PatientState(Location(""FIELD"", (37.51988279875207, -122.27614652106809), -1.0, FIELD), 209.00795264985535, UNKNOWN, LVO)"
5,0.3433160668392754,0.3267436477994886,37.52203502118347,-122.28008936452491,"PatientState(Location(""FIELD"", (37.52203502118347, -122.28008936452491), -1.0, FIELD), 68.08053958357168, UNKNOWN, NLVO)"
