sample,reward_best,reward_CA,location_lat,location_lon,patient_state
1,0.3330642849012259,0.3205827013334037,38.023666464344096,-122.1954672851659,"PatientState(Location(""FIELD"", (38.023666464344096, -122.1954672851659), -1.0, FIELD), 41.44900414778567, UNKNOWN, HEMORRHAGIC)"
2,0.24418294143999997,0.24418294143999997,38.022928198031174,-122.19235877546414,"PatientState(Location(""FIELD"", (38.022928198031174, -122.19235877546414), -1.0, FIELD), 215.45351323801836, UNKNOWN, LVO)"
3,0.25652686873084757,0.24418294143999997,38.023329337487425,-122.19355211961198,"PatientState(Location(""FIELD"", (38.023329337487425, -122.19355211961198), -1.0, FIELD), 119.38093004912685, UNKNOWN, LVO)"
4,0.24418294143999997,0.24418294143999997,38.02038384074905,-122.19484878853493,"PatientState(Location(""FIELD"", (38.02038384074905, -122.19484878853493), -1.0, FIELD), 161.24500519540064, UNKNOWN, LVO)"
5,0.31600762569225566,0.2522621396702522,38.023061507272914,-122.19455324636719,"PatientState(Location(""FIELD"", (38.023061507272914, -122.19455324636719), -1.0, FIELD), 65.7756815908899, UNKNOWN, LVO)"
