sample,reward_best,reward_CA,location_lat,location_lon,patient_state
1,0.33385699911439676,0.3213752654911672,37.78738988711159,-122.48881867628249,"PatientState(Location(""FIELD"", (37.78738988711159, -122.48881867628249), -1.0, FIELD), 74.80479318984264, UNKNOWN, HEMORRHAGIC)"
2,0.31398726439537267,0.24418294143999997,37.787910461696065,-122.48605380428691,"PatientState(Location(""FIELD"", (37.787910461696065, -122.48605380428691), -1.0, FIELD), 163.7319172036676, UNKNOWN, HEMORRHAGIC)"
3,0.24418294143999997,0.24418294143999997,37.78422294122603,-122.4875161796883,"PatientState(Location(""FIELD"", (37.78422294122603, -122.4875161796883), -1.0, FIELD), 208.46448962646448, UNKNOWN, HEMORRHAGIC)"
4,0.24418294143999997,0.24418294143999997,37.78535329122174,-122.48704653151565,"PatientState(Location(""FIELD"", (37.78535329122174, -122.48704653151565), -1.0, FIELD), 225.11813217072245, UNKNOWN, MIMIC)"
5,0.3203218115648388,0.24418294143999997,37.78752392511113,-122.48751506445063,"PatientState(Location(""FIELD"", (37.78752392511113, -122.48751506445063), -1.0, FIELD), 135.24621258357732, UNKNOWN, LVO)"
