sample,reward_best,reward_CA,location_lat,location_lon,patient_state
1,0.3289271757568377,0.24418294143999997,37.50493248094936,-121.81151379155588,"PatientState(Location(""FIELD"", (37.50493248094936, -121.81151379155588), -1.0, FIELD), 84.01448211286736, UNKNOWN, LVO)"
2,0.24418294143999997,0.24418294143999997,37.50517079128206,-121.81270232058078,"PatientState(Location(""FIELD"", (37.50517079128206, -121.81270232058078), -1.0, FIELD), 181.81803127149809, UNKNOWN, LVO)"
3,0.24418294143999997,0.24418294143999997,37.50518362924061,-121.81560912069124,"PatientState(Location(""FIELD"", (37.50518362924061, -121.81560912069124), -1.0, FIELD), 214.76571998964735, UNKNOWN, LVO)"
4,0.33999704623377663,0.32089396714838775,37.50635445377646,-121.8126324799128,"PatientState(Location(""FIELD"", (37.50635445377646, -121.8126324799128), -1.0, FIELD), 36.02108785373884, UNKNOWN, HEMORRHAGIC)"
5,0.24418294143999997,0.24418294143999997,37.50840509656244,-121.81569910229595,"PatientState(Location(""FIELD"", (37.50840509656244, -121.81569910229595), -1.0, FIELD), 213.8102791488936, UNKNOWN, MIMIC)"
