sample,reward_best,reward_CA,location_lat,location_lon,patient_state
1,0.24418294143999997,0.24418294143999997,37.21678716537398,-121.85522735416271,"PatientState(Location(""FIELD"", (37.21678716537398, -121.85522735416271), -1.0, FIELD), 250.09870735577206, UNKNOWN, LVO)"
2,0.32326997088841447,0.32326997088841447,37.21620565767109,-121.85092042685324,"PatientState(Location(""FIELD"", (37.21620565767109, -121.85092042685324), -1.0, FIELD), 146.58150810390194, UNKNOWN, HEMORRHAGIC)"
3,0.347365614860665,0.347365614860665,37.21479282196979,-121.85289986799353,"PatientState(Location(""FIELD"", (37.21479282196979, -121.85289986799353), -1.0, FIELD), 40.9865598026079, UNKNOWN, LVO)"
4,0.35596611398562983,0.35596611398562983,37.21752048363167,-121.85130512025128,"PatientState(Location(""FIELD"", (37.21752048363167, -121.85130512025128), -1.0, FIELD), 6.281238007610961, UNKNOWN, LVO)"
5,0.3177359827529834,0.3177359827529834,37.21709741242731,-121.85438666734863,"PatientState(Location(""FIELD"", (37.21709741242731, -121.85438666734863), -1.0, FIELD), 172.1204818821572, UNKNOWN, MIMIC)"
