sample,reward_best,reward_CA,location_lat,location_lon,patient_state
1,0.24418294143999997,0.24418294143999997,37.64883831612906,-121.88832940079293,"PatientState(Location(""FIELD"", (37.64883831612906, -121.88832940079293), -1.0, FIELD), 229.8636411071045, UNKNOWN, HEMORRHAGIC)"
2,0.3384022458213344,0.3193527381809374,37.65124365048458,-121.89043727477734,"PatientState(Location(""FIELD"", (37.65124365048458, -121.89043727477734), -1.0, FIELD), 70.58202343942429, UNKNOWN, NLVO)"
3,0.24418294143999997,0.24418294143999997,37.64916039498291,-121.88596078867191,"PatientState(Location(""FIELD"", (37.64916039498291, -121.88596078867191), -1.0, FIELD), 202.34134443885563, UNKNOWN, MIMIC)"
4,0.34080257885872534,0.3216726955382836,37.65364277747426,-121.88760610527537,"PatientState(Location(""FIELD"", (37.65364277747426, -121.88760610527537), -1.0, FIELD), 58.94309262193872, UNKNOWN, LVO)"
5,0.3316486514816111,0.24418294143999997,37.65077546313978,-121.88732580792183,"PatientState(Location(""FIELD"", (37.65077546313978, -121.88732580792183), -1.0, FIELD), 100.54753356039875, UNKNOWN, HEMORRHAGIC)"
