sample,reward_best,reward_CA,location_lat,location_lon,patient_state
1,0.24418294143999997,0.24418294143999997,37.55740302629572,-121.78796527337904,"PatientState(Location(""FIELD"", (37.55740302629572, -121.78796527337904), -1.0, FIELD), 192.78063610847246, UNKNOWN, LVO)"
2,0.32129344942708943,0.24418294143999997,37.55556590956552,-121.78984202571029,"PatientState(Location(""FIELD"", (37.55556590956552, -121.78984202571029), -1.0, FIELD), 101.51290575908179, UNKNOWN, LVO)"
3,0.3211916217429799,0.24418294143999997,37.55832906975495,-121.79009731644648,"PatientState(Location(""FIELD"", (37.55832906975495, -121.79009731644648), -1.0, FIELD), 102.55279632780176, UNKNOWN, LVO)"
4,0.24418294143999997,0.24418294143999997,37.556392563175244,-121.7881894593606,"PatientState(Location(""FIELD"", (37.556392563175244, -121.7881894593606), -1.0, FIELD), 226.86015977970916, UNKNOWN, HEMORRHAGIC)"
5,0.3146762074922715,0.24418294143999997,37.55509093552296,-121.78672839671003,"PatientState(Location(""FIELD"", (37.55509093552296, -121.78672839671003), -1.0, FIELD), 129.8177710295653, UNKNOWN, LVO)"
