sample,reward_best,reward_CA,location_lat,location_lon,patient_state
1,0.3473387039028923,0.3473387039028923,37.21121441021111,-122.02371160286121,"PatientState(Location(""FIELD"", (37.21121441021111, -122.02371160286121), -1.0, FIELD), 32.43779264496412, UNKNOWN, MIMIC)"
2,0.24418294143999997,0.24418294143999997,37.21329750828016,-122.02441335369966,"PatientState(Location(""FIELD"", (37.21329750828016, -122.02441335369966), -1.0, FIELD), 208.38877371785247, UNKNOWN, NLVO)"
3,0.3419115362843745,0.3419115362843745,37.20959719494685,-122.02228925886864,"PatientState(Location(""FIELD"", (37.20959719494685, -122.02228925886864), -1.0, FIELD), 55.80500649031022, UNKNOWN, HEMORRHAGIC)"
4,0.24418294143999997,0.24418294143999997,37.212510115071595,-122.02414200141224,"PatientState(Location(""FIELD"", (37.212510115071595, -122.02414200141224), -1.0, FIELD), 197.6560024940774, UNKNOWN, HEMORRHAGIC)"
5,0.24418294143999997,0.24418294143999997,37.210515936457014,-122.02190651904056,"PatientState(Location(""FIELD"", (37.210515936457014, -122.02190651904056), -1.0, FIELD), 233.94356777441112, UNKNOWN, MIMIC)"
