sample,reward_best,reward_CA,location_lat,location_lon,patient_state
1,0.24418294143999997,0.24418294143999997,37.76949913053441,-121.68217646129463,"PatientState(Location(""FIELD"", (37.76949913053441, -121.68217646129463), -1.0, FIELD), 220.5343351184385, UNKNOWN, LVO)"
2,0.24418294143999997,0.24418294143999997,37.77181368022821,-121.68420563307791,"PatientState(Location(""FIELD"", (37.77181368022821, -121.68420563307791), -1.0, FIELD), 232.1761759313083, UNKNOWN, LVO)"
3,0.24418294143999997,0.24418294143999997,37.770895003955275,-121.68272147239713,"PatientState(Location(""FIELD"", (37.770895003955275, -121.68272147239713), -1.0, FIELD), 160.86610269767596, UNKNOWN, HEMORRHAGIC)"
4,0.3404413398850246,0.24418294143999997,37.773796435877195,-121.68461646031317,"PatientState(Location(""FIELD"", (37.773796435877195, -121.68461646031317), -1.0, FIELD), 30.2303399531485, UNKNOWN, LVO)"
5,0.3290238005026992,0.24418294143999997,37.77033729450085,-121.68316920189271,"PatientState(Location(""FIELD"", (37.77033729450085, -121.68316920189271), -1.0, FIELD), 79.02556697113869, UNKNOWN, HEMORRHAGIC)"
