sample,reward_best,reward_CA,location_lat,location_lon,patient_state
1,0.3327371398258577,0.3138830392387825,37.46508459661684,-121.63587642579783,"PatientState(Location(""FIELD"", (37.46508459661684, -121.63587642579783), -1.0, FIELD), 27.38410487308154, UNKNOWN, LVO)"
2,0.24418294143999997,0.24418294143999997,37.46769531579329,-121.63912024020654,"PatientState(Location(""FIELD"", (37.46769531579329, -121.63912024020654), -1.0, FIELD), 216.17717066205347, UNKNOWN, LVO)"
3,0.24418294143999997,0.24418294143999997,37.46673647552413,-121.64010494473352,"PatientState(Location(""FIELD"", (37.46673647552413, -121.64010494473352), -1.0, FIELD), 261.05788152757214, UNKNOWN, LVO)"
4,0.24418294143999997,0.24418294143999997,37.468501050029126,-121.63857784276024,"PatientState(Location(""FIELD"", (37.468501050029126, -121.63857784276024), -1.0, FIELD), 266.96776626515424, UNKNOWN, LVO)"
5,0.3370400896636531,0.3180368718621563,37.46403819037925,-121.63628879098476,"PatientState(Location(""FIELD"", (37.46403819037925, -121.63628879098476), -1.0, FIELD), 8.565754704191757, UNKNOWN, HEMORRHAGIC)"
