sample,reward_best,reward_CA,location_lat,location_lon,patient_state
1,0.3331516115062692,0.31696168781787837,37.59633906744785,-122.21169676457559,"PatientState(Location(""FIELD"", (37.59633906744785, -122.21169676457559), -1.0, FIELD), 94.83169405210353, UNKNOWN, LVO)"
2,0.34781327816868995,0.3312116545794865,37.5956567544024,-122.21555970913126,"PatientState(Location(""FIELD"", (37.5956567544024, -122.21555970913126), -1.0, FIELD), 31.519758828252186, UNKNOWN, HEMORRHAGIC)"
3,0.3298345129328735,0.3137441800050516,37.59662458002795,-122.2118424038184,"PatientState(Location(""FIELD"", (37.59662458002795, -122.2118424038184), -1.0, FIELD), 109.31999962495958, UNKNOWN, NLVO)"
4,0.32996656471918845,0.3138722030622727,37.59766941784461,-122.21528863793598,"PatientState(Location(""FIELD"", (37.59766941784461, -122.21528863793598), -1.0, FIELD), 108.58827990864741, UNKNOWN, HEMORRHAGIC)"
5,0.33202906406105237,0.31587268010854747,37.59722254900259,-122.21502348448186,"PatientState(Location(""FIELD"", (37.59722254900259, -122.21502348448186), -1.0, FIELD), 99.573665357961, UNKNOWN, LVO)"
