sample,reward_best,reward_CA,location_lat,location_lon,patient_state
1,0.3317917391055164,0.31531475930383207,37.809253593546565,-121.97329965650991,"PatientState(Location(""FIELD"", (37.809253593546565, -121.97329965650991), -1.0, FIELD), 72.65948084043117, UNKNOWN, HEMORRHAGIC)"
2,0.3332371848883972,0.3167172262969208,37.81023568182478,-121.97507952467545,"PatientState(Location(""FIELD"", (37.81023568182478, -121.97507952467545), -1.0, FIELD), 67.63403373628785, UNKNOWN, HEMORRHAGIC)"
3,0.31626486089511285,0.24418294143999997,37.81078695056661,-121.97419474387043,"PatientState(Location(""FIELD"", (37.81078695056661, -121.97419474387043), -1.0, FIELD), 142.30508857506598, UNKNOWN, LVO)"
4,0.34859276322552796,0.3316462719742296,37.81294167567907,-121.97204491887392,"PatientState(Location(""FIELD"", (37.81294167567907, -121.97204491887392), -1.0, FIELD), 1.6221580780908218, UNKNOWN, MIMIC)"
5,0.3448947215589412,0.3280460156227818,37.81067056149304,-121.97396851770893,"PatientState(Location(""FIELD"", (37.81067056149304, -121.97396851770893), -1.0, FIELD), 16.921713822297583, UNKNOWN, MIMIC)"
