sample,reward_best,reward_CA,location_lat,location_lon,patient_state
1,0.24418294143999997,0.24418294143999997,37.349457183876304,-122.02440562802661,"PatientState(Location(""FIELD"", (37.349457183876304, -122.02440562802661), -1.0, FIELD), 245.0473012386559, UNKNOWN, NLVO)"
2,0.35464651245077417,0.35155586440051745,37.35129334386731,-122.02562226619833,"PatientState(Location(""FIELD"", (37.35129334386731, -122.02562226619833), -1.0, FIELD), 12.77561355448248, UNKNOWN, LVO)"
3,0.2527332596850034,0.2527332596850034,37.35231455704299,-122.02400852832793,"PatientState(Location(""FIELD"", (37.35231455704299, -122.02400852832793), -1.0, FIELD), 195.0213390819026, UNKNOWN, LVO)"
4,0.3553546921791826,0.3525554236172907,37.35177494015913,-122.02262001084152,"PatientState(Location(""FIELD"", (37.35177494015913, -122.02262001084152), -1.0, FIELD), 9.421877730154847, UNKNOWN, HEMORRHAGIC)"
5,0.33851422073408477,0.33572729921775274,37.3510935042052,-122.02123216082437,"PatientState(Location(""FIELD"", (37.3510935042052, -122.02123216082437), -1.0, FIELD), 80.53366618019881, UNKNOWN, MIMIC)"
