sample,reward_best,reward_CA,location_lat,location_lon,patient_state
1,0.24418294143999997,0.24418294143999997,37.27323693301865,-121.81556740694904,"PatientState(Location(""FIELD"", (37.27323693301865, -121.81556740694904), -1.0, FIELD), 252.12411822349213, UNKNOWN, HEMORRHAGIC)"
2,0.24418294143999997,0.24418294143999997,37.27083972571271,-121.8119771332842,"PatientState(Location(""FIELD"", (37.27083972571271, -121.8119771332842), -1.0, FIELD), 250.56736346275622, UNKNOWN, HEMORRHAGIC)"
3,0.31693437415791376,0.25526086529434333,37.272705977796214,-121.8148710917362,"PatientState(Location(""FIELD"", (37.272705977796214, -121.8148710917362), -1.0, FIELD), 176.72096724518534, UNKNOWN, LVO)"
4,0.3290304279135982,0.32575917455969716,37.2694918056103,-121.8119763938562,"PatientState(Location(""FIELD"", (37.2694918056103, -121.8119763938562), -1.0, FIELD), 122.09316034102244, UNKNOWN, HEMORRHAGIC)"
5,0.35638745908977465,0.35247317098693165,37.273191431283294,-121.81436009543015,"PatientState(Location(""FIELD"", (37.273191431283294, -121.81436009543015), -1.0, FIELD), 6.24984686923454, UNKNOWN, HEMORRHAGIC)"
