sample,reward_best,reward_CA,location_lat,location_lon,patient_state
1,0.24418294143999997,0.24418294143999997,37.674268473472004,-121.68596774450484,"PatientState(Location(""FIELD"", (37.674268473472004, -121.68596774450484), -1.0, FIELD), 203.15461709850453, UNKNOWN, NLVO)"
2,0.24418294143999997,0.24418294143999997,37.67681800525749,-121.68971743538485,"PatientState(Location(""FIELD"", (37.67681800525749, -121.68971743538485), -1.0, FIELD), 232.08468132580947, UNKNOWN, LVO)"
3,0.24418294143999997,0.24418294143999997,37.67824276622006,-121.68704413296452,"PatientState(Location(""FIELD"", (37.67824276622006, -121.68704413296452), -1.0, FIELD), 255.49885805522032, UNKNOWN, HEMORRHAGIC)"
4,0.3432041413106278,0.32246871948085515,37.676983355536414,-121.68784247104756,"PatientState(Location(""FIELD"", (37.676983355536414, -121.68784247104756), -1.0, FIELD), 28.976673055320425, UNKNOWN, MIMIC)"
5,0.24418294143999997,0.24418294143999997,37.677636561657316,-121.68764938464672,"PatientState(Location(""FIELD"", (37.677636561657316, -121.68764938464672), -1.0, FIELD), 249.0152649833756, UNKNOWN, LVO)"
