sample,reward_best,reward_CA,location_lat,location_lon,patient_state
1,0.3169435377561552,0.3169435377561552,37.38857467440557,-121.58600414875019,"PatientState(Location(""FIELD"", (37.38857467440557, -121.58600414875019), -1.0, FIELD), 128.49483260645036, UNKNOWN, HEMORRHAGIC)"
2,0.3444650140770898,0.3444650140770898,37.38508766229333,-121.58587057042503,"PatientState(Location(""FIELD"", (37.38508766229333, -121.58587057042503), -1.0, FIELD), 8.783471925288254, UNKNOWN, LVO)"
3,0.33095171883809354,0.33095171883809354,37.38830957583332,-121.58715577830775,"PatientState(Location(""FIELD"", (37.38830957583332, -121.58715577830775), -1.0, FIELD), 66.4442380690608, UNKNOWN, LVO)"
4,0.24418294143999997,0.24418294143999997,37.38580883869136,-121.58860137575188,"PatientState(Location(""FIELD"", (37.38580883869136, -121.58860137575188), -1.0, FIELD), 222.13499343555984, UNKNOWN, HEMORRHAGIC)"
5,0.24418294143999997,0.24418294143999997,37.38749193538994,-121.5861280132542,"PatientState(Location(""FIELD"", (37.38749193538994, -121.5861280132542), -1.0, FIELD), 212.32406266916726, UNKNOWN, MIMIC)"
