sample,reward_best,reward_CA,location_lat,location_lon,patient_state
1,0.3241723864460037,0.24418294143999997,37.541991410108764,-121.65651052537144,"PatientState(Location(""FIELD"", (37.541991410108764, -121.65651052537144), -1.0, FIELD), 92.51893802660695, UNKNOWN, MIMIC)"
2,0.3272129242110049,0.24418294143999997,37.541782406063845,-121.65912526554476,"PatientState(Location(""FIELD"", (37.541782406063845, -121.65912526554476), -1.0, FIELD), 79.31759096443932, UNKNOWN, LVO)"
3,0.32234686442110216,0.24418294143999997,37.54377306107129,-121.65929631532507,"PatientState(Location(""FIELD"", (37.54377306107129, -121.65929631532507), -1.0, FIELD), 100.86948869490158, UNKNOWN, LVO)"
4,0.32203484992449216,0.24418294143999997,37.54240032986163,-121.65647694377284,"PatientState(Location(""FIELD"", (37.54240032986163, -121.65647694377284), -1.0, FIELD), 101.9990303329478, UNKNOWN, HEMORRHAGIC)"
5,0.24418294143999997,0.24418294143999997,37.54132970864335,-121.65965582090685,"PatientState(Location(""FIELD"", (37.54132970864335, -121.65965582090685), -1.0, FIELD), 250.61797314607932, UNKNOWN, NLVO)"
