sample,reward_best,reward_CA,location_lat,location_lon,patient_state
1,0.33473773453726174,0.33178584564647384,37.179924380579564,-121.72447051525373,"PatientState(Location(""FIELD"", (37.179924380579564, -121.72447051525373), -1.0, FIELD), 91.82653268296941, UNKNOWN, LVO)"
2,0.332814944096283,0.32985728338263487,37.18255155911115,-121.72516325018898,"PatientState(Location(""FIELD"", (37.18255155911115, -121.72516325018898), -1.0, FIELD), 101.63836709409698, UNKNOWN, LVO)"
3,0.24418294143999997,0.24418294143999997,37.18137744616646,-121.72286220184428,"PatientState(Location(""FIELD"", (37.18137744616646, -121.72286220184428), -1.0, FIELD), 257.852819677695, UNKNOWN, HEMORRHAGIC)"
4,0.24418294143999997,0.24418294143999997,37.18208382698721,-121.72093210218519,"PatientState(Location(""FIELD"", (37.18208382698721, -121.72093210218519), -1.0, FIELD), 196.89723762662857, UNKNOWN, HEMORRHAGIC)"
5,0.32365552236870354,0.2613036676311997,37.18069834699449,-121.72370386439233,"PatientState(Location(""FIELD"", (37.18069834699449, -121.72370386439233), -1.0, FIELD), 141.6560706153408, UNKNOWN, HEMORRHAGIC)"
