sample,reward_best,reward_CA,location_lat,location_lon,patient_state
1,0.31661145910557664,0.25432837692519106,37.40058473011481,-121.91281988061672,"PatientState(Location(""FIELD"", (37.40058473011481, -121.91281988061672), -1.0, FIELD), 182.79099294643876, UNKNOWN, LVO)"
2,0.24418294143999997,0.24418294143999997,37.40022682556308,-121.91555030664458,"PatientState(Location(""FIELD"", (37.40022682556308, -121.91555030664458), -1.0, FIELD), 264.98921854643254, UNKNOWN, MIMIC)"
3,0.3294176114570181,0.26452047593082945,37.40331371459715,-121.91270857709925,"PatientState(Location(""FIELD"", (37.40331371459715, -121.91270857709925), -1.0, FIELD), 125.42525184410067, UNKNOWN, LVO)"
4,0.3498533408667742,0.3451892195767558,37.400272657279984,-121.91572930942827,"PatientState(Location(""FIELD"", (37.400272657279984, -121.91572930942827), -1.0, FIELD), 38.31703068350728, UNKNOWN, NLVO)"
5,0.35177102464381294,0.3471090663008936,37.40321443791988,-121.91579034512161,"PatientState(Location(""FIELD"", (37.40321443791988, -121.91579034512161), -1.0, FIELD), 29.694188770937487, UNKNOWN, NLVO)"
