sample,reward_best,reward_CA,location_lat,location_lon,patient_state
1,0.314939943173896,0.2540156605749692,37.3612337983402,-121.95592454858956,"PatientState(Location(""FIELD"", (37.3612337983402, -121.95592454858956), -1.0, FIELD), 186.02372432642255, UNKNOWN, NLVO)"
2,0.3406306020319632,0.3370997352053481,37.35988046326383,-121.95711856518352,"PatientState(Location(""FIELD"", (37.35988046326383, -121.95711856518352), -1.0, FIELD), 73.39776050967896, UNKNOWN, LVO)"
3,0.317407932503806,0.25572832887196106,37.359184599217194,-121.96046596064318,"PatientState(Location(""FIELD"", (37.359184599217194, -121.96046596064318), -1.0, FIELD), 175.93786423023334, UNKNOWN, MIMIC)"
4,0.3223240337627167,0.2597005798023134,37.36136161479026,-121.95748738845225,"PatientState(Location(""FIELD"", (37.36136161479026, -121.95748738845225), -1.0, FIELD), 153.2625585997819, UNKNOWN, LVO)"
5,0.3564287268404914,0.352213764035482,37.362149724323544,-121.95606856573089,"PatientState(Location(""FIELD"", (37.362149724323544, -121.95606856573089), -1.0, FIELD), 7.23140613768814, UNKNOWN, LVO)"
