sample,reward_best,reward_CA,location_lat,location_lon,patient_state
1,0.24418294143999997,0.24418294143999997,37.93713210526076,-121.90118091117131,"PatientState(Location(""FIELD"", (37.93713210526076, -121.90118091117131), -1.0, FIELD), 172.2353195741349, UNKNOWN, HEMORRHAGIC)"
2,0.24418294143999997,0.24418294143999997,37.93558317762283,-121.9013426424595,"PatientState(Location(""FIELD"", (37.93558317762283, -121.9013426424595), -1.0, FIELD), 230.11571474782542, UNKNOWN, LVO)"
3,0.24418294143999997,0.24418294143999997,37.9386563083075,-121.9035841346243,"PatientState(Location(""FIELD"", (37.9386563083075, -121.9035841346243), -1.0, FIELD), 163.43114107324027, UNKNOWN, LVO)"
4,0.24418294143999997,0.24418294143999997,37.93839140691345,-121.90405755413458,"PatientState(Location(""FIELD"", (37.93839140691345, -121.90405755413458), -1.0, FIELD), 95.89734083874211, UNKNOWN, LVO)"
5,0.24418294143999997,0.24418294143999997,37.9373594498136,-121.90181129857267,"PatientState(Location(""FIELD"", (37.9373594498136, -121.90181129857267), -1.0, FIELD), 172.24107772815722, UNKNOWN, LVO)"
