sample,reward_best,reward_CA,location_lat,location_lon,patient_state
1,0.32683404532938204,0.24418294143999997,37.58980366679755,-122.08034828200996,"PatientState(Location(""FIELD"", (37.58980366679755, -122.08034828200996), -1.0, FIELD), 121.7023701660648, UNKNOWN, LVO)"
2,0.313898835822676,0.24418294143999997,37.591695314391515,-122.07694408868056,"PatientState(Location(""FIELD"", (37.591695314391515, -122.07694408868056), -1.0, FIELD), 179.89464366595226, UNKNOWN, HEMORRHAGIC)"
3,0.3306764365369231,0.24418294143999997,37.59227545169702,-122.07789334637265,"PatientState(Location(""FIELD"", (37.59227545169702, -122.07789334637265), -1.0, FIELD), 106.20636122909788, UNKNOWN, LVO)"
4,0.24418294143999997,0.24418294143999997,37.59021149267171,-122.07872272505044,"PatientState(Location(""FIELD"", (37.59021149267171, -122.07872272505044), -1.0, FIELD), 186.4186938936174, UNKNOWN, LVO)"
5,0.3227356074964926,0.24418294143999997,37.58933685608077,-122.07676954011055,"PatientState(Location(""FIELD"", (37.58933685608077, -122.07676954011055), -1.0, FIELD), 139.9335506438748, UNKNOWN, LVO)"
