sample,reward_best,reward_CA,location_lat,location_lon,patient_state
1,0.3180789464693261,0.24418294143999997,37.70760029285178,-121.90237405896379,"PatientState(Location(""FIELD"", (37.70760029285178, -121.90237405896379), -1.0, FIELD), 154.85727247417407, UNKNOWN, HEMORRHAGIC)"
2,0.24418294143999997,0.24418294143999997,37.7051067031225,-121.90454366717152,"PatientState(Location(""FIELD"", (37.7051067031225, -121.90454366717152), -1.0, FIELD), 221.55938662892626, UNKNOWN, NLVO)"
3,0.24418294143999997,0.24418294143999997,37.70642948471849,-121.9040227749641,"PatientState(Location(""FIELD"", (37.70642948471849, -121.9040227749641), -1.0, FIELD), 259.1207674150122, UNKNOWN, LVO)"
4,0.3283903694927049,0.24418294143999997,37.706796640103164,-121.90323204927248,"PatientState(Location(""FIELD"", (37.706796640103164, -121.90323204927248), -1.0, FIELD), 109.65424888231894, UNKNOWN, HEMORRHAGIC)"
5,0.24418294143999997,0.24418294143999997,37.70538751768172,-121.90262046336642,"PatientState(Location(""FIELD"", (37.70538751768172, -121.90262046336642), -1.0, FIELD), 263.0955953071903, UNKNOWN, HEMORRHAGIC)"
