sample,reward_best,reward_CA,location_lat,location_lon,patient_state
1,0.33589905132331543,0.24418294143999997,37.76174616913351,-121.66713917927947,"PatientState(Location(""FIELD"", (37.76174616913351, -121.66713917927947), -1.0, FIELD), 48.969051994848456, UNKNOWN, HEMORRHAGIC)"
2,0.33348114153814984,0.24418294143999997,37.763310629597235,-121.66660137039077,"PatientState(Location(""FIELD"", (37.763310629597235, -121.66660137039077), -1.0, FIELD), 57.56860322648463, UNKNOWN, LVO)"
3,0.24418294143999997,0.24418294143999997,37.76090085513455,-121.66681196295015,"PatientState(Location(""FIELD"", (37.76090085513455, -121.66681196295015), -1.0, FIELD), 228.8138732620094, UNKNOWN, HEMORRHAGIC)"
4,0.3366720856944598,0.3169898788353963,37.76060634939358,-121.66989939860022,"PatientState(Location(""FIELD"", (37.76060634939358, -121.66989939860022), -1.0, FIELD), 46.80848963444473, UNKNOWN, HEMORRHAGIC)"
5,0.3319723354961597,0.24418294143999997,37.76192827870953,-121.66592128206548,"PatientState(Location(""FIELD"", (37.76192827870953, -121.66592128206548), -1.0, FIELD), 65.0495541639673, UNKNOWN, LVO)"
