sample,reward_best,reward_CA,location_lat,location_lon,patient_state
1,0.24418294143999997,0.24418294143999997,37.957926491535154,-121.86602621204604,"PatientState(Location(""FIELD"", (37.957926491535154, -121.86602621204604), -1.0, FIELD), 219.22875801310246, UNKNOWN, LVO)"
2,0.24418294143999997,0.24418294143999997,37.954608203753175,-121.86787455214538,"PatientState(Location(""FIELD"", (37.954608203753175, -121.86787455214538), -1.0, FIELD), 142.74780851856423, UNKNOWN, HEMORRHAGIC)"
3,0.24418294143999997,0.24418294143999997,37.95607215161778,-121.86744915095181,"PatientState(Location(""FIELD"", (37.95607215161778, -121.86744915095181), -1.0, FIELD), 105.06377708828119, UNKNOWN, HEMORRHAGIC)"
4,0.24418294143999997,0.24418294143999997,37.95529013926613,-121.86624945839601,"PatientState(Location(""FIELD"", (37.95529013926613, -121.86624945839601), -1.0, FIELD), 133.9969176605289, UNKNOWN, LVO)"
5,0.24418294143999997,0.24418294143999997,37.957679318724296,-121.8676242451223,"PatientState(Location(""FIELD"", (37.957679318724296, -121.8676242451223), -1.0, FIELD), 112.93064716965806, UNKNOWN, LVO)"
