sample,reward_best,reward_CA,location_lat,location_lon,patient_state
1,0.24418294143999997,0.24418294143999997,38.16589767137836,-121.69141388446137,"PatientState(Location(""FIELD"", (38.16589767137836, -121.69141388446137), -1.0, FIELD), 156.002041514073, UNKNOWN, HEMORRHAGIC)"
2,0.24418294143999997,0.24418294143999997,38.16523573916104,-121.69466487405597,"PatientState(Location(""FIELD"", (38.16523573916104, -121.69466487405597), -1.0, FIELD), 67.37221850201134, UNKNOWN, LVO)"
3,0.32126408358599323,0.24418294143999997,38.16757251319547,-121.69285222269707,"PatientState(Location(""FIELD"", (38.16757251319547, -121.69285222269707), -1.0, FIELD), 9.723545220160368, UNKNOWN, NLVO)"
4,0.24418294143999997,0.24418294143999997,38.167677205553105,-121.6956071454802,"PatientState(Location(""FIELD"", (38.167677205553105, -121.6956071454802), -1.0, FIELD), 253.74930636489506, UNKNOWN, LVO)"
5,0.24418294143999997,0.24418294143999997,38.166491812521336,-121.69143947307414,"PatientState(Location(""FIELD"", (38.166491812521336, -121.69143947307414), -1.0, FIELD), 260.0681697989838, UNKNOWN, HEMORRHAGIC)"
