sample,reward_best,reward_CA,location_lat,location_lon,patient_state
1,0.3352772241570734,0.326336978245874,37.91864167842277,-122.02852944057295,"PatientState(Location(""FIELD"", (37.91864167842277, -122.02852944057295), -1.0, FIELD), 27.967726450507115, UNKNOWN, NLVO)"
2,0.3355148068232996,0.3265688237168416,37.91821579007412,-122.02866230290397,"PatientState(Location(""FIELD"", (37.91821579007412, -122.02866230290397), -1.0, FIELD), 27.07507196365422, UNKNOWN, HEMORRHAGIC)"
3,0.26179818565240154,0.24418294143999997,37.91665856016466,-122.02951638083647,"PatientState(Location(""FIELD"", (37.91665856016466, -122.02951638083647), -1.0, FIELD), 93.11002792495073, UNKNOWN, HEMORRHAGIC)"
4,0.24418294143999997,0.24418294143999997,37.91810494490085,-122.02709583290829,"PatientState(Location(""FIELD"", (37.91810494490085, -122.02709583290829), -1.0, FIELD), 226.9750288355461, UNKNOWN, LVO)"
5,0.34019078247130297,0.3311331585373177,37.9177559935557,-122.0275823755191,"PatientState(Location(""FIELD"", (37.9177559935557, -122.0275823755191), -1.0, FIELD), 7.456866846420839, UNKNOWN, HEMORRHAGIC)"
