sample,reward_best,reward_CA,location_lat,location_lon,patient_state
1,0.32011908580773896,0.24418294143999997,37.77411414708521,-122.17355875275146,"PatientState(Location(""FIELD"", (37.77411414708521, -122.17355875275146), -1.0, FIELD), 139.37365160255604, UNKNOWN, NLVO)"
2,0.35126822429799565,0.33559349553488127,37.77606954501529,-122.17099997548382,"PatientState(Location(""FIELD"", (37.77606954501529, -122.17099997548382), -1.0, FIELD), 5.081768775985864, UNKNOWN, MIMIC)"
3,0.24418294143999997,0.24418294143999997,37.77839706418038,-122.17188900760146,"PatientState(Location(""FIELD"", (37.77839706418038, -122.17188900760146), -1.0, FIELD), 243.10830055100413, UNKNOWN, HEMORRHAGIC)"
4,0.24418294143999997,0.24418294143999997,37.77613695881673,-122.17364070934943,"PatientState(Location(""FIELD"", (37.77613695881673, -122.17364070934943), -1.0, FIELD), 206.2723243494367, UNKNOWN, HEMORRHAGIC)"
5,0.24418294143999997,0.24418294143999997,37.776601205568056,-122.1746611427805,"PatientState(Location(""FIELD"", (37.776601205568056, -122.1746611427805), -1.0, FIELD), 222.60707710733644, UNKNOWN, HEMORRHAGIC)"
