sample,reward_best,reward_CA,location_lat,location_lon,patient_state
1,0.33806769346658516,0.33385481534885464,37.51041593541,-122.27589796119499,"PatientState(Location(""FIELD"", (37.51041593541, -122.27589796119499), -1.0, FIELD), 87.19336416762604, UNKNOWN, LVO)"
2,0.31831815382954826,0.25608258112746535,37.50886740377749,-122.27936485734956,"PatientState(Location(""FIELD"", (37.50886740377749, -122.27936485734956), -1.0, FIELD), 173.01953416059442, UNKNOWN, NLVO)"
3,0.3312287232150974,0.3145345187989887,37.512379676404564,-122.27828044519727,"PatientState(Location(""FIELD"", (37.512379676404564, -122.27828044519727), -1.0, FIELD), 118.14517212948479, UNKNOWN, LVO)"
4,0.35436697930854655,0.33701095113643476,37.51293748953416,-122.2802050809264,"PatientState(Location(""FIELD"", (37.51293748953416, -122.2802050809264), -1.0, FIELD), 19.505165295102458, UNKNOWN, HEMORRHAGIC)"
5,0.33086187252888266,0.326931494261824,37.51063489513104,-122.28018298723251,"PatientState(Location(""FIELD"", (37.51063489513104, -122.28018298723251), -1.0, FIELD), 117.59039879229026, UNKNOWN, HEMORRHAGIC)"
