sample,reward_best,reward_CA,location_lat,location_lon,patient_state
1,0.24418294143999997,0.24418294143999997,37.96657591316501,-121.94434186666886,"PatientState(Location(""FIELD"", (37.96657591316501, -121.94434186666886), -1.0, FIELD), 150.74299478563836, UNKNOWN, LVO)"
2,0.24418294143999997,0.24418294143999997,37.96647872333537,-121.94561727997937,"PatientState(Location(""FIELD"", (37.96647872333537, -121.94561727997937), -1.0, FIELD), 75.66339946437346, UNKNOWN, HEMORRHAGIC)"
3,0.24418294143999997,0.24418294143999997,37.965519728765194,-121.94557485169828,"PatientState(Location(""FIELD"", (37.965519728765194, -121.94557485169828), -1.0, FIELD), 269.8231986235671, UNKNOWN, LVO)"
4,0.3190541903061313,0.24418294143999997,37.96558663192515,-121.94362285467815,"PatientState(Location(""FIELD"", (37.96558663192515, -121.94362285467815), -1.0, FIELD), 49.83217706555274, UNKNOWN, MIMIC)"
5,0.24418294143999997,0.24418294143999997,37.96812814483489,-121.94395191908646,"PatientState(Location(""FIELD"", (37.96812814483489, -121.94395191908646), -1.0, FIELD), 99.75705606122708, UNKNOWN, LVO)"
