sample,reward_best,reward_CA,location_lat,location_lon,patient_state
1,0.24418294143999997,0.24418294143999997,37.801663305666764,-121.85485040308772,"PatientState(Location(""FIELD"", (37.801663305666764, -121.85485040308772), -1.0, FIELD), 258.66938644416433, UNKNOWN, HEMORRHAGIC)"
2,0.24418294143999997,0.24418294143999997,37.799195678256176,-121.85451509046446,"PatientState(Location(""FIELD"", (37.799195678256176, -121.85451509046446), -1.0, FIELD), 265.8974353628828, UNKNOWN, NLVO)"
3,0.3367446759146401,0.31632696440452884,37.80049920724234,-121.85186227233874,"PatientState(Location(""FIELD"", (37.80049920724234, -121.85186227233874), -1.0, FIELD), 54.94757287145272, UNKNOWN, LVO)"
4,0.3145544399292471,0.24418294143999997,37.801005156342576,-121.85431246512078,"PatientState(Location(""FIELD"", (37.801005156342576, -121.85431246512078), -1.0, FIELD), 153.7869759160263, UNKNOWN, MIMIC)"
5,0.24418294143999997,0.24418294143999997,37.800409730640894,-121.85268558602029,"PatientState(Location(""FIELD"", (37.800409730640894, -121.85268558602029), -1.0, FIELD), 211.5692207921592, UNKNOWN, LVO)"
