sample,reward_best,reward_CA,location_lat,location_lon,patient_state
1,0.24418294143999997,0.24418294143999997,37.7427168329426,-122.24679674387451,"PatientState(Location(""FIELD"", (37.7427168329426, -122.24679674387451), -1.0, FIELD), 268.1717627952149, UNKNOWN, HEMORRHAGIC)"
2,0.3161809995597428,0.24418294143999997,37.74095047449405,-122.2506075601853,"PatientState(Location(""FIELD"", (37.74095047449405, -122.2506075601853), -1.0, FIELD), 154.1187484488182, UNKNOWN, NLVO)"
3,0.34557161062738395,0.32940189097217976,37.738911420429886,-122.24695158404205,"PatientState(Location(""FIELD"", (37.738911420429886, -122.24695158404205), -1.0, FIELD), 25.73916770427827, UNKNOWN, HEMORRHAGIC)"
4,0.31872496741528383,0.24418294143999997,37.740745660724606,-122.24780020653392,"PatientState(Location(""FIELD"", (37.740745660724606, -122.24780020653392), -1.0, FIELD), 142.3491620219368, UNKNOWN, LVO)"
5,0.24418294143999997,0.24418294143999997,37.743438148024644,-122.2482928532101,"PatientState(Location(""FIELD"", (37.743438148024644, -122.2482928532101), -1.0, FIELD), 205.75447767149808, UNKNOWN, HEMORRHAGIC)"
