sample,reward_best,reward_CA,location_lat,location_lon,patient_state
1,0.3237486262677364,0.3237486262677364,37.18384035704028,-121.95516517804536,"PatientState(Location(""FIELD"", (37.18384035704028, -121.95516517804536), -1.0, FIELD), 137.60695260340933, UNKNOWN, HEMORRHAGIC)"
2,0.24418294143999997,0.24418294143999997,37.18496641167573,-121.95303756221233,"PatientState(Location(""FIELD"", (37.18496641167573, -121.95303756221233), -1.0, FIELD), 199.22345874408418, UNKNOWN, NLVO)"
3,0.35330484885716085,0.35330484885716085,37.184218603319586,-121.95483743807274,"PatientState(Location(""FIELD"", (37.184218603319586, -121.95483743807274), -1.0, FIELD), 9.876560407341254, UNKNOWN, LVO)"
4,0.3461293766191569,0.3461293766191569,37.184304333283,-121.95560932321308,"PatientState(Location(""FIELD"", (37.184304333283, -121.95560932321308), -1.0, FIELD), 40.26427253119544, UNKNOWN, LVO)"
5,0.3443817000482666,0.3443817000482666,37.185032010155936,-121.95166096442176,"PatientState(Location(""FIELD"", (37.185032010155936, -121.95166096442176), -1.0, FIELD), 47.14139920975631, UNKNOWN, MIMIC)"
