sample,reward_best,reward_CA,location_lat,location_lon,patient_state
1,0.3514715053526931,0.3443129574615442,37.318742160335816,-122.33112466410589,"PatientState(Location(""FIELD"", (37.318742160335816, -122.33112466410589), -1.0, FIELD), 6.466409263295587, UNKNOWN, LVO)"
2,0.24418294143999997,0.24418294143999997,37.31550213962861,-122.33095881289589,"PatientState(Location(""FIELD"", (37.31550213962861, -122.33095881289589), -1.0, FIELD), 174.1703694991742, UNKNOWN, HEMORRHAGIC)"
3,0.324863084802759,0.2607283895017468,37.31521550470684,-122.33323231898704,"PatientState(Location(""FIELD"", (37.31521550470684, -122.33323231898704), -1.0, FIELD), 121.43882599451963, UNKNOWN, LVO)"
4,0.34932870320049936,0.34207360068838666,37.31598636104826,-122.33377691227219,"PatientState(Location(""FIELD"", (37.31598636104826, -122.33377691227219), -1.0, FIELD), 15.541521864289386, UNKNOWN, HEMORRHAGIC)"
5,0.33357458234392506,0.26773239788519837,37.31418202547677,-122.33262862518664,"PatientState(Location(""FIELD"", (37.31418202547677, -122.33262862518664), -1.0, FIELD), 83.23358077682303, UNKNOWN, LVO)"
