sample,reward_best,reward_CA,location_lat,location_lon,patient_state
1,0.24418294143999997,0.24418294143999997,37.9485864876372,-122.55071425076858,"PatientState(Location(""FIELD"", (37.9485864876372, -122.55071425076858), -1.0, FIELD), 207.23169532040822, UNKNOWN, NLVO)"
2,0.24418294143999997,0.24418294143999997,37.946828438809824,-122.547967663677,"PatientState(Location(""FIELD"", (37.946828438809824, -122.547967663677), -1.0, FIELD), 169.9736887901764, UNKNOWN, HEMORRHAGIC)"
3,0.24418294143999997,0.24418294143999997,37.948690552069415,-122.55077870821093,"PatientState(Location(""FIELD"", (37.948690552069415, -122.55077870821093), -1.0, FIELD), 181.69787819980493, UNKNOWN, HEMORRHAGIC)"
4,0.33846045923578333,0.2647388105610307,37.945565147833015,-122.55016161870303,"PatientState(Location(""FIELD"", (37.945565147833015, -122.55016161870303), -1.0, FIELD), 19.92150304350633, UNKNOWN, HEMORRHAGIC)"
5,0.32694023893179425,0.25624642116157104,37.94398511268695,-122.5465659437504,"PatientState(Location(""FIELD"", (37.94398511268695, -122.5465659437504), -1.0, FIELD), 66.6142618200132, UNKNOWN, HEMORRHAGIC)"
