sample,reward_best,reward_CA,location_lat,location_lon,patient_state
1,0.24418294143999997,0.24418294143999997,37.51449322476414,-121.61665301846003,"PatientState(Location(""FIELD"", (37.51449322476414, -121.61665301846003), -1.0, FIELD), 241.960798010273, UNKNOWN, MIMIC)"
2,0.3294387478964236,0.24418294143999997,37.51631319466987,-121.61918745890772,"PatientState(Location(""FIELD"", (37.51631319466987, -121.61918745890772), -1.0, FIELD), 41.002596432018414, UNKNOWN, LVO)"
3,0.3180167741949377,0.24418294143999997,37.514320135618426,-121.62006794527386,"PatientState(Location(""FIELD"", (37.514320135618426, -121.62006794527386), -1.0, FIELD), 95.64240459121622, UNKNOWN, LVO)"
4,0.24418294143999997,0.24418294143999997,37.51603100534993,-121.61830799745918,"PatientState(Location(""FIELD"", (37.51603100534993, -121.61830799745918), -1.0, FIELD), 184.9900805086642, UNKNOWN, LVO)"
5,0.3188888050601807,0.24418294143999997,37.51526132573401,-121.61718674532582,"PatientState(Location(""FIELD"", (37.51526132573401, -121.61718674532582), -1.0, FIELD), 87.7431182218195, UNKNOWN, HEMORRHAGIC)"
