sample,reward_best,reward_CA,location_lat,location_lon,patient_state
1,0.24418294143999997,0.24418294143999997,37.40620460467768,-122.29920155657844,"PatientState(Location(""FIELD"", (37.40620460467768, -122.29920155657844), -1.0, FIELD), 208.7080653914715, UNKNOWN, LVO)"
2,0.3466096095774309,0.3466096095774309,37.40624804863427,-122.30001843604698,"PatientState(Location(""FIELD"", (37.40624804863427, -122.30001843604698), -1.0, FIELD), 39.69346773478986, UNKNOWN, HEMORRHAGIC)"
3,0.3500434595117773,0.3500434595117773,37.40423804759616,-122.29841991947004,"PatientState(Location(""FIELD"", (37.40423804759616, -122.29841991947004), -1.0, FIELD), 25.414065642066948, UNKNOWN, HEMORRHAGIC)"
4,0.3511624608057856,0.3511624608057856,37.40684633165236,-122.30058291427355,"PatientState(Location(""FIELD"", (37.40684633165236, -122.30058291427355), -1.0, FIELD), 20.28616393034958, UNKNOWN, NLVO)"
5,0.24418294143999997,0.24418294143999997,37.405222990520606,-122.29830825679731,"PatientState(Location(""FIELD"", (37.405222990520606, -122.29830825679731), -1.0, FIELD), 235.41656715913544, UNKNOWN, HEMORRHAGIC)"
