sample,reward_best,reward_CA,location_lat,location_lon,patient_state
1,0.334654476738628,0.25548029628250263,37.87420788801465,-122.50961489322003,"PatientState(Location(""FIELD"", (37.87420788801465, -122.50961489322003), -1.0, FIELD), 60.16151471699154, UNKNOWN, MIMIC)"
2,0.324984124037608,0.2525170446837002,37.87683781746807,-122.50931321123582,"PatientState(Location(""FIELD"", (37.87683781746807, -122.50931321123582), -1.0, FIELD), 100.64051562270251, UNKNOWN, NLVO)"
3,0.31468845728401057,0.24418294143999997,37.877529460370624,-122.50659563992997,"PatientState(Location(""FIELD"", (37.877529460370624, -122.50659563992997), -1.0, FIELD), 146.3241954443426, UNKNOWN, HEMORRHAGIC)"
4,0.33391074292404926,0.25525117580433776,37.876612632631485,-122.50630809362863,"PatientState(Location(""FIELD"", (37.876612632631485, -122.50630809362863), -1.0, FIELD), 61.23602249952186, UNKNOWN, LVO)"
5,0.24418294143999997,0.24418294143999997,37.874119180255825,-122.50765626077546,"PatientState(Location(""FIELD"", (37.874119180255825, -122.50765626077546), -1.0, FIELD), 253.06530956394406, UNKNOWN, HEMORRHAGIC)"
