sample,reward_best,reward_CA,location_lat,location_lon,patient_state
1,0.337339005773513,0.337339005773513,37.2629429408302,-122.03565254828702,"PatientState(Location(""FIELD"", (37.2629429408302, -122.03565254828702), -1.0, FIELD), 89.59441461321202, UNKNOWN, NLVO)"
2,0.31710685065593974,0.31710685065593974,37.26161044781351,-122.03269525628623,"PatientState(Location(""FIELD"", (37.26161044781351, -122.03269525628623), -1.0, FIELD), 181.19852866544866, UNKNOWN, NLVO)"
3,0.3510787902918835,0.3510787902918835,37.25913401575498,-122.03552330603125,"PatientState(Location(""FIELD"", (37.25913401575498, -122.03552330603125), -1.0, FIELD), 32.165414239858336, UNKNOWN, NLVO)"
4,0.3232699808101054,0.3232699808101054,37.25932679553178,-122.03494528465056,"PatientState(Location(""FIELD"", (37.25932679553178, -122.03494528465056), -1.0, FIELD), 152.6431307814034, UNKNOWN, HEMORRHAGIC)"
5,0.32842437164179045,0.32842437164179045,37.262214007334585,-122.0308112774358,"PatientState(Location(""FIELD"", (37.262214007334585, -122.0308112774358), -1.0, FIELD), 130.03158783350943, UNKNOWN, LVO)"
