sample,reward_best,reward_CA,location_lat,location_lon,patient_state
1,0.24418294143999997,0.24418294143999997,37.312158162225195,-122.40481252705379,"PatientState(Location(""FIELD"", (37.312158162225195, -122.40481252705379), -1.0, FIELD), 257.62502336525756, UNKNOWN, NLVO)"
2,0.341737220681107,0.3372952278910362,37.311747712125374,-122.40208959424145,"PatientState(Location(""FIELD"", (37.311747712125374, -122.40208959424145), -1.0, FIELD), 40.54841868134314, UNKNOWN, HEMORRHAGIC)"
3,0.3225022746218454,0.26101821041981593,37.31122017868224,-122.40475783115272,"PatientState(Location(""FIELD"", (37.31122017868224, -122.40475783115272), -1.0, FIELD), 124.4293460571473, UNKNOWN, LVO)"
4,0.326659968461532,0.2643668236023743,37.31262410830984,-122.40100856249062,"PatientState(Location(""FIELD"", (37.31262410830984, -122.40100856249062), -1.0, FIELD), 106.19250984788043, UNKNOWN, NLVO)"
5,0.24418294143999997,0.24418294143999997,37.311664242462996,-122.40561177702294,"PatientState(Location(""FIELD"", (37.311664242462996, -122.40561177702294), -1.0, FIELD), 261.7947224395569, UNKNOWN, LVO)"
