sample,reward_best,reward_CA,location_lat,location_lon,patient_state
1,0.3224947637436843,0.24418294143999997,37.495397897885006,-121.95979083978213,"PatientState(Location(""FIELD"", (37.495397897885006, -121.95979083978213), -1.0, FIELD), 149.90936217120094, UNKNOWN, MIMIC)"
2,0.3159303779516557,0.24418294143999997,37.4943107137142,-121.95869937222578,"PatientState(Location(""FIELD"", (37.4943107137142, -121.95869937222578), -1.0, FIELD), 178.797451931166, UNKNOWN, NLVO)"
3,0.24418294143999997,0.24418294143999997,37.49389625800989,-121.96037404167564,"PatientState(Location(""FIELD"", (37.49389625800989, -121.96037404167564), -1.0, FIELD), 217.25132151873893, UNKNOWN, HEMORRHAGIC)"
4,0.34810491661097814,0.3295653761668799,37.49845109857177,-121.95589089111944,"PatientState(Location(""FIELD"", (37.49845109857177, -121.95589089111944), -1.0, FIELD), 39.169304213167806, UNKNOWN, LVO)"
5,0.35680645110234266,0.3368174168495137,37.49612126728121,-121.95846242160917,"PatientState(Location(""FIELD"", (37.49612126728121, -121.95846242160917), -1.0, FIELD), 1.9860170500567176, UNKNOWN, MIMIC)"
