sample,reward_best,reward_CA,location_lat,location_lon,patient_state
1,0.24418294143999997,0.24418294143999997,37.25626902339562,-121.69146144724253,"PatientState(Location(""FIELD"", (37.25626902339562, -121.69146144724253), -1.0, FIELD), 229.66691218606798, UNKNOWN, LVO)"
2,0.32007137673353897,0.25792178520014886,37.255591227888026,-121.6940711625365,"PatientState(Location(""FIELD"", (37.255591227888026, -121.6940711625365), -1.0, FIELD), 151.88814080289362, UNKNOWN, LVO)"
3,0.33214814200377857,0.3286229161368101,37.25472161769003,-121.69243978972715,"PatientState(Location(""FIELD"", (37.25472161769003, -121.69243978972715), -1.0, FIELD), 98.40243870746309, UNKNOWN, HEMORRHAGIC)"
4,0.3418713006093507,0.3380359073145012,37.25816554929321,-121.69117408321144,"PatientState(Location(""FIELD"", (37.25816554929321, -121.69117408321144), -1.0, FIELD), 47.76773738329076, UNKNOWN, HEMORRHAGIC)"
5,0.3420321849131215,0.3388398018654173,37.254309043002515,-121.69352776582787,"PatientState(Location(""FIELD"", (37.254309043002515, -121.69352776582787), -1.0, FIELD), 51.29213006496459, UNKNOWN, HEMORRHAGIC)"
