sample,reward_best,reward_CA,location_lat,location_lon,patient_state
1,0.319777750128618,0.24418294143999997,37.531888430334796,-122.28276290881595,"PatientState(Location(""FIELD"", (37.531888430334796, -122.28276290881595), -1.0, FIELD), 169.2067334216975, UNKNOWN, LVO)"
2,0.3335514153261902,0.31795605254471565,37.53007959141933,-122.28375197095436,"PatientState(Location(""FIELD"", (37.53007959141933, -122.28375197095436), -1.0, FIELD), 109.65940618058819, UNKNOWN, LVO)"
3,0.24418294143999997,0.24418294143999997,37.533445932074514,-122.28456384021004,"PatientState(Location(""FIELD"", (37.533445932074514, -122.28456384021004), -1.0, FIELD), 209.55765423664, UNKNOWN, HEMORRHAGIC)"
4,0.353074035513036,0.3371594725940996,37.53163909028082,-122.2816112484082,"PatientState(Location(""FIELD"", (37.53163909028082, -122.2816112484082), -1.0, FIELD), 24.564269269045404, UNKNOWN, LVO)"
5,0.24418294143999997,0.24418294143999997,37.532414069654756,-122.28224799448347,"PatientState(Location(""FIELD"", (37.532414069654756, -122.28224799448347), -1.0, FIELD), 229.8676218830478, UNKNOWN, HEMORRHAGIC)"
