sample,reward_best,reward_CA,location_lat,location_lon,patient_state
1,0.32495153097745527,0.24418294143999997,37.84981447348405,-122.28636312970167,"PatientState(Location(""FIELD"", (37.84981447348405, -122.28636312970167), -1.0, FIELD), 106.68789398548735, UNKNOWN, LVO)"
2,0.24418294143999997,0.24418294143999997,37.85358367066165,-122.28916727711979,"PatientState(Location(""FIELD"", (37.85358367066165, -122.28916727711979), -1.0, FIELD), 200.94076100901546, UNKNOWN, HEMORRHAGIC)"
3,0.24418294143999997,0.24418294143999997,37.85061446765705,-122.28880837499356,"PatientState(Location(""FIELD"", (37.85061446765705, -122.28880837499356), -1.0, FIELD), 199.28775640317383, UNKNOWN, LVO)"
4,0.32676271676489677,0.2525472643995452,37.850614591030535,-122.29025429683274,"PatientState(Location(""FIELD"", (37.850614591030535, -122.29025429683274), -1.0, FIELD), 98.45154199068865, UNKNOWN, HEMORRHAGIC)"
5,0.3407236254015235,0.3281348240655336,37.85135024153341,-122.28592387607324,"PatientState(Location(""FIELD"", (37.85135024153341, -122.28592387607324), -1.0, FIELD), 37.34097757033918, UNKNOWN, HEMORRHAGIC)"
