sample,reward_best,reward_CA,location_lat,location_lon,patient_state
1,0.24418294143999997,0.24418294143999997,37.950040287203734,-122.05980602938764,"PatientState(Location(""FIELD"", (37.950040287203734, -122.05980602938764), -1.0, FIELD), 217.85216253139188, UNKNOWN, LVO)"
2,0.24418294143999997,0.24418294143999997,37.950730601386546,-122.05729755525962,"PatientState(Location(""FIELD"", (37.950730601386546, -122.05729755525962), -1.0, FIELD), 191.39514015093255, UNKNOWN, NLVO)"
3,0.26194865482579965,0.24418294143999997,37.95099994968822,-122.05673101244972,"PatientState(Location(""FIELD"", (37.95099994968822, -122.05673101244972), -1.0, FIELD), 93.65241401278274, UNKNOWN, LVO)"
4,0.24418294143999997,0.24418294143999997,37.94993736737134,-122.0589633059525,"PatientState(Location(""FIELD"", (37.94993736737134, -122.0589633059525), -1.0, FIELD), 197.24323866386015, UNKNOWN, HEMORRHAGIC)"
5,0.33246908928825636,0.32300508810492257,37.95178917874424,-122.05889279927553,"PatientState(Location(""FIELD"", (37.95178917874424, -122.05889279927553), -1.0, FIELD), 42.62419746865232, UNKNOWN, LVO)"
