sample,reward_best,reward_CA,location_lat,location_lon,patient_state
1,0.24418294143999997,0.24418294143999997,37.287348532849165,-122.38396658742764,"PatientState(Location(""FIELD"", (37.287348532849165, -122.38396658742764), -1.0, FIELD), 236.70688444556046, UNKNOWN, HEMORRHAGIC)"
2,0.24418294143999997,0.24418294143999997,37.28859094078627,-122.38377235839701,"PatientState(Location(""FIELD"", (37.28859094078627, -122.38377235839701), -1.0, FIELD), 197.36645691671953, UNKNOWN, HEMORRHAGIC)"
3,0.32242349993516256,0.2606347857934727,37.28876381656727,-122.3816834039823,"PatientState(Location(""FIELD"", (37.28876381656727, -122.3816834039823), -1.0, FIELD), 118.91580820341848, UNKNOWN, LVO)"
4,0.3245903519544938,0.26237427432261345,37.2853204478775,-122.3817911913615,"PatientState(Location(""FIELD"", (37.2853204478775, -122.3817911913615), -1.0, FIELD), 109.14971170310311, UNKNOWN, LVO)"
5,0.34808594002721,0.3432558301627538,37.28600509781601,-122.3815234676813,"PatientState(Location(""FIELD"", (37.28600509781601, -122.3815234676813), -1.0, FIELD), 7.326669588396861, UNKNOWN, LVO)"
