sample,reward_best,reward_CA,location_lat,location_lon,patient_state
1,0.24418294143999997,0.24418294143999997,38.08740159230124,-122.21552979687283,"PatientState(Location(""FIELD"", (38.08740159230124, -122.21552979687283), -1.0, FIELD), 151.41071844284622, UNKNOWN, LVO)"
2,0.32905524287180465,0.32625276553452215,38.08503173701704,-122.215685256291,"PatientState(Location(""FIELD"", (38.08503173701704, -122.215685256291), -1.0, FIELD), 12.292018648116423, UNKNOWN, LVO)"
3,0.32835253580076934,0.3252602858409175,38.086948098095434,-122.21569535390945,"PatientState(Location(""FIELD"", (38.086948098095434, -122.21569535390945), -1.0, FIELD), 17.55492838749742, UNKNOWN, LVO)"
4,0.320939793085622,0.31864921833959464,38.08507200595395,-122.21479162101654,"PatientState(Location(""FIELD"", (38.08507200595395, -122.21479162101654), -1.0, FIELD), 47.49328601337251, UNKNOWN, LVO)"
5,0.24418294143999997,0.24418294143999997,38.087103788047266,-122.21339653155188,"PatientState(Location(""FIELD"", (38.087103788047266, -122.21339653155188), -1.0, FIELD), 147.2808773018333, UNKNOWN, LVO)"
