sample,reward_best,reward_CA,location_lat,location_lon,patient_state
1,0.24418294143999997,0.24418294143999997,37.4119115727541,-121.98086060148466,"PatientState(Location(""FIELD"", (37.4119115727541, -121.98086060148466), -1.0, FIELD), 269.09123701234137, UNKNOWN, HEMORRHAGIC)"
2,0.3257956589830857,0.2620946329077729,37.41231934430943,-121.98440801190208,"PatientState(Location(""FIELD"", (37.41231934430943, -121.98440801190208), -1.0, FIELD), 134.94675111047826, UNKNOWN, LVO)"
3,0.3284978092405914,0.26426534697041937,37.41147402733779,-121.98553194973944,"PatientState(Location(""FIELD"", (37.41147402733779, -121.98553194973944), -1.0, FIELD), 123.51910211915707, UNKNOWN, LVO)"
4,0.3221660844696969,0.25919478375522254,37.41183990594239,-121.98514451547928,"PatientState(Location(""FIELD"", (37.41183990594239, -121.98514451547928), -1.0, FIELD), 151.26255120127277, UNKNOWN, HEMORRHAGIC)"
5,0.3324102452602863,0.3281549586219332,37.413396941546836,-121.9841687092301,"PatientState(Location(""FIELD"", (37.413396941546836, -121.9841687092301), -1.0, FIELD), 107.57587668980872, UNKNOWN, HEMORRHAGIC)"
