sample,reward_best,reward_CA,location_lat,location_lon,patient_state
1,0.24418294143999997,0.24418294143999997,38.16579049795205,-121.58477106998863,"PatientState(Location(""FIELD"", (38.16579049795205, -121.58477106998863), -1.0, FIELD), 61.02079252215178, UNKNOWN, HEMORRHAGIC)"
2,0.24418294143999997,0.24418294143999997,38.16536321159485,-121.58487220438667,"PatientState(Location(""FIELD"", (38.16536321159485, -121.58487220438667), -1.0, FIELD), 2.640438872839579, UNKNOWN, HEMORRHAGIC)"
3,0.24418294143999997,0.24418294143999997,38.16531556029904,-121.58106962697548,"PatientState(Location(""FIELD"", (38.16531556029904, -121.58106962697548), -1.0, FIELD), 195.3558900715037, UNKNOWN, LVO)"
4,0.24418294143999997,0.24418294143999997,38.16698880117733,-121.58281976720143,"PatientState(Location(""FIELD"", (38.16698880117733, -121.58281976720143), -1.0, FIELD), 8.318728575156651, UNKNOWN, HEMORRHAGIC)"
5,0.24418294143999997,0.24418294143999997,38.16865733163214,-121.58282334523251,"PatientState(Location(""FIELD"", (38.16865733163214, -121.58282334523251), -1.0, FIELD), 15.615322072992644, UNKNOWN, HEMORRHAGIC)"
