sample,reward_best,reward_CA,location_lat,location_lon,patient_state
1,0.24418294143999997,0.24418294143999997,37.95687458262701,-122.16480335836117,"PatientState(Location(""FIELD"", (37.95687458262701, -122.16480335836117), -1.0, FIELD), 152.6367113520539, UNKNOWN, HEMORRHAGIC)"
2,0.26011399423220694,0.24418294143999997,37.9581819072819,-122.16195189436337,"PatientState(Location(""FIELD"", (37.9581819072819, -122.16195189436337), -1.0, FIELD), 90.83714537603629, UNKNOWN, HEMORRHAGIC)"
3,0.24418294143999997,0.24418294143999997,37.957450008209356,-122.16433595728725,"PatientState(Location(""FIELD"", (37.957450008209356, -122.16433595728725), -1.0, FIELD), 224.973147398631, UNKNOWN, LVO)"
4,0.24418294143999997,0.24418294143999997,37.9570376787093,-122.16519618684165,"PatientState(Location(""FIELD"", (37.9570376787093, -122.16519618684165), -1.0, FIELD), 170.7990367076472, UNKNOWN, LVO)"
5,0.3328056072135759,0.3214837325656706,37.95597277522085,-122.1612383115842,"PatientState(Location(""FIELD"", (37.95597277522085, -122.1612383115842), -1.0, FIELD), 27.833634577731036, UNKNOWN, NLVO)"
