sample,reward_best,reward_CA,location_lat,location_lon,patient_state
1,0.3535092313370899,0.3510047079630433,37.606474087720315,-122.3839480028798,"PatientState(Location(""FIELD"", (37.606474087720315, -122.3839480028798), -1.0, FIELD), 17.287358417330857, UNKNOWN, LVO)"
2,0.24418294143999997,0.24418294143999997,37.605011138990754,-122.38465437027446,"PatientState(Location(""FIELD"", (37.605011138990754, -122.38465437027446), -1.0, FIELD), 256.23472383046624, UNKNOWN, LVO)"
3,0.24418294143999997,0.24418294143999997,37.604649035506014,-122.38491144467375,"PatientState(Location(""FIELD"", (37.604649035506014, -122.38491144467375), -1.0, FIELD), 245.93725479194632, UNKNOWN, HEMORRHAGIC)"
4,0.35482759991443735,0.35482759991443735,37.60837719036397,-122.38251540477624,"PatientState(Location(""FIELD"", (37.60837719036397, -122.38251540477624), -1.0, FIELD), 0.9014854769583613, UNKNOWN, NLVO)"
5,0.24418294143999997,0.24418294143999997,37.60770267621666,-122.38255450403919,"PatientState(Location(""FIELD"", (37.60770267621666, -122.38255450403919), -1.0, FIELD), 257.90002848402247, UNKNOWN, LVO)"
