sample,reward_best,reward_CA,location_lat,location_lon,patient_state
1,0.3255407579356341,0.3255407579356341,37.40061917405338,-121.68306276623301,"PatientState(Location(""FIELD"", (37.40061917405338, -121.68306276623301), -1.0, FIELD), 95.90515416371821, UNKNOWN, LVO)"
2,0.24418294143999997,0.24418294143999997,37.401601827864845,-121.68137896612377,"PatientState(Location(""FIELD"", (37.401601827864845, -121.68137896612377), -1.0, FIELD), 251.18167285308382, UNKNOWN, LVO)"
3,0.24418294143999997,0.24418294143999997,37.40272654156203,-121.68530893734646,"PatientState(Location(""FIELD"", (37.40272654156203, -121.68530893734646), -1.0, FIELD), 190.12427060698897, UNKNOWN, LVO)"
4,0.24418294143999997,0.24418294143999997,37.40338101108987,-121.68159859958928,"PatientState(Location(""FIELD"", (37.40338101108987, -121.68159859958928), -1.0, FIELD), 185.60463955447398, UNKNOWN, HEMORRHAGIC)"
5,0.3173906709651447,0.3173906709651447,37.39892373674121,-121.68149881223879,"PatientState(Location(""FIELD"", (37.39892373674121, -121.68149881223879), -1.0, FIELD), 133.65194469858477, UNKNOWN, LVO)"
