sample,reward_best,reward_CA,location_lat,location_lon,patient_state
1,0.24418294143999997,0.24418294143999997,37.51106506105128,-121.62234228417974,"PatientState(Location(""FIELD"", (37.51106506105128, -121.62234228417974), -1.0, FIELD), 240.9191831677977, UNKNOWN, LVO)"
2,0.24418294143999997,0.24418294143999997,37.512882313518936,-121.62222879160213,"PatientState(Location(""FIELD"", (37.512882313518936, -121.62222879160213), -1.0, FIELD), 168.49033199878838, UNKNOWN, HEMORRHAGIC)"
3,0.24418294143999997,0.24418294143999997,37.50934831508605,-121.62270563651744,"PatientState(Location(""FIELD"", (37.50934831508605, -121.62270563651744), -1.0, FIELD), 210.18702130340813, UNKNOWN, LVO)"
4,0.33513674586375924,0.24418294143999997,37.51051619023625,-121.62437856194622,"PatientState(Location(""FIELD"", (37.51051619023625, -121.62437856194622), -1.0, FIELD), 33.114044883317746, UNKNOWN, HEMORRHAGIC)"
5,0.24418294143999997,0.24418294143999997,37.511642478433075,-121.62267176617267,"PatientState(Location(""FIELD"", (37.511642478433075, -121.62267176617267), -1.0, FIELD), 247.17304306592612, UNKNOWN, LVO)"
