sample,reward_best,reward_CA,location_lat,location_lon,patient_state
1,0.24418294143999997,0.24418294143999997,37.94704271269153,-121.68552782251679,"PatientState(Location(""FIELD"", (37.94704271269153, -121.68552782251679), -1.0, FIELD), 213.33090219213116, UNKNOWN, LVO)"
2,0.24418294143999997,0.24418294143999997,37.94653243012186,-121.68455659021984,"PatientState(Location(""FIELD"", (37.94653243012186, -121.68455659021984), -1.0, FIELD), 176.45015483425738, UNKNOWN, HEMORRHAGIC)"
3,0.24418294143999997,0.24418294143999997,37.94525853581839,-121.68437584051566,"PatientState(Location(""FIELD"", (37.94525853581839, -121.68437584051566), -1.0, FIELD), 67.50042965439613, UNKNOWN, LVO)"
4,0.24418294143999997,0.24418294143999997,37.94698521364558,-121.68173039192527,"PatientState(Location(""FIELD"", (37.94698521364558, -121.68173039192527), -1.0, FIELD), 90.63988055175014, UNKNOWN, HEMORRHAGIC)"
5,0.32238899703535123,0.24418294143999997,37.94387579725709,-121.68552218911843,"PatientState(Location(""FIELD"", (37.94387579725709, -121.68552218911843), -1.0, FIELD), 15.60311003386633, UNKNOWN, HEMORRHAGIC)"
