sample,reward_best,reward_CA,location_lat,location_lon,patient_state
1,0.26019669907545606,0.24418294143999997,37.9633802678543,-122.0776666590218,"PatientState(Location(""FIELD"", (37.9633802678543, -122.0776666590218), -1.0, FIELD), 102.60779240616316, UNKNOWN, LVO)"
2,0.33427956907371864,0.32433559990199684,37.960115574998,-122.07588263171047,"PatientState(Location(""FIELD"", (37.960115574998, -122.07588263171047), -1.0, FIELD), 32.84951142409103, UNKNOWN, NLVO)"
3,0.24418294143999997,0.24418294143999997,37.960793458497484,-122.07737725487607,"PatientState(Location(""FIELD"", (37.960793458497484, -122.07737725487607), -1.0, FIELD), 205.94879733288286, UNKNOWN, HEMORRHAGIC)"
4,0.2518731002602235,0.24418294143999997,37.96217206683712,-122.08054594649812,"PatientState(Location(""FIELD"", (37.96217206683712, -122.08054594649812), -1.0, FIELD), 149.99712527089582, UNKNOWN, MIMIC)"
5,0.25842988002923983,0.24418294143999997,37.96169158898038,-122.07772755960484,"PatientState(Location(""FIELD"", (37.96169158898038, -122.07772755960484), -1.0, FIELD), 112.68040639094924, UNKNOWN, LVO)"
