sample,reward_best,reward_CA,location_lat,location_lon,patient_state
1,0.24418294143999997,0.24418294143999997,37.866938737061396,-121.99782723831731,"PatientState(Location(""FIELD"", (37.866938737061396, -121.99782723831731), -1.0, FIELD), 164.0966075152296, UNKNOWN, LVO)"
2,0.24418294143999997,0.24418294143999997,37.8645086779152,-121.99703866297024,"PatientState(Location(""FIELD"", (37.8645086779152, -121.99703866297024), -1.0, FIELD), 211.56634165589543, UNKNOWN, LVO)"
3,0.24418294143999997,0.24418294143999997,37.86652148221497,-121.99731836060688,"PatientState(Location(""FIELD"", (37.86652148221497, -121.99731836060688), -1.0, FIELD), 178.22774958091478, UNKNOWN, LVO)"
4,0.24418294143999997,0.24418294143999997,37.864202937175506,-121.99989892281353,"PatientState(Location(""FIELD"", (37.864202937175506, -121.99989892281353), -1.0, FIELD), 255.7033708991137, UNKNOWN, LVO)"
5,0.3176436671182501,0.24418294143999997,37.86401127291671,-121.99978806557168,"PatientState(Location(""FIELD"", (37.86401127291671, -121.99978806557168), -1.0, FIELD), 125.51592037427606, UNKNOWN, LVO)"
