sample,reward_best,reward_CA,location_lat,location_lon,patient_state
1,0.24418294143999997,0.24418294143999997,37.65797365032453,-122.39407328494718,"PatientState(Location(""FIELD"", (37.65797365032453, -122.39407328494718), -1.0, FIELD), 201.68724890917366, UNKNOWN, LVO)"
2,0.24418294143999997,0.24418294143999997,37.6554810478653,-122.39390383373448,"PatientState(Location(""FIELD"", (37.6554810478653, -122.39390383373448), -1.0, FIELD), 257.500318796828, UNKNOWN, NLVO)"
3,0.35174115350434426,0.3488947046432366,37.65731912351423,-122.39166159759405,"PatientState(Location(""FIELD"", (37.65731912351423, -122.39166159759405), -1.0, FIELD), 18.525544758306843, UNKNOWN, LVO)"
4,0.35065974470865047,0.3478074422742686,37.657210623784735,-122.39215646738008,"PatientState(Location(""FIELD"", (37.657210623784735, -122.39215646738008), -1.0, FIELD), 23.348572824081167, UNKNOWN, LVO)"
5,0.3329369027932463,0.32999797665433717,37.65492133337843,-122.3926954820332,"PatientState(Location(""FIELD"", (37.65492133337843, -122.3926954820332), -1.0, FIELD), 98.38362915928157, UNKNOWN, HEMORRHAGIC)"
