sample,reward_best,reward_CA,location_lat,location_lon,patient_state
1,0.24418294143999997,0.24418294143999997,37.341448588507006,-121.7684876022674,"PatientState(Location(""FIELD"", (37.341448588507006, -121.7684876022674), -1.0, FIELD), 210.00144316842076, UNKNOWN, MIMIC)"
2,0.32958671730369943,0.32958671730369943,37.342810664938256,-121.76917616085056,"PatientState(Location(""FIELD"", (37.342810664938256, -121.76917616085056), -1.0, FIELD), 118.10737685941814, UNKNOWN, HEMORRHAGIC)"
3,0.24418294143999997,0.24418294143999997,37.33899415886538,-121.7666459008422,"PatientState(Location(""FIELD"", (37.33899415886538, -121.7666459008422), -1.0, FIELD), 224.41268997653575, UNKNOWN, HEMORRHAGIC)"
4,0.3497427708776109,0.3497427708776109,37.342036227041916,-121.76580893386061,"PatientState(Location(""FIELD"", (37.342036227041916, -121.76580893386061), -1.0, FIELD), 29.65272994947033, UNKNOWN, LVO)"
5,0.31969259869133065,0.31969259869133065,37.340717850071854,-121.76856471811685,"PatientState(Location(""FIELD"", (37.340717850071854, -121.76856471811685), -1.0, FIELD), 160.9451819163916, UNKNOWN, HEMORRHAGIC)"
