sample,reward_best,reward_CA,location_lat,location_lon,patient_state
1,0.33221526035403104,0.24418294143999997,37.66876699688925,-121.82813868992129,"PatientState(Location(""FIELD"", (37.66876699688925, -121.82813868992129), -1.0, FIELD), 84.00296911253724, UNKNOWN, HEMORRHAGIC)"
2,0.3232479317842891,0.24418294143999997,37.66841166469542,-121.82687367950693,"PatientState(Location(""FIELD"", (37.66841166469542, -121.82687367950693), -1.0, FIELD), 124.1325568436696, UNKNOWN, MIMIC)"
3,0.3280158911273918,0.24418294143999997,37.664604623086426,-121.82788519513394,"PatientState(Location(""FIELD"", (37.664604623086426, -121.82788519513394), -1.0, FIELD), 96.79279050547495, UNKNOWN, HEMORRHAGIC)"
4,0.3222107556702202,0.24418294143999997,37.668528766473166,-121.82615821967283,"PatientState(Location(""FIELD"", (37.668528766473166, -121.82615821967283), -1.0, FIELD), 128.62408647105315, UNKNOWN, MIMIC)"
5,0.24418294143999997,0.24418294143999997,37.6654010964377,-121.82790927012765,"PatientState(Location(""FIELD"", (37.6654010964377, -121.82790927012765), -1.0, FIELD), 188.6386365930662, UNKNOWN, HEMORRHAGIC)"
