sample,reward_best,reward_CA,location_lat,location_lon,patient_state
1,0.34678886154334243,0.32519616513695315,37.7632891927656,-121.98160563547836,"PatientState(Location(""FIELD"", (37.7632891927656, -121.98160563547836), -1.0, FIELD), 26.596272652853898, UNKNOWN, LVO)"
2,0.24418294143999997,0.24418294143999997,37.76228013642402,-121.98544914055283,"PatientState(Location(""FIELD"", (37.76228013642402, -121.98544914055283), -1.0, FIELD), 217.85550376529824, UNKNOWN, LVO)"
3,0.3209525653975112,0.24418294143999997,37.76273213899047,-121.98483630850849,"PatientState(Location(""FIELD"", (37.76273213899047, -121.98483630850849), -1.0, FIELD), 139.292161352777, UNKNOWN, MIMIC)"
4,0.24418294143999997,0.24418294143999997,37.7589337783152,-121.98350527853869,"PatientState(Location(""FIELD"", (37.7589337783152, -121.98350527853869), -1.0, FIELD), 207.6981914423904, UNKNOWN, MIMIC)"
5,0.24418294143999997,0.24418294143999997,37.75967427163739,-121.98159806556392,"PatientState(Location(""FIELD"", (37.75967427163739, -121.98159806556392), -1.0, FIELD), 234.897591472607, UNKNOWN, HEMORRHAGIC)"
