sample,reward_best,reward_CA,location_lat,location_lon,patient_state
1,0.2545617396647209,0.24418294143999997,38.070830898966285,-122.54511531168453,"PatientState(Location(""FIELD"", (38.070830898966285, -122.54511531168453), -1.0, FIELD), 130.093229975196, UNKNOWN, NLVO)"
2,0.24418294143999997,0.24418294143999997,38.070716687513304,-122.54148064675341,"PatientState(Location(""FIELD"", (38.070716687513304, -122.54148064675341), -1.0, FIELD), 166.46006845261385, UNKNOWN, HEMORRHAGIC)"
3,0.3312853725144585,0.25787319790884317,38.07338856612582,-122.54325135236257,"PatientState(Location(""FIELD"", (38.07338856612582, -122.54325135236257), -1.0, FIELD), 39.6224770662545, UNKNOWN, LVO)"
4,0.2516752287150773,0.24418294143999997,38.07240378200024,-122.54401940139142,"PatientState(Location(""FIELD"", (38.07240378200024, -122.54401940139142), -1.0, FIELD), 144.0071657119964, UNKNOWN, LVO)"
5,0.24418294143999997,0.24418294143999997,38.07056975323576,-122.54370294938617,"PatientState(Location(""FIELD"", (38.07056975323576, -122.54370294938617), -1.0, FIELD), 257.5869231048261, UNKNOWN, NLVO)"
