sample,reward_best,reward_CA,location_lat,location_lon,patient_state
1,0.3294691333611175,0.24418294143999997,37.38322220155374,-122.20968382228298,"PatientState(Location(""FIELD"", (37.38322220155374, -122.20968382228298), -1.0, FIELD), 115.69773569678762, UNKNOWN, LVO)"
2,0.35569289111044217,0.3379395450591812,37.38251602837449,-122.2065366942078,"PatientState(Location(""FIELD"", (37.38251602837449, -122.2065366942078), -1.0, FIELD), 8.383779268947153, UNKNOWN, MIMIC)"
3,0.32510793504084456,0.24418294143999997,37.38244666483521,-122.20586836665169,"PatientState(Location(""FIELD"", (37.38244666483521, -122.20586836665169), -1.0, FIELD), 141.2167459921401, UNKNOWN, HEMORRHAGIC)"
4,0.3260511047773018,0.24418294143999997,37.38320545095173,-122.21074058618132,"PatientState(Location(""FIELD"", (37.38320545095173, -122.21074058618132), -1.0, FIELD), 130.72647576451897, UNKNOWN, LVO)"
5,0.33731951810623473,0.32008850089107643,37.37929562886029,-122.20761598362985,"PatientState(Location(""FIELD"", (37.37929562886029, -122.20761598362985), -1.0, FIELD), 88.34369202407879, UNKNOWN, LVO)"
