sample,reward_best,reward_CA,location_lat,location_lon,patient_state
1,0.34556086835191957,0.3282581461733195,37.727204956582035,-122.16034204964096,"PatientState(Location(""FIELD"", (37.727204956582035, -122.16034204964096), -1.0, FIELD), 33.443356270220725, UNKNOWN, LVO)"
2,0.3483148495809321,0.3313904944970721,37.72468952946683,-122.15654972654053,"PatientState(Location(""FIELD"", (37.72468952946683, -122.15654972654053), -1.0, FIELD), 21.930039715136584, UNKNOWN, NLVO)"
3,0.24418294143999997,0.24418294143999997,37.72727002086175,-122.15694549219648,"PatientState(Location(""FIELD"", (37.72727002086175, -122.15694549219648), -1.0, FIELD), 174.30085394314284, UNKNOWN, LVO)"
4,0.3321359269669999,0.31550187953637504,37.72781580113925,-122.15782052558112,"PatientState(Location(""FIELD"", (37.72781580113925, -122.15782052558112), -1.0, FIELD), 91.17906364984694, UNKNOWN, LVO)"
5,0.3146668904627554,0.24418294143999997,37.7279952633711,-122.16048618888226,"PatientState(Location(""FIELD"", (37.7279952633711, -122.16048618888226), -1.0, FIELD), 168.50645515758572, UNKNOWN, LVO)"
