sample,reward_best,reward_CA,location_lat,location_lon,patient_state
1,0.24418294143999997,0.24418294143999997,38.14488706710916,-122.21379499025542,"PatientState(Location(""FIELD"", (38.14488706710916, -122.21379499025542), -1.0, FIELD), 109.59910211764543, UNKNOWN, NLVO)"
2,0.24418294143999997,0.24418294143999997,38.144684815526205,-122.21398713843935,"PatientState(Location(""FIELD"", (38.144684815526205, -122.21398713843935), -1.0, FIELD), 249.21480890412053, UNKNOWN, NLVO)"
3,0.24418294143999997,0.24418294143999997,38.14768487439146,-122.21227301933538,"PatientState(Location(""FIELD"", (38.14768487439146, -122.21227301933538), -1.0, FIELD), 187.32692834614852, UNKNOWN, MIMIC)"
4,0.24418294143999997,0.24418294143999997,38.145733667017424,-122.21198996424366,"PatientState(Location(""FIELD"", (38.145733667017424, -122.21198996424366), -1.0, FIELD), 127.26536441089722, UNKNOWN, HEMORRHAGIC)"
5,0.3307392353743136,0.24418294143999997,38.14384835250756,-122.21304794184263,"PatientState(Location(""FIELD"", (38.14384835250756, -122.21304794184263), -1.0, FIELD), 0.15936921539343119, UNKNOWN, HEMORRHAGIC)"
