sample,reward_best,reward_CA,location_lat,location_lon,patient_state
1,0.24418294143999997,0.24418294143999997,37.61795541032017,-122.44913828977299,"PatientState(Location(""FIELD"", (37.61795541032017, -122.44913828977299), -1.0, FIELD), 207.07028620504275, UNKNOWN, NLVO)"
2,0.3462015358095087,0.34425271529828416,37.616986517557066,-122.45076598941084,"PatientState(Location(""FIELD"", (37.616986517557066, -122.45076598941084), -1.0, FIELD), 35.163194290355996, UNKNOWN, MIMIC)"
3,0.351416884217433,0.34950297258343754,37.61769548671429,-122.44902724055726,"PatientState(Location(""FIELD"", (37.61769548671429, -122.44902724055726), -1.0, FIELD), 13.007561285257882, UNKNOWN, HEMORRHAGIC)"
4,0.3484799781244071,0.34654626903323194,37.61726526076345,-122.4497487644985,"PatientState(Location(""FIELD"", (37.61726526076345, -122.4497487644985), -1.0, FIELD), 25.463136447211077, UNKNOWN, HEMORRHAGIC)"
5,0.3522354535623574,0.3503271240567958,37.61822008860644,-122.44933875298199,"PatientState(Location(""FIELD"", (37.61822008860644, -122.44933875298199), -1.0, FIELD), 9.545326999331554, UNKNOWN, LVO)"
