sample,reward_best,reward_CA,location_lat,location_lon,patient_state
1,0.24418294143999997,0.24418294143999997,38.10080061254471,-122.56401562725058,"PatientState(Location(""FIELD"", (38.10080061254471, -122.56401562725058), -1.0, FIELD), 212.2223131626829, UNKNOWN, NLVO)"
2,0.32542315155372165,0.2609343515969744,38.10265856203186,-122.56264941207597,"PatientState(Location(""FIELD"", (38.10265856203186, -122.56264941207597), -1.0, FIELD), 21.48838196124261, UNKNOWN, HEMORRHAGIC)"
3,0.24418294143999997,0.24418294143999997,38.10189924024881,-122.5610731589306,"PatientState(Location(""FIELD"", (38.10189924024881, -122.5610731589306), -1.0, FIELD), 255.9240214560258, UNKNOWN, LVO)"
4,0.25229970693615483,0.24418294143999997,38.10321642242736,-122.56127598519477,"PatientState(Location(""FIELD"", (38.10321642242736, -122.56127598519477), -1.0, FIELD), 78.72580955369088, UNKNOWN, HEMORRHAGIC)"
5,0.24418294143999997,0.24418294143999997,38.1037490029084,-122.56330838360326,"PatientState(Location(""FIELD"", (38.1037490029084, -122.56330838360326), -1.0, FIELD), 186.54091028189134, UNKNOWN, LVO)"
