sample,reward_best,reward_CA,location_lat,location_lon,patient_state
1,0.32207149035161614,0.2586173806577134,37.3887938708805,-122.01311207859767,"PatientState(Location(""FIELD"", (37.3887938708805, -122.01311207859767), -1.0, FIELD), 154.59120239473845, UNKNOWN, LVO)"
2,0.33924669209295466,0.33546909336962855,37.38550348293694,-122.01384752917664,"PatientState(Location(""FIELD"", (37.38550348293694, -122.01384752917664), -1.0, FIELD), 77.77400827016709, UNKNOWN, HEMORRHAGIC)"
3,0.24418294143999997,0.24418294143999997,37.38514954891133,-122.0136802695045,"PatientState(Location(""FIELD"", (37.38514954891133, -122.0136802695045), -1.0, FIELD), 243.88573629500564, UNKNOWN, HEMORRHAGIC)"
4,0.31371741299645234,0.2526904434470428,37.385963049030096,-122.0122221655146,"PatientState(Location(""FIELD"", (37.385963049030096, -122.0122221655146), -1.0, FIELD), 191.08094791193218, UNKNOWN, NLVO)"
5,0.33590960308275175,0.3317332909643456,37.38617322154819,-122.01428087577816,"PatientState(Location(""FIELD"", (37.38617322154819, -122.01428087577816), -1.0, FIELD), 93.0849778478228, UNKNOWN, NLVO)"
