sample,reward_best,reward_CA,location_lat,location_lon,patient_state
1,0.3171086016121012,0.2546104330290351,37.3826843406426,-121.93010280367126,"PatientState(Location(""FIELD"", (37.3826843406426, -121.93010280367126), -1.0, FIELD), 179.8590047763071, UNKNOWN, MIMIC)"
2,0.3453798695132969,0.3405656877291524,37.38071062159309,-121.92646964584412,"PatientState(Location(""FIELD"", (37.38071062159309, -121.92646964584412), -1.0, FIELD), 57.30942637722577, UNKNOWN, LVO)"
3,0.3429054873607117,0.3380907092996021,37.38062564196802,-121.93009322868636,"PatientState(Location(""FIELD"", (37.38062564196802, -121.93009322868636), -1.0, FIELD), 67.16145578688872, UNKNOWN, LVO)"
4,0.3490833791640366,0.34427154366328205,37.38279245504669,-121.9260892771454,"PatientState(Location(""FIELD"", (37.38279245504669, -121.9260892771454), -1.0, FIELD), 41.21640539278812, UNKNOWN, LVO)"
5,0.3137634512144772,0.2519843810434642,37.3829104675644,-121.9283601496948,"PatientState(Location(""FIELD"", (37.3829104675644, -121.9283601496948), -1.0, FIELD), 195.2729257199835, UNKNOWN, LVO)"
