sample,reward_best,reward_CA,location_lat,location_lon,patient_state
1,0.3278261172055758,0.3278261172055758,37.3130614700602,-121.93133850257242,"PatientState(Location(""FIELD"", (37.3130614700602, -121.93133850257242), -1.0, FIELD), 122.07264860141753, UNKNOWN, NLVO)"
2,0.35250928068624215,0.35037621479724335,37.311121562666294,-121.93418326784699,"PatientState(Location(""FIELD"", (37.311121562666294, -121.93418326784699), -1.0, FIELD), 24.87637314730622, UNKNOWN, LVO)"
3,0.3481584157198981,0.3360364877042378,37.31207416789017,-121.93306416997552,"PatientState(Location(""FIELD"", (37.31207416789017, -121.93306416997552), -1.0, FIELD), 43.79847587943245, UNKNOWN, HEMORRHAGIC)"
4,0.24418294143999997,0.24418294143999997,37.31353985406876,-121.93104413873124,"PatientState(Location(""FIELD"", (37.31353985406876, -121.93104413873124), -1.0, FIELD), 245.33611797391202, UNKNOWN, LVO)"
5,0.31991058832724056,0.25883602462451105,37.310113164135345,-121.93558716428586,"PatientState(Location(""FIELD"", (37.310113164135345, -121.93558716428586), -1.0, FIELD), 166.53220522894483, UNKNOWN, HEMORRHAGIC)"
