sample,reward_best,reward_CA,location_lat,location_lon,patient_state
1,0.24418294143999997,0.24418294143999997,38.07875659620458,-121.76958540392836,"PatientState(Location(""FIELD"", (38.07875659620458, -121.76958540392836), -1.0, FIELD), 30.256821429268935, UNKNOWN, NLVO)"
2,0.24418294143999997,0.24418294143999997,38.07850666566413,-121.77059779601413,"PatientState(Location(""FIELD"", (38.07850666566413, -121.77059779601413), -1.0, FIELD), 183.34458686096968, UNKNOWN, HEMORRHAGIC)"
3,0.24418294143999997,0.24418294143999997,38.07755016001542,-121.76832671254078,"PatientState(Location(""FIELD"", (38.07755016001542, -121.76832671254078), -1.0, FIELD), 114.23042207457068, UNKNOWN, HEMORRHAGIC)"
4,0.24418294143999997,0.24418294143999997,38.076758823579944,-121.76832344896906,"PatientState(Location(""FIELD"", (38.076758823579944, -121.76832344896906), -1.0, FIELD), 188.03594054900086, UNKNOWN, LVO)"
5,0.24418294143999997,0.24418294143999997,38.07590225039872,-121.76996582964789,"PatientState(Location(""FIELD"", (38.07590225039872, -121.76996582964789), -1.0, FIELD), 217.27641016388046, UNKNOWN, MIMIC)"
