sample,reward_best,reward_CA,location_lat,location_lon,patient_state
1,0.35651819364085235,0.35376407834659096,37.22855814377277,-121.82258677229382,"PatientState(Location(""FIELD"", (37.22855814377277, -121.82258677229382), -1.0, FIELD), 3.107093633183827, UNKNOWN, HEMORRHAGIC)"
2,0.3398134672546257,0.33699343515801805,37.22702593060381,-121.82535755219554,"PatientState(Location(""FIELD"", (37.22702593060381, -121.82535755219554), -1.0, FIELD), 74.59334850533052, UNKNOWN, MIMIC)"
3,0.24418294143999997,0.24418294143999997,37.227461862996044,-121.82281254835827,"PatientState(Location(""FIELD"", (37.227461862996044, -121.82281254835827), -1.0, FIELD), 251.34864706861512, UNKNOWN, LVO)"
4,0.3571368997686861,0.3546079796200948,37.22653846382155,-121.82147214176686,"PatientState(Location(""FIELD"", (37.22653846382155, -121.82147214176686), -1.0, FIELD), 1.5215916579712385, UNKNOWN, LVO)"
5,0.3300493280811069,0.3271974553132901,37.226184631682585,-121.82401929626327,"PatientState(Location(""FIELD"", (37.226184631682585, -121.82401929626327), -1.0, FIELD), 116.99251243573879, UNKNOWN, HEMORRHAGIC)"
