sample,reward_best,reward_CA,location_lat,location_lon,patient_state
1,0.24418294143999997,0.24418294143999997,38.10983030908778,-122.57452301662619,"PatientState(Location(""FIELD"", (38.10983030908778, -122.57452301662619), -1.0, FIELD), 189.1399685702731, UNKNOWN, HEMORRHAGIC)"
2,0.3171662037351956,0.2544066984553543,38.11354292446535,-122.5719388941544,"PatientState(Location(""FIELD"", (38.11354292446535, -122.5719388941544), -1.0, FIELD), 58.15074933147224, UNKNOWN, HEMORRHAGIC)"
3,0.24418294143999997,0.24418294143999997,38.10986579000008,-122.5748475540141,"PatientState(Location(""FIELD"", (38.10986579000008, -122.5748475540141), -1.0, FIELD), 130.43287784060985, UNKNOWN, LVO)"
4,0.24418294143999997,0.24418294143999997,38.10930856629128,-122.57358613083859,"PatientState(Location(""FIELD"", (38.10930856629128, -122.57358613083859), -1.0, FIELD), 264.27786052364223, UNKNOWN, LVO)"
5,0.31779796309969344,0.2549136768453389,38.10974010934355,-122.57530367484576,"PatientState(Location(""FIELD"", (38.10974010934355, -122.57530367484576), -1.0, FIELD), 55.4519277628546, UNKNOWN, LVO)"
