sample,reward_best,reward_CA,location_lat,location_lon,patient_state
1,0.32749677434601615,0.32749677434601615,37.21193233873506,-121.9885330071001,"PatientState(Location(""FIELD"", (37.21193233873506, -121.9885330071001), -1.0, FIELD), 138.96862251962978, UNKNOWN, LVO)"
2,0.3316379956868747,0.3316379956868747,37.211167634098985,-121.99041512524704,"PatientState(Location(""FIELD"", (37.211167634098985, -121.99041512524704), -1.0, FIELD), 115.57739624512976, UNKNOWN, HEMORRHAGIC)"
3,0.3231376318954383,0.3231376318954383,37.212432381493194,-121.98783357719313,"PatientState(Location(""FIELD"", (37.212432381493194, -121.98783357719313), -1.0, FIELD), 158.29332469526867, UNKNOWN, HEMORRHAGIC)"
4,0.35269549034755043,0.35269549034755043,37.2092837667635,-121.98597830548857,"PatientState(Location(""FIELD"", (37.2092837667635, -121.98597830548857), -1.0, FIELD), 30.091309460850976, UNKNOWN, LVO)"
5,0.24418294143999997,0.24418294143999997,37.213349673110294,-121.98756976564391,"PatientState(Location(""FIELD"", (37.213349673110294, -121.98756976564391), -1.0, FIELD), 237.11772154365661, UNKNOWN, NLVO)"
