sample,reward_best,reward_CA,location_lat,location_lon,patient_state
1,0.3279969747499939,0.3169031996023357,37.95790721287435,-122.27116790797687,"PatientState(Location(""FIELD"", (37.95790721287435, -122.27116790797687), -1.0, FIELD), 66.34558716260996, UNKNOWN, LVO)"
2,0.2620368650193393,0.24418294143999997,37.954451557152254,-122.27138252845249,"PatientState(Location(""FIELD"", (37.954451557152254, -122.27138252845249), -1.0, FIELD), 98.30818712759186, UNKNOWN, HEMORRHAGIC)"
3,0.25334413167197123,0.24418294143999997,37.95545952739422,-122.2727738064669,"PatientState(Location(""FIELD"", (37.95545952739422, -122.2727738064669), -1.0, FIELD), 146.68989520630728, UNKNOWN, NLVO)"
4,0.24418294143999997,0.24418294143999997,37.95721111216968,-122.27147500405738,"PatientState(Location(""FIELD"", (37.95721111216968, -122.27147500405738), -1.0, FIELD), 215.1078618716067, UNKNOWN, LVO)"
5,0.24418294143999997,0.24418294143999997,37.956287518187665,-122.2731621820058,"PatientState(Location(""FIELD"", (37.956287518187665, -122.2731621820058), -1.0, FIELD), 253.85756571070772, UNKNOWN, HEMORRHAGIC)"
