sample,reward_best,reward_CA,location_lat,location_lon,patient_state
1,0.24418294143999997,0.24418294143999997,37.820097900480995,-121.71014968092781,"PatientState(Location(""FIELD"", (37.820097900480995, -121.71014968092781), -1.0, FIELD), 45.67828108436285, UNKNOWN, NLVO)"
2,0.24418294143999997,0.24418294143999997,37.81988237811194,-121.70931812473202,"PatientState(Location(""FIELD"", (37.81988237811194, -121.70931812473202), -1.0, FIELD), 50.75043712783803, UNKNOWN, LVO)"
3,0.24418294143999997,0.24418294143999997,37.81895314633746,-121.70729357022692,"PatientState(Location(""FIELD"", (37.81895314633746, -121.70729357022692), -1.0, FIELD), 71.33432663390748, UNKNOWN, LVO)"
4,0.24418294143999997,0.24418294143999997,37.81890757881408,-121.70830521069222,"PatientState(Location(""FIELD"", (37.81890757881408, -121.70830521069222), -1.0, FIELD), 160.52537726257987, UNKNOWN, LVO)"
5,0.24418294143999997,0.24418294143999997,37.82240235126708,-121.70944732774991,"PatientState(Location(""FIELD"", (37.82240235126708, -121.70944732774991), -1.0, FIELD), 86.12495455789868, UNKNOWN, HEMORRHAGIC)"
