sample,reward_best,reward_CA,location_lat,location_lon,patient_state
1,0.34811806060910877,0.34811806060910877,37.319131785516554,-122.0100354680141,"PatientState(Location(""FIELD"", (37.319131785516554, -122.0100354680141), -1.0, FIELD), 27.350549890931237, UNKNOWN, NLVO)"
2,0.24418294143999997,0.24418294143999997,37.322022939259625,-122.00582884175337,"PatientState(Location(""FIELD"", (37.322022939259625, -122.00582884175337), -1.0, FIELD), 210.9040954786365, UNKNOWN, LVO)"
3,0.3524767276836551,0.34954894635919515,37.322682705700295,-122.0062107612017,"PatientState(Location(""FIELD"", (37.322682705700295, -122.0062107612017), -1.0, FIELD), 23.33392984219982, UNKNOWN, LVO)"
4,0.31851489835595115,0.25746975153266344,37.32032820482102,-122.00755560537891,"PatientState(Location(""FIELD"", (37.32032820482102, -122.00755560537891), -1.0, FIELD), 169.94397597316834, UNKNOWN, HEMORRHAGIC)"
5,0.34132502727838826,0.3380121666802468,37.319372925375845,-122.0095882665709,"PatientState(Location(""FIELD"", (37.319372925375845, -122.0095882665709), -1.0, FIELD), 70.36562892753591, UNKNOWN, HEMORRHAGIC)"
