sample,reward_best,reward_CA,location_lat,location_lon,patient_state
1,0.25409686565800427,0.24418294143999997,37.74532974014317,-122.38260776730876,"PatientState(Location(""FIELD"", (37.74532974014317, -122.38260776730876), -1.0, FIELD), 175.3080007917428, UNKNOWN, HEMORRHAGIC)"
2,0.33496680510673577,0.3225006633477225,37.747187399479785,-122.38122965333557,"PatientState(Location(""FIELD"", (37.747187399479785, -122.38122965333557), -1.0, FIELD), 79.8901100146099, UNKNOWN, LVO)"
3,0.32709552605339903,0.25334306531789363,37.74408786246109,-122.38545871430583,"PatientState(Location(""FIELD"", (37.74408786246109, -122.38545871430583), -1.0, FIELD), 115.40767667220446, UNKNOWN, NLVO)"
4,0.3411487118744371,0.3285585535696421,37.74824021010364,-122.38370258785767,"PatientState(Location(""FIELD"", (37.74824021010364, -122.38370258785767), -1.0, FIELD), 55.556663556313346, UNKNOWN, MIMIC)"
5,0.3509312814686555,0.33815798746057696,37.74652189524234,-122.38416624177624,"PatientState(Location(""FIELD"", (37.74652189524234, -122.38416624177624), -1.0, FIELD), 12.251717914856057, UNKNOWN, HEMORRHAGIC)"
