sample,reward_best,reward_CA,location_lat,location_lon,patient_state
1,0.2625595534541238,0.24418294143999997,37.95365889526309,-122.51054171897972,"PatientState(Location(""FIELD"", (37.95365889526309, -122.51054171897972), -1.0, FIELD), 93.78294829316671, UNKNOWN, LVO)"
2,0.24418294143999997,0.24418294143999997,37.95319347215257,-122.50983333373787,"PatientState(Location(""FIELD"", (37.95319347215257, -122.50983333373787), -1.0, FIELD), 182.27235923755265, UNKNOWN, NLVO)"
3,0.26409056849478757,0.2517094657967185,37.952871976919255,-122.50662605235259,"PatientState(Location(""FIELD"", (37.952871976919255, -122.50662605235259), -1.0, FIELD), 87.06258516103412, UNKNOWN, HEMORRHAGIC)"
4,0.24418294143999997,0.24418294143999997,37.951634431588474,-122.50713173910268,"PatientState(Location(""FIELD"", (37.951634431588474, -122.50713173910268), -1.0, FIELD), 192.31036227465626, UNKNOWN, LVO)"
5,0.3171596192232076,0.2544121161450311,37.951486999296506,-122.50951591427221,"PatientState(Location(""FIELD"", (37.951486999296506, -122.50951591427221), -1.0, FIELD), 71.71484166787533, UNKNOWN, LVO)"
