sample,reward_best,reward_CA,location_lat,location_lon,patient_state
1,0.34666727413099335,0.34666727413099335,37.44179824281369,-122.15069640710061,"PatientState(Location(""FIELD"", (37.44179824281369, -122.15069640710061), -1.0, FIELD), 55.20604777650324, UNKNOWN, MIMIC)"
2,0.34306662254615977,0.34306662254615977,37.439694651426805,-122.14712048619161,"PatientState(Location(""FIELD"", (37.439694651426805, -122.14712048619161), -1.0, FIELD), 70.2792237096369, UNKNOWN, LVO)"
3,0.3458312845176148,0.3458312845176148,37.44187812386259,-122.14794894500241,"PatientState(Location(""FIELD"", (37.44187812386259, -122.14794894500241), -1.0, FIELD), 58.15926582746221, UNKNOWN, HEMORRHAGIC)"
4,0.3279109861037031,0.3279109861037031,37.441715748231374,-122.147388357331,"PatientState(Location(""FIELD"", (37.441715748231374, -122.147388357331), -1.0, FIELD), 135.8155396714876, UNKNOWN, LVO)"
5,0.35338033136659697,0.35338033136659697,37.43957373081544,-122.1501443046741,"PatientState(Location(""FIELD"", (37.43957373081544, -122.1501443046741), -1.0, FIELD), 26.89298028365015, UNKNOWN, HEMORRHAGIC)"
