sample,reward_best,reward_CA,location_lat,location_lon,patient_state
1,0.24418294143999997,0.24418294143999997,37.96587092211061,-121.79568183762181,"PatientState(Location(""FIELD"", (37.96587092211061, -121.79568183762181), -1.0, FIELD), 252.04614996723632, UNKNOWN, LVO)"
2,0.32086266236948546,0.24418294143999997,37.96666584467104,-121.79240951350305,"PatientState(Location(""FIELD"", (37.96666584467104, -121.79240951350305), -1.0, FIELD), 28.329369408901105, UNKNOWN, NLVO)"
3,0.24418294143999997,0.24418294143999997,37.96591625007537,-121.7929939400714,"PatientState(Location(""FIELD"", (37.96591625007537, -121.7929939400714), -1.0, FIELD), 164.74055874262694, UNKNOWN, NLVO)"
4,0.24418294143999997,0.24418294143999997,37.96581956690251,-121.79209342544786,"PatientState(Location(""FIELD"", (37.96581956690251, -121.79209342544786), -1.0, FIELD), 224.27449212014062, UNKNOWN, HEMORRHAGIC)"
5,0.3266362723375405,0.24418294143999997,37.96687442081447,-121.7940214731596,"PatientState(Location(""FIELD"", (37.96687442081447, -121.7940214731596), -1.0, FIELD), 3.2097938495476774, UNKNOWN, LVO)"
