sample,reward_best,reward_CA,location_lat,location_lon,patient_state
1,0.31513268740748734,0.24418294143999997,38.13645947599694,-121.72504079791852,"PatientState(Location(""FIELD"", (38.13645947599694, -121.72504079791852), -1.0, FIELD), 28.838962121438794, UNKNOWN, NLVO)"
2,0.2520181274096365,0.24418294143999997,38.136856048427994,-121.72250591009546,"PatientState(Location(""FIELD"", (38.136856048427994, -121.72250591009546), -1.0, FIELD), 35.25314421820385, UNKNOWN, HEMORRHAGIC)"
3,0.24418294143999997,0.24418294143999997,38.13834904471048,-121.7248634186463,"PatientState(Location(""FIELD"", (38.13834904471048, -121.7248634186463), -1.0, FIELD), 249.48469453032726, UNKNOWN, LVO)"
4,0.24418294143999997,0.24418294143999997,38.13502367376344,-121.72572004642208,"PatientState(Location(""FIELD"", (38.13502367376344, -121.72572004642208), -1.0, FIELD), 91.74393696296893, UNKNOWN, NLVO)"
5,0.24418294143999997,0.24418294143999997,38.13453736750235,-121.72241900291586,"PatientState(Location(""FIELD"", (38.13453736750235, -121.72241900291586), -1.0, FIELD), 190.37046846665825, UNKNOWN, LVO)"
