sample,reward_best,reward_CA,location_lat,location_lon,patient_state
1,0.24418294143999997,0.24418294143999997,37.211451830644734,-122.07307833179112,"PatientState(Location(""FIELD"", (37.211451830644734, -122.07307833179112), -1.0, FIELD), 187.77667712278722, UNKNOWN, LVO)"
2,0.24418294143999997,0.24418294143999997,37.211912794475026,-122.07105125481586,"PatientState(Location(""FIELD"", (37.211912794475026, -122.07105125481586), -1.0, FIELD), 268.34560420928005, UNKNOWN, LVO)"
3,0.24418294143999997,0.24418294143999997,37.209292642495384,-122.07168582053423,"PatientState(Location(""FIELD"", (37.209292642495384, -122.07168582053423), -1.0, FIELD), 223.8561386452369, UNKNOWN, LVO)"
4,0.24418294143999997,0.24418294143999997,37.21009677382208,-122.0719690776464,"PatientState(Location(""FIELD"", (37.21009677382208, -122.0719690776464), -1.0, FIELD), 233.70228462390074, UNKNOWN, LVO)"
5,0.3501812817102212,0.3501812817102212,37.21177362643558,-122.07303652833458,"PatientState(Location(""FIELD"", (37.21177362643558, -122.07303652833458), -1.0, FIELD), 25.78469669027605, UNKNOWN, NLVO)"
