sample,reward_best,reward_CA,location_lat,location_lon,patient_state
1,0.24418294143999997,0.24418294143999997,38.15272300127671,-122.49929731098084,"PatientState(Location(""FIELD"", (38.15272300127671, -122.49929731098084), -1.0, FIELD), 196.99644134546497, UNKNOWN, LVO)"
2,0.32686374264182366,0.24418294143999997,38.151550953341015,-122.49669236195368,"PatientState(Location(""FIELD"", (38.151550953341015, -122.49669236195368), -1.0, FIELD), 13.664622070633431, UNKNOWN, LVO)"
3,0.24418294143999997,0.24418294143999997,38.151489494410285,-122.49602202645154,"PatientState(Location(""FIELD"", (38.151489494410285, -122.49602202645154), -1.0, FIELD), 108.48356372796717, UNKNOWN, HEMORRHAGIC)"
4,0.24418294143999997,0.24418294143999997,38.15186769570982,-122.49766885948345,"PatientState(Location(""FIELD"", (38.15186769570982, -122.49766885948345), -1.0, FIELD), 148.1170358696871, UNKNOWN, MIMIC)"
5,0.24418294143999997,0.24418294143999997,38.152511752144406,-122.4960835838248,"PatientState(Location(""FIELD"", (38.152511752144406, -122.4960835838248), -1.0, FIELD), 141.04144103494707, UNKNOWN, NLVO)"
