sample,reward_best,reward_CA,location_lat,location_lon,patient_state
1,0.3287294435772258,0.24418294143999997,38.03637808346478,-121.96799613085925,"PatientState(Location(""FIELD"", (38.03637808346478, -121.96799613085925), -1.0, FIELD), 5.777648684522244, UNKNOWN, MIMIC)"
2,0.24418294143999997,0.24418294143999997,38.037845116141106,-121.9687750118929,"PatientState(Location(""FIELD"", (38.037845116141106, -121.9687750118929), -1.0, FIELD), 163.4616977916205, UNKNOWN, HEMORRHAGIC)"
3,0.24418294143999997,0.24418294143999997,38.0381460367386,-121.96764129709541,"PatientState(Location(""FIELD"", (38.0381460367386, -121.96764129709541), -1.0, FIELD), 213.74218438918126, UNKNOWN, LVO)"
4,0.24418294143999997,0.24418294143999997,38.03526907753911,-121.96697319094771,"PatientState(Location(""FIELD"", (38.03526907753911, -121.96697319094771), -1.0, FIELD), 172.1462185243556, UNKNOWN, LVO)"
5,0.24418294143999997,0.24418294143999997,38.03519097149378,-121.96633621806028,"PatientState(Location(""FIELD"", (38.03519097149378, -121.96633621806028), -1.0, FIELD), 166.86625228294258, UNKNOWN, LVO)"
