sample,reward_best,reward_CA,location_lat,location_lon,patient_state
1,0.24418294143999997,0.24418294143999997,37.90433302216928,-122.26023057619108,"PatientState(Location(""FIELD"", (37.90433302216928, -122.26023057619108), -1.0, FIELD), 265.9414345045004, UNKNOWN, NLVO)"
2,0.3465866990174119,0.333360983320734,37.90530351463021,-122.25852185209773,"PatientState(Location(""FIELD"", (37.90530351463021, -122.25852185209773), -1.0, FIELD), 1.7611132629540316, UNKNOWN, LVO)"
3,0.3256117226609457,0.25175543911180964,37.906378861515606,-122.25780851618057,"PatientState(Location(""FIELD"", (37.906378861515606, -122.25780851618057), -1.0, FIELD), 91.40188017855081, UNKNOWN, LVO)"
4,0.3418327192175303,0.32902262641004804,37.90787657260262,-122.26032700557491,"PatientState(Location(""FIELD"", (37.90787657260262, -122.26032700557491), -1.0, FIELD), 20.08171008582532, UNKNOWN, HEMORRHAGIC)"
5,0.31657086916868654,0.24418294143999997,37.90408147164586,-122.25729603642654,"PatientState(Location(""FIELD"", (37.90408147164586, -122.25729603642654), -1.0, FIELD), 133.48499271638866, UNKNOWN, LVO)"
