sample,reward_best,reward_CA,location_lat,location_lon,patient_state
1,0.3227232096079111,0.24418294143999997,37.91786521880451,-121.65650819745095,"PatientState(Location(""FIELD"", (37.91786521880451, -121.65650819745095), -1.0, FIELD), 8.852209734601784, UNKNOWN, HEMORRHAGIC)"
2,0.24418294143999997,0.24418294143999997,37.91815820395677,-121.65906454077547,"PatientState(Location(""FIELD"", (37.91815820395677, -121.65906454077547), -1.0, FIELD), 103.88425772920174, UNKNOWN, LVO)"
3,0.24418294143999997,0.24418294143999997,37.91792336831861,-121.65908911079804,"PatientState(Location(""FIELD"", (37.91792336831861, -121.65908911079804), -1.0, FIELD), 142.26670062911126, UNKNOWN, LVO)"
4,0.31808612323895297,0.24418294143999997,37.91823328098983,-121.65681953101118,"PatientState(Location(""FIELD"", (37.91823328098983, -121.65681953101118), -1.0, FIELD), 26.19679763047925, UNKNOWN, LVO)"
5,0.3237449879624488,0.24418294143999997,37.91820932905258,-121.65906360480508,"PatientState(Location(""FIELD"", (37.91820932905258, -121.65906360480508), -1.0, FIELD), 4.343773975831789, UNKNOWN, HEMORRHAGIC)"
