sample,reward_best,reward_CA,location_lat,location_lon,patient_state
1,0.24418294143999997,0.24418294143999997,37.35884586206504,-121.61904121368427,"PatientState(Location(""FIELD"", (37.35884586206504, -121.61904121368427), -1.0, FIELD), 162.3494216726205, UNKNOWN, LVO)"
2,0.32402880978638204,0.32402880978638204,37.362583242845325,-121.62033120933107,"PatientState(Location(""FIELD"", (37.362583242845325, -121.62033120933107), -1.0, FIELD), 111.73617335336553, UNKNOWN, LVO)"
3,0.3353658988796013,0.3353658988796013,37.363627925957005,-121.61721022752846,"PatientState(Location(""FIELD"", (37.363627925957005, -121.61721022752846), -1.0, FIELD), 48.72293384814199, UNKNOWN, LVO)"
4,0.3361187170112587,0.3361187170112587,37.35888105887555,-121.61680122764056,"PatientState(Location(""FIELD"", (37.35888105887555, -121.61680122764056), -1.0, FIELD), 60.656989761713284, UNKNOWN, HEMORRHAGIC)"
5,0.24418294143999997,0.24418294143999997,37.36276445948997,-121.62054627604934,"PatientState(Location(""FIELD"", (37.36276445948997, -121.62054627604934), -1.0, FIELD), 227.70988461703215, UNKNOWN, HEMORRHAGIC)"
