sample,reward_best,reward_CA,location_lat,location_lon,patient_state
1,0.35276080927465986,0.33770293855237804,37.553038412659205,-121.98653684712728,"PatientState(Location(""FIELD"", (37.553038412659205, -121.98653684712728), -1.0, FIELD), 11.6203877994485, UNKNOWN, NLVO)"
2,0.24418294143999997,0.24418294143999997,37.55130908690778,-121.99066075269202,"PatientState(Location(""FIELD"", (37.55130908690778, -121.99066075269202), -1.0, FIELD), 224.9445933134279, UNKNOWN, HEMORRHAGIC)"
3,0.24418294143999997,0.24418294143999997,37.55074664338224,-121.98845206403405,"PatientState(Location(""FIELD"", (37.55074664338224, -121.98845206403405), -1.0, FIELD), 247.98874870355814, UNKNOWN, LVO)"
4,0.3372346932911814,0.3224010805795019,37.55365426076375,-121.98806481139692,"PatientState(Location(""FIELD"", (37.55365426076375, -121.98806481139692), -1.0, FIELD), 77.01389485840366, UNKNOWN, LVO)"
5,0.33653001618258815,0.32135192438854016,37.55216012770722,-121.99013151597134,"PatientState(Location(""FIELD"", (37.55216012770722, -121.99013151597134), -1.0, FIELD), 81.39029857905713, UNKNOWN, LVO)"
