sample,reward_best,reward_CA,location_lat,location_lon,patient_state
1,0.24418294143999997,0.24418294143999997,37.938440675995615,-121.75849894344609,"PatientState(Location(""FIELD"", (37.938440675995615, -121.75849894344609), -1.0, FIELD), 208.64881847117746, UNKNOWN, HEMORRHAGIC)"
2,0.24418294143999997,0.24418294143999997,37.934782377606034,-121.75947920658007,"PatientState(Location(""FIELD"", (37.934782377606034, -121.75947920658007), -1.0, FIELD), 164.55277050857552, UNKNOWN, HEMORRHAGIC)"
3,0.24418294143999997,0.24418294143999997,37.93753238001889,-121.75751874832389,"PatientState(Location(""FIELD"", (37.93753238001889, -121.75751874832389), -1.0, FIELD), 105.91021873673472, UNKNOWN, LVO)"
4,0.24418294143999997,0.24418294143999997,37.935425308998255,-121.75970457432491,"PatientState(Location(""FIELD"", (37.935425308998255, -121.75970457432491), -1.0, FIELD), 203.9558979569971, UNKNOWN, LVO)"
5,0.24418294143999997,0.24418294143999997,37.93797479033605,-121.75888551209,"PatientState(Location(""FIELD"", (37.93797479033605, -121.75888551209), -1.0, FIELD), 205.90077617016954, UNKNOWN, LVO)"
