sample,reward_best,reward_CA,location_lat,location_lon,patient_state
1,0.24418294143999997,0.24418294143999997,37.361609036481724,-122.08088082192519,"PatientState(Location(""FIELD"", (37.361609036481724, -122.08088082192519), -1.0, FIELD), 267.2748228430126, UNKNOWN, HEMORRHAGIC)"
2,0.32320661396508604,0.2618678967547724,37.36038758686479,-122.08424169706208,"PatientState(Location(""FIELD"", (37.36038758686479, -122.08424169706208), -1.0, FIELD), 146.5474265178107, UNKNOWN, LVO)"
3,0.33928956274196476,0.33721465195214095,37.360811274102886,-122.08399902249256,"PatientState(Location(""FIELD"", (37.360811274102886, -122.08399902249256), -1.0, FIELD), 76.24586022351366, UNKNOWN, LVO)"
4,0.3393675673352207,0.3376231949158287,37.36316847993268,-122.08470247790139,"PatientState(Location(""FIELD"", (37.36316847993268, -122.08470247790139), -1.0, FIELD), 75.54794979355184, UNKNOWN, HEMORRHAGIC)"
5,0.25339412897567887,0.25339412897567887,37.363605309609184,-122.08179284140991,"PatientState(Location(""FIELD"", (37.363605309609184, -122.08179284140991), -1.0, FIELD), 196.89489751592822, UNKNOWN, NLVO)"
