sample,reward_best,reward_CA,location_lat,location_lon,patient_state
1,0.24418294143999997,0.24418294143999997,37.99546532365463,-122.548993211513,"PatientState(Location(""FIELD"", (37.99546532365463, -122.548993211513), -1.0, FIELD), 191.14393401385828, UNKNOWN, NLVO)"
2,0.24418294143999997,0.24418294143999997,37.99766682589872,-122.54671412200169,"PatientState(Location(""FIELD"", (37.99766682589872, -122.54671412200169), -1.0, FIELD), 169.91960526610458, UNKNOWN, LVO)"
3,0.3329647151538473,0.2596472729812549,37.9945355723603,-122.54772669913943,"PatientState(Location(""FIELD"", (37.9945355723603, -122.54772669913943), -1.0, FIELD), 36.10428059416241, UNKNOWN, LVO)"
4,0.24418294143999997,0.24418294143999997,37.998548578677784,-122.54896873513555,"PatientState(Location(""FIELD"", (37.998548578677784, -122.54896873513555), -1.0, FIELD), 249.99976939933077, UNKNOWN, LVO)"
5,0.24418294143999997,0.24418294143999997,37.99670001534452,-122.54775770233063,"PatientState(Location(""FIELD"", (37.99670001534452, -122.54775770233063), -1.0, FIELD), 184.06117288968275, UNKNOWN, LVO)"
