sample,reward_best,reward_CA,location_lat,location_lon,patient_state
1,0.24418294143999997,0.24418294143999997,37.694216343395055,-122.15674539133796,"PatientState(Location(""FIELD"", (37.694216343395055, -122.15674539133796), -1.0, FIELD), 190.78245421795083, UNKNOWN, LVO)"
2,0.3361696280173006,0.3175249699068159,37.694477249012756,-122.157236016644,"PatientState(Location(""FIELD"", (37.694477249012756, -122.157236016644), -1.0, FIELD), 78.08471742327, UNKNOWN, HEMORRHAGIC)"
3,0.3184314175681495,0.24418294143999997,37.69538321234768,-122.16026837247846,"PatientState(Location(""FIELD"", (37.69538321234768, -122.16026837247846), -1.0, FIELD), 155.86923070956107, UNKNOWN, HEMORRHAGIC)"
4,0.3437988256355316,0.3248729732559548,37.69495283073758,-122.15876937727846,"PatientState(Location(""FIELD"", (37.69495283073758, -122.15876937727846), -1.0, FIELD), 44.4334491697407, UNKNOWN, NLVO)"
5,0.3411658933681083,0.3223566219780346,37.69793331708976,-122.15777589246846,"PatientState(Location(""FIELD"", (37.69793331708976, -122.15777589246846), -1.0, FIELD), 54.69281815275894, UNKNOWN, MIMIC)"
