sample,reward_best,reward_CA,location_lat,location_lon,patient_state
1,0.24418294143999997,0.24418294143999997,38.155688166547016,-122.42765970472912,"PatientState(Location(""FIELD"", (38.155688166547016, -122.42765970472912), -1.0, FIELD), 167.7848927954545, UNKNOWN, LVO)"
2,0.24418294143999997,0.24418294143999997,38.154892754909696,-122.42717619674443,"PatientState(Location(""FIELD"", (38.154892754909696, -122.42717619674443), -1.0, FIELD), 166.11691155316598, UNKNOWN, HEMORRHAGIC)"
3,0.25361478528228015,0.24418294143999997,38.15447158339861,-122.4260911893722,"PatientState(Location(""FIELD"", (38.15447158339861, -122.4260911893722), -1.0, FIELD), 64.38390407977138, UNKNOWN, NLVO)"
4,0.24418294143999997,0.24418294143999997,38.15436191346359,-122.42683787317817,"PatientState(Location(""FIELD"", (38.15436191346359, -122.42683787317817), -1.0, FIELD), 153.24551431350844, UNKNOWN, HEMORRHAGIC)"
5,0.24418294143999997,0.24418294143999997,38.157396630406716,-122.4283627859925,"PatientState(Location(""FIELD"", (38.157396630406716, -122.4283627859925), -1.0, FIELD), 143.9671877483945, UNKNOWN, LVO)"
