sample,reward_best,reward_CA,location_lat,location_lon,patient_state
1,0.33617420043028656,0.3181847845049766,37.59844088321823,-122.05134639393825,"PatientState(Location(""FIELD"", (37.59844088321823, -122.05134639393825), -1.0, FIELD), 80.65657199759413, UNKNOWN, NLVO)"
2,0.24418294143999997,0.24418294143999997,37.59708083619018,-122.05324783740441,"PatientState(Location(""FIELD"", (37.59708083619018, -122.05324783740441), -1.0, FIELD), 261.08028766842017, UNKNOWN, LVO)"
3,0.35219714834562554,0.333719008120735,37.59693455648408,-122.05180716761082,"PatientState(Location(""FIELD"", (37.59693455648408, -122.05180716761082), -1.0, FIELD), 13.600587016935838, UNKNOWN, HEMORRHAGIC)"
4,0.34588346969390127,0.3275904002377487,37.597415842985924,-122.05482320737049,"PatientState(Location(""FIELD"", (37.597415842985924, -122.05482320737049), -1.0, FIELD), 42.1682693521471, UNKNOWN, LVO)"
5,0.24418294143999997,0.24418294143999997,37.598400618117,-122.05426286189167,"PatientState(Location(""FIELD"", (37.598400618117, -122.05426286189167), -1.0, FIELD), 235.38216212494515, UNKNOWN, NLVO)"
