sample,reward_best,reward_CA,location_lat,location_lon,patient_state
1,0.24418294143999997,0.24418294143999997,37.568149563070214,-121.7328225518914,"PatientState(Location(""FIELD"", (37.568149563070214, -121.7328225518914), -1.0, FIELD), 202.05062760910042, UNKNOWN, MIMIC)"
2,0.3406640557392889,0.3215387696666209,37.5649261058628,-121.73429365668545,"PatientState(Location(""FIELD"", (37.5649261058628, -121.73429365668545), -1.0, FIELD), 21.910527764359536, UNKNOWN, LVO)"
3,0.31545564855849084,0.24418294143999997,37.565142002848766,-121.73570677793032,"PatientState(Location(""FIELD"", (37.565142002848766, -121.73570677793032), -1.0, FIELD), 132.6055412394196, UNKNOWN, LVO)"
4,0.24418294143999997,0.24418294143999997,37.56851015476488,-121.7342320270725,"PatientState(Location(""FIELD"", (37.56851015476488, -121.7342320270725), -1.0, FIELD), 171.41519665454882, UNKNOWN, HEMORRHAGIC)"
5,0.24418294143999997,0.24418294143999997,37.56412538772597,-121.73129319987875,"PatientState(Location(""FIELD"", (37.56412538772597, -121.73129319987875), -1.0, FIELD), 201.5121300910285, UNKNOWN, MIMIC)"
