sample,reward_best,reward_CA,location_lat,location_lon,patient_state
1,0.24418294143999997,0.24418294143999997,37.440675181394006,-121.86577403234863,"PatientState(Location(""FIELD"", (37.440675181394006, -121.86577403234863), -1.0, FIELD), 218.91612591556202, UNKNOWN, LVO)"
2,0.32242964501614096,0.32242964501614096,37.440896156835706,-121.86107305053308,"PatientState(Location(""FIELD"", (37.440896156835706, -121.86107305053308), -1.0, FIELD), 156.6951860175349, UNKNOWN, HEMORRHAGIC)"
3,0.33963783893677507,0.33963783893677507,37.44374997748384,-121.86220620240402,"PatientState(Location(""FIELD"", (37.44374997748384, -121.86220620240402), -1.0, FIELD), 81.8065876060126, UNKNOWN, LVO)"
4,0.3294076163700721,0.3294076163700721,37.441640239747144,-121.86201749961862,"PatientState(Location(""FIELD"", (37.441640239747144, -121.86201749961862), -1.0, FIELD), 125.90906833591339, UNKNOWN, LVO)"
5,0.35540165673834495,0.35540165673834495,37.440894422120124,-121.86234412835881,"PatientState(Location(""FIELD"", (37.440894422120124, -121.86234412835881), -1.0, FIELD), 14.485884106774071, UNKNOWN, HEMORRHAGIC)"
