sample,reward_best,reward_CA,location_lat,location_lon,patient_state
1,0.347576641350327,0.347576641350327,37.42927625625774,-122.26921570411383,"PatientState(Location(""FIELD"", (37.42927625625774, -122.26921570411383), -1.0, FIELD), 43.096663500217986, UNKNOWN, HEMORRHAGIC)"
2,0.3384918461385984,0.3340122623537872,37.432327631299316,-122.26986732815256,"PatientState(Location(""FIELD"", (37.432327631299316, -122.26986732815256), -1.0, FIELD), 81.21024257560423, UNKNOWN, LVO)"
3,0.3200051884605015,0.2573299955078455,37.43336408047566,-122.2665014194766,"PatientState(Location(""FIELD"", (37.43336408047566, -122.2665014194766), -1.0, FIELD), 161.8100956677312, UNKNOWN, LVO)"
4,0.32653883171027553,0.32653883171027553,37.43001153189979,-122.26675881717696,"PatientState(Location(""FIELD"", (37.43001153189979, -122.26675881717696), -1.0, FIELD), 133.8145934547242, UNKNOWN, LVO)"
5,0.33701645137023123,0.3331601758928886,37.433132446884414,-122.2664904334037,"PatientState(Location(""FIELD"", (37.433132446884414, -122.2664904334037), -1.0, FIELD), 87.16636629032946, UNKNOWN, LVO)"
