sample,reward_best,reward_CA,location_lat,location_lon,patient_state
1,0.3163778705888574,0.254854488532454,37.40437861464279,-122.37069644529326,"PatientState(Location(""FIELD"", (37.40437861464279, -122.37069644529326), -1.0, FIELD), 156.89049576794042, UNKNOWN, HEMORRHAGIC)"
2,0.3461711687254636,0.34004861838087397,37.40459477952104,-122.36801259381711,"PatientState(Location(""FIELD"", (37.40459477952104, -122.36801259381711), -1.0, FIELD), 26.777699917280216, UNKNOWN, LVO)"
3,0.3207072151874308,0.25828500164243395,37.40411802757788,-122.36857196132738,"PatientState(Location(""FIELD"", (37.40411802757788, -122.36857196132738), -1.0, FIELD), 137.62839585524603, UNKNOWN, LVO)"
4,0.24418294143999997,0.24418294143999997,37.40410421735459,-122.3678578472037,"PatientState(Location(""FIELD"", (37.40410421735459, -122.3678578472037), -1.0, FIELD), 262.46101046348605, UNKNOWN, LVO)"
5,0.33174555141247,0.26714849013225206,37.40430135299394,-122.36691370321489,"PatientState(Location(""FIELD"", (37.40430135299394, -122.36691370321489), -1.0, FIELD), 89.00778555588758, UNKNOWN, LVO)"
