sample,reward_best,reward_CA,location_lat,location_lon,patient_state
1,0.33190992169348255,0.32115360154042855,37.77412249127611,-122.49581372842516,"PatientState(Location(""FIELD"", (37.77412249127611, -122.49581372842516), -1.0, FIELD), 77.50438961591381, UNKNOWN, NLVO)"
2,0.24418294143999997,0.24418294143999997,37.769537890052185,-122.51336906514278,"PatientState(Location(""FIELD"", (37.769537890052185, -122.51336906514278), -1.0, FIELD), 207.31020904241132, UNKNOWN, HEMORRHAGIC)"
3,0.3414201004046833,0.3295824601864676,37.77976578799638,-122.50763437232735,"PatientState(Location(""FIELD"", (37.77976578799638, -122.50763437232735), -1.0, FIELD), 42.363814269693464, UNKNOWN, HEMORRHAGIC)"
