sample,reward_best,reward_CA,location_lat,location_lon,patient_state
1,0.3541049526774287,0.3541049526774287,37.26258328493296,-121.90999368504971,"PatientState(Location(""FIELD"", (37.26258328493296, -121.90999368504971), -1.0, FIELD), 23.854695841815104, UNKNOWN, HEMORRHAGIC)"
2,0.3219160845070331,0.3219160845070331,37.25992582618818,-121.91045294108466,"PatientState(Location(""FIELD"", (37.25992582618818, -121.91045294108466), -1.0, FIELD), 163.72522907885647, UNKNOWN, LVO)"
3,0.35762478367185724,0.35762478367185724,37.26113845268716,-121.90845188142492,"PatientState(Location(""FIELD"", (37.26113845268716, -121.90845188142492), -1.0, FIELD), 8.410456691818602, UNKNOWN, HEMORRHAGIC)"
4,0.33243998233454014,0.33243998233454014,37.26291106703045,-121.90955502083452,"PatientState(Location(""FIELD"", (37.26291106703045, -121.90955502083452), -1.0, FIELD), 116.33620383383455, UNKNOWN, NLVO)"
5,0.3365039526879922,0.3365039526879922,37.262237944474734,-121.90653769255596,"PatientState(Location(""FIELD"", (37.262237944474734, -121.90653769255596), -1.0, FIELD), 98.32983250810376, UNKNOWN, HEMORRHAGIC)"
