sample,reward_best,reward_CA,location_lat,location_lon,patient_state
1,0.3582336236014973,0.353635505236007,37.39030056156507,-121.90943617498161,"PatientState(Location(""FIELD"", (37.39030056156507, -121.90943617498161), -1.0, FIELD), 2.8835024885683467, UNKNOWN, LVO)"
2,0.34959650447997326,0.3449859838731165,37.39156722368961,-121.90817310566756,"PatientState(Location(""FIELD"", (37.39156722368961, -121.90817310566756), -1.0, FIELD), 39.686634076187545, UNKNOWN, HEMORRHAGIC)"
3,0.32760953026218304,0.26310961587162357,37.388967382454396,-121.91076672016197,"PatientState(Location(""FIELD"", (37.388967382454396, -121.91076672016197), -1.0, FIELD), 133.61766445481183, UNKNOWN, HEMORRHAGIC)"
4,0.34786291508366773,0.34325056236636453,37.3933892936697,-121.90766622640801,"PatientState(Location(""FIELD"", (37.3933892936697, -121.90766622640801), -1.0, FIELD), 47.2402620904151, UNKNOWN, NLVO)"
5,0.33124511861602707,0.3266264665783409,37.39252817286018,-121.90836383953527,"PatientState(Location(""FIELD"", (37.39252817286018, -121.90836383953527), -1.0, FIELD), 118.72019610618307, UNKNOWN, LVO)"
