sample,reward_best,reward_CA,location_lat,location_lon,patient_state
1,0.31507274788278433,0.24418294143999997,37.587980067183445,-121.73655008548381,"PatientState(Location(""FIELD"", (37.587980067183445, -121.73655008548381), -1.0, FIELD), 139.91188832746874, UNKNOWN, LVO)"
2,0.24418294143999997,0.24418294143999997,37.58406358675566,-121.73619666769515,"PatientState(Location(""FIELD"", (37.58406358675566, -121.73619666769515), -1.0, FIELD), 166.13045723654216, UNKNOWN, MIMIC)"
3,0.3183778134249144,0.24418294143999997,37.584502852940226,-121.73893919743753,"PatientState(Location(""FIELD"", (37.584502852940226, -121.73893919743753), -1.0, FIELD), 125.19581604227187, UNKNOWN, HEMORRHAGIC)"
4,0.3199463408464407,0.24418294143999997,37.587783953735304,-121.74016836649419,"PatientState(Location(""FIELD"", (37.587783953735304, -121.74016836649419), -1.0, FIELD), 119.5710001983741, UNKNOWN, LVO)"
5,0.24418294143999997,0.24418294143999997,37.58475683982482,-121.73759429327583,"PatientState(Location(""FIELD"", (37.58475683982482, -121.73759429327583), -1.0, FIELD), 180.0013638287219, UNKNOWN, HEMORRHAGIC)"
