sample,reward_best,reward_CA,location_lat,location_lon,patient_state
1,0.32253578990302134,0.24418294143999997,37.64328002815718,-121.79423565576235,"PatientState(Location(""FIELD"", (37.64328002815718, -121.79423565576235), -1.0, FIELD), 138.55720558456508, UNKNOWN, LVO)"
2,0.33042651627065117,0.24418294143999997,37.63988603994525,-121.79434519626848,"PatientState(Location(""FIELD"", (37.63988603994525, -121.79434519626848), -1.0, FIELD), 104.0597505379035, UNKNOWN, HEMORRHAGIC)"
3,0.24418294143999997,0.24418294143999997,37.64094665230707,-121.79572428980562,"PatientState(Location(""FIELD"", (37.64094665230707, -121.79572428980562), -1.0, FIELD), 211.07679104927234, UNKNOWN, HEMORRHAGIC)"
4,0.34867308370343897,0.32929018230871293,37.640935965416205,-121.79181924969284,"PatientState(Location(""FIELD"", (37.640935965416205, -121.79181924969284), -1.0, FIELD), 25.14919560868286, UNKNOWN, HEMORRHAGIC)"
5,0.3245323602473082,0.24418294143999997,37.64095745519883,-121.79331671397568,"PatientState(Location(""FIELD"", (37.64095745519883, -121.79331671397568), -1.0, FIELD), 129.8312008185556, UNKNOWN, HEMORRHAGIC)"
