sample,reward_best,reward_CA,location_lat,location_lon,patient_state
1,0.33015355800712914,0.31591897129751834,37.81521964019874,-122.19636095159483,"PatientState(Location(""FIELD"", (37.81521964019874, -122.19636095159483), -1.0, FIELD), 88.32281507632786, UNKNOWN, LVO)"
2,0.24418294143999997,0.24418294143999997,37.81564240660972,-122.19788116512407,"PatientState(Location(""FIELD"", (37.81564240660972, -122.19788116512407), -1.0, FIELD), 231.4485040253553, UNKNOWN, HEMORRHAGIC)"
3,0.24418294143999997,0.24418294143999997,37.815495563432236,-122.19796605476284,"PatientState(Location(""FIELD"", (37.815495563432236, -122.19796605476284), -1.0, FIELD), 235.19646681424427, UNKNOWN, HEMORRHAGIC)"
4,0.3386794278374222,0.32422809726785706,37.81859882882716,-122.19677124028769,"PatientState(Location(""FIELD"", (37.81859882882716, -122.19677124028769), -1.0, FIELD), 51.32901813419814, UNKNOWN, NLVO)"
5,0.24418294143999997,0.24418294143999997,37.81539152518782,-122.20030069323592,"PatientState(Location(""FIELD"", (37.81539152518782, -122.20030069323592), -1.0, FIELD), 233.96211653186018, UNKNOWN, LVO)"
