sample,reward_best,reward_CA,location_lat,location_lon,patient_state
1,0.31897999861548665,0.31897999861548665,37.3606667865271,-121.62830360661798,"PatientState(Location(""FIELD"", (37.3606667865271, -121.62830360661798), -1.0, FIELD), 132.16205445043022, UNKNOWN, LVO)"
2,0.34356350427245774,0.34356350427245774,37.36131506601726,-121.6294024067762,"PatientState(Location(""FIELD"", (37.36131506601726, -121.6294024067762), -1.0, FIELD), 23.09252862354595, UNKNOWN, LVO)"
3,0.24418294143999997,0.24418294143999997,37.36176186212218,-121.6265369726203,"PatientState(Location(""FIELD"", (37.36176186212218, -121.6265369726203), -1.0, FIELD), 238.91986647195966, UNKNOWN, HEMORRHAGIC)"
4,0.24418294143999997,0.24418294143999997,37.362106112863714,-121.6291762312001,"PatientState(Location(""FIELD"", (37.362106112863714, -121.6291762312001), -1.0, FIELD), 168.775558276843, UNKNOWN, HEMORRHAGIC)"
5,0.24418294143999997,0.24418294143999997,37.359749072009976,-121.62850581566326,"PatientState(Location(""FIELD"", (37.359749072009976, -121.62850581566326), -1.0, FIELD), 174.38435199666856, UNKNOWN, LVO)"
