sample,reward_best,reward_CA,location_lat,location_lon,patient_state
1,0.3198709779458715,0.25755068357872557,37.35422108644291,-122.33744687295031,"PatientState(Location(""FIELD"", (37.35422108644291, -122.33744687295031), -1.0, FIELD), 127.85563824656862, UNKNOWN, MIMIC)"
2,0.3359898576433991,0.27052779707157,37.35461180565491,-122.33953706482419,"PatientState(Location(""FIELD"", (37.35461180565491, -122.33953706482419), -1.0, FIELD), 56.988775492873266, UNKNOWN, LVO)"
3,0.3241672749582746,0.2609744341070023,37.35428579082133,-122.34051559966431,"PatientState(Location(""FIELD"", (37.35428579082133, -122.34051559966431), -1.0, FIELD), 108.76156202704409, UNKNOWN, HEMORRHAGIC)"
4,0.24418294143999997,0.24418294143999997,37.35435525171593,-122.33765687074778,"PatientState(Location(""FIELD"", (37.35435525171593, -122.33765687074778), -1.0, FIELD), 243.636678259115, UNKNOWN, LVO)"
5,0.24418294143999997,0.24418294143999997,37.35437327264848,-122.33834335060921,"PatientState(Location(""FIELD"", (37.35437327264848, -122.33834335060921), -1.0, FIELD), 214.0691788813993, UNKNOWN, HEMORRHAGIC)"
