sample,reward_best,reward_CA,location_lat,location_lon,patient_state
1,0.24418294143999997,0.24418294143999997,37.8829518851602,-121.63811755101143,"PatientState(Location(""FIELD"", (37.8829518851602, -121.63811755101143), -1.0, FIELD), 109.70277294223224, UNKNOWN, HEMORRHAGIC)"
2,0.24418294143999997,0.24418294143999997,37.879922656959906,-121.64035780322216,"PatientState(Location(""FIELD"", (37.879922656959906, -121.64035780322216), -1.0, FIELD), 126.81065131769697, UNKNOWN, NLVO)"
3,0.24418294143999997,0.24418294143999997,37.8795278452138,-121.63712102542945,"PatientState(Location(""FIELD"", (37.8795278452138, -121.63712102542945), -1.0, FIELD), 79.58909620136882, UNKNOWN, LVO)"
4,0.24418294143999997,0.24418294143999997,37.88307046246685,-121.63766136786765,"PatientState(Location(""FIELD"", (37.88307046246685, -121.63766136786765), -1.0, FIELD), 162.76533931257373, UNKNOWN, HEMORRHAGIC)"
5,0.24418294143999997,0.24418294143999997,37.88007514967274,-121.64054971419077,"PatientState(Location(""FIELD"", (37.88007514967274, -121.64054971419077), -1.0, FIELD), 69.45675922378985, UNKNOWN, LVO)"
