sample,reward_best,reward_CA,location_lat,location_lon,patient_state
1,0.3284516108093513,0.24418294143999997,37.75662575213391,-121.64925391394411,"PatientState(Location(""FIELD"", (37.75662575213391, -121.64925391394411), -1.0, FIELD), 75.85696780063815, UNKNOWN, HEMORRHAGIC)"
2,0.32992097474475146,0.24418294143999997,37.75698598930082,-121.64786981446464,"PatientState(Location(""FIELD"", (37.75698598930082, -121.64786981446464), -1.0, FIELD), 69.41294851432743, UNKNOWN, NLVO)"
3,0.24418294143999997,0.24418294143999997,37.757123892511046,-121.64775836762531,"PatientState(Location(""FIELD"", (37.757123892511046, -121.64775836762531), -1.0, FIELD), 151.95491237404354, UNKNOWN, HEMORRHAGIC)"
4,0.24418294143999997,0.24418294143999997,37.75849349223918,-121.65069927295727,"PatientState(Location(""FIELD"", (37.75849349223918, -121.65069927295727), -1.0, FIELD), 222.45214928799422, UNKNOWN, MIMIC)"
5,0.24418294143999997,0.24418294143999997,37.75606744134994,-121.64688870966316,"PatientState(Location(""FIELD"", (37.75606744134994, -121.64688870966316), -1.0, FIELD), 156.99047411453319, UNKNOWN, LVO)"
