sample,reward_best,reward_CA,location_lat,location_lon,patient_state
1,0.33855441536473535,0.3174895540231238,37.636579257851146,-122.09236104456927,"PatientState(Location(""FIELD"", (37.636579257851146, -122.09236104456927), -1.0, FIELD), 73.93184793580863, UNKNOWN, LVO)"
2,0.24418294143999997,0.24418294143999997,37.63606695760464,-122.09090808224535,"PatientState(Location(""FIELD"", (37.63606695760464, -122.09090808224535), -1.0, FIELD), 259.1648763376321, UNKNOWN, HEMORRHAGIC)"
3,0.24418294143999997,0.24418294143999997,37.63546647324674,-122.09082601748786,"PatientState(Location(""FIELD"", (37.63546647324674, -122.09082601748786), -1.0, FIELD), 251.0086725110394, UNKNOWN, HEMORRHAGIC)"
4,0.24418294143999997,0.24418294143999997,37.636593792298086,-122.09477673972516,"PatientState(Location(""FIELD"", (37.636593792298086, -122.09477673972516), -1.0, FIELD), 254.26837939883, UNKNOWN, HEMORRHAGIC)"
5,0.32195701577792074,0.24418294143999997,37.63766716807856,-122.09377408416059,"PatientState(Location(""FIELD"", (37.63766716807856, -122.09377408416059), -1.0, FIELD), 146.46329212985472, UNKNOWN, HEMORRHAGIC)"
