sample,reward_best,reward_CA,location_lat,location_lon,patient_state
1,0.31742627233709325,0.24418294143999997,37.94579915661717,-121.60973025975161,"PatientState(Location(""FIELD"", (37.94579915661717, -121.60973025975161), -1.0, FIELD), 22.433015368632827, UNKNOWN, MIMIC)"
2,0.24418294143999997,0.24418294143999997,37.94465214264761,-121.61066012969182,"PatientState(Location(""FIELD"", (37.94465214264761, -121.61066012969182), -1.0, FIELD), 55.02117061098599, UNKNOWN, LVO)"
3,0.24418294143999997,0.24418294143999997,37.94423689625534,-121.6071922708452,"PatientState(Location(""FIELD"", (37.94423689625534, -121.6071922708452), -1.0, FIELD), 111.35743192375851, UNKNOWN, NLVO)"
4,0.3159446754974123,0.24418294143999997,37.94417200778437,-121.60893805376625,"PatientState(Location(""FIELD"", (37.94417200778437, -121.60893805376625), -1.0, FIELD), 29.953334378331867, UNKNOWN, LVO)"
5,0.24418294143999997,0.24418294143999997,37.94772378508767,-121.60622267290151,"PatientState(Location(""FIELD"", (37.94772378508767, -121.60622267290151), -1.0, FIELD), 170.37321653674695, UNKNOWN, HEMORRHAGIC)"
