sample,reward_best,reward_CA,location_lat,location_lon,patient_state
1,0.3462923327400018,0.32766631617378217,37.59212652015372,-121.89696293627817,"PatientState(Location(""FIELD"", (37.59212652015372, -121.89696293627817), -1.0, FIELD), 41.80434390490118, UNKNOWN, LVO)"
2,0.24418294143999997,0.24418294143999997,37.59239881289467,-121.89812371674579,"PatientState(Location(""FIELD"", (37.59239881289467, -121.89812371674579), -1.0, FIELD), 229.32569204338475, UNKNOWN, HEMORRHAGIC)"
3,0.24418294143999997,0.24418294143999997,37.59117310326737,-121.90060112267642,"PatientState(Location(""FIELD"", (37.59117310326737, -121.90060112267642), -1.0, FIELD), 260.6197719904197, UNKNOWN, MIMIC)"
4,0.31458616803681133,0.24418294143999997,37.59222148049251,-121.89811099434128,"PatientState(Location(""FIELD"", (37.59222148049251, -121.89811099434128), -1.0, FIELD), 180.5838601947084, UNKNOWN, LVO)"
5,0.3395638332450705,0.3212215886388858,37.591132942790864,-121.89975880627857,"PatientState(Location(""FIELD"", (37.591132942790864, -121.89975880627857), -1.0, FIELD), 70.48212039444175, UNKNOWN, LVO)"
