sample,reward_best,reward_CA,location_lat,location_lon,patient_state
1,0.323997796888512,0.25229056847186015,37.783127062151095,-122.46496352731677,"PatientState(Location(""FIELD"", (37.783127062151095, -122.46496352731677), -1.0, FIELD), 118.12848023988889, UNKNOWN, LVO)"
2,0.24418294143999997,0.24418294143999997,37.78307191056576,-122.46310732153935,"PatientState(Location(""FIELD"", (37.78307191056576, -122.46310732153935), -1.0, FIELD), 226.95957863319563, UNKNOWN, HEMORRHAGIC)"
3,0.31884249471884674,0.24418294143999997,37.77891944346468,-122.4635143947199,"PatientState(Location(""FIELD"", (37.77891944346468, -122.4635143947199), -1.0, FIELD), 142.35353534167615, UNKNOWN, NLVO)"
4,0.24418294143999997,0.24418294143999997,37.77985435088306,-122.46273755273748,"PatientState(Location(""FIELD"", (37.77985435088306, -122.46273755273748), -1.0, FIELD), 268.0927540658982, UNKNOWN, HEMORRHAGIC)"
5,0.24418294143999997,0.24418294143999997,37.78038309198013,-122.46508004328302,"PatientState(Location(""FIELD"", (37.78038309198013, -122.46508004328302), -1.0, FIELD), 234.75346890465457, UNKNOWN, LVO)"
