sample,reward_best,reward_CA,location_lat,location_lon,patient_state
1,0.24418294143999997,0.24418294143999997,37.25425607655339,-121.85819682269225,"PatientState(Location(""FIELD"", (37.25425607655339, -121.85819682269225), -1.0, FIELD), 217.87349694286112, UNKNOWN, HEMORRHAGIC)"
2,0.3510880478752209,0.34676356380677587,37.25552299315633,-121.85904834808665,"PatientState(Location(""FIELD"", (37.25552299315633, -121.85904834808665), -1.0, FIELD), 36.6928833887022, UNKNOWN, LVO)"
3,0.35238890484700636,0.3478317311332881,37.25827097165664,-121.85927946000585,"PatientState(Location(""FIELD"", (37.25827097165664, -121.85927946000585), -1.0, FIELD), 31.763400847326682, UNKNOWN, HEMORRHAGIC)"
4,0.3258039902265433,0.3258039902265433,37.258247589530136,-121.85585984124961,"PatientState(Location(""FIELD"", (37.258247589530136, -121.85585984124961), -1.0, FIELD), 137.1949880369513, UNKNOWN, HEMORRHAGIC)"
5,0.35329571833227097,0.34873954110234623,37.25752351847138,-121.85969526760253,"PatientState(Location(""FIELD"", (37.25752351847138, -121.85969526760253), -1.0, FIELD), 27.26676548388294, UNKNOWN, LVO)"
