sample,reward_best,reward_CA,location_lat,location_lon,patient_state
1,0.24418294143999997,0.24418294143999997,37.57764765981403,-122.0807951672841,"PatientState(Location(""FIELD"", (37.57764765981403, -122.0807951672841), -1.0, FIELD), 208.90538568919487, UNKNOWN, NLVO)"
2,0.24418294143999997,0.24418294143999997,37.57849330127192,-122.07985281551144,"PatientState(Location(""FIELD"", (37.57849330127192, -122.07985281551144), -1.0, FIELD), 202.9519747345024, UNKNOWN, HEMORRHAGIC)"
3,0.33520517218839596,0.3164371346530068,37.577495119154555,-122.0803108038876,"PatientState(Location(""FIELD"", (37.577495119154555, -122.0803108038876), -1.0, FIELD), 87.64872492276952, UNKNOWN, LVO)"
4,0.32611212070078244,0.24418294143999997,37.576253891383104,-122.07887375449731,"PatientState(Location(""FIELD"", (37.576253891383104, -122.07887375449731), -1.0, FIELD), 126.98570573982444, UNKNOWN, HEMORRHAGIC)"
5,0.3207001657969156,0.24418294143999997,37.576405828480254,-122.08016419310064,"PatientState(Location(""FIELD"", (37.576405828480254, -122.08016419310064), -1.0, FIELD), 151.31813807649502, UNKNOWN, LVO)"
