sample,reward_best,reward_CA,location_lat,location_lon,patient_state
1,0.31719672282904326,0.24418294143999997,37.57967633524908,-121.72557771016098,"PatientState(Location(""FIELD"", (37.57967633524908, -121.72557771016098), -1.0, FIELD), 125.01860634940392, UNKNOWN, LVO)"
2,0.3308978969082354,0.24418294143999997,37.580019165039246,-121.72267280418835,"PatientState(Location(""FIELD"", (37.580019165039246, -121.72267280418835), -1.0, FIELD), 62.48621833719259, UNKNOWN, NLVO)"
3,0.33148396853682605,0.24418294143999997,37.580165725173494,-121.72338712482508,"PatientState(Location(""FIELD"", (37.580165725173494, -121.72338712482508), -1.0, FIELD), 60.043397758074676, UNKNOWN, HEMORRHAGIC)"
4,0.31684351719257825,0.24418294143999997,37.579780964573395,-121.7219059441359,"PatientState(Location(""FIELD"", (37.579780964573395, -121.7219059441359), -1.0, FIELD), 124.66052455442912, UNKNOWN, MIMIC)"
5,0.24418294143999997,0.24418294143999997,37.58129934618299,-121.72411198157978,"PatientState(Location(""FIELD"", (37.58129934618299, -121.72411198157978), -1.0, FIELD), 220.11086790982978, UNKNOWN, LVO)"
