sample,reward_best,reward_CA,location_lat,location_lon,patient_state
1,0.26380273957954636,0.24418294143999997,38.00973372325692,-122.14468392713384,"PatientState(Location(""FIELD"", (38.00973372325692, -122.14468392713384), -1.0, FIELD), 77.09439489215553, UNKNOWN, NLVO)"
2,0.3181628526375927,0.31742040024885604,38.013100259422195,-122.14359664655616,"PatientState(Location(""FIELD"", (38.013100259422195, -122.14359664655616), -1.0, FIELD), 55.6776604268232, UNKNOWN, LVO)"
3,0.24418294143999997,0.24418294143999997,38.009739212606895,-122.1429961184547,"PatientState(Location(""FIELD"", (38.009739212606895, -122.1429961184547), -1.0, FIELD), 185.35315913277825, UNKNOWN, HEMORRHAGIC)"
4,0.24418294143999997,0.24418294143999997,38.01088416872485,-122.14550612495643,"PatientState(Location(""FIELD"", (38.01088416872485, -122.14550612495643), -1.0, FIELD), 252.11317525234765, UNKNOWN, LVO)"
5,0.24418294143999997,0.24418294143999997,38.01292637060678,-122.14293435690168,"PatientState(Location(""FIELD"", (38.01292637060678, -122.14293435690168), -1.0, FIELD), 222.3647124775501, UNKNOWN, HEMORRHAGIC)"
