sample,reward_best,reward_CA,location_lat,location_lon,patient_state
1,0.3328423232517199,0.3286385023456421,37.348364490567114,-122.10762112343113,"PatientState(Location(""FIELD"", (37.348364490567114, -122.10762112343113), -1.0, FIELD), 106.48072619242208, UNKNOWN, LVO)"
2,0.33018180552669474,0.26587273781854126,37.346983072893856,-122.10791879516688,"PatientState(Location(""FIELD"", (37.346983072893856, -122.10791879516688), -1.0, FIELD), 118.28914964507959, UNKNOWN, NLVO)"
3,0.31451695938610114,0.25337852019289303,37.34823265511933,-122.110784014984,"PatientState(Location(""FIELD"", (37.34823265511933, -122.110784014984), -1.0, FIELD), 188.67105119712264, UNKNOWN, HEMORRHAGIC)"
4,0.33643130374283825,0.3322327197828864,37.34399676959279,-122.10680413398416,"PatientState(Location(""FIELD"", (37.34399676959279, -122.10680413398416), -1.0, FIELD), 89.81279596488304, UNKNOWN, LVO)"
5,0.33444351593193977,0.3302419201629863,37.34604700832246,-122.10954420659328,"PatientState(Location(""FIELD"", (37.34604700832246, -122.10954420659328), -1.0, FIELD), 98.31976484655979, UNKNOWN, HEMORRHAGIC)"
