sample,reward_best,reward_CA,location_lat,location_lon,patient_state
1,0.24418294143999997,0.24418294143999997,37.76347937010991,-122.20318615450815,"PatientState(Location(""FIELD"", (37.76347937010991, -122.20318615450815), -1.0, FIELD), 206.53914021536932, UNKNOWN, MIMIC)"
2,0.3203087035589419,0.24418294143999997,37.76185259046623,-122.2056340295871,"PatientState(Location(""FIELD"", (37.76185259046623, -122.2056340295871), -1.0, FIELD), 140.90799348312578, UNKNOWN, HEMORRHAGIC)"
3,0.24418294143999997,0.24418294143999997,37.75911736103385,-122.2043224919741,"PatientState(Location(""FIELD"", (37.75911736103385, -122.2043224919741), -1.0, FIELD), 176.88400036484003, UNKNOWN, HEMORRHAGIC)"
4,0.24418294143999997,0.24418294143999997,37.7611558982679,-122.20451059110103,"PatientState(Location(""FIELD"", (37.7611558982679, -122.20451059110103), -1.0, FIELD), 184.93861740624791, UNKNOWN, LVO)"
5,0.24418294143999997,0.24418294143999997,37.76164172347799,-122.20259539692944,"PatientState(Location(""FIELD"", (37.76164172347799, -122.20259539692944), -1.0, FIELD), 180.6834995207082, UNKNOWN, HEMORRHAGIC)"
