sample,reward_best,reward_CA,location_lat,location_lon,patient_state
1,0.3185798191044024,0.25650133425620425,37.46750942961975,-122.26658877047693,"PatientState(Location(""FIELD"", (37.46750942961975, -122.26658877047693), -1.0, FIELD), 172.86015616748082, UNKNOWN, LVO)"
2,0.318115785690681,0.25592519719637313,37.463999356115,-122.26695403843809,"PatientState(Location(""FIELD"", (37.463999356115, -122.26695403843809), -1.0, FIELD), 175.50062171303685, UNKNOWN, LVO)"
3,0.3222654337532837,0.25944763168951585,37.46807101950313,-122.27025435009115,"PatientState(Location(""FIELD"", (37.46807101950313, -122.27025435009115), -1.0, FIELD), 154.8895197306558, UNKNOWN, HEMORRHAGIC)"
4,0.3254703096622351,0.2617774191074084,37.46483170002009,-122.26766369029436,"PatientState(Location(""FIELD"", (37.46483170002009, -122.26766369029436), -1.0, FIELD), 142.15285571989477, UNKNOWN, MIMIC)"
5,0.3208242372072603,0.25828256215625134,37.46590450894248,-122.2660267919135,"PatientState(Location(""FIELD"", (37.46590450894248, -122.2660267919135), -1.0, FIELD), 161.7903950219887, UNKNOWN, MIMIC)"
