sample,reward_best,reward_CA,location_lat,location_lon,patient_state
1,0.3244161466909947,0.24418294143999997,37.99465887583509,-121.84629536880678,"PatientState(Location(""FIELD"", (37.99465887583509, -121.84629536880678), -1.0, FIELD), 19.261767387276187, UNKNOWN, HEMORRHAGIC)"
2,0.3219104861310716,0.24418294143999997,37.99397869234951,-121.8507129962857,"PatientState(Location(""FIELD"", (37.99397869234951, -121.8507129962857), -1.0, FIELD), 29.645768683640725, UNKNOWN, HEMORRHAGIC)"
3,0.24418294143999997,0.24418294143999997,37.99825549806263,-121.84986006598356,"PatientState(Location(""FIELD"", (37.99825549806263, -121.84986006598356), -1.0, FIELD), 83.78193586467054, UNKNOWN, LVO)"
4,0.24418294143999997,0.24418294143999997,37.994013255546285,-121.84584992696237,"PatientState(Location(""FIELD"", (37.994013255546285, -121.84584992696237), -1.0, FIELD), 72.02715913612181, UNKNOWN, HEMORRHAGIC)"
5,0.24418294143999997,0.24418294143999997,37.997915347363445,-121.84696840503561,"PatientState(Location(""FIELD"", (37.997915347363445, -121.84696840503561), -1.0, FIELD), 83.1707275417915, UNKNOWN, HEMORRHAGIC)"
