sample,reward_best,reward_CA,location_lat,location_lon,patient_state
1,0.24418294143999997,0.24418294143999997,38.02072006440289,-121.94422075884836,"PatientState(Location(""FIELD"", (38.02072006440289, -121.94422075884836), -1.0, FIELD), 202.8814113672067, UNKNOWN, LVO)"
2,0.24418294143999997,0.24418294143999997,38.01922215369811,-121.94238925106633,"PatientState(Location(""FIELD"", (38.01922215369811, -121.94238925106633), -1.0, FIELD), 99.46079667653159, UNKNOWN, LVO)"
3,0.24418294143999997,0.24418294143999997,38.02337214324175,-121.94454850261951,"PatientState(Location(""FIELD"", (38.02337214324175, -121.94454850261951), -1.0, FIELD), 195.77479688339702, UNKNOWN, MIMIC)"
4,0.3269626535639957,0.24418294143999997,38.02330961784545,-121.94463440673219,"PatientState(Location(""FIELD"", (38.02330961784545, -121.94463440673219), -1.0, FIELD), 14.064203542288084, UNKNOWN, NLVO)"
5,0.31542999348883133,0.24418294143999997,38.01937678670737,-121.94462881478857,"PatientState(Location(""FIELD"", (38.01937678670737, -121.94462881478857), -1.0, FIELD), 68.64098526535076, UNKNOWN, LVO)"
