sample,reward_best,reward_CA,location_lat,location_lon,patient_state
1,0.314042663089117,0.24418294143999997,37.873517919850066,-122.47019175603461,"PatientState(Location(""FIELD"", (37.873517919850066, -122.47019175603461), -1.0, FIELD), 136.78840964388363, UNKNOWN, HEMORRHAGIC)"
2,0.31372897744331024,0.24418294143999997,37.87101508261895,-122.47000056008304,"PatientState(Location(""FIELD"", (37.87101508261895, -122.47000056008304), -1.0, FIELD), 136.6303591242687, UNKNOWN, LVO)"
3,0.24418294143999997,0.24418294143999997,37.869153201123154,-122.47047257315465,"PatientState(Location(""FIELD"", (37.869153201123154, -122.47047257315465), -1.0, FIELD), 249.97430154882255, UNKNOWN, LVO)"
4,0.3326361425983523,0.25572836627161477,37.87370069087142,-122.469579076456,"PatientState(Location(""FIELD"", (37.87370069087142, -122.469579076456), -1.0, FIELD), 54.134318869060074, UNKNOWN, LVO)"
5,0.34474034886747673,0.2651431343024252,37.873357101732495,-122.46717744024413,"PatientState(Location(""FIELD"", (37.873357101732495, -122.46717744024413), -1.0, FIELD), 1.8647647241722476, UNKNOWN, LVO)"
