sample,reward_best,reward_CA,location_lat,location_lon,patient_state
1,0.24418294143999997,0.24418294143999997,37.970509148294816,-121.86169188098104,"PatientState(Location(""FIELD"", (37.970509148294816, -121.86169188098104), -1.0, FIELD), 244.8981173654236, UNKNOWN, LVO)"
2,0.24418294143999997,0.24418294143999997,37.972448395965344,-121.86453798981164,"PatientState(Location(""FIELD"", (37.972448395965344, -121.86453798981164), -1.0, FIELD), 253.30408401158454, UNKNOWN, LVO)"
3,0.24418294143999997,0.24418294143999997,37.973095522646965,-121.86357393513865,"PatientState(Location(""FIELD"", (37.973095522646965, -121.86357393513865), -1.0, FIELD), 167.74688631440645, UNKNOWN, LVO)"
4,0.24418294143999997,0.24418294143999997,37.96889401715092,-121.86337173830465,"PatientState(Location(""FIELD"", (37.96889401715092, -121.86337173830465), -1.0, FIELD), 73.86588947442452, UNKNOWN, NLVO)"
5,0.24418294143999997,0.24418294143999997,37.97310925058281,-121.8651887014519,"PatientState(Location(""FIELD"", (37.97310925058281, -121.8651887014519), -1.0, FIELD), 139.9980793635104, UNKNOWN, HEMORRHAGIC)"
