sample,reward_best,reward_CA,location_lat,location_lon,patient_state
1,0.24418294143999997,0.24418294143999997,37.953698092108354,-122.52607891713987,"PatientState(Location(""FIELD"", (37.953698092108354, -122.52607891713987), -1.0, FIELD), 236.71131205841206, UNKNOWN, HEMORRHAGIC)"
2,0.3418290044729542,0.26666564018579514,37.95247613740074,-122.52735909826573,"PatientState(Location(""FIELD"", (37.95247613740074, -122.52735909826573), -1.0, FIELD), 7.672647443724035, UNKNOWN, NLVO)"
3,0.3333532423669803,0.2600377160319203,37.95167701495405,-122.53069262006288,"PatientState(Location(""FIELD"", (37.95167701495405, -122.53069262006288), -1.0, FIELD), 43.18095696189386, UNKNOWN, HEMORRHAGIC)"
4,0.2587181492038733,0.24418294143999997,37.95321390255192,-122.52773316551945,"PatientState(Location(""FIELD"", (37.95321390255192, -122.52773316551945), -1.0, FIELD), 117.92936911888773, UNKNOWN, NLVO)"
5,0.26354553544061743,0.2517403673314808,37.95192319026644,-122.52675462310219,"PatientState(Location(""FIELD"", (37.95192319026644, -122.52675462310219), -1.0, FIELD), 92.37564830679163, UNKNOWN, MIMIC)"
