sample,reward_best,reward_CA,location_lat,location_lon,patient_state
1,0.25388278217387567,0.24418294143999997,37.937523713803145,-122.53006196449219,"PatientState(Location(""FIELD"", (37.937523713803145, -122.53006196449219), -1.0, FIELD), 147.87013268411386, UNKNOWN, HEMORRHAGIC)"
2,0.3266772818502054,0.2553624143472396,37.935691730466424,-122.52979994066308,"PatientState(Location(""FIELD"", (37.935691730466424, -122.52979994066308), -1.0, FIELD), 70.73412242867892, UNKNOWN, LVO)"
3,0.3165900608537213,0.2544102381489442,37.935066613653625,-122.52952258106758,"PatientState(Location(""FIELD"", (37.935066613653625, -122.52952258106758), -1.0, FIELD), 76.06888878930782, UNKNOWN, HEMORRHAGIC)"
4,0.24418294143999997,0.24418294143999997,37.93442745558843,-122.52669749495867,"PatientState(Location(""FIELD"", (37.93442745558843, -122.52669749495867), -1.0, FIELD), 259.20120951435547, UNKNOWN, LVO)"
5,0.32903201061966714,0.25658302326680976,37.938440676581216,-122.53062743279946,"PatientState(Location(""FIELD"", (37.938440676581216, -122.53062743279946), -1.0, FIELD), 65.73214708927571, UNKNOWN, HEMORRHAGIC)"
