sample,reward_best,reward_CA,location_lat,location_lon,patient_state
1,0.24418294143999997,0.24418294143999997,37.70439408948092,-121.85098756657658,"PatientState(Location(""FIELD"", (37.70439408948092, -121.85098756657658), -1.0, FIELD), 232.67744177878978, UNKNOWN, LVO)"
2,0.24418294143999997,0.24418294143999997,37.70398805252531,-121.85399506563897,"PatientState(Location(""FIELD"", (37.70398805252531, -121.85399506563897), -1.0, FIELD), 268.03908374967125, UNKNOWN, LVO)"
3,0.3233011527130622,0.24418294143999997,37.708647483962885,-121.85508174165032,"PatientState(Location(""FIELD"", (37.708647483962885, -121.85508174165032), -1.0, FIELD), 128.21826333341042, UNKNOWN, LVO)"
4,0.24418294143999997,0.24418294143999997,37.7073270521175,-121.85371937671108,"PatientState(Location(""FIELD"", (37.7073270521175, -121.85371937671108), -1.0, FIELD), 206.79169614916128, UNKNOWN, NLVO)"
5,0.24418294143999997,0.24418294143999997,37.704950614627435,-121.851269056087,"PatientState(Location(""FIELD"", (37.704950614627435, -121.851269056087), -1.0, FIELD), 203.5698478727176, UNKNOWN, LVO)"
