sample,reward_best,reward_CA,location_lat,location_lon,patient_state
1,0.32526425118054675,0.24418294143999997,37.87875907894527,-122.18486796773313,"PatientState(Location(""FIELD"", (37.87875907894527, -122.18486796773313), -1.0, FIELD), 104.85285433521308, UNKNOWN, LVO)"
2,0.3225481719980641,0.24418294143999997,37.878250839749285,-122.18390650505867,"PatientState(Location(""FIELD"", (37.878250839749285, -122.18390650505867), -1.0, FIELD), 116.85389842174604, UNKNOWN, LVO)"
3,0.3231626215667171,0.24418294143999997,37.87381267776821,-122.18322544821211,"PatientState(Location(""FIELD"", (37.87381267776821, -122.18322544821211), -1.0, FIELD), 110.18750438817594, UNKNOWN, LVO)"
4,0.3274214619261971,0.25183798694956316,37.87747004410948,-122.181077955804,"PatientState(Location(""FIELD"", (37.87747004410948, -122.181077955804), -1.0, FIELD), 95.37994163509497, UNKNOWN, LVO)"
5,0.24418294143999997,0.24418294143999997,37.87540393645234,-122.18576740936037,"PatientState(Location(""FIELD"", (37.87540393645234, -122.18576740936037), -1.0, FIELD), 236.75819361188115, UNKNOWN, LVO)"
