sample,reward_best,reward_CA,location_lat,location_lon,patient_state
1,0.24418294143999997,0.24418294143999997,38.03082380216841,-121.6882910683101,"PatientState(Location(""FIELD"", (38.03082380216841, -121.6882910683101), -1.0, FIELD), 44.245701445045285, UNKNOWN, LVO)"
2,0.24418294143999997,0.24418294143999997,38.03318164555408,-121.68894463570528,"PatientState(Location(""FIELD"", (38.03318164555408, -121.68894463570528), -1.0, FIELD), 145.79120430244666, UNKNOWN, LVO)"
3,0.24418294143999997,0.24418294143999997,38.031977310414476,-121.68824152203412,"PatientState(Location(""FIELD"", (38.031977310414476, -121.68824152203412), -1.0, FIELD), 160.694677674748, UNKNOWN, MIMIC)"
4,0.24418294143999997,0.24418294143999997,38.033415241966175,-121.68657226885202,"PatientState(Location(""FIELD"", (38.033415241966175, -121.68657226885202), -1.0, FIELD), 55.64203195670551, UNKNOWN, HEMORRHAGIC)"
5,0.3205302770451895,0.24418294143999997,38.03299853245084,-121.68797374071197,"PatientState(Location(""FIELD"", (38.03299853245084, -121.68797374071197), -1.0, FIELD), 9.84912326029088, UNKNOWN, LVO)"
