sample,reward_best,reward_CA,location_lat,location_lon,patient_state
1,0.24418294143999997,0.24418294143999997,38.08164926900074,-122.25806378854926,"PatientState(Location(""FIELD"", (38.08164926900074, -122.25806378854926), -1.0, FIELD), 185.8319795191425, UNKNOWN, LVO)"
2,0.3376209076570275,0.24418294143999997,38.08099955496358,-122.25731353271576,"PatientState(Location(""FIELD"", (38.08099955496358, -122.25731353271576), -1.0, FIELD), 7.243625013619398, UNKNOWN, LVO)"
3,0.24418294143999997,0.24418294143999997,38.08264519916467,-122.25586842584313,"PatientState(Location(""FIELD"", (38.08264519916467, -122.25586842584313), -1.0, FIELD), 232.2569116345854, UNKNOWN, HEMORRHAGIC)"
4,0.24418294143999997,0.24418294143999997,38.08184886358091,-122.25812345519323,"PatientState(Location(""FIELD"", (38.08184886358091, -122.25812345519323), -1.0, FIELD), 162.76129595346646, UNKNOWN, LVO)"
5,0.3372181133897656,0.24418294143999997,38.080132900940086,-122.25902396644858,"PatientState(Location(""FIELD"", (38.080132900940086, -122.25902396644858), -1.0, FIELD), 8.968784237127776, UNKNOWN, MIMIC)"
