sample,reward_best,reward_CA,location_lat,location_lon,patient_state
1,0.31814789681891603,0.3181718969310533,37.976613570864764,-122.04504810400393,"PatientState(Location(""FIELD"", (37.976613570864764, -122.04504810400393), -1.0, FIELD), 63.879525199559424, UNKNOWN, NLVO)"
2,0.3343284027861776,0.3247787922380774,37.97392003769462,-122.04430699804507,"PatientState(Location(""FIELD"", (37.97392003769462, -122.04430699804507), -1.0, FIELD), 32.93926650248349, UNKNOWN, HEMORRHAGIC)"
3,0.24418294143999997,0.24418294143999997,37.974407541709496,-122.04501812234263,"PatientState(Location(""FIELD"", (37.974407541709496, -122.04501812234263), -1.0, FIELD), 188.76487464576164, UNKNOWN, HEMORRHAGIC)"
4,0.24418294143999997,0.24418294143999997,37.97483129334062,-122.04294220737692,"PatientState(Location(""FIELD"", (37.97483129334062, -122.04294220737692), -1.0, FIELD), 235.65382312816115, UNKNOWN, NLVO)"
5,0.33992084396673206,0.3302309758724247,37.976532607190514,-122.04152974755355,"PatientState(Location(""FIELD"", (37.976532607190514, -122.04152974755355), -1.0, FIELD), 7.826402369589658, UNKNOWN, LVO)"
