sample,reward_best,reward_CA,location_lat,location_lon,patient_state
1,0.34544398036101087,0.33268197457821885,37.782380577565974,-122.4891124131996,"PatientState(Location(""FIELD"", (37.782380577565974, -122.4891124131996), -1.0, FIELD), 26.57902754115833, UNKNOWN, LVO)"
2,0.25475066595909707,0.24418294143999997,37.7829406496149,-122.48830598673914,"PatientState(Location(""FIELD"", (37.7829406496149, -122.48830598673914), -1.0, FIELD), 166.2366862537389, UNKNOWN, HEMORRHAGIC)"
3,0.3414194503746141,0.330457026337061,37.7794854544318,-122.4894079217566,"PatientState(Location(""FIELD"", (37.7794854544318, -122.4894079217566), -1.0, FIELD), 36.53324787136359, UNKNOWN, NLVO)"
4,0.25268139886041613,0.24418294143999997,37.78293858850618,-122.48975679970333,"PatientState(Location(""FIELD"", (37.78293858850618, -122.48975679970333), -1.0, FIELD), 178.2279782039396, UNKNOWN, HEMORRHAGIC)"
5,0.3390855725568637,0.32834929706447186,37.780071683132725,-122.48954454366647,"PatientState(Location(""FIELD"", (37.780071683132725, -122.48954454366647), -1.0, FIELD), 45.99173705100143, UNKNOWN, NLVO)"
