sample,reward_best,reward_CA,location_lat,location_lon,patient_state
1,0.3471820935431425,0.3306120636038443,37.41987784410714,-122.33376355802905,"PatientState(Location(""FIELD"", (37.41987784410714, -122.33376355802905), -1.0, FIELD), 31.30794366545758, UNKNOWN, HEMORRHAGIC)"
2,0.35343257599407774,0.33657223136610365,37.41936750168129,-122.3328190789216,"PatientState(Location(""FIELD"", (37.41936750168129, -122.3328190789216), -1.0, FIELD), 4.242497234507301, UNKNOWN, NLVO)"
3,0.24418294143999997,0.24418294143999997,37.41916009930849,-122.33418420023217,"PatientState(Location(""FIELD"", (37.41916009930849, -122.33418420023217), -1.0, FIELD), 245.6281137006395, UNKNOWN, LVO)"
4,0.3441942916650946,0.32770459212327246,37.422635185920306,-122.33433425695397,"PatientState(Location(""FIELD"", (37.422635185920306, -122.33433425695397), -1.0, FIELD), 43.847946144580646, UNKNOWN, LVO)"
5,0.3195944704208911,0.24418294143999997,37.42018431658105,-122.33408338270442,"PatientState(Location(""FIELD"", (37.42018431658105, -122.33408338270442), -1.0, FIELD), 151.44997108583848, UNKNOWN, LVO)"
