sample,reward_best,reward_CA,location_lat,location_lon,patient_state
1,0.327131085970033,0.2551452690500791,37.990977769847966,-122.54822248235624,"PatientState(Location(""FIELD"", (37.990977769847966, -122.54822248235624), -1.0, FIELD), 61.56627868984956, UNKNOWN, LVO)"
2,0.24418294143999997,0.24418294143999997,37.99103062549402,-122.54728590988941,"PatientState(Location(""FIELD"", (37.99103062549402, -122.54728590988941), -1.0, FIELD), 199.836972237008, UNKNOWN, LVO)"
3,0.24418294143999997,0.24418294143999997,37.993110571663365,-122.54736558455153,"PatientState(Location(""FIELD"", (37.993110571663365, -122.54736558455153), -1.0, FIELD), 256.9215798657028, UNKNOWN, LVO)"
4,0.33796563785815414,0.2635452170351312,37.99366089913317,-122.55017387051849,"PatientState(Location(""FIELD"", (37.99366089913317, -122.55017387051849), -1.0, FIELD), 13.852390162942724, UNKNOWN, LVO)"
5,0.2606027009029977,0.24418294143999997,37.99372417953909,-122.54898144698804,"PatientState(Location(""FIELD"", (37.99372417953909, -122.54898144698804), -1.0, FIELD), 99.83030457367225, UNKNOWN, HEMORRHAGIC)"
