sample,reward_best,reward_CA,location_lat,location_lon,patient_state
1,0.3362171336141698,0.31463013561387465,37.65969659041877,-121.73715980248475,"PatientState(Location(""FIELD"", (37.65969659041877, -121.73715980248475), -1.0, FIELD), 64.43555150680957, UNKNOWN, NLVO)"
2,0.3468153196782566,0.32749070179216205,37.663656161852884,-121.74051416772613,"PatientState(Location(""FIELD"", (37.663656161852884, -121.74051416772613), -1.0, FIELD), 19.440208376892947, UNKNOWN, HEMORRHAGIC)"
3,0.3324157887448271,0.3069238888641377,37.661556113631235,-121.74053215966859,"PatientState(Location(""FIELD"", (37.661556113631235, -121.74053215966859), -1.0, FIELD), 82.32836967595341, UNKNOWN, LVO)"
4,0.24418294143999997,0.24418294143999997,37.6607598123764,-121.74036325416499,"PatientState(Location(""FIELD"", (37.6607598123764, -121.74036325416499), -1.0, FIELD), 198.53722898030404, UNKNOWN, LVO)"
5,0.24418294143999997,0.24418294143999997,37.66374682772883,-121.73937369705372,"PatientState(Location(""FIELD"", (37.66374682772883, -121.73937369705372), -1.0, FIELD), 212.59444866885858, UNKNOWN, HEMORRHAGIC)"
