sample,reward_best,reward_CA,location_lat,location_lon,patient_state
1,0.35483598940716216,0.3522154994643216,37.324577313561534,-121.92520349329004,"PatientState(Location(""FIELD"", (37.324577313561534, -121.92520349329004), -1.0, FIELD), 16.139128450611473, UNKNOWN, HEMORRHAGIC)"
2,0.31883569189895966,0.2575996154841359,37.323811324165376,-121.92113774999613,"PatientState(Location(""FIELD"", (37.323811324165376, -121.92113774999613), -1.0, FIELD), 171.45395679365868, UNKNOWN, NLVO)"
3,0.31802741831016007,0.2569485949103982,37.32695795717696,-121.92519961407255,"PatientState(Location(""FIELD"", (37.32695795717696, -121.92519961407255), -1.0, FIELD), 175.07306119256484, UNKNOWN, LVO)"
4,0.3424571108080737,0.33967097077406816,37.32777963771702,-121.9210644286774,"PatientState(Location(""FIELD"", (37.32777963771702, -121.9210644286774), -1.0, FIELD), 68.47061106157511, UNKNOWN, HEMORRHAGIC)"
5,0.24418294143999997,0.24418294143999997,37.32682050849946,-121.92518678490386,"PatientState(Location(""FIELD"", (37.32682050849946, -121.92518678490386), -1.0, FIELD), 250.86055850026202, UNKNOWN, LVO)"
