sample,reward_best,reward_CA,location_lat,location_lon,patient_state
1,0.3416613290111059,0.329591543810823,37.768911827608854,-122.4239801619241,"PatientState(Location(""FIELD"", (37.768911827608854, -122.4239801619241), -1.0, FIELD), 49.37431866831326, UNKNOWN, HEMORRHAGIC)"
2,0.3313972430854053,0.3195266801645147,37.76908055017966,-122.42570235354175,"PatientState(Location(""FIELD"", (37.76908055017966, -122.42570235354175), -1.0, FIELD), 92.92722529980587, UNKNOWN, LVO)"
3,0.34102017217890795,0.3288474239032046,37.770420777275284,-122.42268541173587,"PatientState(Location(""FIELD"", (37.770420777275284, -122.42268541173587), -1.0, FIELD), 52.43085280641248, UNKNOWN, LVO)"
4,0.3289627644540431,0.31720534448678195,37.77225707347044,-122.42214160107757,"PatientState(Location(""FIELD"", (37.77225707347044, -122.42214160107757), -1.0, FIELD), 104.09333771347855, UNKNOWN, LVO)"
5,0.33974698514559704,0.33010130181155645,37.76906103061142,-122.42404112229875,"PatientState(Location(""FIELD"", (37.76906103061142, -122.42404112229875), -1.0, FIELD), 46.398119168023264, UNKNOWN, NLVO)"
