sample,reward_best,reward_CA,location_lat,location_lon,patient_state
1,0.3249925605608056,0.26167248463744486,37.28000889336407,-121.7110606052273,"PatientState(Location(""FIELD"", (37.28000889336407, -121.7110606052273), -1.0, FIELD), 110.40989850154394, UNKNOWN, HEMORRHAGIC)"
2,0.34279957874607164,0.33896601325498976,37.28328323204833,-121.71459314799253,"PatientState(Location(""FIELD"", (37.28328323204833, -121.71459314799253), -1.0, FIELD), 29.468768434462568, UNKNOWN, LVO)"
3,0.33352682345455636,0.32967785097303937,37.27997907050464,-121.71285415584059,"PatientState(Location(""FIELD"", (37.27997907050464, -121.71285415584059), -1.0, FIELD), 72.24810374831272, UNKNOWN, LVO)"
4,0.24418294143999997,0.24418294143999997,37.27911181325582,-121.71210768336944,"PatientState(Location(""FIELD"", (37.27911181325582, -121.71210768336944), -1.0, FIELD), 244.04873620847405, UNKNOWN, HEMORRHAGIC)"
5,0.33551481478595513,0.3316683812071374,37.2804863432634,-121.71548050151375,"PatientState(Location(""FIELD"", (37.2804863432634, -121.71548050151375), -1.0, FIELD), 62.48189607770751, UNKNOWN, LVO)"
