sample,reward_best,reward_CA,location_lat,location_lon,patient_state
1,0.24418294143999997,0.24418294143999997,37.55379613628184,-121.87071947321495,"PatientState(Location(""FIELD"", (37.55379613628184, -121.87071947321495), -1.0, FIELD), 231.49961939693435, UNKNOWN, NLVO)"
2,0.33587842156357134,0.31691507080344083,37.5516770309763,-121.86871048638446,"PatientState(Location(""FIELD"", (37.5516770309763, -121.86871048638446), -1.0, FIELD), 79.62181558970258, UNKNOWN, NLVO)"
3,0.3426858311000715,0.3234939453799086,37.55159594598466,-121.86840418361332,"PatientState(Location(""FIELD"", (37.55159594598466, -121.86840418361332), -1.0, FIELD), 50.27476678239675, UNKNOWN, NLVO)"
4,0.24418294143999997,0.24418294143999997,37.553609714485255,-121.86753957330185,"PatientState(Location(""FIELD"", (37.553609714485255, -121.86753957330185), -1.0, FIELD), 245.32220297422094, UNKNOWN, LVO)"
5,0.32889762945857165,0.24418294143999997,37.5531563112801,-121.87069358627308,"PatientState(Location(""FIELD"", (37.5531563112801, -121.87069358627308), -1.0, FIELD), 110.06578989594955, UNKNOWN, HEMORRHAGIC)"
