sample,reward_best,reward_CA,location_lat,location_lon,patient_state
1,0.32358291027503744,0.24418294143999997,37.835420524286626,-121.80389825681371,"PatientState(Location(""FIELD"", (37.835420524286626, -121.80389825681371), -1.0, FIELD), 21.488798576858883, UNKNOWN, LVO)"
2,0.3203902625072127,0.24418294143999997,37.83663185469871,-121.80523160012149,"PatientState(Location(""FIELD"", (37.83663185469871, -121.80523160012149), -1.0, FIELD), 35.67433648573136, UNKNOWN, LVO)"
3,0.24418294143999997,0.24418294143999997,37.83407571024254,-121.80534413651809,"PatientState(Location(""FIELD"", (37.83407571024254, -121.80534413651809), -1.0, FIELD), 147.14338055328503, UNKNOWN, MIMIC)"
4,0.24418294143999997,0.24418294143999997,37.83393422647476,-121.80484870982856,"PatientState(Location(""FIELD"", (37.83393422647476, -121.80484870982856), -1.0, FIELD), 140.92407422591396, UNKNOWN, LVO)"
5,0.3068834241791625,0.24418294143999997,37.83661318884344,-121.80579914313199,"PatientState(Location(""FIELD"", (37.83661318884344, -121.80579914313199), -1.0, FIELD), 66.73964541724806, UNKNOWN, MIMIC)"
