sample,reward_best,reward_CA,location_lat,location_lon,patient_state
1,0.24418294143999997,0.24418294143999997,37.95322130848378,-121.79262990175529,"PatientState(Location(""FIELD"", (37.95322130848378, -121.79262990175529), -1.0, FIELD), 220.24267683015572, UNKNOWN, LVO)"
2,0.24418294143999997,0.24418294143999997,37.95001709594639,-121.795019009676,"PatientState(Location(""FIELD"", (37.95001709594639, -121.795019009676), -1.0, FIELD), 247.57035473329194, UNKNOWN, LVO)"
3,0.3203318973880178,0.24418294143999997,37.95263015164899,-121.79353223668356,"PatientState(Location(""FIELD"", (37.95263015164899, -121.79353223668356), -1.0, FIELD), 28.819417271783635, UNKNOWN, HEMORRHAGIC)"
4,0.3237203006528153,0.24418294143999997,37.951209334425855,-121.79294205964925,"PatientState(Location(""FIELD"", (37.951209334425855, -121.79294205964925), -1.0, FIELD), 8.583042579671922, UNKNOWN, MIMIC)"
5,0.32025866231614136,0.24418294143999997,37.94996040442115,-121.79361393407129,"PatientState(Location(""FIELD"", (37.94996040442115, -121.79361393407129), -1.0, FIELD), 23.760709081901588, UNKNOWN, HEMORRHAGIC)"
