sample,reward_best,reward_CA,location_lat,location_lon,patient_state
1,0.34181754751774485,0.32024494091161165,37.77057768843506,-121.85694119299984,"PatientState(Location(""FIELD"", (37.77057768843506, -121.85694119299984), -1.0, FIELD), 37.060182001691416, UNKNOWN, LVO)"
2,0.24418294143999997,0.24418294143999997,37.77125732647342,-121.8590884048478,"PatientState(Location(""FIELD"", (37.77125732647342, -121.8590884048478), -1.0, FIELD), 235.06314592569387, UNKNOWN, NLVO)"
3,0.33134921613055196,0.24418294143999997,37.76972547965294,-121.85630623132596,"PatientState(Location(""FIELD"", (37.76972547965294, -121.85630623132596), -1.0, FIELD), 82.33370439927793, UNKNOWN, LVO)"
4,0.3457346300701949,0.32402154534574973,37.77195384606266,-121.85664980559636,"PatientState(Location(""FIELD"", (37.77195384606266, -121.85664980559636), -1.0, FIELD), 20.365049726066307, UNKNOWN, MIMIC)"
5,0.24418294143999997,0.24418294143999997,37.772188441458006,-121.85869214957528,"PatientState(Location(""FIELD"", (37.772188441458006, -121.85869214957528), -1.0, FIELD), 226.5332038971227, UNKNOWN, LVO)"
