sample,reward_best,reward_CA,location_lat,location_lon,patient_state
1,0.3487322812130015,0.32997996941326385,37.55618096143785,-122.03830224253166,"PatientState(Location(""FIELD"", (37.55618096143785, -122.03830224253166), -1.0, FIELD), 32.10934743967684, UNKNOWN, LVO)"
2,0.24418294143999997,0.24418294143999997,37.555666956275566,-122.03865246852463,"PatientState(Location(""FIELD"", (37.555666956275566, -122.03865246852463), -1.0, FIELD), 240.6199749831217, UNKNOWN, HEMORRHAGIC)"
3,0.24418294143999997,0.24418294143999997,37.55716205648285,-122.0358735593928,"PatientState(Location(""FIELD"", (37.55716205648285, -122.0358735593928), -1.0, FIELD), 244.153223068997, UNKNOWN, HEMORRHAGIC)"
4,0.3373455026849722,0.3189412532996453,37.55731899408802,-122.0403759016169,"PatientState(Location(""FIELD"", (37.55731899408802, -122.0403759016169), -1.0, FIELD), 81.79798499004266, UNKNOWN, NLVO)"
5,0.3291396392342906,0.24418294143999997,37.55675699283838,-122.03682574595382,"PatientState(Location(""FIELD"", (37.55675699283838, -122.03682574595382), -1.0, FIELD), 116.91245233015064, UNKNOWN, LVO)"
