sample,reward_best,reward_CA,location_lat,location_lon,patient_state
1,0.24418294143999997,0.24418294143999997,38.12279145760927,-121.76851950989447,"PatientState(Location(""FIELD"", (38.12279145760927, -121.76851950989447), -1.0, FIELD), 151.57682484801063, UNKNOWN, LVO)"
2,0.24418294143999997,0.24418294143999997,38.12120293384333,-121.76929869844115,"PatientState(Location(""FIELD"", (38.12120293384333, -121.76929869844115), -1.0, FIELD), 267.859985352637, UNKNOWN, LVO)"
3,0.24418294143999997,0.24418294143999997,38.11887578309181,-121.76875132765096,"PatientState(Location(""FIELD"", (38.11887578309181, -121.76875132765096), -1.0, FIELD), 150.0055389342899, UNKNOWN, LVO)"
4,0.24418294143999997,0.24418294143999997,38.121324748402294,-121.76941996815391,"PatientState(Location(""FIELD"", (38.121324748402294, -121.76941996815391), -1.0, FIELD), 50.008116066184456, UNKNOWN, LVO)"
5,0.24418294143999997,0.24418294143999997,38.119218898473385,-121.77024660426787,"PatientState(Location(""FIELD"", (38.119218898473385, -121.77024660426787), -1.0, FIELD), 181.80588800143659, UNKNOWN, LVO)"
