sample,reward_best,reward_CA,location_lat,location_lon,patient_state
1,0.24418294143999997,0.24418294143999997,38.021747096472524,-121.58089337427977,"PatientState(Location(""FIELD"", (38.021747096472524, -121.58089337427977), -1.0, FIELD), 113.71858474335872, UNKNOWN, LVO)"
2,0.24418294143999997,0.24418294143999997,38.02058884534642,-121.58412804507292,"PatientState(Location(""FIELD"", (38.02058884534642, -121.58412804507292), -1.0, FIELD), 243.07653135608646, UNKNOWN, MIMIC)"
3,0.24418294143999997,0.24418294143999997,38.02245427876886,-121.5845248280478,"PatientState(Location(""FIELD"", (38.02245427876886, -121.5845248280478), -1.0, FIELD), 188.38891668700026, UNKNOWN, HEMORRHAGIC)"
4,0.25197173795030936,0.24418294143999997,38.02182696559783,-121.58573787783902,"PatientState(Location(""FIELD"", (38.02182696559783, -121.58573787783902), -1.0, FIELD), 9.289242342429047, UNKNOWN, LVO)"
5,0.24418294143999997,0.24418294143999997,38.019677865772245,-121.58560475524192,"PatientState(Location(""FIELD"", (38.019677865772245, -121.58560475524192), -1.0, FIELD), 59.100963331513945, UNKNOWN, HEMORRHAGIC)"
