sample,reward_best,reward_CA,location_lat,location_lon,patient_state
1,0.34543046253887266,0.26539663147587855,37.87655525529577,-122.49901829547026,"PatientState(Location(""FIELD"", (37.87655525529577, -122.49901829547026), -1.0, FIELD), 2.8017419648719466, UNKNOWN, HEMORRHAGIC)"
2,0.2521995749990867,0.24418294143999997,37.877405803261006,-122.49737512436829,"PatientState(Location(""FIELD"", (37.877405803261006, -122.49737512436829), -1.0, FIELD), 157.29806098441156, UNKNOWN, LVO)"
3,0.3287045866422482,0.2524789876046317,37.877556017280114,-122.49678594351043,"PatientState(Location(""FIELD"", (37.877556017280114, -122.49678594351043), -1.0, FIELD), 75.14631178632568, UNKNOWN, NLVO)"
4,0.24418294143999997,0.24418294143999997,37.87588382621048,-122.49886764455061,"PatientState(Location(""FIELD"", (37.87588382621048, -122.49886764455061), -1.0, FIELD), 167.1487965301315, UNKNOWN, HEMORRHAGIC)"
5,0.24418294143999997,0.24418294143999997,37.87815698826563,-122.49582717104013,"PatientState(Location(""FIELD"", (37.87815698826563, -122.49582717104013), -1.0, FIELD), 220.73147434128148, UNKNOWN, LVO)"
