sample,reward_best,reward_CA,location_lat,location_lon,patient_state
1,0.3329200364071655,0.31413560033251725,37.69178833300322,-122.15536979043584,"PatientState(Location(""FIELD"", (37.69178833300322, -122.15536979043584), -1.0, FIELD), 92.61711357290545, UNKNOWN, LVO)"
2,0.334756537608278,0.31601284629266874,37.6925175005088,-122.15392689394693,"PatientState(Location(""FIELD"", (37.6925175005088, -122.15392689394693), -1.0, FIELD), 84.69153109785725, UNKNOWN, NLVO)"
3,0.3331833790360646,0.3143901152034399,37.68886695747739,-122.15162700138741,"PatientState(Location(""FIELD"", (37.68886695747739, -122.15162700138741), -1.0, FIELD), 91.92167776347308, UNKNOWN, LVO)"
4,0.24418294143999997,0.24418294143999997,37.689822492905854,-122.15360521197515,"PatientState(Location(""FIELD"", (37.689822492905854, -122.15360521197515), -1.0, FIELD), 207.09128940785024, UNKNOWN, LVO)"
5,0.24418294143999997,0.24418294143999997,37.69038307031601,-122.15445448374179,"PatientState(Location(""FIELD"", (37.69038307031601, -122.15445448374179), -1.0, FIELD), 255.31934403412004, UNKNOWN, LVO)"
