sample,reward_best,reward_CA,location_lat,location_lon,patient_state
1,0.24418294143999997,0.24418294143999997,37.90571243125604,-122.47737839204325,"PatientState(Location(""FIELD"", (37.90571243125604, -122.47737839204325), -1.0, FIELD), 246.77549607649303, UNKNOWN, LVO)"
2,0.2622551469920197,0.24418294143999997,37.90503633306839,-122.47739386161415,"PatientState(Location(""FIELD"", (37.90503633306839, -122.47739386161415), -1.0, FIELD), 100.67496656348604, UNKNOWN, LVO)"
3,0.32760651794319884,0.2540911308629876,37.90875318382891,-122.47823840276806,"PatientState(Location(""FIELD"", (37.90875318382891, -122.47823840276806), -1.0, FIELD), 68.60076707067577, UNKNOWN, LVO)"
4,0.3277045295700202,0.25343477130973624,37.90565582351776,-122.47697613449074,"PatientState(Location(""FIELD"", (37.90565582351776, -122.47697613449074), -1.0, FIELD), 70.80358852752228, UNKNOWN, HEMORRHAGIC)"
5,0.2559709402374128,0.24418294143999997,37.905153944584086,-122.47815302217322,"PatientState(Location(""FIELD"", (37.905153944584086, -122.47815302217322), -1.0, FIELD), 136.56322894912878, UNKNOWN, HEMORRHAGIC)"
