sample,reward_best,reward_CA,location_lat,location_lon,patient_state
1,0.24418294143999997,0.24418294143999997,38.075793625885495,-122.15804033131738,"PatientState(Location(""FIELD"", (38.075793625885495, -122.15804033131738), -1.0, FIELD), 221.06006467675195, UNKNOWN, LVO)"
2,0.24418294143999997,0.24418294143999997,38.0776004978162,-122.15801086767698,"PatientState(Location(""FIELD"", (38.0776004978162, -122.15801086767698), -1.0, FIELD), 223.3240303329958, UNKNOWN, LVO)"
3,0.317317774051562,0.3161340681706524,38.07458875278938,-122.16029629815783,"PatientState(Location(""FIELD"", (38.07458875278938, -122.16029629815783), -1.0, FIELD), 59.82398990437271, UNKNOWN, HEMORRHAGIC)"
4,0.24418294143999997,0.24418294143999997,38.07608649520692,-122.15681752451988,"PatientState(Location(""FIELD"", (38.07608649520692, -122.15681752451988), -1.0, FIELD), 137.10772471705482, UNKNOWN, LVO)"
5,0.31877391089200346,0.3175856269880824,38.07633904706935,-122.16077002673123,"PatientState(Location(""FIELD"", (38.07633904706935, -122.16077002673123), -1.0, FIELD), 53.62576215197831, UNKNOWN, HEMORRHAGIC)"
