sample,reward_best,reward_CA,location_lat,location_lon,patient_state
1,0.24418294143999997,0.24418294143999997,38.16499223460794,-122.22760402357835,"PatientState(Location(""FIELD"", (38.16499223460794, -122.22760402357835), -1.0, FIELD), 138.22597650727144, UNKNOWN, LVO)"
2,0.32428820878296283,0.24418294143999997,38.167530470950396,-122.22631127122449,"PatientState(Location(""FIELD"", (38.167530470950396, -122.22631127122449), -1.0, FIELD), 28.30419955979834, UNKNOWN, LVO)"
3,0.24418294143999997,0.24418294143999997,38.167654762157916,-122.22722635513965,"PatientState(Location(""FIELD"", (38.167654762157916, -122.22722635513965), -1.0, FIELD), 94.12794530132552, UNKNOWN, LVO)"
4,0.32906989425626454,0.24418294143999997,38.16496733218826,-122.22927738021455,"PatientState(Location(""FIELD"", (38.16496733218826, -122.22927738021455), -1.0, FIELD), 7.4545177018944555, UNKNOWN, MIMIC)"
5,0.33015465729305865,0.24418294143999997,38.167390682854816,-122.23011949627401,"PatientState(Location(""FIELD"", (38.167390682854816, -122.23011949627401), -1.0, FIELD), 2.5699795128619343, UNKNOWN, LVO)"
