sample,reward_best,reward_CA,location_lat,location_lon,patient_state
1,0.24418294143999997,0.24418294143999997,38.123023664634815,-121.8489142697242,"PatientState(Location(""FIELD"", (38.123023664634815, -121.8489142697242), -1.0, FIELD), 153.07459682174854, UNKNOWN, NLVO)"
2,0.24418294143999997,0.24418294143999997,38.11890115682606,-121.85035424451698,"PatientState(Location(""FIELD"", (38.11890115682606, -121.85035424451698), -1.0, FIELD), 32.84420718849802, UNKNOWN, HEMORRHAGIC)"
3,0.24418294143999997,0.24418294143999997,38.11991084963889,-121.84590538315251,"PatientState(Location(""FIELD"", (38.11991084963889, -121.84590538315251), -1.0, FIELD), 160.615040694958, UNKNOWN, LVO)"
4,0.24418294143999997,0.24418294143999997,38.12021121746145,-121.84972728734583,"PatientState(Location(""FIELD"", (38.12021121746145, -121.84972728734583), -1.0, FIELD), 163.49511321467517, UNKNOWN, LVO)"
5,0.24418294143999997,0.24418294143999997,38.122532574329526,-121.84859086740266,"PatientState(Location(""FIELD"", (38.122532574329526, -121.84859086740266), -1.0, FIELD), 183.51362437669417, UNKNOWN, LVO)"
