sample,reward_best,reward_CA,location_lat,location_lon,patient_state
1,0.32670584850731077,0.24418294143999997,37.560361257792884,-121.88231663877993,"PatientState(Location(""FIELD"", (37.560361257792884, -121.88231663877993), -1.0, FIELD), 129.2037184309694, UNKNOWN, LVO)"
2,0.34686708951055334,0.32754083549679497,37.563491789323876,-121.8843462401979,"PatientState(Location(""FIELD"", (37.563491789323876, -121.8843462401979), -1.0, FIELD), 42.42797739842042, UNKNOWN, LVO)"
3,0.3470612964391849,0.32772891085329015,37.563749853839724,-121.88126324048831,"PatientState(Location(""FIELD"", (37.563749853839724, -121.88126324048831), -1.0, FIELD), 41.45571491347621, UNKNOWN, LVO)"
4,0.24418294143999997,0.24418294143999997,37.55990970632159,-121.88456566548464,"PatientState(Location(""FIELD"", (37.55990970632159, -121.88456566548464), -1.0, FIELD), 252.2284353156254, UNKNOWN, LVO)"
5,0.24418294143999997,0.24418294143999997,37.56213971050519,-121.88193984814222,"PatientState(Location(""FIELD"", (37.56213971050519, -121.88193984814222), -1.0, FIELD), 258.748399040032, UNKNOWN, HEMORRHAGIC)"
