sample,reward_best,reward_CA,location_lat,location_lon,patient_state
1,0.32652340884274356,0.24418294143999997,37.54116086324529,-122.35419647034533,"PatientState(Location(""FIELD"", (37.54116086324529, -122.35419647034533), -1.0, FIELD), 130.08922456242942, UNKNOWN, MIMIC)"
2,0.24418294143999997,0.24418294143999997,37.541846804219084,-122.35355735088267,"PatientState(Location(""FIELD"", (37.541846804219084, -122.35355735088267), -1.0, FIELD), 200.22244212515363, UNKNOWN, NLVO)"
3,0.33046351261962986,0.3188557947007904,37.54188778826218,-122.35415712164328,"PatientState(Location(""FIELD"", (37.54188778826218, -122.35415712164328), -1.0, FIELD), 96.35739382333078, UNKNOWN, NLVO)"
4,0.34825352439506296,0.3325157690522578,37.542032024183136,-122.35286246752102,"PatientState(Location(""FIELD"", (37.542032024183136, -122.35286246752102), -1.0, FIELD), 36.59242163499544, UNKNOWN, LVO)"
5,0.33042837782412315,0.3269316847909799,37.54248181787367,-122.35561158962754,"PatientState(Location(""FIELD"", (37.54248181787367, -122.35561158962754), -1.0, FIELD), 112.63827121320242, UNKNOWN, LVO)"
