sample,reward_best,reward_CA,location_lat,location_lon,patient_state
1,0.3394401307488259,0.32494905090544146,37.81032506162175,-122.18892802559424,"PatientState(Location(""FIELD"", (37.81032506162175, -122.18892802559424), -1.0, FIELD), 49.25519861464187, UNKNOWN, HEMORRHAGIC)"
2,0.24418294143999997,0.24418294143999997,37.810556881286864,-122.1858919995469,"PatientState(Location(""FIELD"", (37.810556881286864, -122.1858919995469), -1.0, FIELD), 256.39291119818586, UNKNOWN, HEMORRHAGIC)"
3,0.32166989497211834,0.24418294143999997,37.8114860243962,-122.19025512055573,"PatientState(Location(""FIELD"", (37.8114860243962, -122.19025512055573), -1.0, FIELD), 126.6264951295306, UNKNOWN, LVO)"
4,0.24418294143999997,0.24418294143999997,37.81191409825625,-122.18801705112772,"PatientState(Location(""FIELD"", (37.81191409825625, -122.18801705112772), -1.0, FIELD), 252.2445112418491, UNKNOWN, MIMIC)"
5,0.3164788626220372,0.24418294143999997,37.80990432284594,-122.19018624832731,"PatientState(Location(""FIELD"", (37.80990432284594, -122.19018624832731), -1.0, FIELD), 152.72834870717756, UNKNOWN, HEMORRHAGIC)"
