sample,reward_best,reward_CA,location_lat,location_lon,patient_state
1,0.3411658893452788,0.3261123936248677,37.78132064127029,-122.31294898264971,"PatientState(Location(""FIELD"", (37.78132064127029, -122.31294898264971), -1.0, FIELD), 38.05450210915766, UNKNOWN, LVO)"
2,0.24418294143999997,0.24418294143999997,37.782848722538446,-122.31184290629442,"PatientState(Location(""FIELD"", (37.782848722538446, -122.31184290629442), -1.0, FIELD), 255.1918618628555, UNKNOWN, LVO)"
3,0.3280541055834307,0.24418294143999997,37.783566733674796,-122.31410301227109,"PatientState(Location(""FIELD"", (37.783566733674796, -122.31410301227109), -1.0, FIELD), 95.39985064676998, UNKNOWN, LVO)"
4,0.24418294143999997,0.24418294143999997,37.78258800136688,-122.31109889121977,"PatientState(Location(""FIELD"", (37.78258800136688, -122.31109889121977), -1.0, FIELD), 245.8771809380907, UNKNOWN, LVO)"
5,0.3400105518029042,0.3249865937302367,37.782893472291704,-122.31111231031122,"PatientState(Location(""FIELD"", (37.782893472291704, -122.31111231031122), -1.0, FIELD), 43.184601172985616, UNKNOWN, LVO)"
