sample,reward_best,reward_CA,location_lat,location_lon,patient_state
1,0.24418294143999997,0.24418294143999997,37.87940442810695,-121.71732248237711,"PatientState(Location(""FIELD"", (37.87940442810695, -121.71732248237711), -1.0, FIELD), 155.08181010254134, UNKNOWN, LVO)"
2,0.24418294143999997,0.24418294143999997,37.88231019569775,-121.72013506184781,"PatientState(Location(""FIELD"", (37.88231019569775, -121.72013506184781), -1.0, FIELD), 194.86571904978442, UNKNOWN, LVO)"
3,0.32451012041308674,0.24418294143999997,37.879757312036126,-121.72040216276835,"PatientState(Location(""FIELD"", (37.879757312036126, -121.72040216276835), -1.0, FIELD), 3.9997341504951556, UNKNOWN, MIMIC)"
4,0.24418294143999997,0.24418294143999997,37.882426450517386,-121.71734646921553,"PatientState(Location(""FIELD"", (37.882426450517386, -121.71734646921553), -1.0, FIELD), 140.04979701041108, UNKNOWN, HEMORRHAGIC)"
5,0.24418294143999997,0.24418294143999997,37.87901279536193,-121.71916122443986,"PatientState(Location(""FIELD"", (37.87901279536193, -121.71916122443986), -1.0, FIELD), 98.70135291637087, UNKNOWN, HEMORRHAGIC)"
