sample,reward_best,reward_CA,location_lat,location_lon,patient_state
1,0.3189453115832833,0.3189453115832833,38.03453070436994,-122.10415348841218,"PatientState(Location(""FIELD"", (38.03453070436994, -122.10415348841218), -1.0, FIELD), 48.131845374267634, UNKNOWN, LVO)"
2,0.24418294143999997,0.24418294143999997,38.03437659698549,-122.1022192554072,"PatientState(Location(""FIELD"", (38.03437659698549, -122.1022192554072), -1.0, FIELD), 118.20903489503051, UNKNOWN, LVO)"
3,0.3253782596591264,0.3253782596591264,38.03381653275786,-122.10253931991035,"PatientState(Location(""FIELD"", (38.03381653275786, -122.10253931991035), -1.0, FIELD), 19.000979572690476, UNKNOWN, LVO)"
4,0.3157341468335624,0.3157341468335624,38.034767159178294,-122.10379963502518,"PatientState(Location(""FIELD"", (38.034767159178294, -122.10379963502518), -1.0, FIELD), 62.52303621189689, UNKNOWN, LVO)"
5,0.24418294143999997,0.24418294143999997,38.03478882846438,-122.10556854888473,"PatientState(Location(""FIELD"", (38.03478882846438, -122.10556854888473), -1.0, FIELD), 92.55425991424927, UNKNOWN, HEMORRHAGIC)"
