sample,reward_best,reward_CA,location_lat,location_lon,patient_state
1,0.32555865090072034,0.32555865090072034,37.28994379597203,-122.2828320814722,"PatientState(Location(""FIELD"", (37.28994379597203, -122.2828320814722), -1.0, FIELD), 116.73282839816338, UNKNOWN, NLVO)"
2,0.3382096246491847,0.3382096246491847,37.292319018389165,-122.2831874808258,"PatientState(Location(""FIELD"", (37.292319018389165, -122.2831874808258), -1.0, FIELD), 62.48537620854321, UNKNOWN, LVO)"
3,0.31903281290926494,0.31903281290926494,37.2937968841696,-122.28172692434,"PatientState(Location(""FIELD"", (37.2937968841696, -122.28172692434), -1.0, FIELD), 146.72095304358194, UNKNOWN, NLVO)"
4,0.24418294143999997,0.24418294143999997,37.2923130942939,-122.28269172728659,"PatientState(Location(""FIELD"", (37.2923130942939, -122.28269172728659), -1.0, FIELD), 183.9906829435187, UNKNOWN, LVO)"
5,0.24418294143999997,0.24418294143999997,37.29194159256648,-122.28293107680042,"PatientState(Location(""FIELD"", (37.29194159256648, -122.28293107680042), -1.0, FIELD), 214.6942990243265, UNKNOWN, NLVO)"
