sample,reward_best,reward_CA,location_lat,location_lon,patient_state
1,0.3489371947259878,0.3489371947259878,37.37730767787042,-121.79894322133622,"PatientState(Location(""FIELD"", (37.37730767787042, -121.79894322133622), -1.0, FIELD), 42.80055846196878, UNKNOWN, MIMIC)"
2,0.33697406715720557,0.33697406715720557,37.37720605393011,-121.79851047000247,"PatientState(Location(""FIELD"", (37.37720605393011, -121.79851047000247), -1.0, FIELD), 94.2047644692021, UNKNOWN, LVO)"
3,0.3590001183127478,0.3590001183127478,37.37445540911166,-121.79998121149501,"PatientState(Location(""FIELD"", (37.37445540911166, -121.79998121149501), -1.0, FIELD), 1.4132382599153914, UNKNOWN, HEMORRHAGIC)"
4,0.3375681112877439,0.3375681112877439,37.37707308549663,-121.79642118732289,"PatientState(Location(""FIELD"", (37.37707308549663, -121.79642118732289), -1.0, FIELD), 91.40381548358671, UNKNOWN, LVO)"
5,0.3208240217515412,0.3208240217515412,37.377634013698625,-121.79733925965597,"PatientState(Location(""FIELD"", (37.377634013698625, -121.79733925965597), -1.0, FIELD), 165.09302143688387, UNKNOWN, NLVO)"
