sample,reward_best,reward_CA,location_lat,location_lon,patient_state
1,0.32748896117723986,0.24418294143999997,37.55290026863252,-121.75501681222234,"PatientState(Location(""FIELD"", (37.55290026863252, -121.75501681222234), -1.0, FIELD), 74.51965925727465, UNKNOWN, LVO)"
2,0.33999118303242537,0.3208882996713117,37.55282891596821,-121.75194414632473,"PatientState(Location(""FIELD"", (37.55282891596821, -121.75194414632473), -1.0, FIELD), 21.138001148773018, UNKNOWN, LVO)"
3,0.33561229022190686,0.3166577525423339,37.551613931581606,-121.75336772304951,"PatientState(Location(""FIELD"", (37.551613931581606, -121.75336772304951), -1.0, FIELD), 40.127441897672796, UNKNOWN, NLVO)"
4,0.24418294143999997,0.24418294143999997,37.55296267410378,-121.75385538181249,"PatientState(Location(""FIELD"", (37.55296267410378, -121.75385538181249), -1.0, FIELD), 166.34814039861126, UNKNOWN, HEMORRHAGIC)"
5,0.24418294143999997,0.24418294143999997,37.552727904910384,-121.7510586927705,"PatientState(Location(""FIELD"", (37.552727904910384, -121.7510586927705), -1.0, FIELD), 194.16831081143008, UNKNOWN, LVO)"
