sample,reward_best,reward_CA,location_lat,location_lon,patient_state
1,0.24418294143999997,0.24418294143999997,37.68399397302329,-121.62106270739308,"PatientState(Location(""FIELD"", (37.68399397302329, -121.62106270739308), -1.0, FIELD), 248.155945055709, UNKNOWN, LVO)"
2,0.3442541860136585,0.32407724369321605,37.68476617078338,-121.62564504533196,"PatientState(Location(""FIELD"", (37.68476617078338, -121.62564504533196), -1.0, FIELD), 20.366752510924403, UNKNOWN, LVO)"
3,0.3480522712610639,0.3277488846754139,37.68734388082516,-121.62109523125565,"PatientState(Location(""FIELD"", (37.68734388082516, -121.62109523125565), -1.0, FIELD), 3.7681863131188176, UNKNOWN, LVO)"
4,0.34529082282802614,0.32507898277167097,37.68754251421034,-121.6233203543163,"PatientState(Location(""FIELD"", (37.68754251421034, -121.6233203543163), -1.0, FIELD), 15.749670586272508, UNKNOWN, HEMORRHAGIC)"
5,0.24418294143999997,0.24418294143999997,37.68767931064774,-121.62176431957515,"PatientState(Location(""FIELD"", (37.68767931064774, -121.62176431957515), -1.0, FIELD), 260.82526281022416, UNKNOWN, LVO)"
