sample,reward_best,reward_CA,location_lat,location_lon,patient_state
1,0.33472085262757434,0.24418294143999997,37.753033560779095,-121.89030705955265,"PatientState(Location(""FIELD"", (37.753033560779095, -121.89030705955265), -1.0, FIELD), 73.52819221280998, UNKNOWN, MIMIC)"
2,0.32594549477029705,0.24418294143999997,37.74953115932212,-121.88940875661207,"PatientState(Location(""FIELD"", (37.74953115932212, -121.88940875661207), -1.0, FIELD), 112.64399422656787, UNKNOWN, MIMIC)"
3,0.24418294143999997,0.24418294143999997,37.75159452132149,-121.89014506254796,"PatientState(Location(""FIELD"", (37.75159452132149, -121.89014506254796), -1.0, FIELD), 227.48185150207843, UNKNOWN, HEMORRHAGIC)"
4,0.24418294143999997,0.24418294143999997,37.75112405920211,-121.88985501739482,"PatientState(Location(""FIELD"", (37.75112405920211, -121.88985501739482), -1.0, FIELD), 217.8939516963084, UNKNOWN, HEMORRHAGIC)"
5,0.24418294143999997,0.24418294143999997,37.75277766664997,-121.8896165749588,"PatientState(Location(""FIELD"", (37.75277766664997, -121.8896165749588), -1.0, FIELD), 197.18018052503749, UNKNOWN, HEMORRHAGIC)"
