sample,reward_best,reward_CA,location_lat,location_lon,patient_state
1,0.33285110521380473,0.31868089817818035,37.69879156257746,-122.48781433878347,"PatientState(Location(""FIELD"", (37.69879156257746, -122.48781433878347), -1.0, FIELD), 92.08912572296444, UNKNOWN, LVO)"
2,0.24418294143999997,0.24418294143999997,37.69824968380749,-122.4907467274229,"PatientState(Location(""FIELD"", (37.69824968380749, -122.4907467274229), -1.0, FIELD), 203.9113917265676, UNKNOWN, LVO)"
3,0.345174079917439,0.3435143331162625,37.69457043061817,-122.48762351771448,"PatientState(Location(""FIELD"", (37.69457043061817, -122.48762351771448), -1.0, FIELD), 38.04159364717408, UNKNOWN, LVO)"
4,0.35080504033759163,0.3490292033462299,37.69630358102512,-122.48996281162593,"PatientState(Location(""FIELD"", (37.69630358102512, -122.48996281162593), -1.0, FIELD), 15.188066932395506, UNKNOWN, MIMIC)"
5,0.3466648696976904,0.3450156067853531,37.69464160865801,-122.48747475814413,"PatientState(Location(""FIELD"", (37.69464160865801, -122.48747475814413), -1.0, FIELD), 31.741294503127634, UNKNOWN, LVO)"
