sample,reward_best,reward_CA,location_lat,location_lon,patient_state
1,0.31657531015493295,0.31657531015493295,37.20848412709684,-122.04260471799269,"PatientState(Location(""FIELD"", (37.20848412709684, -122.04260471799269), -1.0, FIELD), 165.8333760690006, UNKNOWN, HEMORRHAGIC)"
2,0.24418294143999997,0.24418294143999997,37.20710729526273,-122.04549215336667,"PatientState(Location(""FIELD"", (37.20710729526273, -122.04549215336667), -1.0, FIELD), 238.80844748752392, UNKNOWN, HEMORRHAGIC)"
3,0.33951614676726677,0.33951614676726677,37.20617335670867,-122.04220632437327,"PatientState(Location(""FIELD"", (37.20617335670867, -122.04220632437327), -1.0, FIELD), 75.82927252102832, UNKNOWN, HEMORRHAGIC)"
4,0.24418294143999997,0.24418294143999997,37.20740539544066,-122.04226098204893,"PatientState(Location(""FIELD"", (37.20740539544066, -122.04226098204893), -1.0, FIELD), 252.16910560563204, UNKNOWN, HEMORRHAGIC)"
5,0.3154118389676843,0.3154118389676843,37.20686178588404,-122.0441127776755,"PatientState(Location(""FIELD"", (37.20686178588404, -122.0441127776755), -1.0, FIELD), 181.5878019566708, UNKNOWN, MIMIC)"
