sample,reward_best,reward_CA,location_lat,location_lon,patient_state
1,0.3340219276908405,0.3340219276908405,37.32520298205719,-121.66641330368802,"PatientState(Location(""FIELD"", (37.32520298205719, -121.66641330368802), -1.0, FIELD), 87.4441342506057, UNKNOWN, LVO)"
2,0.3330048209154127,0.3330048209154127,37.324075476699534,-121.6702353078336,"PatientState(Location(""FIELD"", (37.324075476699534, -121.6702353078336), -1.0, FIELD), 93.9294079645414, UNKNOWN, MIMIC)"
3,0.3296024980421686,0.3296024980421686,37.32860074438502,-121.67027630403064,"PatientState(Location(""FIELD"", (37.32860074438502, -121.67027630403064), -1.0, FIELD), 107.83988632301174, UNKNOWN, LVO)"
4,0.3175831045102568,0.3175831045102568,37.3248243897009,-121.67009599023564,"PatientState(Location(""FIELD"", (37.3248243897009, -121.67009599023564), -1.0, FIELD), 162.11907888087794, UNKNOWN, LVO)"
5,0.3483010341193842,0.3483010341193842,37.325133151446536,-121.66740072699969,"PatientState(Location(""FIELD"", (37.325133151446536, -121.66740072699969), -1.0, FIELD), 26.32710544947811, UNKNOWN, NLVO)"
