sample,reward_best,reward_CA,location_lat,location_lon,patient_state
1,0.34070884153013054,0.33836117605517047,37.59761640596129,-122.45578295680755,"PatientState(Location(""FIELD"", (37.59761640596129, -122.45578295680755), -1.0, FIELD), 46.35289598720513, UNKNOWN, LVO)"
2,0.337890202486255,0.3355201463000211,37.59473527665859,-122.45509003055686,"PatientState(Location(""FIELD"", (37.59473527665859, -122.45509003055686), -1.0, FIELD), 58.503465427208134, UNKNOWN, LVO)"
3,0.24418294143999997,0.24418294143999997,37.5973194754111,-122.45539753825437,"PatientState(Location(""FIELD"", (37.5973194754111, -122.45539753825437), -1.0, FIELD), 261.65646661132865, UNKNOWN, LVO)"
4,0.24418294143999997,0.24418294143999997,37.5967088987407,-122.45519898596375,"PatientState(Location(""FIELD"", (37.5967088987407, -122.45519898596375), -1.0, FIELD), 253.79162485878467, UNKNOWN, LVO)"
5,0.3398779018000707,0.33752359436988466,37.59541637948529,-122.45543230488553,"PatientState(Location(""FIELD"", (37.59541637948529, -122.45543230488553), -1.0, FIELD), 49.92916401027799, UNKNOWN, LVO)"
