sample,reward_best,reward_CA,location_lat,location_lon,patient_state
1,0.24418294143999997,0.24418294143999997,38.09949343966563,-121.70165861172755,"PatientState(Location(""FIELD"", (38.09949343966563, -121.70165861172755), -1.0, FIELD), 111.7866310438248, UNKNOWN, LVO)"
2,0.24418294143999997,0.24418294143999997,38.099894963078675,-121.7035724527926,"PatientState(Location(""FIELD"", (38.099894963078675, -121.7035724527926), -1.0, FIELD), 125.65847428397873, UNKNOWN, NLVO)"
3,0.24418294143999997,0.24418294143999997,38.10059751719282,-121.70406231636525,"PatientState(Location(""FIELD"", (38.10059751719282, -121.70406231636525), -1.0, FIELD), 72.39574961872341, UNKNOWN, LVO)"
4,0.32503849396508927,0.24418294143999997,38.09944834543412,-121.70507543668192,"PatientState(Location(""FIELD"", (38.09944834543412, -121.70507543668192), -1.0, FIELD), 3.7939995724043465, UNKNOWN, LVO)"
5,0.24418294143999997,0.24418294143999997,38.10355199334666,-121.70416173915463,"PatientState(Location(""FIELD"", (38.10355199334666, -121.70416173915463), -1.0, FIELD), 167.2141706254689, UNKNOWN, LVO)"
