sample,reward_best,reward_CA,location_lat,location_lon,patient_state
1,0.3140887981774236,0.24418294143999997,37.78960204318314,-121.99476739174817,"PatientState(Location(""FIELD"", (37.78960204318314, -121.99476739174817), -1.0, FIELD), 158.6450907853119, UNKNOWN, HEMORRHAGIC)"
2,0.24418294143999997,0.24418294143999997,37.78919177453134,-121.99348117044029,"PatientState(Location(""FIELD"", (37.78919177453134, -121.99348117044029), -1.0, FIELD), 177.43801338638295, UNKNOWN, LVO)"
3,0.34983219321457504,0.3291470865752403,37.79338933601935,-121.9914534259529,"PatientState(Location(""FIELD"", (37.79338933601935, -121.9914534259529), -1.0, FIELD), 9.360065524020097, UNKNOWN, HEMORRHAGIC)"
4,0.32483007663395186,0.24418294143999997,37.79333791109386,-121.9909769110171,"PatientState(Location(""FIELD"", (37.79333791109386, -121.9909769110171), -1.0, FIELD), 117.53973860906437, UNKNOWN, HEMORRHAGIC)"
5,0.24418294143999997,0.24418294143999997,37.788833628756876,-121.99494014124231,"PatientState(Location(""FIELD"", (37.788833628756876, -121.99494014124231), -1.0, FIELD), 193.03579023212694, UNKNOWN, HEMORRHAGIC)"
