sample,reward_best,reward_CA,location_lat,location_lon,patient_state
1,0.24418294143999997,0.24418294143999997,37.864027428492946,-121.92321511852747,"PatientState(Location(""FIELD"", (37.864027428492946, -121.92321511852747), -1.0, FIELD), 257.2551931792803, UNKNOWN, HEMORRHAGIC)"
2,0.24418294143999997,0.24418294143999997,37.86422810422526,-121.92457977876118,"PatientState(Location(""FIELD"", (37.86422810422526, -121.92457977876118), -1.0, FIELD), 162.81799651882207, UNKNOWN, HEMORRHAGIC)"
3,0.3248521042473209,0.24418294143999997,37.86497808682745,-121.92161970293243,"PatientState(Location(""FIELD"", (37.86497808682745, -121.92161970293243), -1.0, FIELD), 72.16569787633954, UNKNOWN, LVO)"
4,0.3153314357235386,0.24418294143999997,37.86577566887692,-121.92377895089327,"PatientState(Location(""FIELD"", (37.86577566887692, -121.92377895089327), -1.0, FIELD), 114.81987840641271, UNKNOWN, LVO)"
5,0.24418294143999997,0.24418294143999997,37.86656673203238,-121.92395273782907,"PatientState(Location(""FIELD"", (37.86656673203238, -121.92395273782907), -1.0, FIELD), 222.47422333979878, UNKNOWN, LVO)"
