sample,reward_best,reward_CA,location_lat,location_lon,patient_state
1,0.24418294143999997,0.24418294143999997,37.66208120458474,-121.72144528148684,"PatientState(Location(""FIELD"", (37.66208120458474, -121.72144528148684), -1.0, FIELD), 218.28565974688428, UNKNOWN, LVO)"
2,0.24418294143999997,0.24418294143999997,37.66194655920224,-121.72262325029875,"PatientState(Location(""FIELD"", (37.66194655920224, -121.72262325029875), -1.0, FIELD), 251.1921538098174, UNKNOWN, MIMIC)"
3,0.24418294143999997,0.24418294143999997,37.66234974359662,-121.72409921076054,"PatientState(Location(""FIELD"", (37.66234974359662, -121.72409921076054), -1.0, FIELD), 183.83091497586125, UNKNOWN, LVO)"
4,0.32348409972797676,0.24418294143999997,37.66094735865955,-121.72100051555454,"PatientState(Location(""FIELD"", (37.66094735865955, -121.72100051555454), -1.0, FIELD), 120.26733141252132, UNKNOWN, NLVO)"
5,0.24418294143999997,0.24418294143999997,37.66257587962122,-121.72209444034077,"PatientState(Location(""FIELD"", (37.66257587962122, -121.72209444034077), -1.0, FIELD), 216.57405940415242, UNKNOWN, LVO)"
