sample,reward_best,reward_CA,location_lat,location_lon,patient_state
1,0.3161015288212469,0.25508697381896056,37.238460054361255,-121.68845844424214,"PatientState(Location(""FIELD"", (37.238460054361255, -121.68845844424214), -1.0, FIELD), 169.9443967005956, UNKNOWN, HEMORRHAGIC)"
2,0.33200519662021133,0.3287855218790202,37.23653408522497,-121.68843947068504,"PatientState(Location(""FIELD"", (37.23653408522497, -121.68843947068504), -1.0, FIELD), 97.524483200843, UNKNOWN, MIMIC)"
3,0.32415029377601484,0.26149547358432285,37.237437322258415,-121.68660776986754,"PatientState(Location(""FIELD"", (37.237437322258415, -121.68660776986754), -1.0, FIELD), 131.5933908135752, UNKNOWN, NLVO)"
4,0.3470310569479006,0.3438539557087318,37.23582162293685,-121.6887361920429,"PatientState(Location(""FIELD"", (37.23582162293685, -121.6887361920429), -1.0, FIELD), 37.269510174537565, UNKNOWN, HEMORRHAGIC)"
5,0.34928485121916397,0.34611526457452424,37.237868146162455,-121.68599892256941,"PatientState(Location(""FIELD"", (37.237868146162455, -121.68599892256941), -1.0, FIELD), 22.72933956278704, UNKNOWN, LVO)"
