sample,reward_best,reward_CA,location_lat,location_lon,patient_state
1,0.35869118232451996,0.35869118232451996,37.380099148579575,-121.78726781259218,"PatientState(Location(""FIELD"", (37.380099148579575, -121.78726781259218), -1.0, FIELD), 1.1357501111055612, UNKNOWN, MIMIC)"
2,0.24418294143999997,0.24418294143999997,37.379856877403995,-121.78952668610597,"PatientState(Location(""FIELD"", (37.379856877403995, -121.78952668610597), -1.0, FIELD), 233.81961204385468, UNKNOWN, HEMORRHAGIC)"
3,0.24418294143999997,0.24418294143999997,37.37893992281492,-121.7861495885527,"PatientState(Location(""FIELD"", (37.37893992281492, -121.7861495885527), -1.0, FIELD), 238.73164571089825, UNKNOWN, LVO)"
4,0.356275248710474,0.356275248710474,37.38046319917451,-121.7878973751393,"PatientState(Location(""FIELD"", (37.38046319917451, -121.7878973751393), -1.0, FIELD), 11.284828715414644, UNKNOWN, NLVO)"
5,0.32531033783809543,0.32531033783809543,37.379464277788045,-121.78732853374494,"PatientState(Location(""FIELD"", (37.379464277788045, -121.78732853374494), -1.0, FIELD), 144.5476288176594, UNKNOWN, HEMORRHAGIC)"
