sample,reward_best,reward_CA,location_lat,location_lon,patient_state
1,0.3403776242023609,0.2649424706900936,38.03382908734985,-122.53091306941228,"PatientState(Location(""FIELD"", (38.03382908734985, -122.53091306941228), -1.0, FIELD), 6.8486707267495195, UNKNOWN, LVO)"
2,0.25681617692536834,0.24418294143999997,38.03427643423964,-122.53195442355,"PatientState(Location(""FIELD"", (38.03427643423964, -122.53195442355), -1.0, FIELD), 121.42303966331029, UNKNOWN, LVO)"
3,0.24418294143999997,0.24418294143999997,38.03446449758776,-122.53175273503133,"PatientState(Location(""FIELD"", (38.03446449758776, -122.53175273503133), -1.0, FIELD), 218.20010992802457, UNKNOWN, LVO)"
4,0.24418294143999997,0.24418294143999997,38.036527539874704,-122.5309264508392,"PatientState(Location(""FIELD"", (38.036527539874704, -122.5309264508392), -1.0, FIELD), 154.53884190971365, UNKNOWN, HEMORRHAGIC)"
5,0.26547677538422443,0.2530185089163829,38.03380211893411,-122.53261658256831,"PatientState(Location(""FIELD"", (38.03380211893411, -122.53261658256831), -1.0, FIELD), 73.70691744387341, UNKNOWN, LVO)"
