sample,reward_best,reward_CA,location_lat,location_lon,patient_state
1,0.3143573884011164,0.2537098944791452,37.258316229030385,-121.7407986893647,"PatientState(Location(""FIELD"", (37.258316229030385, -121.7407986893647), -1.0, FIELD), 170.74435833093924, UNKNOWN, LVO)"
2,0.3192044722448418,0.25754716740420747,37.25727559817041,-121.73611893509442,"PatientState(Location(""FIELD"", (37.25727559817041, -121.73611893509442), -1.0, FIELD), 150.04706947974543, UNKNOWN, LVO)"
3,0.3399012435243299,0.33670259650775114,37.25723296191504,-121.7373100370317,"PatientState(Location(""FIELD"", (37.25723296191504, -121.7373100370317), -1.0, FIELD), 59.0336389316548, UNKNOWN, LVO)"
4,0.24418294143999997,0.24418294143999997,37.25638671921556,-121.73653139146386,"PatientState(Location(""FIELD"", (37.25638671921556, -121.73653139146386), -1.0, FIELD), 246.32917656626637, UNKNOWN, NLVO)"
5,0.3490468237159705,0.3458764302682136,37.258575931146446,-121.7390914446284,"PatientState(Location(""FIELD"", (37.258575931146446, -121.7390914446284), -1.0, FIELD), 19.264970868377034, UNKNOWN, LVO)"
