sample,reward_best,reward_CA,location_lat,location_lon,patient_state
1,0.24418294143999997,0.24418294143999997,38.13496216244602,-121.81486343540793,"PatientState(Location(""FIELD"", (38.13496216244602, -121.81486343540793), -1.0, FIELD), 156.67165868304218, UNKNOWN, NLVO)"
2,0.3171671221464066,0.24418294143999997,38.13851725401281,-121.81136719713633,"PatientState(Location(""FIELD"", (38.13851725401281, -121.81136719713633), -1.0, FIELD), 10.091180998907943, UNKNOWN, NLVO)"
3,0.24418294143999997,0.24418294143999997,38.13564865278586,-121.81158102371027,"PatientState(Location(""FIELD"", (38.13564865278586, -121.81158102371027), -1.0, FIELD), 203.13021598736017, UNKNOWN, LVO)"
4,0.31687765990012096,0.24418294143999997,38.138006843798614,-121.81463488709325,"PatientState(Location(""FIELD"", (38.138006843798614, -121.81463488709325), -1.0, FIELD), 10.764253923592875, UNKNOWN, MIMIC)"
5,0.31497615860131806,0.24418294143999997,38.136631615519505,-121.8138352592571,"PatientState(Location(""FIELD"", (38.136631615519505, -121.8138352592571), -1.0, FIELD), 19.280389052862333, UNKNOWN, LVO)"
