sample,reward_best,reward_CA,location_lat,location_lon,patient_state
1,0.3416572534589329,0.3388360947323426,37.63385851233751,-122.40102629694098,"PatientState(Location(""FIELD"", (37.63385851233751, -122.40102629694098), -1.0, FIELD), 64.98348799618402, UNKNOWN, LVO)"
2,0.3531206670294834,0.3503499674765378,37.634588383376084,-122.40260582132342,"PatientState(Location(""FIELD"", (37.634588383376084, -122.40260582132342), -1.0, FIELD), 13.537389527922622, UNKNOWN, HEMORRHAGIC)"
3,0.3166806923596713,0.2560786659931022,37.63805045381148,-122.40383260515937,"PatientState(Location(""FIELD"", (37.63805045381148, -122.40383260515937), -1.0, FIELD), 172.13502645780125, UNKNOWN, LVO)"
4,0.32437270405532964,0.2622228851013536,37.63573526616117,-122.40111089017113,"PatientState(Location(""FIELD"", (37.63573526616117, -122.40111089017113), -1.0, FIELD), 138.95748157285036, UNKNOWN, NLVO)"
5,0.33456139674707897,0.33372869396401195,37.633876738347965,-122.40470483149042,"PatientState(Location(""FIELD"", (37.633876738347965, -122.40470483149042), -1.0, FIELD), 84.14408219970403, UNKNOWN, NLVO)"
