sample,reward_best,reward_CA,location_lat,location_lon,patient_state
1,0.24418294143999997,0.24418294143999997,37.738483350913626,-122.45347600946991,"PatientState(Location(""FIELD"", (37.738483350913626, -122.45347600946991), -1.0, FIELD), 255.52284818194278, UNKNOWN, HEMORRHAGIC)"
2,0.33900827097110614,0.3260428288784432,37.73506041971642,-122.45382970779336,"PatientState(Location(""FIELD"", (37.73506041971642, -122.45382970779336), -1.0, FIELD), 61.352072052366076, UNKNOWN, HEMORRHAGIC)"
3,0.3136810177970263,0.24418294143999997,37.734858925508455,-122.45320245884818,"PatientState(Location(""FIELD"", (37.734858925508455, -122.45320245884818), -1.0, FIELD), 173.77874589934518, UNKNOWN, LVO)"
4,0.24418294143999997,0.24418294143999997,37.73397022424848,-122.45485039350025,"PatientState(Location(""FIELD"", (37.73397022424848, -122.45485039350025), -1.0, FIELD), 243.26498270105336, UNKNOWN, HEMORRHAGIC)"
5,0.3153635831852628,0.24418294143999997,37.73553688646789,-122.4547091866191,"PatientState(Location(""FIELD"", (37.73553688646789, -122.4547091866191), -1.0, FIELD), 165.09510297038779, UNKNOWN, LVO)"
