sample,reward_best,reward_CA,location_lat,location_lon,patient_state
1,0.24418294143999997,0.24418294143999997,37.64247449302897,-121.90250115006097,"PatientState(Location(""FIELD"", (37.64247449302897, -121.90250115006097), -1.0, FIELD), 243.84741767489336, UNKNOWN, MIMIC)"
2,0.32395670114146874,0.24418294143999997,37.64029416742833,-121.90107523707852,"PatientState(Location(""FIELD"", (37.64029416742833, -121.90107523707852), -1.0, FIELD), 135.63210707783188, UNKNOWN, HEMORRHAGIC)"
3,0.24418294143999997,0.24418294143999997,37.64066777065404,-121.90187970395455,"PatientState(Location(""FIELD"", (37.64066777065404, -121.90187970395455), -1.0, FIELD), 199.25972704008913, UNKNOWN, NLVO)"
4,0.3284092229370264,0.24418294143999997,37.64099921363198,-121.90137684870702,"PatientState(Location(""FIELD"", (37.64099921363198, -121.90137684870702), -1.0, FIELD), 115.99811548242437, UNKNOWN, LVO)"
5,0.32184755829799644,0.24418294143999997,37.642580315127724,-121.90288196423697,"PatientState(Location(""FIELD"", (37.642580315127724, -121.90288196423697), -1.0, FIELD), 144.94152252443124, UNKNOWN, MIMIC)"
