sample,reward_best,reward_CA,location_lat,location_lon,patient_state
1,0.24418294143999997,0.24418294143999997,38.10251533470879,-121.802665437478,"PatientState(Location(""FIELD"", (38.10251533470879, -121.802665437478), -1.0, FIELD), 124.93590667286429, UNKNOWN, MIMIC)"
2,0.24418294143999997,0.24418294143999997,38.09974986678305,-121.80524759828234,"PatientState(Location(""FIELD"", (38.09974986678305, -121.80524759828234), -1.0, FIELD), 133.83131566890935, UNKNOWN, LVO)"
3,0.24418294143999997,0.24418294143999997,38.10257287368164,-121.80173638879171,"PatientState(Location(""FIELD"", (38.10257287368164, -121.80173638879171), -1.0, FIELD), 186.4094270884884, UNKNOWN, LVO)"
4,0.24418294143999997,0.24418294143999997,38.10005662487363,-121.80301371802817,"PatientState(Location(""FIELD"", (38.10005662487363, -121.80301371802817), -1.0, FIELD), 264.59007252307435, UNKNOWN, LVO)"
5,0.24418294143999997,0.24418294143999997,38.09920340948943,-121.80459252566881,"PatientState(Location(""FIELD"", (38.09920340948943, -121.80459252566881), -1.0, FIELD), 257.3116874891648, UNKNOWN, MIMIC)"
