sample,reward_best,reward_CA,location_lat,location_lon,patient_state
1,0.24418294143999997,0.24418294143999997,37.37346571874018,-122.15728005472532,"PatientState(Location(""FIELD"", (37.37346571874018, -122.15728005472532), -1.0, FIELD), 239.71592129897897, UNKNOWN, LVO)"
2,0.34290764386236555,0.327215478341681,37.370041780688624,-122.15867627913953,"PatientState(Location(""FIELD"", (37.370041780688624, -122.15867627913953), -1.0, FIELD), 57.755546012922494, UNKNOWN, HEMORRHAGIC)"
3,0.3207331262513745,0.24418294143999997,37.37277349969387,-122.1589046112864,"PatientState(Location(""FIELD"", (37.37277349969387, -122.1589046112864), -1.0, FIELD), 154.26128493678388, UNKNOWN, HEMORRHAGIC)"
4,0.3335634740076723,0.3178619997127317,37.368898222611655,-122.15989904419936,"PatientState(Location(""FIELD"", (37.368898222611655, -122.15989904419936), -1.0, FIELD), 99.63359164289747, UNKNOWN, HEMORRHAGIC)"
5,0.32174007440182606,0.24418294143999997,37.37089237488314,-122.15873881516342,"PatientState(Location(""FIELD"", (37.37089237488314, -122.15873881516342), -1.0, FIELD), 149.5810795853562, UNKNOWN, LVO)"
