sample,reward_best,reward_CA,location_lat,location_lon,patient_state
1,0.3156285477818861,0.24418294143999997,37.92164925193669,-121.72391541927026,"PatientState(Location(""FIELD"", (37.92164925193669, -121.72391541927026), -1.0, FIELD), 48.724544938958175, UNKNOWN, MIMIC)"
2,0.24418294143999997,0.24418294143999997,37.92193186889611,-121.72495519373317,"PatientState(Location(""FIELD"", (37.92193186889611, -121.72495519373317), -1.0, FIELD), 227.0354268740531, UNKNOWN, HEMORRHAGIC)"
3,0.24418294143999997,0.24418294143999997,37.91897851356092,-121.72227002556227,"PatientState(Location(""FIELD"", (37.91897851356092, -121.72227002556227), -1.0, FIELD), 244.1121318198279, UNKNOWN, LVO)"
4,0.24418294143999997,0.24418294143999997,37.919403689854825,-121.72573956342475,"PatientState(Location(""FIELD"", (37.919403689854825, -121.72573956342475), -1.0, FIELD), 200.66242431789772, UNKNOWN, MIMIC)"
5,0.24418294143999997,0.24418294143999997,37.9213639339947,-121.72467474784516,"PatientState(Location(""FIELD"", (37.9213639339947, -121.72467474784516), -1.0, FIELD), 231.60486387027342, UNKNOWN, MIMIC)"
