sample,reward_best,reward_CA,location_lat,location_lon,patient_state
1,0.24418294143999997,0.24418294143999997,37.547490784377125,-121.70679216294927,"PatientState(Location(""FIELD"", (37.547490784377125, -121.70679216294927), -1.0, FIELD), 232.50673589205854, UNKNOWN, HEMORRHAGIC)"
2,0.24418294143999997,0.24418294143999997,37.54473113322949,-121.70902109425207,"PatientState(Location(""FIELD"", (37.54473113322949, -121.70902109425207), -1.0, FIELD), 233.78859714966572, UNKNOWN, HEMORRHAGIC)"
3,0.24418294143999997,0.24418294143999997,37.54387967645238,-121.70968058132165,"PatientState(Location(""FIELD"", (37.54387967645238, -121.70968058132165), -1.0, FIELD), 236.15315503994896, UNKNOWN, HEMORRHAGIC)"
4,0.3389140441478905,0.3198472713382843,37.54639420093956,-121.70835241778678,"PatientState(Location(""FIELD"", (37.54639420093956, -121.70835241778678), -1.0, FIELD), 25.68348442336625, UNKNOWN, NLVO)"
5,0.33079839124546156,0.24418294143999997,37.54479091461317,-121.70923312570005,"PatientState(Location(""FIELD"", (37.54479091461317, -121.70923312570005), -1.0, FIELD), 61.50299004758012, UNKNOWN, MIMIC)"
