sample,reward_best,reward_CA,location_lat,location_lon,patient_state
1,0.34706075689128124,0.3279629805138805,37.813264388483645,-122.04797174263551,"PatientState(Location(""FIELD"", (37.813264388483645, -122.04797174263551), -1.0, FIELD), 1.0913462243589955, UNKNOWN, LVO)"
2,0.34142169475380113,0.3224985644626059,37.80986419519302,-122.04674523321339,"PatientState(Location(""FIELD"", (37.80986419519302, -122.04674523321339), -1.0, FIELD), 26.483631345376573, UNKNOWN, LVO)"
3,0.24418294143999997,0.24418294143999997,37.81069331023726,-122.04705124584619,"PatientState(Location(""FIELD"", (37.81069331023726, -122.04705124584619), -1.0, FIELD), 263.64129544100933, UNKNOWN, NLVO)"
4,0.24418294143999997,0.24418294143999997,37.81323865462465,-122.05072639498069,"PatientState(Location(""FIELD"", (37.81323865462465, -122.05072639498069), -1.0, FIELD), 188.67326739129138, UNKNOWN, HEMORRHAGIC)"
5,0.33270298643745855,0.252390155209327,37.810406756743696,-122.04644744122231,"PatientState(Location(""FIELD"", (37.810406756743696, -122.04644744122231), -1.0, FIELD), 64.20795976775484, UNKNOWN, HEMORRHAGIC)"
