sample,reward_best,reward_CA,location_lat,location_lon,patient_state
1,0.31633671853032735,0.2598843047718526,37.56821934764889,-122.51913972982537,"PatientState(Location(""FIELD"", (37.56821934764889, -122.51913972982537), -1.0, FIELD), 155.63044167876114, UNKNOWN, LVO)"
2,0.34178223558423537,0.34255113401950943,37.56746739415257,-122.51714028121413,"PatientState(Location(""FIELD"", (37.56746739415257, -122.51714028121413), -1.0, FIELD), 43.83846390027566, UNKNOWN, LVO)"
3,0.24418294143999997,0.24418294143999997,37.56802395253716,-122.51872376078587,"PatientState(Location(""FIELD"", (37.56802395253716, -122.51872376078587), -1.0, FIELD), 228.33124356745176, UNKNOWN, LVO)"
4,0.25418234845825805,0.25418234845825805,37.564178766618,-122.51721901841474,"PatientState(Location(""FIELD"", (37.564178766618, -122.51721901841474), -1.0, FIELD), 189.3063606017029, UNKNOWN, LVO)"
5,0.34486046576635065,0.34587509430103375,37.56455189897921,-122.51671379833321,"PatientState(Location(""FIELD"", (37.56455189897921, -122.51671379833321), -1.0, FIELD), 30.223093822384868, UNKNOWN, LVO)"
