sample,reward_best,reward_CA,location_lat,location_lon,patient_state
1,0.24418294143999997,0.24418294143999997,37.19944471912501,-122.34031464200652,"PatientState(Location(""FIELD"", (37.19944471912501, -122.34031464200652), -1.0, FIELD), 182.03073824567764, UNKNOWN, LVO)"
2,0.25284154785665025,0.25284154785665025,37.20015697807206,-122.33991645361604,"PatientState(Location(""FIELD"", (37.20015697807206, -122.33991645361604), -1.0, FIELD), 151.17537005644888, UNKNOWN, HEMORRHAGIC)"
3,0.24418294143999997,0.24418294143999997,37.19913628816006,-122.33967629816387,"PatientState(Location(""FIELD"", (37.19913628816006, -122.33967629816387), -1.0, FIELD), 193.98829155191734, UNKNOWN, LVO)"
4,0.3423960872829774,0.33795715288237205,37.20205565858301,-122.33762836534655,"PatientState(Location(""FIELD"", (37.20205565858301, -122.33762836534655), -1.0, FIELD), 17.817363711186776, UNKNOWN, LVO)"
5,0.33224612989288194,0.2689033581610288,37.199273498244686,-122.33927179562498,"PatientState(Location(""FIELD"", (37.199273498244686, -122.33927179562498), -1.0, FIELD), 62.05997926986471, UNKNOWN, HEMORRHAGIC)"
