sample,reward_best,reward_CA,location_lat,location_lon,patient_state
1,0.24418294143999997,0.24418294143999997,38.14934762738521,-121.72560105470798,"PatientState(Location(""FIELD"", (38.14934762738521, -121.72560105470798), -1.0, FIELD), 96.8238461648806, UNKNOWN, LVO)"
2,0.24418294143999997,0.24418294143999997,38.15134574408447,-121.72474526142568,"PatientState(Location(""FIELD"", (38.15134574408447, -121.72474526142568), -1.0, FIELD), 252.3914974377351, UNKNOWN, HEMORRHAGIC)"
3,0.32059178491616475,0.24418294143999997,38.150442092070215,-121.72470790728194,"PatientState(Location(""FIELD"", (38.150442092070215, -121.72470790728194), -1.0, FIELD), 6.900222813809353, UNKNOWN, LVO)"
4,0.24418294143999997,0.24418294143999997,38.152475292815986,-121.72103710203216,"PatientState(Location(""FIELD"", (38.152475292815986, -121.72103710203216), -1.0, FIELD), 54.61913789469474, UNKNOWN, HEMORRHAGIC)"
5,0.31547728157215665,0.24418294143999997,38.14930014489678,-121.7233387699494,"PatientState(Location(""FIELD"", (38.14930014489678, -121.7233387699494), -1.0, FIELD), 30.008248213876627, UNKNOWN, LVO)"
