sample,reward_best,reward_CA,location_lat,location_lon,patient_state
1,0.3325492667387571,0.3325492667387571,37.408367416249924,-121.82560862204163,"PatientState(Location(""FIELD"", (37.408367416249924, -121.82560862204163), -1.0, FIELD), 111.10137723351727, UNKNOWN, LVO)"
2,0.24418294143999997,0.24418294143999997,37.404912597559054,-121.82510292196716,"PatientState(Location(""FIELD"", (37.404912597559054, -121.82510292196716), -1.0, FIELD), 209.87541710168622, UNKNOWN, HEMORRHAGIC)"
3,0.3386666956066127,0.3386666956066127,37.40504737332803,-121.82208524108498,"PatientState(Location(""FIELD"", (37.40504737332803, -121.82208524108498), -1.0, FIELD), 84.5756262472875, UNKNOWN, HEMORRHAGIC)"
4,0.24418294143999997,0.24418294143999997,37.40423463496855,-121.82487918864499,"PatientState(Location(""FIELD"", (37.40423463496855, -121.82487918864499), -1.0, FIELD), 236.32482803332783, UNKNOWN, LVO)"
5,0.24418294143999997,0.24418294143999997,37.40658878147859,-121.82441475134635,"PatientState(Location(""FIELD"", (37.40658878147859, -121.82441475134635), -1.0, FIELD), 209.85215763285711, UNKNOWN, HEMORRHAGIC)"
