sample,reward_best,reward_CA,location_lat,location_lon,patient_state
1,0.3502561053762259,0.3502561053762259,37.22082866329054,-121.92721480820857,"PatientState(Location(""FIELD"", (37.22082866329054, -121.92721480820857), -1.0, FIELD), 35.88749158073525, UNKNOWN, LVO)"
2,0.3413977055717367,0.3413977055717367,37.2213126411504,-121.92845421188771,"PatientState(Location(""FIELD"", (37.2213126411504, -121.92845421188771), -1.0, FIELD), 73.24169471726415, UNKNOWN, LVO)"
3,0.33655085808646323,0.33655085808646323,37.22154462094553,-121.92676587296373,"PatientState(Location(""FIELD"", (37.22154462094553, -121.92676587296373), -1.0, FIELD), 95.18171345970617, UNKNOWN, LVO)"
4,0.35478634922576635,0.35478634922576635,37.21913503906692,-121.93056572012391,"PatientState(Location(""FIELD"", (37.21913503906692, -121.93056572012391), -1.0, FIELD), 15.341545689066155, UNKNOWN, HEMORRHAGIC)"
5,0.3480404410294575,0.3480404410294575,37.21947331474428,-121.92791039047164,"PatientState(Location(""FIELD"", (37.21947331474428, -121.92791039047164), -1.0, FIELD), 44.99516517789882, UNKNOWN, LVO)"
