sample,reward_best,reward_CA,location_lat,location_lon,patient_state
1,0.24418294143999997,0.24418294143999997,37.91185479541208,-121.72786317827656,"PatientState(Location(""FIELD"", (37.91185479541208, -121.72786317827656), -1.0, FIELD), 94.67247738992495, UNKNOWN, LVO)"
2,0.3190310475266291,0.24418294143999997,37.911168385887336,-121.72870597067369,"PatientState(Location(""FIELD"", (37.911168385887336, -121.72870597067369), -1.0, FIELD), 35.23720818138335, UNKNOWN, HEMORRHAGIC)"
3,0.3245294147200936,0.24418294143999997,37.9114866096369,-121.72786859005565,"PatientState(Location(""FIELD"", (37.9114866096369, -121.72786859005565), -1.0, FIELD), 10.79446180185023, UNKNOWN, HEMORRHAGIC)"
4,0.24418294143999997,0.24418294143999997,37.91217641162218,-121.72819658979634,"PatientState(Location(""FIELD"", (37.91217641162218, -121.72819658979634), -1.0, FIELD), 159.41286101087226, UNKNOWN, NLVO)"
5,0.31816077234833384,0.24418294143999997,37.909866191530945,-121.7285565485709,"PatientState(Location(""FIELD"", (37.909866191530945, -121.7285565485709), -1.0, FIELD), 39.04263164854427, UNKNOWN, HEMORRHAGIC)"
