sample,reward_best,reward_CA,location_lat,location_lon,patient_state
1,0.24418294143999997,0.24418294143999997,38.00205207719542,-122.45978382837697,"PatientState(Location(""FIELD"", (38.00205207719542, -122.45978382837697), -1.0, FIELD), 154.13205724952041, UNKNOWN, MIMIC)"
2,0.24418294143999997,0.24418294143999997,38.001888491976814,-122.45878990534747,"PatientState(Location(""FIELD"", (38.001888491976814, -122.45878990534747), -1.0, FIELD), 185.09973104909645, UNKNOWN, HEMORRHAGIC)"
3,0.264988126792461,0.25255700800442504,37.99902149275463,-122.45716518617816,"PatientState(Location(""FIELD"", (37.99902149275463, -122.45716518617816), -1.0, FIELD), 72.34545393441702, UNKNOWN, LVO)"
4,0.2597626131013248,0.24418294143999997,38.00031122777875,-122.45993507103493,"PatientState(Location(""FIELD"", (38.00031122777875, -122.45993507103493), -1.0, FIELD), 100.44735314637022, UNKNOWN, HEMORRHAGIC)"
5,0.2574721193497157,0.24418294143999997,37.999478996891156,-122.45992833532198,"PatientState(Location(""FIELD"", (37.999478996891156, -122.45992833532198), -1.0, FIELD), 113.29399487628561, UNKNOWN, LVO)"
