sample,reward_best,reward_CA,location_lat,location_lon,patient_state
1,0.33087458589325064,0.33087458589325064,37.43070735705743,-122.26233774078436,"PatientState(Location(""FIELD"", (37.43070735705743, -122.26233774078436), -1.0, FIELD), 115.81147612549783, UNKNOWN, HEMORRHAGIC)"
2,0.3457159970120894,0.3416441434293507,37.432140259707474,-122.26552974738644,"PatientState(Location(""FIELD"", (37.432140259707474, -122.26552974738644), -1.0, FIELD), 50.26623560763954, UNKNOWN, LVO)"
3,0.24418294143999997,0.24418294143999997,37.42942160068599,-122.26150004594574,"PatientState(Location(""FIELD"", (37.42942160068599, -122.26150004594574), -1.0, FIELD), 194.54509805415574, UNKNOWN, HEMORRHAGIC)"
4,0.32508587784389703,0.32508587784389703,37.42958418542625,-122.26216312629107,"PatientState(Location(""FIELD"", (37.42958418542625, -122.26216312629107), -1.0, FIELD), 141.2575376569447, UNKNOWN, LVO)"
5,0.3370554356590588,0.33283844312167976,37.4314851501599,-122.26092243961747,"PatientState(Location(""FIELD"", (37.4314851501599, -122.26092243961747), -1.0, FIELD), 90.08269106972179, UNKNOWN, LVO)"
