sample,reward_best,reward_CA,location_lat,location_lon,patient_state
1,0.24418294143999997,0.24418294143999997,37.91814293928297,-122.28721844235561,"PatientState(Location(""FIELD"", (37.91814293928297, -122.28721844235561), -1.0, FIELD), 196.7325255437198, UNKNOWN, LVO)"
2,0.24418294143999997,0.24418294143999997,37.91597652169793,-122.28841143816263,"PatientState(Location(""FIELD"", (37.91597652169793, -122.28841143816263), -1.0, FIELD), 167.3683750426447, UNKNOWN, HEMORRHAGIC)"
3,0.34119651046504357,0.3269933463876688,37.9151267679169,-122.29054323258444,"PatientState(Location(""FIELD"", (37.9151267679169, -122.29054323258444), -1.0, FIELD), 26.636232027187102, UNKNOWN, HEMORRHAGIC)"
4,0.3161096628465171,0.24418294143999997,37.91509104623044,-122.28822483496468,"PatientState(Location(""FIELD"", (37.91509104623044, -122.28822483496468), -1.0, FIELD), 135.96782198608062, UNKNOWN, LVO)"
5,0.24418294143999997,0.24418294143999997,37.91769878773453,-122.28921624003729,"PatientState(Location(""FIELD"", (37.91769878773453, -122.28921624003729), -1.0, FIELD), 258.44125845855984, UNKNOWN, HEMORRHAGIC)"
