sample,reward_best,reward_CA,location_lat,location_lon,patient_state
1,0.3242249127103244,0.25969239188908994,37.401488015315486,-121.90406667795648,"PatientState(Location(""FIELD"", (37.401488015315486, -121.90406667795648), -1.0, FIELD), 150.43479699570378, UNKNOWN, LVO)"
2,0.33326765063819064,0.32767738521904305,37.40091833379158,-121.9017917663526,"PatientState(Location(""FIELD"", (37.40091833379158, -121.9017917663526), -1.0, FIELD), 111.6997061427368, UNKNOWN, LVO)"
3,0.3245626725017949,0.2599610393765623,37.40319169565366,-121.9035459966975,"PatientState(Location(""FIELD"", (37.40319169565366, -121.9035459966975), -1.0, FIELD), 150.26879719806996, UNKNOWN, HEMORRHAGIC)"
4,0.24418294143999997,0.24418294143999997,37.40176306522264,-121.90163675249825,"PatientState(Location(""FIELD"", (37.40176306522264, -121.90163675249825), -1.0, FIELD), 236.43232375343277, UNKNOWN, HEMORRHAGIC)"
5,0.3299258574749074,0.2642490037433861,37.40349306152351,-121.90458149638594,"PatientState(Location(""FIELD"", (37.40349306152351, -121.90458149638594), -1.0, FIELD), 126.5932297083524, UNKNOWN, LVO)"
