sample,reward_best,reward_CA,location_lat,location_lon,patient_state
1,0.24418294143999997,0.24418294143999997,37.51234143131341,-121.76693718559869,"PatientState(Location(""FIELD"", (37.51234143131341, -121.76693718559869), -1.0, FIELD), 165.97213813180232, UNKNOWN, LVO)"
2,0.3146632933282211,0.24418294143999997,37.51160979462998,-121.77041437010048,"PatientState(Location(""FIELD"", (37.51160979462998, -121.77041437010048), -1.0, FIELD), 144.8860108798502, UNKNOWN, HEMORRHAGIC)"
3,0.321692172324367,0.24418294143999997,37.510798207921226,-121.76848024590024,"PatientState(Location(""FIELD"", (37.510798207921226, -121.76848024590024), -1.0, FIELD), 113.39075832018038, UNKNOWN, LVO)"
4,0.32213555204744043,0.24418294143999997,37.51123119842454,-121.76685777090792,"PatientState(Location(""FIELD"", (37.51123119842454, -121.76685777090792), -1.0, FIELD), 110.87654343297443, UNKNOWN, LVO)"
5,0.34044658597748123,0.32132852736063144,37.512046769411185,-121.76730043969283,"PatientState(Location(""FIELD"", (37.512046769411185, -121.76730043969283), -1.0, FIELD), 30.959433495665905, UNKNOWN, HEMORRHAGIC)"
