sample,reward_best,reward_CA,location_lat,location_lon,patient_state
1,0.24418294143999997,0.24418294143999997,37.71858138407537,-122.0594365158242,"PatientState(Location(""FIELD"", (37.71858138407537, -122.0594365158242), -1.0, FIELD), 242.29929937221374, UNKNOWN, LVO)"
2,0.24418294143999997,0.24418294143999997,37.717406045024,-122.06045634602928,"PatientState(Location(""FIELD"", (37.717406045024, -122.06045634602928), -1.0, FIELD), 218.62481057249906, UNKNOWN, HEMORRHAGIC)"
3,0.24418294143999997,0.24418294143999997,37.71598275081859,-122.05810828776174,"PatientState(Location(""FIELD"", (37.71598275081859, -122.05810828776174), -1.0, FIELD), 203.33191227476448, UNKNOWN, HEMORRHAGIC)"
4,0.24418294143999997,0.24418294143999997,37.7185430249845,-122.056293699763,"PatientState(Location(""FIELD"", (37.7185430249845, -122.056293699763), -1.0, FIELD), 174.3386683607352, UNKNOWN, HEMORRHAGIC)"
5,0.3300854584352364,0.24418294143999997,37.714564717215346,-122.05830116573424,"PatientState(Location(""FIELD"", (37.714564717215346, -122.05830116573424), -1.0, FIELD), 97.18264178989114, UNKNOWN, HEMORRHAGIC)"
