sample,reward_best,reward_CA,location_lat,location_lon,patient_state
1,0.31756601233351245,0.24418294143999997,37.46689711834206,-121.602593417107,"PatientState(Location(""FIELD"", (37.46689711834206, -121.602593417107), -1.0, FIELD), 85.85903949484734, UNKNOWN, HEMORRHAGIC)"
2,0.32603704019758833,0.24418294143999997,37.46805528849429,-121.60449837507394,"PatientState(Location(""FIELD"", (37.46805528849429, -121.60449837507394), -1.0, FIELD), 48.313510190154794, UNKNOWN, MIMIC)"
3,0.24418294143999997,0.24418294143999997,37.465775497001886,-121.60277974820066,"PatientState(Location(""FIELD"", (37.465775497001886, -121.60277974820066), -1.0, FIELD), 227.29375893189842, UNKNOWN, LVO)"
4,0.32583373543491034,0.24418294143999997,37.46661930372807,-121.60482622898468,"PatientState(Location(""FIELD"", (37.46661930372807, -121.60482622898468), -1.0, FIELD), 49.16040337450732, UNKNOWN, MIMIC)"
5,0.24418294143999997,0.24418294143999997,37.46749070120346,-121.60267276527264,"PatientState(Location(""FIELD"", (37.46749070120346, -121.60267276527264), -1.0, FIELD), 203.86114398006936, UNKNOWN, HEMORRHAGIC)"
