sample,reward_best,reward_CA,location_lat,location_lon,patient_state
1,0.3552173018805217,0.33801637229860665,37.38640441600461,-122.18444972743785,"PatientState(Location(""FIELD"", (37.38640441600461, -122.18444972743785), -1.0, FIELD), 13.745186890058717, UNKNOWN, LVO)"
2,0.24418294143999997,0.24418294143999997,37.38756317247422,-122.1845408441024,"PatientState(Location(""FIELD"", (37.38756317247422, -122.1845408441024), -1.0, FIELD), 260.680803338413, UNKNOWN, HEMORRHAGIC)"
3,0.326721857879573,0.24418294143999997,37.38406622633438,-122.18428838514518,"PatientState(Location(""FIELD"", (37.38406622633438, -122.18428838514518), -1.0, FIELD), 136.66485973675506, UNKNOWN, NLVO)"
4,0.24418294143999997,0.24418294143999997,37.38748907269798,-122.18451402389633,"PatientState(Location(""FIELD"", (37.38748907269798, -122.18451402389633), -1.0, FIELD), 257.1313559666898, UNKNOWN, HEMORRHAGIC)"
5,0.24418294143999997,0.24418294143999997,37.38539324814545,-122.18405981925879,"PatientState(Location(""FIELD"", (37.38539324814545, -122.18405981925879), -1.0, FIELD), 219.30772874141294, UNKNOWN, LVO)"
