sample,reward_best,reward_CA,location_lat,location_lon,patient_state
1,0.26107595641723247,0.24418294143999997,37.89039362421313,-122.52864040402096,"PatientState(Location(""FIELD"", (37.89039362421313, -122.52864040402096), -1.0, FIELD), 112.62490835663162, UNKNOWN, NLVO)"
2,0.24418294143999997,0.24418294143999997,37.88947961143217,-122.53043314702848,"PatientState(Location(""FIELD"", (37.88947961143217, -122.53043314702848), -1.0, FIELD), 233.06034489646711, UNKNOWN, LVO)"
3,0.2544272418576544,0.24418294143999997,37.889766780082944,-122.52694119793014,"PatientState(Location(""FIELD"", (37.889766780082944, -122.52694119793014), -1.0, FIELD), 150.68355443770048, UNKNOWN, MIMIC)"
4,0.33810016586814673,0.260834779456288,37.88912072355002,-122.52973219723175,"PatientState(Location(""FIELD"", (37.88912072355002, -122.52973219723175), -1.0, FIELD), 27.499595982587916, UNKNOWN, LVO)"
5,0.3323454322335704,0.25674808944794547,37.89288725671793,-122.52807317628144,"PatientState(Location(""FIELD"", (37.89288725671793, -122.52807317628144), -1.0, FIELD), 53.438801043824064, UNKNOWN, LVO)"
