sample,reward_best,reward_CA,location_lat,location_lon,patient_state
1,0.34299314942278025,0.26385056419773084,37.899540612283886,-122.5651711401083,"PatientState(Location(""FIELD"", (37.899540612283886, -122.5651711401083), -1.0, FIELD), 6.096424349442943, UNKNOWN, NLVO)"
2,0.25358893075372907,0.24418294143999997,37.90205288462601,-122.56334038479032,"PatientState(Location(""FIELD"", (37.90205288462601, -122.56334038479032), -1.0, FIELD), 149.4986435301599, UNKNOWN, LVO)"
3,0.24418294143999997,0.24418294143999997,37.898857909339604,-122.56311191866611,"PatientState(Location(""FIELD"", (37.898857909339604, -122.56311191866611), -1.0, FIELD), 178.30280082035856, UNKNOWN, LVO)"
4,0.252831582161861,0.24418294143999997,37.902015995580804,-122.56237780704889,"PatientState(Location(""FIELD"", (37.902015995580804, -122.56237780704889), -1.0, FIELD), 152.45599047078292, UNKNOWN, LVO)"
5,0.25773994321212873,0.24418294143999997,37.90323787333866,-122.56567549570966,"PatientState(Location(""FIELD"", (37.90323787333866, -122.56567549570966), -1.0, FIELD), 123.10394490214811, UNKNOWN, LVO)"
