sample,reward_best,reward_CA,location_lat,location_lon,patient_state
1,0.3460239195512683,0.3460239195512683,37.309972348101965,-121.72307699194877,"PatientState(Location(""FIELD"", (37.309972348101965, -121.72307699194877), -1.0, FIELD), 18.339086634799884, UNKNOWN, HEMORRHAGIC)"
2,0.32304821369540554,0.32304821369540554,37.31080218226067,-121.72341653214568,"PatientState(Location(""FIELD"", (37.31080218226067, -121.72341653214568), -1.0, FIELD), 118.00323904550504, UNKNOWN, LVO)"
3,0.33258223571080264,0.33258223571080264,37.31156598953819,-121.72472187471695,"PatientState(Location(""FIELD"", (37.31156598953819, -121.72472187471695), -1.0, FIELD), 75.9309795359135, UNKNOWN, LVO)"
4,0.24418294143999997,0.24418294143999997,37.31188756486657,-121.72363205057044,"PatientState(Location(""FIELD"", (37.31188756486657, -121.72363205057044), -1.0, FIELD), 203.52106342570565, UNKNOWN, HEMORRHAGIC)"
5,0.33033192531894856,0.33033192531894856,37.312569606223335,-121.72502234862586,"PatientState(Location(""FIELD"", (37.312569606223335, -121.72502234862586), -1.0, FIELD), 85.69870735570709, UNKNOWN, NLVO)"
