sample,reward_best,reward_CA,location_lat,location_lon,patient_state
1,0.24418294143999997,0.24418294143999997,37.994148962488474,-122.11036923460743,"PatientState(Location(""FIELD"", (37.994148962488474, -122.11036923460743), -1.0, FIELD), 157.83092521099613, UNKNOWN, LVO)"
2,0.2594255952492927,0.24418294143999997,37.99775636163877,-122.10953028809388,"PatientState(Location(""FIELD"", (37.99775636163877, -122.10953028809388), -1.0, FIELD), 103.19564756082363, UNKNOWN, LVO)"
3,0.2516917976955495,0.24418294143999997,37.99560636620206,-122.10880452286368,"PatientState(Location(""FIELD"", (37.99560636620206, -122.10880452286368), -1.0, FIELD), 147.89304811182654, UNKNOWN, LVO)"
4,0.24418294143999997,0.24418294143999997,37.99701890174991,-122.10627471839796,"PatientState(Location(""FIELD"", (37.99701890174991, -122.10627471839796), -1.0, FIELD), 221.46376626730662, UNKNOWN, LVO)"
5,0.25973887205950236,0.24418294143999997,37.99782017600514,-122.10925844357577,"PatientState(Location(""FIELD"", (37.99782017600514, -122.10925844357577), -1.0, FIELD), 101.76612341007882, UNKNOWN, LVO)"
