sample,reward_best,reward_CA,location_lat,location_lon,patient_state
1,0.3310000743661764,0.31554139361148764,37.73946087984354,-122.08297160075192,"PatientState(Location(""FIELD"", (37.73946087984354, -122.08297160075192), -1.0, FIELD), 88.82784297708513, UNKNOWN, HEMORRHAGIC)"
2,0.31961533111677837,0.24418294143999997,37.74329362717455,-122.08555436767777,"PatientState(Location(""FIELD"", (37.74329362717455, -122.08555436767777), -1.0, FIELD), 138.46682530347218, UNKNOWN, HEMORRHAGIC)"
3,0.3387963912207451,0.32311898424298885,37.74245002996856,-122.08103044099373,"PatientState(Location(""FIELD"", (37.74245002996856, -122.08103044099373), -1.0, FIELD), 48.06769049713192, UNKNOWN, LVO)"
4,0.33862314316798214,0.32295045161849895,37.743271746144735,-122.08092504230467,"PatientState(Location(""FIELD"", (37.743271746144735, -122.08092504230467), -1.0, FIELD), 48.81523668943656, UNKNOWN, LVO)"
5,0.24418294143999997,0.24418294143999997,37.7432232597551,-122.0832369184879,"PatientState(Location(""FIELD"", (37.7432232597551, -122.0832369184879), -1.0, FIELD), 179.23845625119304, UNKNOWN, HEMORRHAGIC)"
