sample,reward_best,reward_CA,location_lat,location_lon,patient_state
1,0.34914986617999916,0.3297521486689219,37.6787911044493,-121.91310097982002,"PatientState(Location(""FIELD"", (37.6787911044493, -121.91310097982002), -1.0, FIELD), 22.674090579784274, UNKNOWN, HEMORRHAGIC)"
2,0.24418294143999997,0.24418294143999997,37.677285880774654,-121.91109985022476,"PatientState(Location(""FIELD"", (37.677285880774654, -121.91109985022476), -1.0, FIELD), 243.86574194810112, UNKNOWN, MIMIC)"
3,0.3426223189283253,0.32018034112134086,37.67522297603738,-121.91281731219298,"PatientState(Location(""FIELD"", (37.67522297603738, -121.91281731219298), -1.0, FIELD), 54.41376392627852, UNKNOWN, LVO)"
4,0.33600944776006325,0.317041582300211,37.677080588239676,-121.91270109062529,"PatientState(Location(""FIELD"", (37.677080588239676, -121.91270109062529), -1.0, FIELD), 78.9105345103092, UNKNOWN, LVO)"
5,0.34106634326919244,0.3186847535157716,37.6762672645496,-121.91348182102742,"PatientState(Location(""FIELD"", (37.6762672645496, -121.91348182102742), -1.0, FIELD), 61.01237530249586, UNKNOWN, LVO)"
