sample,reward_best,reward_CA,location_lat,location_lon,patient_state
1,0.3320265711633241,0.3207828456453047,38.001294774039806,-122.34209348043933,"PatientState(Location(""FIELD"", (38.001294774039806, -122.34209348043933), -1.0, FIELD), 48.933493156460834, UNKNOWN, HEMORRHAGIC)"
2,0.24418294143999997,0.24418294143999997,38.00238057270041,-122.34434950716809,"PatientState(Location(""FIELD"", (38.00238057270041, -122.34434950716809), -1.0, FIELD), 202.48676828067707, UNKNOWN, LVO)"
3,0.2556026613518772,0.24418294143999997,38.000294206576854,-122.34507764923005,"PatientState(Location(""FIELD"", (38.000294206576854, -122.34507764923005), -1.0, FIELD), 135.07718294465081, UNKNOWN, LVO)"
4,0.26351466985187366,0.24418294143999997,38.002131684437465,-122.34453582916476,"PatientState(Location(""FIELD"", (38.002131684437465, -122.34453582916476), -1.0, FIELD), 90.88951170725159, UNKNOWN, HEMORRHAGIC)"
5,0.24418294143999997,0.24418294143999997,37.99966068370225,-122.3426005497948,"PatientState(Location(""FIELD"", (37.99966068370225, -122.3426005497948), -1.0, FIELD), 163.63325705476146, UNKNOWN, NLVO)"
