sample,reward_best,reward_CA,location_lat,location_lon,patient_state
1,0.32411363181540037,0.32411363181540037,37.33033578287019,-121.77024557195982,"PatientState(Location(""FIELD"", (37.33033578287019, -121.77024557195982), -1.0, FIELD), 147.04400552504413, UNKNOWN, LVO)"
2,0.24418294143999997,0.24418294143999997,37.33326667591694,-121.76729314527128,"PatientState(Location(""FIELD"", (37.33326667591694, -121.76729314527128), -1.0, FIELD), 261.79334302028826, UNKNOWN, LVO)"
3,0.24418294143999997,0.24418294143999997,37.33332238168958,-121.76658406947428,"PatientState(Location(""FIELD"", (37.33332238168958, -121.76658406947428), -1.0, FIELD), 240.44604324881595, UNKNOWN, HEMORRHAGIC)"
4,0.3178408457383986,0.3178408457383986,37.332885669006046,-121.76998641848301,"PatientState(Location(""FIELD"", (37.332885669006046, -121.76998641848301), -1.0, FIELD), 175.25556385890383, UNKNOWN, HEMORRHAGIC)"
5,0.24418294143999997,0.24418294143999997,37.332345784727494,-121.76879239253024,"PatientState(Location(""FIELD"", (37.332345784727494, -121.76879239253024), -1.0, FIELD), 250.67135070757644, UNKNOWN, HEMORRHAGIC)"
