sample,reward_best,reward_CA,location_lat,location_lon,patient_state
1,0.3383254645269046,0.32515395812259135,37.71931111549102,-122.44606428838362,"PatientState(Location(""FIELD"", (37.71931111549102, -122.44606428838362), -1.0, FIELD), 69.17351294692166, UNKNOWN, LVO)"
2,0.24418294143999997,0.24418294143999997,37.71989521181035,-122.45018501716979,"PatientState(Location(""FIELD"", (37.71989521181035, -122.45018501716979), -1.0, FIELD), 243.46993067283503, UNKNOWN, LVO)"
3,0.3232668604172833,0.24418294143999997,37.72339814112651,-122.44862330862594,"PatientState(Location(""FIELD"", (37.72339814112651, -122.44862330862594), -1.0, FIELD), 134.42529884115606, UNKNOWN, LVO)"
4,0.3151811749068798,0.24418294143999997,37.721823878326546,-122.44743325403537,"PatientState(Location(""FIELD"", (37.721823878326546, -122.44743325403537), -1.0, FIELD), 171.01670159144064, UNKNOWN, LVO)"
5,0.24418294143999997,0.24418294143999997,37.72299600505358,-122.44825122062518,"PatientState(Location(""FIELD"", (37.72299600505358, -122.44825122062518), -1.0, FIELD), 223.24032499003422, UNKNOWN, LVO)"
