sample,reward_best,reward_CA,location_lat,location_lon,patient_state
1,0.33544251626530996,0.2518514467050865,37.75576948791299,-121.85524684304502,"PatientState(Location(""FIELD"", (37.75576948791299, -121.85524684304502), -1.0, FIELD), 63.55885989918984, UNKNOWN, MIMIC)"
2,0.24418294143999997,0.24418294143999997,37.7559818510782,-121.85570480927512,"PatientState(Location(""FIELD"", (37.7559818510782, -121.85570480927512), -1.0, FIELD), 174.48435229640808, UNKNOWN, LVO)"
3,0.24418294143999997,0.24418294143999997,37.75649079204073,-121.85106466471095,"PatientState(Location(""FIELD"", (37.75649079204073, -121.85106466471095), -1.0, FIELD), 180.7394358425657, UNKNOWN, HEMORRHAGIC)"
4,0.3386451822673575,0.3164540817165256,37.7576498761111,-121.85410998422003,"PatientState(Location(""FIELD"", (37.7576498761111, -121.85410998422003), -1.0, FIELD), 50.213462052508675, UNKNOWN, LVO)"
5,0.3443337532653371,0.3219268448818616,37.75662857974239,-121.85145337613596,"PatientState(Location(""FIELD"", (37.75662857974239, -121.85145337613596), -1.0, FIELD), 25.149779295952555, UNKNOWN, HEMORRHAGIC)"
