sample,reward_best,reward_CA,location_lat,location_lon,patient_state
1,0.3265389008748435,0.24418294143999997,37.64651622181291,-122.0777737500164,"PatientState(Location(""FIELD"", (37.64651622181291, -122.0777737500164), -1.0, FIELD), 124.19928866935759, UNKNOWN, NLVO)"
2,0.3222743965984162,0.24418294143999997,37.64816492199827,-122.07839925543793,"PatientState(Location(""FIELD"", (37.64816492199827, -122.07839925543793), -1.0, FIELD), 141.92637258349149, UNKNOWN, HEMORRHAGIC)"
3,0.3438662219201131,0.32274241776516116,37.64870263790673,-122.07717563984674,"PatientState(Location(""FIELD"", (37.64870263790673, -122.07717563984674), -1.0, FIELD), 48.54832588887856, UNKNOWN, LVO)"
4,0.32458387480814593,0.24418294143999997,37.648244644095136,-122.08031361381452,"PatientState(Location(""FIELD"", (37.648244644095136, -122.08031361381452), -1.0, FIELD), 132.75502448994348, UNKNOWN, HEMORRHAGIC)"
5,0.35204719505211873,0.33064103042384607,37.64400263601826,-122.08054125132112,"PatientState(Location(""FIELD"", (37.64400263601826, -122.08054125132112), -1.0, FIELD), 13.797898655070588, UNKNOWN, HEMORRHAGIC)"
