sample,reward_best,reward_CA,location_lat,location_lon,patient_state
1,0.32900622139807406,0.24418294143999997,37.763909600917735,-121.8164211868889,"PatientState(Location(""FIELD"", (37.763909600917735, -121.8164211868889), -1.0, FIELD), 93.26601844553214, UNKNOWN, LVO)"
2,0.32397988721033816,0.24418294143999997,37.76391286561986,-121.81610752303837,"PatientState(Location(""FIELD"", (37.76391286561986, -121.81610752303837), -1.0, FIELD), 115.36611075566827, UNKNOWN, LVO)"
3,0.24418294143999997,0.24418294143999997,37.764524628759546,-121.81630192889307,"PatientState(Location(""FIELD"", (37.764524628759546, -121.81630192889307), -1.0, FIELD), 199.4879745539057, UNKNOWN, HEMORRHAGIC)"
4,0.24418294143999997,0.24418294143999997,37.76437988438623,-121.81994211376164,"PatientState(Location(""FIELD"", (37.76437988438623, -121.81994211376164), -1.0, FIELD), 183.9664854592745, UNKNOWN, LVO)"
5,0.24418294143999997,0.24418294143999997,37.76468393658727,-121.82009378420815,"PatientState(Location(""FIELD"", (37.76468393658727, -121.82009378420815), -1.0, FIELD), 207.02530778290017, UNKNOWN, NLVO)"
