sample,reward_best,reward_CA,location_lat,location_lon,patient_state
1,0.34561076066251667,0.3236838911815868,37.6263124259031,-122.1252765141111,"PatientState(Location(""FIELD"", (37.6263124259031, -122.1252765141111), -1.0, FIELD), 45.047055431143946, UNKNOWN, HEMORRHAGIC)"
2,0.3166665260669544,0.24418294143999997,37.62510954426807,-122.12375854078824,"PatientState(Location(""FIELD"", (37.62510954426807, -122.12375854078824), -1.0, FIELD), 172.21031857107775, UNKNOWN, LVO)"
3,0.3350796499736605,0.24418294143999997,37.627931979237864,-122.12449628535919,"PatientState(Location(""FIELD"", (37.627931979237864, -122.12449628535919), -1.0, FIELD), 89.56688092726904, UNKNOWN, HEMORRHAGIC)"
4,0.33699181506407383,0.31539107530628996,37.62489037829302,-122.12107585080133,"PatientState(Location(""FIELD"", (37.62489037829302, -122.12107585080133), -1.0, FIELD), 82.80796700390364, UNKNOWN, NLVO)"
5,0.3268612362835356,0.24418294143999997,37.626698615566134,-122.12107256000667,"PatientState(Location(""FIELD"", (37.626698615566134, -122.12107256000667), -1.0, FIELD), 127.63094977674112, UNKNOWN, HEMORRHAGIC)"
