sample,reward_best,reward_CA,location_lat,location_lon,patient_state
1,0.32733383774298763,0.24418294143999997,37.76083003648335,-122.01737369071012,"PatientState(Location(""FIELD"", (37.76083003648335, -122.01737369071012), -1.0, FIELD), 104.1221472699929, UNKNOWN, HEMORRHAGIC)"
2,0.24418294143999997,0.24418294143999997,37.76376365658537,-122.01651782940732,"PatientState(Location(""FIELD"", (37.76376365658537, -122.01651782940732), -1.0, FIELD), 246.9566868751765, UNKNOWN, LVO)"
3,0.24418294143999997,0.24418294143999997,37.7621193836371,-122.01997595169,"PatientState(Location(""FIELD"", (37.7621193836371, -122.01997595169), -1.0, FIELD), 235.0421214811342, UNKNOWN, HEMORRHAGIC)"
4,0.24418294143999997,0.24418294143999997,37.761690886247415,-122.01911617198975,"PatientState(Location(""FIELD"", (37.761690886247415, -122.01911617198975), -1.0, FIELD), 198.94886955059164, UNKNOWN, LVO)"
5,0.3449256863221175,0.3236070417729258,37.7629711835938,-122.01837340061941,"PatientState(Location(""FIELD"", (37.7629711835938, -122.01837340061941), -1.0, FIELD), 30.386070125770065, UNKNOWN, LVO)"
