sample,reward_best,reward_CA,location_lat,location_lon,patient_state
1,0.24418294143999997,0.24418294143999997,37.555549119160354,-121.8944526229208,"PatientState(Location(""FIELD"", (37.555549119160354, -121.8944526229208), -1.0, FIELD), 232.26490590357145, UNKNOWN, MIMIC)"
2,0.3335474670464488,0.3146648336698276,37.555413958607105,-121.89528501609294,"PatientState(Location(""FIELD"", (37.555413958607105, -121.89528501609294), -1.0, FIELD), 100.45492325960667, UNKNOWN, HEMORRHAGIC)"
3,0.3303044773433103,0.24418294143999997,37.55694882844885,-121.89340338192443,"PatientState(Location(""FIELD"", (37.55694882844885, -121.89340338192443), -1.0, FIELD), 114.86717377030284, UNKNOWN, LVO)"
4,0.3258419339887325,0.24418294143999997,37.55514550197406,-121.89255023954155,"PatientState(Location(""FIELD"", (37.55514550197406, -121.89255023954155), -1.0, FIELD), 134.539228360384, UNKNOWN, LVO)"
5,0.31540455496086,0.24418294143999997,37.55726888215624,-121.89470558298352,"PatientState(Location(""FIELD"", (37.55726888215624, -121.89470558298352), -1.0, FIELD), 180.99560125056985, UNKNOWN, LVO)"
