sample,reward_best,reward_CA,location_lat,location_lon,patient_state
1,0.24418294143999997,0.24418294143999997,37.64744238965998,-122.14934751445007,"PatientState(Location(""FIELD"", (37.64744238965998, -122.14934751445007), -1.0, FIELD), 188.14066935699313, UNKNOWN, HEMORRHAGIC)"
2,0.24418294143999997,0.24418294143999997,37.648647426951435,-122.14586878330259,"PatientState(Location(""FIELD"", (37.648647426951435, -122.14586878330259), -1.0, FIELD), 245.9669905305555, UNKNOWN, HEMORRHAGIC)"
3,0.3241070795194907,0.24418294143999997,37.645951353340436,-122.14632705770728,"PatientState(Location(""FIELD"", (37.645951353340436, -122.14632705770728), -1.0, FIELD), 130.00967660946876, UNKNOWN, LVO)"
4,0.24418294143999997,0.24418294143999997,37.64506465332742,-122.14837095670008,"PatientState(Location(""FIELD"", (37.64506465332742, -122.14837095670008), -1.0, FIELD), 208.75197178888314, UNKNOWN, HEMORRHAGIC)"
5,0.3257174384762889,0.24418294143999997,37.64564406271915,-122.14855785021375,"PatientState(Location(""FIELD"", (37.64564406271915, -122.14855785021375), -1.0, FIELD), 122.89194046061925, UNKNOWN, LVO)"
