sample,reward_best,reward_CA,location_lat,location_lon,patient_state
1,0.33314479633896527,0.24418294143999997,37.722103735175196,-121.63001725688756,"PatientState(Location(""FIELD"", (37.722103735175196, -121.63001725688756), -1.0, FIELD), 64.29804219219928, UNKNOWN, HEMORRHAGIC)"
2,0.32518344234381136,0.24418294143999997,37.71979551970457,-121.62804327308352,"PatientState(Location(""FIELD"", (37.71979551970457, -121.62804327308352), -1.0, FIELD), 100.44315204873863, UNKNOWN, LVO)"
3,0.3353795866396608,0.31574342549264506,37.72278284497309,-121.6264322717339,"PatientState(Location(""FIELD"", (37.72278284497309, -121.6264322717339), -1.0, FIELD), 54.83687920110606, UNKNOWN, LVO)"
4,0.34430809628977316,0.3243632052217435,37.72311637956622,-121.62995148336135,"PatientState(Location(""FIELD"", (37.72311637956622, -121.62995148336135), -1.0, FIELD), 15.87784213571446, UNKNOWN, LVO)"
5,0.24418294143999997,0.24418294143999997,37.719490996020596,-121.62906040612683,"PatientState(Location(""FIELD"", (37.719490996020596, -121.62906040612683), -1.0, FIELD), 238.18784066054607, UNKNOWN, MIMIC)"
