sample,reward_best,reward_CA,location_lat,location_lon,patient_state
1,0.3456124082979819,0.3456124082979819,37.32277977160894,-121.76349953364065,"PatientState(Location(""FIELD"", (37.32277977160894, -121.76349953364065), -1.0, FIELD), 50.50335603530732, UNKNOWN, LVO)"
2,0.24418294143999997,0.24418294143999997,37.319336071864925,-121.76186645210743,"PatientState(Location(""FIELD"", (37.319336071864925, -121.76186645210743), -1.0, FIELD), 213.1366462259764, UNKNOWN, LVO)"
3,0.24418294143999997,0.24418294143999997,37.32017692686239,-121.76332121605094,"PatientState(Location(""FIELD"", (37.32017692686239, -121.76332121605094), -1.0, FIELD), 191.53811012943046, UNKNOWN, LVO)"
4,0.3381614225440015,0.3381614225440015,37.32370088810455,-121.76275523328327,"PatientState(Location(""FIELD"", (37.32370088810455, -121.76275523328327), -1.0, FIELD), 82.14020746034164, UNKNOWN, LVO)"
5,0.3563395263081373,0.3563395263081373,37.32112417895217,-121.76395929248595,"PatientState(Location(""FIELD"", (37.32112417895217, -121.76395929248595), -1.0, FIELD), 4.629644994802068, UNKNOWN, HEMORRHAGIC)"
