sample,reward_best,reward_CA,location_lat,location_lon,patient_state
1,0.3295489785317314,0.2674866654795951,37.65464038339005,-122.41661934746715,"PatientState(Location(""FIELD"", (37.65464038339005, -122.41661934746715), -1.0, FIELD), 115.75110374251554, UNKNOWN, LVO)"
2,0.3343652101876173,0.33258174932645174,37.655154659059654,-122.42054739386352,"PatientState(Location(""FIELD"", (37.655154659059654, -122.42054739386352), -1.0, FIELD), 94.00173815322687, UNKNOWN, LVO)"
3,0.3533855733244809,0.3515447818155034,37.6565327097705,-122.41597290531432,"PatientState(Location(""FIELD"", (37.6565327097705, -122.41597290531432), -1.0, FIELD), 13.040857419000945, UNKNOWN, MIMIC)"
4,0.24418294143999997,0.24418294143999997,37.65748524918259,-122.420627947983,"PatientState(Location(""FIELD"", (37.65748524918259, -122.420627947983), -1.0, FIELD), 235.54778150548356, UNKNOWN, HEMORRHAGIC)"
5,0.25484517664814105,0.25484517664814105,37.65619703139113,-122.4172365472286,"PatientState(Location(""FIELD"", (37.65619703139113, -122.4172365472286), -1.0, FIELD), 185.49850790183916, UNKNOWN, LVO)"
