sample,reward_best,reward_CA,location_lat,location_lon,patient_state
1,0.24418294143999997,0.24418294143999997,38.04050436943181,-122.13070373483919,"PatientState(Location(""FIELD"", (38.04050436943181, -122.13070373483919), -1.0, FIELD), 81.19894403816461, UNKNOWN, HEMORRHAGIC)"
2,0.24418294143999997,0.24418294143999997,38.040444115394926,-122.12933818696848,"PatientState(Location(""FIELD"", (38.040444115394926, -122.12933818696848), -1.0, FIELD), 104.95449179947607, UNKNOWN, HEMORRHAGIC)"
3,0.24418294143999997,0.24418294143999997,38.04076004648469,-122.12648263148841,"PatientState(Location(""FIELD"", (38.04076004648469, -122.12648263148841), -1.0, FIELD), 186.7658487580654, UNKNOWN, LVO)"
4,0.31497274252101093,0.31497274252101093,38.04223493286453,-122.12588676749442,"PatientState(Location(""FIELD"", (38.04223493286453, -122.12588676749442), -1.0, FIELD), 72.03743891726475, UNKNOWN, HEMORRHAGIC)"
5,0.24418294143999997,0.24418294143999997,38.042134284181756,-122.12587591137545,"PatientState(Location(""FIELD"", (38.042134284181756, -122.12587591137545), -1.0, FIELD), 160.99599511314614, UNKNOWN, NLVO)"
