sample,reward_best,reward_CA,location_lat,location_lon,patient_state
1,0.24418294143999997,0.24418294143999997,37.906285972942236,-122.1927813270593,"PatientState(Location(""FIELD"", (37.906285972942236, -122.1927813270593), -1.0, FIELD), 242.6584284461129, UNKNOWN, LVO)"
2,0.3391826958621028,0.3220915792580462,37.90706188139151,-122.19222431868305,"PatientState(Location(""FIELD"", (37.90706188139151, -122.19222431868305), -1.0, FIELD), 38.29325222013648, UNKNOWN, LVO)"
3,0.24418294143999997,0.24418294143999997,37.90850634905859,-122.1908967112205,"PatientState(Location(""FIELD"", (37.90850634905859, -122.1908967112205), -1.0, FIELD), 185.53561535465207, UNKNOWN, MIMIC)"
4,0.24418294143999997,0.24418294143999997,37.9059985395882,-122.19391202094772,"PatientState(Location(""FIELD"", (37.9059985395882, -122.19391202094772), -1.0, FIELD), 228.6578263868309, UNKNOWN, LVO)"
5,0.33443491931666836,0.31748338455721253,37.90540352048624,-122.1919375810217,"PatientState(Location(""FIELD"", (37.90540352048624, -122.1919375810217), -1.0, FIELD), 59.87378908096907, UNKNOWN, LVO)"
