sample,reward_best,reward_CA,location_lat,location_lon,patient_state
1,0.24418294143999997,0.24418294143999997,38.08921686848611,-121.94250042187772,"PatientState(Location(""FIELD"", (38.08921686848611, -121.94250042187772), -1.0, FIELD), 115.05724435724635, UNKNOWN, LVO)"
2,0.24418294143999997,0.24418294143999997,38.09085034731772,-121.94554340324021,"PatientState(Location(""FIELD"", (38.09085034731772, -121.94554340324021), -1.0, FIELD), 263.7655652792829, UNKNOWN, LVO)"
3,0.24418294143999997,0.24418294143999997,38.09281927008678,-121.94522012876895,"PatientState(Location(""FIELD"", (38.09281927008678, -121.94522012876895), -1.0, FIELD), 119.38463948824761, UNKNOWN, LVO)"
4,0.24418294143999997,0.24418294143999997,38.09169074878549,-121.94265220245632,"PatientState(Location(""FIELD"", (38.09169074878549, -121.94265220245632), -1.0, FIELD), 174.87282109004553, UNKNOWN, LVO)"
5,0.24418294143999997,0.24418294143999997,38.08981591803618,-121.94415353695842,"PatientState(Location(""FIELD"", (38.08981591803618, -121.94415353695842), -1.0, FIELD), 246.541440438861, UNKNOWN, HEMORRHAGIC)"
