sample,reward_best,reward_CA,location_lat,location_lon,patient_state
1,0.24418294143999997,0.24418294143999997,37.97865510186916,-121.9715814386619,"PatientState(Location(""FIELD"", (37.97865510186916, -121.9715814386619), -1.0, FIELD), 127.41516374094833, UNKNOWN, NLVO)"
2,0.3254570622051135,0.3254570622051135,37.97748186312178,-121.97283150382216,"PatientState(Location(""FIELD"", (37.97748186312178, -121.97283150382216), -1.0, FIELD), 14.654956121503949, UNKNOWN, LVO)"
3,0.24418294143999997,0.24418294143999997,37.97746802818927,-121.97341466125758,"PatientState(Location(""FIELD"", (37.97746802818927, -121.97341466125758), -1.0, FIELD), 243.7648056262274, UNKNOWN, LVO)"
4,0.24418294143999997,0.24418294143999997,37.97835769773564,-121.97421805525046,"PatientState(Location(""FIELD"", (37.97835769773564, -121.97421805525046), -1.0, FIELD), 180.77234880345475, UNKNOWN, HEMORRHAGIC)"
5,0.24418294143999997,0.24418294143999997,37.978634500268384,-121.97321106451233,"PatientState(Location(""FIELD"", (37.978634500268384, -121.97321106451233), -1.0, FIELD), 217.20144738238008, UNKNOWN, NLVO)"
