sample,reward_best,reward_CA,location_lat,location_lon,patient_state
1,0.31661129578734737,0.24418294143999997,37.516124816389585,-121.95334885111835,"PatientState(Location(""FIELD"", (37.516124816389585, -121.95334885111835), -1.0, FIELD), 179.1133932210491, UNKNOWN, NLVO)"
2,0.32515796200071384,0.24418294143999997,37.51733995955019,-121.95142573037282,"PatientState(Location(""FIELD"", (37.51733995955019, -121.95142573037282), -1.0, FIELD), 139.35738653287916, UNKNOWN, LVO)"
3,0.24418294143999997,0.24418294143999997,37.51503383013766,-121.95475895521881,"PatientState(Location(""FIELD"", (37.51503383013766, -121.95475895521881), -1.0, FIELD), 217.10554904098817, UNKNOWN, NLVO)"
4,0.3270391610541978,0.24418294143999997,37.518781077752664,-121.95257048970447,"PatientState(Location(""FIELD"", (37.518781077752664, -121.95257048970447), -1.0, FIELD), 131.10248494904903, UNKNOWN, LVO)"
5,0.3368244688173396,0.3176408552978044,37.516129473126355,-121.95376692772705,"PatientState(Location(""FIELD"", (37.516129473126355, -121.95376692772705), -1.0, FIELD), 89.47718531074135, UNKNOWN, HEMORRHAGIC)"
