sample,reward_best,reward_CA,location_lat,location_lon,patient_state
1,0.24418294143999997,0.24418294143999997,37.427727846046054,-122.21929030093759,"PatientState(Location(""FIELD"", (37.427727846046054, -122.21929030093759), -1.0, FIELD), 245.62776949649202, UNKNOWN, LVO)"
2,0.3551192020792704,0.3551192020792704,37.42627249368539,-122.2180117234915,"PatientState(Location(""FIELD"", (37.42627249368539, -122.2180117234915), -1.0, FIELD), 18.413179454520996, UNKNOWN, LVO)"
3,0.24418294143999997,0.24418294143999997,37.42821155267222,-122.22073264821128,"PatientState(Location(""FIELD"", (37.42821155267222, -122.22073264821128), -1.0, FIELD), 204.42641581092818, UNKNOWN, MIMIC)"
4,0.32472674305633514,0.32472674305633514,37.42501534527491,-122.2158111468299,"PatientState(Location(""FIELD"", (37.42501534527491, -122.2158111468299), -1.0, FIELD), 150.74491621124815, UNKNOWN, NLVO)"
5,0.3364676053026713,0.3364676053026713,37.42388457036952,-122.21960685471052,"PatientState(Location(""FIELD"", (37.42388457036952, -122.21960685471052), -1.0, FIELD), 98.67724204911914, UNKNOWN, NLVO)"
