sample,reward_best,reward_CA,location_lat,location_lon,patient_state
1,0.24418294143999997,0.24418294143999997,37.96181738431671,-121.7721774954572,"PatientState(Location(""FIELD"", (37.96181738431671, -121.7721774954572), -1.0, FIELD), 71.46429464898485, UNKNOWN, HEMORRHAGIC)"
2,0.24418294143999997,0.24418294143999997,37.96037096625641,-121.77456507327466,"PatientState(Location(""FIELD"", (37.96037096625641, -121.77456507327466), -1.0, FIELD), 119.55014669833484, UNKNOWN, NLVO)"
3,0.24418294143999997,0.24418294143999997,37.96327101325808,-121.77357832268795,"PatientState(Location(""FIELD"", (37.96327101325808, -121.77357832268795), -1.0, FIELD), 268.577116243413, UNKNOWN, NLVO)"
4,0.3189349438675337,0.24418294143999997,37.96131101919343,-121.77503651749885,"PatientState(Location(""FIELD"", (37.96131101919343, -121.77503651749885), -1.0, FIELD), 36.87982758573067, UNKNOWN, NLVO)"
5,0.24418294143999997,0.24418294143999997,37.95916991230296,-121.77319070855694,"PatientState(Location(""FIELD"", (37.95916991230296, -121.77319070855694), -1.0, FIELD), 226.11708237033287, UNKNOWN, LVO)"
