sample,reward_best,reward_CA,location_lat,location_lon,patient_state
1,0.24418294143999997,0.24418294143999997,38.05984978186839,-122.16374226000333,"PatientState(Location(""FIELD"", (38.05984978186839, -122.16374226000333), -1.0, FIELD), 204.0800613310857, UNKNOWN, LVO)"
2,0.24418294143999997,0.24418294143999997,38.05999108704553,-122.16183458625281,"PatientState(Location(""FIELD"", (38.05999108704553, -122.16183458625281), -1.0, FIELD), 238.93903482731878, UNKNOWN, NLVO)"
3,0.24418294143999997,0.24418294143999997,38.05970699880771,-122.1634806119419,"PatientState(Location(""FIELD"", (38.05970699880771, -122.1634806119419), -1.0, FIELD), 128.6761721847028, UNKNOWN, MIMIC)"
4,0.24418294143999997,0.24418294143999997,38.05911318896922,-122.16258711951475,"PatientState(Location(""FIELD"", (38.05911318896922, -122.16258711951475), -1.0, FIELD), 161.67566578625787, UNKNOWN, LVO)"
5,0.3195494608597536,0.31851491999397563,38.06199494463387,-122.16316480816876,"PatientState(Location(""FIELD"", (38.06199494463387, -122.16316480816876), -1.0, FIELD), 51.65866096020552, UNKNOWN, LVO)"
