sample,reward_best,reward_CA,location_lat,location_lon,patient_state
1,0.31625540542963704,0.24418294143999997,37.63284813242228,-122.08484628716506,"PatientState(Location(""FIELD"", (37.63284813242228, -122.08484628716506), -1.0, FIELD), 172.78259179312218, UNKNOWN, LVO)"
2,0.3193800769672093,0.24418294143999997,37.62897768113384,-122.08574878509714,"PatientState(Location(""FIELD"", (37.62897768113384, -122.08574878509714), -1.0, FIELD), 157.13248802884516, UNKNOWN, HEMORRHAGIC)"
3,0.32696910906247445,0.24418294143999997,37.631875995677845,-122.08100725724366,"PatientState(Location(""FIELD"", (37.631875995677845, -122.08100725724366), -1.0, FIELD), 122.94591787914098, UNKNOWN, HEMORRHAGIC)"
4,0.32560471573923633,0.24418294143999997,37.629923312306886,-122.08531000387939,"PatientState(Location(""FIELD"", (37.629923312306886, -122.08531000387939), -1.0, FIELD), 128.7128104210856, UNKNOWN, NLVO)"
5,0.3418918999255086,0.3225387166018048,37.6322986545277,-122.08431271070815,"PatientState(Location(""FIELD"", (37.6322986545277, -122.08431271070815), -1.0, FIELD), 60.17263692565037, UNKNOWN, LVO)"
