sample,reward_best,reward_CA,location_lat,location_lon,patient_state
1,0.24418294143999997,0.24418294143999997,38.13126521749945,-121.62791535883676,"PatientState(Location(""FIELD"", (38.13126521749945, -121.62791535883676), -1.0, FIELD), 264.1260273979017, UNKNOWN, HEMORRHAGIC)"
2,0.24418294143999997,0.24418294143999997,38.132296512880515,-121.62802395533774,"PatientState(Location(""FIELD"", (38.132296512880515, -121.62802395533774), -1.0, FIELD), 249.07406090794612, UNKNOWN, LVO)"
3,0.24418294143999997,0.24418294143999997,38.12972137493593,-121.6278809979991,"PatientState(Location(""FIELD"", (38.12972137493593, -121.6278809979991), -1.0, FIELD), 85.20296373820075, UNKNOWN, LVO)"
4,0.24418294143999997,0.24418294143999997,38.129238683159755,-121.62700514332364,"PatientState(Location(""FIELD"", (38.129238683159755, -121.62700514332364), -1.0, FIELD), 153.75052441416793, UNKNOWN, LVO)"
5,0.24418294143999997,0.24418294143999997,38.12930907828358,-121.62666925163518,"PatientState(Location(""FIELD"", (38.12930907828358, -121.62666925163518), -1.0, FIELD), 173.41897930527225, UNKNOWN, NLVO)"
