sample,reward_best,reward_CA,location_lat,location_lon,patient_state
1,0.24418294143999997,0.24418294143999997,37.74252110182384,-122.19851688964975,"PatientState(Location(""FIELD"", (37.74252110182384, -122.19851688964975), -1.0, FIELD), 198.56500807777138, UNKNOWN, HEMORRHAGIC)"
2,0.24418294143999997,0.24418294143999997,37.74118261212914,-122.20041787421906,"PatientState(Location(""FIELD"", (37.74118261212914, -122.20041787421906), -1.0, FIELD), 198.472022679388, UNKNOWN, LVO)"
3,0.24418294143999997,0.24418294143999997,37.74057737145796,-122.19954485733695,"PatientState(Location(""FIELD"", (37.74057737145796, -122.19954485733695), -1.0, FIELD), 195.556198934325, UNKNOWN, NLVO)"
4,0.3308966127680831,0.31474407393111054,37.742452272988835,-122.19651842404575,"PatientState(Location(""FIELD"", (37.742452272988835, -122.19651842404575), -1.0, FIELD), 95.22516630164479, UNKNOWN, LVO)"
5,0.24418294143999997,0.24418294143999997,37.74342093502614,-122.19920768920777,"PatientState(Location(""FIELD"", (37.74342093502614, -122.19920768920777), -1.0, FIELD), 188.16295073297854, UNKNOWN, HEMORRHAGIC)"
