sample,reward_best,reward_CA,location_lat,location_lon,patient_state
1,0.24418294143999997,0.24418294143999997,37.87640654982496,-121.65788915217776,"PatientState(Location(""FIELD"", (37.87640654982496, -121.65788915217776), -1.0, FIELD), 201.40724234351106, UNKNOWN, LVO)"
2,0.24418294143999997,0.24418294143999997,37.8779337697862,-121.65961938111215,"PatientState(Location(""FIELD"", (37.8779337697862, -121.65961938111215), -1.0, FIELD), 233.0006784441465, UNKNOWN, HEMORRHAGIC)"
3,0.24418294143999997,0.24418294143999997,37.876414755208465,-121.65808782704421,"PatientState(Location(""FIELD"", (37.876414755208465, -121.65808782704421), -1.0, FIELD), 133.73740357520572, UNKNOWN, NLVO)"
4,0.3174036499100716,0.24418294143999997,37.87616591137608,-121.65941614390732,"PatientState(Location(""FIELD"", (37.87616591137608, -121.65941614390732), -1.0, FIELD), 31.275905476312424, UNKNOWN, HEMORRHAGIC)"
5,0.31963215217691965,0.24418294143999997,37.878005498540944,-121.659864243173,"PatientState(Location(""FIELD"", (37.878005498540944, -121.659864243173), -1.0, FIELD), 21.302255924334112, UNKNOWN, HEMORRHAGIC)"
