sample,reward_best,reward_CA,location_lat,location_lon,patient_state
1,0.32883747719043466,0.32883747719043466,37.27260690346303,-121.62030429993949,"PatientState(Location(""FIELD"", (37.27260690346303, -121.62030429993949), -1.0, FIELD), 76.55140958262068, UNKNOWN, HEMORRHAGIC)"
2,0.24418294143999997,0.24418294143999997,37.27201481507428,-121.6171042203863,"PatientState(Location(""FIELD"", (37.27201481507428, -121.6171042203863), -1.0, FIELD), 151.8238946641135, UNKNOWN, HEMORRHAGIC)"
3,0.3228643901272287,0.3228643901272287,37.26922812330958,-121.61886987102461,"PatientState(Location(""FIELD"", (37.26922812330958, -121.61886987102461), -1.0, FIELD), 102.06206495710191, UNKNOWN, HEMORRHAGIC)"
4,0.24418294143999997,0.24418294143999997,37.269744622120776,-121.61747905714564,"PatientState(Location(""FIELD"", (37.269744622120776, -121.61747905714564), -1.0, FIELD), 159.8752278391853, UNKNOWN, LVO)"
5,0.24418294143999997,0.24418294143999997,37.27058012226883,-121.61908014241307,"PatientState(Location(""FIELD"", (37.27058012226883, -121.61908014241307), -1.0, FIELD), 200.34500069462732, UNKNOWN, HEMORRHAGIC)"
