sample,reward_best,reward_CA,location_lat,location_lon,patient_state
1,0.3239806569568901,0.24418294143999997,37.6073051094568,-121.85008308931819,"PatientState(Location(""FIELD"", (37.6073051094568, -121.85008308931819), -1.0, FIELD), 136.72936922497126, UNKNOWN, MIMIC)"
2,0.24418294143999997,0.24418294143999997,37.60476792966812,-121.84787123884955,"PatientState(Location(""FIELD"", (37.60476792966812, -121.84787123884955), -1.0, FIELD), 211.46962570433976, UNKNOWN, NLVO)"
3,0.24418294143999997,0.24418294143999997,37.604454870907624,-121.84618688266235,"PatientState(Location(""FIELD"", (37.604454870907624, -121.84618688266235), -1.0, FIELD), 219.0795800078634, UNKNOWN, LVO)"
4,0.3404199158111078,0.32130274441354884,37.60634586607458,-121.8496698959004,"PatientState(Location(""FIELD"", (37.60634586607458, -121.8496698959004), -1.0, FIELD), 65.43585972595697, UNKNOWN, LVO)"
5,0.24418294143999997,0.24418294143999997,37.60747548105267,-121.84873385012787,"PatientState(Location(""FIELD"", (37.60747548105267, -121.84873385012787), -1.0, FIELD), 213.7733653683441, UNKNOWN, HEMORRHAGIC)"
