sample,reward_best,reward_CA,location_lat,location_lon,patient_state
1,0.3153849054563498,0.24418294143999997,38.01573177304269,-121.6021009753432,"PatientState(Location(""FIELD"", (38.01573177304269, -121.6021009753432), -1.0, FIELD), 22.37384403662213, UNKNOWN, LVO)"
2,0.24418294143999997,0.24418294143999997,38.017234637438385,-121.60106596419759,"PatientState(Location(""FIELD"", (38.017234637438385, -121.60106596419759), -1.0, FIELD), 131.592426216422, UNKNOWN, HEMORRHAGIC)"
3,0.24418294143999997,0.24418294143999997,38.014325271114025,-121.60366491367557,"PatientState(Location(""FIELD"", (38.014325271114025, -121.60366491367557), -1.0, FIELD), 260.0447286392635, UNKNOWN, HEMORRHAGIC)"
4,0.24418294143999997,0.24418294143999997,38.018704149932496,-121.60529615670372,"PatientState(Location(""FIELD"", (38.018704149932496, -121.60529615670372), -1.0, FIELD), 245.87236524076397, UNKNOWN, NLVO)"
5,0.24418294143999997,0.24418294143999997,38.01419507909554,-121.60180704615931,"PatientState(Location(""FIELD"", (38.01419507909554, -121.60180704615931), -1.0, FIELD), 170.2997287983319, UNKNOWN, LVO)"
