sample,reward_best,reward_CA,location_lat,location_lon,patient_state
1,0.24418294143999997,0.24418294143999997,38.12809707610107,-121.86714143299761,"PatientState(Location(""FIELD"", (38.12809707610107, -121.86714143299761), -1.0, FIELD), 226.7257692934548, UNKNOWN, MIMIC)"
2,0.24418294143999997,0.24418294143999997,38.127354437659505,-121.86909143479524,"PatientState(Location(""FIELD"", (38.127354437659505, -121.86909143479524), -1.0, FIELD), 258.11765561014226, UNKNOWN, HEMORRHAGIC)"
3,0.24418294143999997,0.24418294143999997,38.12387985831669,-121.86707662146507,"PatientState(Location(""FIELD"", (38.12387985831669, -121.86707662146507), -1.0, FIELD), 78.51695864044801, UNKNOWN, LVO)"
4,0.24418294143999997,0.24418294143999997,38.12614097513565,-121.86891480024207,"PatientState(Location(""FIELD"", (38.12614097513565, -121.86891480024207), -1.0, FIELD), 230.64618404721122, UNKNOWN, HEMORRHAGIC)"
5,0.24418294143999997,0.24418294143999997,38.12501651378064,-121.86983375972612,"PatientState(Location(""FIELD"", (38.12501651378064, -121.86983375972612), -1.0, FIELD), 152.37596134818756, UNKNOWN, LVO)"
