sample,reward_best,reward_CA,location_lat,location_lon,patient_state
1,0.3260933053366969,0.3260933053366969,37.201825075953806,-122.06201037905176,"PatientState(Location(""FIELD"", (37.201825075953806, -122.06201037905176), -1.0, FIELD), 123.6053520666141, UNKNOWN, HEMORRHAGIC)"
2,0.24418294143999997,0.24418294143999997,37.203193322235805,-122.06215678834431,"PatientState(Location(""FIELD"", (37.203193322235805, -122.06215678834431), -1.0, FIELD), 251.10843410453157, UNKNOWN, MIMIC)"
3,0.3187596970723536,0.3187596970723536,37.20348723928384,-122.06553956647342,"PatientState(Location(""FIELD"", (37.20348723928384, -122.06553956647342), -1.0, FIELD), 157.00215840543962, UNKNOWN, HEMORRHAGIC)"
4,0.3356765954258779,0.3356765954258779,37.20365001091805,-122.06132084108613,"PatientState(Location(""FIELD"", (37.20365001091805, -122.06132084108613), -1.0, FIELD), 84.73523063236631, UNKNOWN, MIMIC)"
5,0.3454787530278978,0.3454787530278978,37.199649652200016,-122.06492690109167,"PatientState(Location(""FIELD"", (37.199649652200016, -122.06492690109167), -1.0, FIELD), 39.313904203914674, UNKNOWN, HEMORRHAGIC)"
