sample,reward_best,reward_CA,location_lat,location_lon,patient_state
1,0.2529538062619553,0.24418294143999997,37.96425337468311,-121.92082815272673,"PatientState(Location(""FIELD"", (37.96425337468311, -121.92082815272673), -1.0, FIELD), 65.21691903273752, UNKNOWN, LVO)"
2,0.24418294143999997,0.24418294143999997,37.968341875850065,-121.92184939832282,"PatientState(Location(""FIELD"", (37.968341875850065, -121.92184939832282), -1.0, FIELD), 138.61576005752397, UNKNOWN, HEMORRHAGIC)"
3,0.24418294143999997,0.24418294143999997,37.96545173588966,-121.92240591180526,"PatientState(Location(""FIELD"", (37.96545173588966, -121.92240591180526), -1.0, FIELD), 201.55955950407062, UNKNOWN, LVO)"
4,0.24418294143999997,0.24418294143999997,37.96467687992997,-121.92172787857554,"PatientState(Location(""FIELD"", (37.96467687992997, -121.92172787857554), -1.0, FIELD), 241.58453418288485, UNKNOWN, HEMORRHAGIC)"
5,0.24418294143999997,0.24418294143999997,37.96849882118213,-121.92450536610946,"PatientState(Location(""FIELD"", (37.96849882118213, -121.92450536610946), -1.0, FIELD), 139.05900949465462, UNKNOWN, LVO)"
