sample,reward_best,reward_CA,location_lat,location_lon,patient_state
1,0.3190267018087749,0.24418294143999997,37.68351347634119,-122.04363524051433,"PatientState(Location(""FIELD"", (37.68351347634119, -122.04363524051433), -1.0, FIELD), 146.61993755681078, UNKNOWN, LVO)"
2,0.24418294143999997,0.24418294143999997,37.681748088610334,-122.04313392980941,"PatientState(Location(""FIELD"", (37.681748088610334, -122.04313392980941), -1.0, FIELD), 177.19174007241702, UNKNOWN, LVO)"
3,0.34315135110685774,0.32547823905652584,37.68369847459625,-122.04190812021051,"PatientState(Location(""FIELD"", (37.68369847459625, -122.04190812021051), -1.0, FIELD), 41.006178098367876, UNKNOWN, HEMORRHAGIC)"
4,0.24418294143999997,0.24418294143999997,37.6817720427416,-122.04548086150656,"PatientState(Location(""FIELD"", (37.6817720427416, -122.04548086150656), -1.0, FIELD), 227.25284327023584, UNKNOWN, LVO)"
5,0.24418294143999997,0.24418294143999997,37.67888794993568,-122.04566208287754,"PatientState(Location(""FIELD"", (37.67888794993568, -122.04566208287754), -1.0, FIELD), 261.26848121203113, UNKNOWN, LVO)"
