sample,reward_best,reward_CA,location_lat,location_lon,patient_state
1,0.24418294143999997,0.24418294143999997,37.726298615697885,-121.60121997057418,"PatientState(Location(""FIELD"", (37.726298615697885, -121.60121997057418), -1.0, FIELD), 223.61466075270644, UNKNOWN, LVO)"
2,0.24418294143999997,0.24418294143999997,37.727902694170524,-121.60126967832237,"PatientState(Location(""FIELD"", (37.727902694170524, -121.60126967832237), -1.0, FIELD), 219.0351895164357, UNKNOWN, NLVO)"
3,0.3439526640125154,0.32401964917800946,37.72689538638533,-121.60321055977664,"PatientState(Location(""FIELD"", (37.72689538638533, -121.60321055977664), -1.0, FIELD), 8.445063642861939, UNKNOWN, MIMIC)"
4,0.24418294143999997,0.24418294143999997,37.724954974930455,-121.60278970462362,"PatientState(Location(""FIELD"", (37.724954974930455, -121.60278970462362), -1.0, FIELD), 266.154069864012, UNKNOWN, LVO)"
5,0.24418294143999997,0.24418294143999997,37.72750200929765,-121.60474552166342,"PatientState(Location(""FIELD"", (37.72750200929765, -121.60474552166342), -1.0, FIELD), 249.5166383386764, UNKNOWN, MIMIC)"
