sample,reward_best,reward_CA,location_lat,location_lon,patient_state
1,0.24418294143999997,0.24418294143999997,38.124709313925464,-122.54618927198419,"PatientState(Location(""FIELD"", (38.124709313925464, -122.54618927198419), -1.0, FIELD), 236.8126690203324, UNKNOWN, MIMIC)"
2,0.24418294143999997,0.24418294143999997,38.12425871559584,-122.54839676786146,"PatientState(Location(""FIELD"", (38.12425871559584, -122.54839676786146), -1.0, FIELD), 113.45749772701996, UNKNOWN, HEMORRHAGIC)"
3,0.24418294143999997,0.24418294143999997,38.12449476309307,-122.54977006585666,"PatientState(Location(""FIELD"", (38.12449476309307, -122.54977006585666), -1.0, FIELD), 154.8241581035663, UNKNOWN, LVO)"
4,0.25376561707359413,0.2527876144038748,38.12536054069067,-122.54922781120197,"PatientState(Location(""FIELD"", (38.12536054069067, -122.54922781120197), -1.0, FIELD), 64.23376912774721, UNKNOWN, LVO)"
5,0.32125184172412147,0.25762478173846415,38.12662895971757,-122.54739886434253,"PatientState(Location(""FIELD"", (38.12662895971757, -122.54739886434253), -1.0, FIELD), 36.74087114696316, UNKNOWN, HEMORRHAGIC)"
