sample,reward_best,reward_CA,location_lat,location_lon,patient_state
1,0.3251374095419231,0.3251374095419231,37.493000614528086,-121.91116767258869,"PatientState(Location(""FIELD"", (37.493000614528086, -121.91116767258869), -1.0, FIELD), 140.45152102027095, UNKNOWN, LVO)"
2,0.3484477626212114,0.3484477626212114,37.49016917947377,-121.9137210069282,"PatientState(Location(""FIELD"", (37.49016917947377, -121.9137210069282), -1.0, FIELD), 37.82672646995015, UNKNOWN, HEMORRHAGIC)"
3,0.24418294143999997,0.24418294143999997,37.491033924445844,-121.91562820282465,"PatientState(Location(""FIELD"", (37.491033924445844, -121.91562820282465), -1.0, FIELD), 223.58458932241035, UNKNOWN, LVO)"
4,0.24418294143999997,0.24418294143999997,37.493173851247555,-121.9126348601066,"PatientState(Location(""FIELD"", (37.493173851247555, -121.9126348601066), -1.0, FIELD), 217.70013164726055, UNKNOWN, LVO)"
5,0.3373379905673823,0.3373379905673823,37.49370948700015,-121.91296440832537,"PatientState(Location(""FIELD"", (37.49370948700015, -121.91296440832537), -1.0, FIELD), 87.38047162789168, UNKNOWN, LVO)"
