sample,reward_best,reward_CA,location_lat,location_lon,patient_state
1,0.3217136624443052,0.2596719593482336,37.596066529289445,-122.36537598041242,"PatientState(Location(""FIELD"", (37.596066529289445, -122.36537598041242), -1.0, FIELD), 156.90352645942733, UNKNOWN, HEMORRHAGIC)"
2,0.3259960768623614,0.2631056876244911,37.59869366503722,-122.36141748341655,"PatientState(Location(""FIELD"", (37.59869366503722, -122.36141748341655), -1.0, FIELD), 136.62586238513325, UNKNOWN, HEMORRHAGIC)"
3,0.3528089529288815,0.34948397994161434,37.597126995945395,-122.3642330131351,"PatientState(Location(""FIELD"", (37.597126995945395, -122.3642330131351), -1.0, FIELD), 21.450367875276356, UNKNOWN, LVO)"
4,0.3402837446107232,0.3369152354965067,37.59777277804355,-122.36295279162951,"PatientState(Location(""FIELD"", (37.59777277804355, -122.36295279162951), -1.0, FIELD), 74.68853630204947, UNKNOWN, LVO)"
5,0.24418294143999997,0.24418294143999997,37.59839568130648,-122.36507969962686,"PatientState(Location(""FIELD"", (37.59839568130648, -122.36507969962686), -1.0, FIELD), 259.965589385273, UNKNOWN, HEMORRHAGIC)"
