sample,reward_best,reward_CA,location_lat,location_lon,patient_state
1,0.3175709150718262,0.3175709150718262,37.45359513167653,-122.1499387914869,"PatientState(Location(""FIELD"", (37.45359513167653, -122.1499387914869), -1.0, FIELD), 180.49539270800287, UNKNOWN, LVO)"
2,0.32497412449957963,0.32497412449957963,37.45247653876434,-122.1484269272787,"PatientState(Location(""FIELD"", (37.45247653876434, -122.1484269272787), -1.0, FIELD), 147.13470764994676, UNKNOWN, HEMORRHAGIC)"
3,0.35137447027756596,0.3511354784277385,37.45298182149928,-122.14863484662537,"PatientState(Location(""FIELD"", (37.45298182149928, -122.14863484662537), -1.0, FIELD), 33.27206591729813, UNKNOWN, LVO)"
4,0.35917753702963406,0.35917753702963406,37.45265124256971,-122.14671958676338,"PatientState(Location(""FIELD"", (37.45265124256971, -122.14671958676338), -1.0, FIELD), 0.14857641922501164, UNKNOWN, HEMORRHAGIC)"
5,0.24418294143999997,0.24418294143999997,37.44936054354734,-122.14718589382971,"PatientState(Location(""FIELD"", (37.44936054354734, -122.14718589382971), -1.0, FIELD), 261.90635077373884, UNKNOWN, HEMORRHAGIC)"
