sample,reward_best,reward_CA,location_lat,location_lon,patient_state
1,0.24418294143999997,0.24418294143999997,37.69051350583905,-121.89852261797715,"PatientState(Location(""FIELD"", (37.69051350583905, -121.89852261797715), -1.0, FIELD), 239.5784226835151, UNKNOWN, LVO)"
2,0.24418294143999997,0.24418294143999997,37.69308186416611,-121.8990361785991,"PatientState(Location(""FIELD"", (37.69308186416611, -121.8990361785991), -1.0, FIELD), 191.54994959149244, UNKNOWN, LVO)"
3,0.24418294143999997,0.24418294143999997,37.69219213026249,-121.89856020776988,"PatientState(Location(""FIELD"", (37.69219213026249, -121.89856020776988), -1.0, FIELD), 230.40442831989267, UNKNOWN, LVO)"
4,0.24418294143999997,0.24418294143999997,37.69114801200373,-121.89633560075067,"PatientState(Location(""FIELD"", (37.69114801200373, -121.89633560075067), -1.0, FIELD), 238.10084855476433, UNKNOWN, LVO)"
5,0.24418294143999997,0.24418294143999997,37.689087540151654,-121.90012092053843,"PatientState(Location(""FIELD"", (37.689087540151654, -121.90012092053843), -1.0, FIELD), 203.98822535404273, UNKNOWN, LVO)"
