sample,reward_best,reward_CA,location_lat,location_lon,patient_state
1,0.32960243752455853,0.26427467012684613,38.12440017375739,-122.48569140397903,"PatientState(Location(""FIELD"", (38.12440017375739, -122.48569140397903), -1.0, FIELD), 2.871594588615877, UNKNOWN, MIMIC)"
2,0.24418294143999997,0.24418294143999997,38.1280436313603,-122.48087081308732,"PatientState(Location(""FIELD"", (38.1280436313603, -122.48087081308732), -1.0, FIELD), 238.380643476291, UNKNOWN, HEMORRHAGIC)"
3,0.24418294143999997,0.24418294143999997,38.126037682246036,-122.4845040717185,"PatientState(Location(""FIELD"", (38.126037682246036, -122.4845040717185), -1.0, FIELD), 189.5309752698205, UNKNOWN, HEMORRHAGIC)"
4,0.24418294143999997,0.24418294143999997,38.12681628505242,-122.48558527180744,"PatientState(Location(""FIELD"", (38.12681628505242, -122.48558527180744), -1.0, FIELD), 175.76856193150965, UNKNOWN, HEMORRHAGIC)"
5,0.32517989127387936,0.2607406865468432,38.12859079700844,-122.48123662324913,"PatientState(Location(""FIELD"", (38.12859079700844, -122.48123662324913), -1.0, FIELD), 22.667372251190116, UNKNOWN, NLVO)"
