sample,reward_best,reward_CA,location_lat,location_lon,patient_state
1,0.34185249280025787,0.3219903465880085,37.732721874103696,-121.60104499633667,"PatientState(Location(""FIELD"", (37.732721874103696, -121.60104499633667), -1.0, FIELD), 16.346815992421934, UNKNOWN, NLVO)"
2,0.24418294143999997,0.24418294143999997,37.73076722805386,-121.60470559425428,"PatientState(Location(""FIELD"", (37.73076722805386, -121.60470559425428), -1.0, FIELD), 172.75961557884747, UNKNOWN, LVO)"
3,0.3285655393757824,0.24418294143999997,37.733512589613134,-121.60318322565769,"PatientState(Location(""FIELD"", (37.733512589613134, -121.60318322565769), -1.0, FIELD), 73.75171733238541, UNKNOWN, HEMORRHAGIC)"
4,0.3367159310269194,0.3170321702833522,37.73270691625856,-121.60093654229091,"PatientState(Location(""FIELD"", (37.73270691625856, -121.60093654229091), -1.0, FIELD), 38.4953410828037, UNKNOWN, NLVO)"
5,0.32582277109921637,0.24418294143999997,37.730931651920265,-121.60541807176786,"PatientState(Location(""FIELD"", (37.730931651920265, -121.60541807176786), -1.0, FIELD), 86.67044955234041, UNKNOWN, HEMORRHAGIC)"
