sample,reward_best,reward_CA,location_lat,location_lon,patient_state
1,0.32132887573931695,0.32132887573931695,37.34645085510665,-121.62573785820489,"PatientState(Location(""FIELD"", (37.34645085510665, -121.62573785820489), -1.0, FIELD), 131.9685813780039, UNKNOWN, LVO)"
2,0.32105309431572254,0.32105309431572254,37.34640542169564,-121.62373158774102,"PatientState(Location(""FIELD"", (37.34640542169564, -121.62373158774102), -1.0, FIELD), 132.90784360631193, UNKNOWN, HEMORRHAGIC)"
3,0.24418294143999997,0.24418294143999997,37.34514988512916,-121.62232588626554,"PatientState(Location(""FIELD"", (37.34514988512916, -121.62232588626554), -1.0, FIELD), 261.7975250674776, UNKNOWN, LVO)"
4,0.32872426148360495,0.32872426148360495,37.346675792287975,-121.62403460125385,"PatientState(Location(""FIELD"", (37.346675792287975, -121.62403460125385), -1.0, FIELD), 99.03495324755934, UNKNOWN, HEMORRHAGIC)"
5,0.337529061398376,0.337529061398376,37.346541444327286,-121.62527958773106,"PatientState(Location(""FIELD"", (37.346541444327286, -121.62527958773106), -1.0, FIELD), 60.83763173899528, UNKNOWN, LVO)"
