sample,reward_best,reward_CA,location_lat,location_lon,patient_state
1,0.2518465378980268,0.24418294143999997,38.01686362174368,-122.11177210322231,"PatientState(Location(""FIELD"", (38.01686362174368, -122.11177210322231), -1.0, FIELD), 141.89888101058364, UNKNOWN, HEMORRHAGIC)"
2,0.24418294143999997,0.24418294143999997,38.01383701615832,-122.11339477138696,"PatientState(Location(""FIELD"", (38.01383701615832, -122.11339477138696), -1.0, FIELD), 256.5254129015702, UNKNOWN, LVO)"
3,0.26148133638863275,0.24418294143999997,38.016583037141174,-122.11084126738398,"PatientState(Location(""FIELD"", (38.016583037141174, -122.11084126738398), -1.0, FIELD), 87.66310624383456, UNKNOWN, HEMORRHAGIC)"
4,0.24418294143999997,0.24418294143999997,38.017100109565284,-122.1147128315329,"PatientState(Location(""FIELD"", (38.017100109565284, -122.1147128315329), -1.0, FIELD), 260.0584554436994, UNKNOWN, NLVO)"
5,0.24418294143999997,0.24418294143999997,38.01646321255631,-122.11258295942964,"PatientState(Location(""FIELD"", (38.01646321255631, -122.11258295942964), -1.0, FIELD), 163.1700538044647, UNKNOWN, HEMORRHAGIC)"
