sample,reward_best,reward_CA,location_lat,location_lon,patient_state
1,0.32580360119075463,0.2650059862747448,37.68585424942638,-122.46771484584922,"PatientState(Location(""FIELD"", (37.68585424942638, -122.46771484584922), -1.0, FIELD), 126.79170471301767, UNKNOWN, MIMIC)"
2,0.3422160314377891,0.3422160314377891,37.68624804445498,-122.47030070206264,"PatientState(Location(""FIELD"", (37.68624804445498, -122.47030070206264), -1.0, FIELD), 49.17057798295406, UNKNOWN, NLVO)"
3,0.24418294143999997,0.24418294143999997,37.68675546673597,-122.46803210855725,"PatientState(Location(""FIELD"", (37.68675546673597, -122.46803210855725), -1.0, FIELD), 248.85565254286607, UNKNOWN, MIMIC)"
4,0.24418294143999997,0.24418294143999997,37.68386049383679,-122.47078235208134,"PatientState(Location(""FIELD"", (37.68386049383679, -122.47078235208134), -1.0, FIELD), 268.02705017872773, UNKNOWN, HEMORRHAGIC)"
5,0.3156974789224859,0.25662910542058204,37.687662636663084,-122.47064302080442,"PatientState(Location(""FIELD"", (37.687662636663084, -122.47064302080442), -1.0, FIELD), 168.5053073769097, UNKNOWN, LVO)"
