sample,reward_best,reward_CA,location_lat,location_lon,patient_state
1,0.336950577328377,0.32318060239803237,37.90061109942687,-122.07865739383872,"PatientState(Location(""FIELD"", (37.90061109942687, -122.07865739383872), -1.0, FIELD), 47.40307810058847, UNKNOWN, NLVO)"
2,0.3190294130079677,0.24418294143999997,37.899600754336774,-122.07996921443046,"PatientState(Location(""FIELD"", (37.899600754336774, -122.07996921443046), -1.0, FIELD), 125.49948457781079, UNKNOWN, LVO)"
3,0.31503697775425465,0.24418294143999997,37.9014937798781,-122.07796344363095,"PatientState(Location(""FIELD"", (37.9014937798781, -122.07796344363095), -1.0, FIELD), 143.8297418985014, UNKNOWN, HEMORRHAGIC)"
4,0.24418294143999997,0.24418294143999997,37.901555055405275,-122.07612304686124,"PatientState(Location(""FIELD"", (37.901555055405275, -122.07612304686124), -1.0, FIELD), 167.09029249004882, UNKNOWN, HEMORRHAGIC)"
5,0.34435960860171244,0.3304220368178476,37.90167123330964,-122.07990273629206,"PatientState(Location(""FIELD"", (37.90167123330964, -122.07990273629206), -1.0, FIELD), 15.095872482047968, UNKNOWN, LVO)"
