sample,reward_best,reward_CA,location_lat,location_lon,patient_state
1,0.24418294143999997,0.24418294143999997,37.23780700985144,-121.96605834004198,"PatientState(Location(""FIELD"", (37.23780700985144, -121.96605834004198), -1.0, FIELD), 232.50344516236973, UNKNOWN, LVO)"
2,0.31903402337167014,0.31903402337167014,37.23643100311338,-121.97045814733303,"PatientState(Location(""FIELD"", (37.23643100311338, -121.97045814733303), -1.0, FIELD), 175.31054207269545, UNKNOWN, LVO)"
3,0.24418294143999997,0.24418294143999997,37.23636465984456,-121.96901366208793,"PatientState(Location(""FIELD"", (37.23636465984456, -121.96901366208793), -1.0, FIELD), 209.17594696330337, UNKNOWN, HEMORRHAGIC)"
4,0.24418294143999997,0.24418294143999997,37.236132150868066,-121.9663692895949,"PatientState(Location(""FIELD"", (37.236132150868066, -121.9663692895949), -1.0, FIELD), 211.76209800668684, UNKNOWN, LVO)"
5,0.3442830013670118,0.3442830013670118,37.23581309134143,-121.96686110571505,"PatientState(Location(""FIELD"", (37.23581309134143, -121.96686110571505), -1.0, FIELD), 67.57850537689332, UNKNOWN, NLVO)"
