sample,reward_best,reward_CA,location_lat,location_lon,patient_state
1,0.31954908585228126,0.24418294143999997,37.559283929658804,-122.29932688293485,"PatientState(Location(""FIELD"", (37.559283929658804, -122.29932688293485), -1.0, FIELD), 169.75263242608102, UNKNOWN, HEMORRHAGIC)"
2,0.3313994641437634,0.31526202012097654,37.56295967743057,-122.2964422565874,"PatientState(Location(""FIELD"", (37.56295967743057, -122.2964422565874), -1.0, FIELD), 116.81585605735415, UNKNOWN, HEMORRHAGIC)"
3,0.3566908320459314,0.3398629901139493,37.56127129270731,-122.29795493139473,"PatientState(Location(""FIELD"", (37.56127129270731, -122.29795493139473), -1.0, FIELD), 9.643385679304437, UNKNOWN, LVO)"
4,0.3445615707312346,0.32804671978286304,37.561166389791936,-122.30073771401673,"PatientState(Location(""FIELD"", (37.561166389791936, -122.30073771401673), -1.0, FIELD), 60.490641218601404, UNKNOWN, NLVO)"
5,0.3552873590123913,0.3384937667415179,37.56326104336727,-122.29900136789466,"PatientState(Location(""FIELD"", (37.56326104336727, -122.29900136789466), -1.0, FIELD), 15.03028579267448, UNKNOWN, HEMORRHAGIC)"
