sample,reward_best,reward_CA,location_lat,location_lon,patient_state
1,0.24418294143999997,0.24418294143999997,38.057046716466346,-122.55923962827816,"PatientState(Location(""FIELD"", (38.057046716466346, -122.55923962827816), -1.0, FIELD), 208.56185029609657, UNKNOWN, LVO)"
2,0.24418294143999997,0.24418294143999997,38.05631601205311,-122.5583320846631,"PatientState(Location(""FIELD"", (38.05631601205311, -122.5583320846631), -1.0, FIELD), 249.89875047633174, UNKNOWN, HEMORRHAGIC)"
3,0.2648046447704602,0.25238402382084485,38.05847577443146,-122.55978538721122,"PatientState(Location(""FIELD"", (38.05847577443146, -122.55978538721122), -1.0, FIELD), 66.73494958446042, UNKNOWN, HEMORRHAGIC)"
4,0.24418294143999997,0.24418294143999997,38.058304560224485,-122.55692922974133,"PatientState(Location(""FIELD"", (38.058304560224485, -122.55692922974133), -1.0, FIELD), 231.77378841759358, UNKNOWN, HEMORRHAGIC)"
5,0.334588572016971,0.2604279253685065,38.0576573683813,-122.55678442278841,"PatientState(Location(""FIELD"", (38.0576573683813, -122.55678442278841), -1.0, FIELD), 20.68444699833619, UNKNOWN, LVO)"
