sample,reward_best,reward_CA,location_lat,location_lon,patient_state
1,0.24418294143999997,0.24418294143999997,38.03880445793517,-121.94870155090187,"PatientState(Location(""FIELD"", (38.03880445793517, -121.94870155090187), -1.0, FIELD), 258.4651085711014, UNKNOWN, HEMORRHAGIC)"
2,0.24418294143999997,0.24418294143999997,38.03927180788668,-121.94838025048406,"PatientState(Location(""FIELD"", (38.03927180788668, -121.94838025048406), -1.0, FIELD), 210.1901883990391, UNKNOWN, HEMORRHAGIC)"
3,0.32437177051573646,0.24418294143999997,38.038806734224785,-121.95024052635755,"PatientState(Location(""FIELD"", (38.038806734224785, -121.95024052635755), -1.0, FIELD), 22.509603461897573, UNKNOWN, LVO)"
4,0.24418294143999997,0.24418294143999997,38.04257652667709,-121.94903649631594,"PatientState(Location(""FIELD"", (38.04257652667709, -121.94903649631594), -1.0, FIELD), 185.34318947426323, UNKNOWN, LVO)"
5,0.24418294143999997,0.24418294143999997,38.04215923757152,-121.94772416074866,"PatientState(Location(""FIELD"", (38.04215923757152, -121.94772416074866), -1.0, FIELD), 179.00578495334034, UNKNOWN, NLVO)"
