sample,reward_best,reward_CA,location_lat,location_lon,patient_state
1,0.24418294143999997,0.24418294143999997,37.88780591928465,-122.22946552688525,"PatientState(Location(""FIELD"", (37.88780591928465, -122.22946552688525), -1.0, FIELD), 176.9019151080662, UNKNOWN, MIMIC)"
2,0.32744529530278693,0.252248076187666,37.887946335082056,-122.22918186909659,"PatientState(Location(""FIELD"", (37.887946335082056, -122.22918186909659), -1.0, FIELD), 92.85175410738103, UNKNOWN, LVO)"
3,0.24418294143999997,0.24418294143999997,37.88592667271242,-122.22679324924856,"PatientState(Location(""FIELD"", (37.88592667271242, -122.22679324924856), -1.0, FIELD), 170.38865510134892, UNKNOWN, LVO)"
4,0.24418294143999997,0.24418294143999997,37.88608336902117,-122.22656833263369,"PatientState(Location(""FIELD"", (37.88608336902117, -122.22656833263369), -1.0, FIELD), 241.76953048039266, UNKNOWN, LVO)"
5,0.24418294143999997,0.24418294143999997,37.886911789898264,-122.22838190046599,"PatientState(Location(""FIELD"", (37.886911789898264, -122.22838190046599), -1.0, FIELD), 224.956048576587, UNKNOWN, LVO)"
