sample,reward_best,reward_CA,location_lat,location_lon,patient_state
1,0.3326030570975395,0.3171363450786927,37.596646384768654,-121.95362109860568,"PatientState(Location(""FIELD"", (37.596646384768654, -121.95362109860568), -1.0, FIELD), 95.66521115533301, UNKNOWN, HEMORRHAGIC)"
2,0.3289595106691967,0.3069319012145234,37.59606425544638,-121.95189166426317,"PatientState(Location(""FIELD"", (37.59606425544638, -121.95189166426317), -1.0, FIELD), 111.59927985505529, UNKNOWN, LVO)"
3,0.3464255376602987,0.33058330818318915,37.59649652412859,-121.95539043691757,"PatientState(Location(""FIELD"", (37.59649652412859, -121.95539043691757), -1.0, FIELD), 36.238082952169506, UNKNOWN, HEMORRHAGIC)"
4,0.24418294143999997,0.24418294143999997,37.59770573286367,-121.95486291308453,"PatientState(Location(""FIELD"", (37.59770573286367, -121.95486291308453), -1.0, FIELD), 251.65211876634356, UNKNOWN, HEMORRHAGIC)"
5,0.3202673111415508,0.24418294143999997,37.59610428515657,-121.95557300347598,"PatientState(Location(""FIELD"", (37.59610428515657, -121.95557300347598), -1.0, FIELD), 150.23256883710022, UNKNOWN, HEMORRHAGIC)"
