sample,reward_best,reward_CA,location_lat,location_lon,patient_state
1,0.24418294143999997,0.24418294143999997,37.97545185080885,-122.28267395470878,"PatientState(Location(""FIELD"", (37.97545185080885, -122.28267395470878), -1.0, FIELD), 170.63082225954636, UNKNOWN, HEMORRHAGIC)"
2,0.34030892211793684,0.3288319373364708,37.97592028936342,-122.282838314907,"PatientState(Location(""FIELD"", (37.97592028936342, -122.282838314907), -1.0, FIELD), 12.343195228461404, UNKNOWN, NLVO)"
3,0.25386184598847966,0.24418294143999997,37.97515209875491,-122.28099546011745,"PatientState(Location(""FIELD"", (37.97515209875491, -122.28099546011745), -1.0, FIELD), 143.70154779118562, UNKNOWN, LVO)"
4,0.24418294143999997,0.24418294143999997,37.978114458125916,-122.28429615516521,"PatientState(Location(""FIELD"", (37.978114458125916, -122.28429615516521), -1.0, FIELD), 258.16424575047574, UNKNOWN, LVO)"
5,0.31596291954999683,0.25267152814043753,37.97780341678163,-122.28575437511088,"PatientState(Location(""FIELD"", (37.97780341678163, -122.28575437511088), -1.0, FIELD), 78.62809689673581, UNKNOWN, HEMORRHAGIC)"
