sample,reward_best,reward_CA,location_lat,location_lon,patient_state
1,0.24418294143999997,0.24418294143999997,38.15579847814159,-122.18579146505877,"PatientState(Location(""FIELD"", (38.15579847814159, -122.18579146505877), -1.0, FIELD), 202.4695904339567, UNKNOWN, LVO)"
2,0.32734181049939987,0.24418294143999997,38.15601324678106,-122.18096340659304,"PatientState(Location(""FIELD"", (38.15601324678106, -122.18096340659304), -1.0, FIELD), 13.007896332085874, UNKNOWN, HEMORRHAGIC)"
3,0.24418294143999997,0.24418294143999997,38.15736974372166,-122.18145817432308,"PatientState(Location(""FIELD"", (38.15736974372166, -122.18145817432308), -1.0, FIELD), 84.10323627668102, UNKNOWN, HEMORRHAGIC)"
4,0.24418294143999997,0.24418294143999997,38.15708962507172,-122.1821212457373,"PatientState(Location(""FIELD"", (38.15708962507172, -122.1821212457373), -1.0, FIELD), 234.10756953461672, UNKNOWN, LVO)"
5,0.24418294143999997,0.24418294143999997,38.15797512133689,-122.181980552319,"PatientState(Location(""FIELD"", (38.15797512133689, -122.181980552319), -1.0, FIELD), 124.10887130565365, UNKNOWN, LVO)"
