sample,reward_best,reward_CA,location_lat,location_lon,patient_state
1,0.24418294143999997,0.24418294143999997,37.95547504625755,-122.35808536624396,"PatientState(Location(""FIELD"", (37.95547504625755, -122.35808536624396), -1.0, FIELD), 215.08342706846088, UNKNOWN, MIMIC)"
2,0.24418294143999997,0.24418294143999997,37.95717434159947,-122.35838447119977,"PatientState(Location(""FIELD"", (37.95717434159947, -122.35838447119977), -1.0, FIELD), 227.89280515631947, UNKNOWN, LVO)"
3,0.24418294143999997,0.24418294143999997,37.9543173015808,-122.35992966162527,"PatientState(Location(""FIELD"", (37.9543173015808, -122.35992966162527), -1.0, FIELD), 261.20233063003565, UNKNOWN, HEMORRHAGIC)"
4,0.2593635361513481,0.24418294143999997,37.957676173897404,-122.35943971059056,"PatientState(Location(""FIELD"", (37.957676173897404, -122.35943971059056), -1.0, FIELD), 114.93152831687803, UNKNOWN, LVO)"
5,0.335853120327129,0.3245410895521543,37.95634788498525,-122.35639466122564,"PatientState(Location(""FIELD"", (37.95634788498525, -122.35639466122564), -1.0, FIELD), 34.94784980741107, UNKNOWN, LVO)"
