sample,reward_best,reward_CA,location_lat,location_lon,patient_state
1,0.3220871446506749,0.24418294143999997,37.78478709995066,-121.7148784198235,"PatientState(Location(""FIELD"", (37.78478709995066, -121.7148784198235), -1.0, FIELD), 102.70663908681752, UNKNOWN, LVO)"
2,0.24418294143999997,0.24418294143999997,37.78772613691838,-121.71292236657267,"PatientState(Location(""FIELD"", (37.78772613691838, -121.71292236657267), -1.0, FIELD), 148.24344797902128, UNKNOWN, LVO)"
3,0.24418294143999997,0.24418294143999997,37.78496621270065,-121.71203225694589,"PatientState(Location(""FIELD"", (37.78496621270065, -121.71203225694589), -1.0, FIELD), 239.06728021749018, UNKNOWN, LVO)"
4,0.24418294143999997,0.24418294143999997,37.78803603113688,-121.71118636620727,"PatientState(Location(""FIELD"", (37.78803603113688, -121.71118636620727), -1.0, FIELD), 266.7546634016409, UNKNOWN, LVO)"
5,0.24418294143999997,0.24418294143999997,37.78800212980309,-121.7125310906473,"PatientState(Location(""FIELD"", (37.78800212980309, -121.7125310906473), -1.0, FIELD), 231.494035920233, UNKNOWN, LVO)"
