sample,reward_best,reward_CA,location_lat,location_lon,patient_state
1,0.3341101840433033,0.27042676016636,37.232656304340296,-122.3557275732458,"PatientState(Location(""FIELD"", (37.232656304340296, -122.3557275732458), -1.0, FIELD), 59.565362798052554, UNKNOWN, MIMIC)"
2,0.24418294143999997,0.24418294143999997,37.23067783523255,-122.35408162219632,"PatientState(Location(""FIELD"", (37.23067783523255, -122.35408162219632), -1.0, FIELD), 252.214942857307, UNKNOWN, MIMIC)"
3,0.24418294143999997,0.24418294143999997,37.23318919713579,-122.35514108854413,"PatientState(Location(""FIELD"", (37.23318919713579, -122.35514108854413), -1.0, FIELD), 266.11084438400474, UNKNOWN, LVO)"
4,0.3203461054262545,0.2592909463723529,37.22928456921822,-122.35557348313054,"PatientState(Location(""FIELD"", (37.22928456921822, -122.35557348313054), -1.0, FIELD), 119.72789212400095, UNKNOWN, MIMIC)"
5,0.32376486210950933,0.26203259532638756,37.22958087855048,-122.35432007289249,"PatientState(Location(""FIELD"", (37.22958087855048, -122.35432007289249), -1.0, FIELD), 104.51336839509466, UNKNOWN, HEMORRHAGIC)"
