sample,reward_best,reward_CA,location_lat,location_lon,patient_state
1,0.32959231961618285,0.31744607721061163,37.789380342853654,-122.44617756644082,"PatientState(Location(""FIELD"", (37.789380342853654, -122.44617756644082), -1.0, FIELD), 95.9428251709529, UNKNOWN, HEMORRHAGIC)"
2,0.34811435847746675,0.33561280631610907,37.792592501326325,-122.44814212997314,"PatientState(Location(""FIELD"", (37.792592501326325, -122.44814212997314), -1.0, FIELD), 15.689153127585236, UNKNOWN, LVO)"
3,0.3239263967470236,0.24418294143999997,37.792925264438125,-122.45053913770288,"PatientState(Location(""FIELD"", (37.792925264438125, -122.45053913770288), -1.0, FIELD), 117.85462859487181, UNKNOWN, LVO)"
4,0.33218484978549534,0.32066582549294814,37.79356936806853,-122.44643267310116,"PatientState(Location(""FIELD"", (37.79356936806853, -122.44643267310116), -1.0, FIELD), 83.48729726094429, UNKNOWN, HEMORRHAGIC)"
5,0.32434690554554096,0.24418294143999997,37.79294960469415,-122.44987391890523,"PatientState(Location(""FIELD"", (37.79294960469415, -122.44987391890523), -1.0, FIELD), 115.86662784806256, UNKNOWN, NLVO)"
