sample,reward_best,reward_CA,location_lat,location_lon,patient_state
1,0.24418294143999997,0.24418294143999997,37.65214282065901,-121.75450666898476,"PatientState(Location(""FIELD"", (37.65214282065901, -121.75450666898476), -1.0, FIELD), 174.88284682102093, UNKNOWN, NLVO)"
2,0.34581541843283725,0.32652253624707644,37.65224958195986,-121.75504178060532,"PatientState(Location(""FIELD"", (37.65224958195986, -121.75504178060532), -1.0, FIELD), 28.578633214845038, UNKNOWN, HEMORRHAGIC)"
3,0.33584975677247414,0.3168873943122655,37.650400684421555,-121.7513831217307,"PatientState(Location(""FIELD"", (37.650400684421555, -121.7513831217307), -1.0, FIELD), 73.52108293488527, UNKNOWN, LVO)"
4,0.329424203621162,0.24418294143999997,37.65329716565408,-121.75212289909274,"PatientState(Location(""FIELD"", (37.65329716565408, -121.75212289909274), -1.0, FIELD), 99.27468685641261, UNKNOWN, HEMORRHAGIC)"
5,0.34764055702703156,0.3282899401628232,37.650516237068196,-121.75437834429943,"PatientState(Location(""FIELD"", (37.650516237068196, -121.75437834429943), -1.0, FIELD), 22.886330059235153, UNKNOWN, LVO)"
