sample,reward_best,reward_CA,location_lat,location_lon,patient_state
1,0.3283519463093467,0.24418294143999997,37.99519913589694,-121.80363057562589,"PatientState(Location(""FIELD"", (37.99519913589694, -121.80363057562589), -1.0, FIELD), 0.7704178683280183, UNKNOWN, LVO)"
2,0.24418294143999997,0.24418294143999997,37.998340817525765,-121.80241184928789,"PatientState(Location(""FIELD"", (37.998340817525765, -121.80241184928789), -1.0, FIELD), 247.51710993790758, UNKNOWN, MIMIC)"
3,0.24418294143999997,0.24418294143999997,37.99840751442923,-121.80279193642694,"PatientState(Location(""FIELD"", (37.99840751442923, -121.80279193642694), -1.0, FIELD), 98.22252682042445, UNKNOWN, LVO)"
4,0.24418294143999997,0.24418294143999997,37.99506454877393,-121.8044508905107,"PatientState(Location(""FIELD"", (37.99506454877393, -121.8044508905107), -1.0, FIELD), 267.3695968561631, UNKNOWN, LVO)"
5,0.3198967487526311,0.24418294143999997,37.99768532462402,-121.80300507114396,"PatientState(Location(""FIELD"", (37.99768532462402, -121.80300507114396), -1.0, FIELD), 39.05719940963964, UNKNOWN, NLVO)"
