sample,reward_best,reward_CA,location_lat,location_lon,patient_state
1,0.24418294143999997,0.24418294143999997,38.02716686555342,-121.9972850803659,"PatientState(Location(""FIELD"", (38.02716686555342, -121.9972850803659), -1.0, FIELD), 122.97302045362032, UNKNOWN, LVO)"
2,0.24418294143999997,0.24418294143999997,38.02700130051739,-122.00018105223046,"PatientState(Location(""FIELD"", (38.02700130051739, -122.00018105223046), -1.0, FIELD), 253.65577353138656, UNKNOWN, LVO)"
3,0.24418294143999997,0.24418294143999997,38.028471654521034,-121.99844006458412,"PatientState(Location(""FIELD"", (38.028471654521034, -121.99844006458412), -1.0, FIELD), 110.11102274906443, UNKNOWN, LVO)"
4,0.24418294143999997,0.24418294143999997,38.02485463836301,-121.99624554501273,"PatientState(Location(""FIELD"", (38.02485463836301, -121.99624554501273), -1.0, FIELD), 153.4337996899781, UNKNOWN, LVO)"
5,0.24418294143999997,0.24418294143999997,38.02493411694943,-121.99736936694006,"PatientState(Location(""FIELD"", (38.02493411694943, -121.99736936694006), -1.0, FIELD), 192.87266423886504, UNKNOWN, MIMIC)"
