sample,reward_best,reward_CA,location_lat,location_lon,patient_state
1,0.24418294143999997,0.24418294143999997,38.0027515789681,-122.1514497357609,"PatientState(Location(""FIELD"", (38.0027515789681, -122.1514497357609), -1.0, FIELD), 193.4874734375722, UNKNOWN, MIMIC)"
2,0.256821932395023,0.24418294143999997,38.003689050894366,-122.15445590080633,"PatientState(Location(""FIELD"", (38.003689050894366, -122.15445590080633), -1.0, FIELD), 118.70057755238804, UNKNOWN, LVO)"
3,0.24418294143999997,0.24418294143999997,38.00324087633394,-122.15129523166335,"PatientState(Location(""FIELD"", (38.00324087633394, -122.15129523166335), -1.0, FIELD), 236.15510362037497, UNKNOWN, MIMIC)"
4,0.25192323769201946,0.24418294143999997,38.00264233787909,-122.15265300544527,"PatientState(Location(""FIELD"", (38.00264233787909, -122.15265300544527), -1.0, FIELD), 146.77758937326993, UNKNOWN, LVO)"
5,0.25363459818637535,0.24418294143999997,38.00079806347707,-122.15270599401752,"PatientState(Location(""FIELD"", (38.00079806347707, -122.15270599401752), -1.0, FIELD), 135.74711176341614, UNKNOWN, LVO)"
