sample,reward_best,reward_CA,location_lat,location_lon,patient_state
1,0.338223375769392,0.33397671266139234,37.40413085950423,-122.0240734888871,"PatientState(Location(""FIELD"", (37.40413085950423, -122.0240734888871), -1.0, FIELD), 82.46932725343243, UNKNOWN, LVO)"
2,0.33358891285597275,0.3293354869116933,37.407903164348596,-122.02262945344957,"PatientState(Location(""FIELD"", (37.407903164348596, -122.02262945344957), -1.0, FIELD), 102.89788148428535, UNKNOWN, LVO)"
3,0.31439946501602023,0.2532477295994799,37.40867005048114,-122.02222778935392,"PatientState(Location(""FIELD"", (37.40867005048114, -122.02222778935392), -1.0, FIELD), 187.22115498977223, UNKNOWN, HEMORRHAGIC)"
4,0.24418294143999997,0.24418294143999997,37.40801088103129,-122.0257830581251,"PatientState(Location(""FIELD"", (37.40801088103129, -122.0257830581251), -1.0, FIELD), 224.1430992108255, UNKNOWN, HEMORRHAGIC)"
5,0.3164817632085102,0.2548884837039781,37.40582139271095,-122.02462051862103,"PatientState(Location(""FIELD"", (37.40582139271095, -122.02462051862103), -1.0, FIELD), 178.280316122472, UNKNOWN, LVO)"
