sample,reward_best,reward_CA,location_lat,location_lon,patient_state
1,0.32685117180704176,0.32685117180704176,37.948742805212916,-121.97403203159269,"PatientState(Location(""FIELD"", (37.948742805212916, -121.97403203159269), -1.0, FIELD), 17.980603265106403, UNKNOWN, HEMORRHAGIC)"
2,0.24418294143999997,0.24418294143999997,37.9471270918858,-121.97355530370025,"PatientState(Location(""FIELD"", (37.9471270918858, -121.97355530370025), -1.0, FIELD), 223.86690557885242, UNKNOWN, LVO)"
3,0.32638225346574745,0.32638225346574745,37.94662367204702,-121.97517398804001,"PatientState(Location(""FIELD"", (37.94662367204702, -121.97517398804001), -1.0, FIELD), 20.2316451840885, UNKNOWN, HEMORRHAGIC)"
4,0.24418294143999997,0.24418294143999997,37.946501774529324,-121.97237042993167,"PatientState(Location(""FIELD"", (37.946501774529324, -121.97237042993167), -1.0, FIELD), 100.82615304894261, UNKNOWN, LVO)"
5,0.2519526814223564,0.2519526814223564,37.94610497978896,-121.97579031698315,"PatientState(Location(""FIELD"", (37.94610497978896, -121.97579031698315), -1.0, FIELD), 75.7692562608552, UNKNOWN, HEMORRHAGIC)"
