sample,reward_best,reward_CA,location_lat,location_lon,patient_state
1,0.3302542318522901,0.24418294143999997,37.70205577663643,-122.14392953743072,"PatientState(Location(""FIELD"", (37.70205577663643, -122.14392953743072), -1.0, FIELD), 102.04210111775234, UNKNOWN, HEMORRHAGIC)"
2,0.3493738857708303,0.33134974322435623,37.70214295945538,-122.14229823176306,"PatientState(Location(""FIELD"", (37.70214295945538, -122.14229823176306), -1.0, FIELD), 19.61806828762134, UNKNOWN, HEMORRHAGIC)"
3,0.24418294143999997,0.24418294143999997,37.70274513943499,-122.14425687108013,"PatientState(Location(""FIELD"", (37.70274513943499, -122.14425687108013), -1.0, FIELD), 265.60051523984845, UNKNOWN, LVO)"
4,0.3222488134889887,0.24418294143999997,37.70012488230779,-122.14491263754188,"PatientState(Location(""FIELD"", (37.70012488230779, -122.14491263754188), -1.0, FIELD), 138.0283503406899, UNKNOWN, HEMORRHAGIC)"
5,0.3317873103171398,0.31430063546038345,37.70232212794328,-122.14256706443062,"PatientState(Location(""FIELD"", (37.70232212794328, -122.14256706443062), -1.0, FIELD), 95.28381455654392, UNKNOWN, LVO)"
