sample,reward_best,reward_CA,location_lat,location_lon,patient_state
1,0.3151822428166281,0.24418294143999997,38.013069845861054,-121.89908860723362,"PatientState(Location(""FIELD"", (38.013069845861054, -121.89908860723362), -1.0, FIELD), 65.0758895117118, UNKNOWN, LVO)"
2,0.24418294143999997,0.24418294143999997,38.00896887437192,-121.89675764872804,"PatientState(Location(""FIELD"", (38.00896887437192, -121.89675764872804), -1.0, FIELD), 138.36269874169832, UNKNOWN, LVO)"
3,0.3191837390294467,0.24418294143999997,38.01014236942126,-121.89630603484107,"PatientState(Location(""FIELD"", (38.01014236942126, -121.89630603484107), -1.0, FIELD), 46.46698382274831, UNKNOWN, LVO)"
4,0.24418294143999997,0.24418294143999997,38.01357550942333,-121.8983048891822,"PatientState(Location(""FIELD"", (38.01357550942333, -121.8983048891822), -1.0, FIELD), 161.5485236373321, UNKNOWN, HEMORRHAGIC)"
5,0.24418294143999997,0.24418294143999997,38.009300641094555,-121.8974655156434,"PatientState(Location(""FIELD"", (38.009300641094555, -121.8974655156434), -1.0, FIELD), 115.17204715738129, UNKNOWN, LVO)"
