sample,reward_best,reward_CA,location_lat,location_lon,patient_state
1,0.3349774864665298,0.3349774864665298,37.42133861086929,-121.87293660194094,"PatientState(Location(""FIELD"", (37.42133861086929, -121.87293660194094), -1.0, FIELD), 105.1820681420709, UNKNOWN, HEMORRHAGIC)"
2,0.35263378093128406,0.35263378093128406,37.41933184351267,-121.87137227187257,"PatientState(Location(""FIELD"", (37.41933184351267, -121.87137227187257), -1.0, FIELD), 28.51200706038917, UNKNOWN, HEMORRHAGIC)"
3,0.3334238693673416,0.3334238693673416,37.42333478593506,-121.87522650775303,"PatientState(Location(""FIELD"", (37.42333478593506, -121.87522650775303), -1.0, FIELD), 111.13623852177784, UNKNOWN, HEMORRHAGIC)"
4,0.24418294143999997,0.24418294143999997,37.419126736049854,-121.87173643395384,"PatientState(Location(""FIELD"", (37.419126736049854, -121.87173643395384), -1.0, FIELD), 212.94516539938232, UNKNOWN, HEMORRHAGIC)"
5,0.3560052453891778,0.3560052453891778,37.41970295084343,-121.87575062847617,"PatientState(Location(""FIELD"", (37.41970295084343, -121.87575062847617), -1.0, FIELD), 16.125014991774716, UNKNOWN, LVO)"
