sample,reward_best,reward_CA,location_lat,location_lon,patient_state
1,0.24418294143999997,0.24418294143999997,37.865657743474735,-122.25773228460893,"PatientState(Location(""FIELD"", (37.865657743474735, -122.25773228460893), -1.0, FIELD), 269.37424165943656, UNKNOWN, LVO)"
2,0.33943212480343044,0.3268183501467976,37.8648750037922,-122.25948180415979,"PatientState(Location(""FIELD"", (37.8648750037922, -122.25948180415979), -1.0, FIELD), 44.019702757366666, UNKNOWN, HEMORRHAGIC)"
3,0.3148904191940618,0.24418294143999997,37.868697608715316,-122.257299716951,"PatientState(Location(""FIELD"", (37.868697608715316, -122.257299716951), -1.0, FIELD), 150.70695283828323, UNKNOWN, LVO)"
4,0.3199786334981001,0.24418294143999997,37.86660492728398,-122.2607565379306,"PatientState(Location(""FIELD"", (37.86660492728398, -122.2607565379306), -1.0, FIELD), 128.57691040062838, UNKNOWN, LVO)"
5,0.24418294143999997,0.24418294143999997,37.865539578742975,-122.25593142211362,"PatientState(Location(""FIELD"", (37.865539578742975, -122.25593142211362), -1.0, FIELD), 198.72027759851295, UNKNOWN, HEMORRHAGIC)"
