sample,reward_best,reward_CA,location_lat,location_lon,patient_state
1,0.24418294143999997,0.24418294143999997,37.80489692447055,-121.6919220141448,"PatientState(Location(""FIELD"", (37.80489692447055, -121.6919220141448), -1.0, FIELD), 78.28694147975227, UNKNOWN, LVO)"
2,0.24418294143999997,0.24418294143999997,37.80584603963276,-121.69352001603593,"PatientState(Location(""FIELD"", (37.80584603963276, -121.69352001603593), -1.0, FIELD), 171.87438495377867, UNKNOWN, HEMORRHAGIC)"
3,0.24418294143999997,0.24418294143999997,37.8060451508511,-121.69238358426664,"PatientState(Location(""FIELD"", (37.8060451508511, -121.69238358426664), -1.0, FIELD), 93.60908018906886, UNKNOWN, NLVO)"
4,0.24418294143999997,0.24418294143999997,37.80687230688402,-121.69212530852921,"PatientState(Location(""FIELD"", (37.80687230688402, -121.69212530852921), -1.0, FIELD), 195.69017106152398, UNKNOWN, HEMORRHAGIC)"
5,0.24418294143999997,0.24418294143999997,37.80757387403099,-121.69301774300743,"PatientState(Location(""FIELD"", (37.80757387403099, -121.69301774300743), -1.0, FIELD), 257.74916976564657, UNKNOWN, LVO)"
