sample,reward_best,reward_CA,location_lat,location_lon,patient_state
1,0.24418294143999997,0.24418294143999997,37.91342028135378,-122.24946233770851,"PatientState(Location(""FIELD"", (37.91342028135378, -122.24946233770851), -1.0, FIELD), 188.58973121339116, UNKNOWN, LVO)"
2,0.32523011910899335,0.24418294143999997,37.91356656550929,-122.25038235442085,"PatientState(Location(""FIELD"", (37.91356656550929, -122.25038235442085), -1.0, FIELD), 90.90528922559525, UNKNOWN, HEMORRHAGIC)"
3,0.25271666530358805,0.24418294143999997,37.91278285061403,-122.2472654651795,"PatientState(Location(""FIELD"", (37.91278285061403, -122.2472654651795), -1.0, FIELD), 144.06844917867286, UNKNOWN, LVO)"
4,0.32634807449283476,0.24418294143999997,37.91363949984562,-122.24789394157916,"PatientState(Location(""FIELD"", (37.91363949984562, -122.24789394157916), -1.0, FIELD), 85.97201145249774, UNKNOWN, LVO)"
5,0.24418294143999997,0.24418294143999997,37.913307316247305,-122.24911568579655,"PatientState(Location(""FIELD"", (37.913307316247305, -122.24911568579655), -1.0, FIELD), 155.3758796482479, UNKNOWN, NLVO)"
