sample,reward_best,reward_CA,location_lat,location_lon,patient_state
1,0.33402952027270666,0.33402952027270666,37.43742345537373,-121.73883429483355,"PatientState(Location(""FIELD"", (37.43742345537373, -121.73883429483355), -1.0, FIELD), 67.13444994458813, UNKNOWN, LVO)"
2,0.3374903786807428,0.3374903786807428,37.43603280234948,-121.73881600775712,"PatientState(Location(""FIELD"", (37.43603280234948, -121.73881600775712), -1.0, FIELD), 52.12487137238099, UNKNOWN, HEMORRHAGIC)"
3,0.24418294143999997,0.24418294143999997,37.43481530726334,-121.73891606951787,"PatientState(Location(""FIELD"", (37.43481530726334, -121.73891606951787), -1.0, FIELD), 264.55603308525326, UNKNOWN, LVO)"
4,0.3204314844783003,0.3204314844783003,37.437115130984544,-121.73981777105067,"PatientState(Location(""FIELD"", (37.437115130984544, -121.73981777105067), -1.0, FIELD), 126.99058163318114, UNKNOWN, HEMORRHAGIC)"
5,0.3455790925315946,0.3455790925315946,37.43776338467546,-121.73764620865674,"PatientState(Location(""FIELD"", (37.43776338467546, -121.73764620865674), -1.0, FIELD), 17.38223036298551, UNKNOWN, NLVO)"
