sample,reward_best,reward_CA,location_lat,location_lon,patient_state
1,0.3598450481756965,0.355151668645454,37.2967823579661,-121.93990429727695,"PatientState(Location(""FIELD"", (37.2967823579661, -121.93990429727695), -1.0, FIELD), 0.1363846295687765, UNKNOWN, HEMORRHAGIC)"
2,0.3355356411253083,0.3322265337272115,37.2960824132919,-121.93817462994225,"PatientState(Location(""FIELD"", (37.2960824132919, -121.93817462994225), -1.0, FIELD), 97.73322529115887, UNKNOWN, HEMORRHAGIC)"
3,0.35539074252244596,0.3521408113901547,37.29870241604754,-121.93892831601208,"PatientState(Location(""FIELD"", (37.29870241604754, -121.93892831601208), -1.0, FIELD), 13.92848442845144, UNKNOWN, HEMORRHAGIC)"
4,0.3146880372415694,0.2530552203537993,37.2940598497451,-121.93627705476885,"PatientState(Location(""FIELD"", (37.2940598497451, -121.93627705476885), -1.0, FIELD), 195.04775633153739, UNKNOWN, HEMORRHAGIC)"
5,0.3202776832171157,0.2571909044619774,37.29380084772615,-121.93906161814775,"PatientState(Location(""FIELD"", (37.29380084772615, -121.93906161814775), -1.0, FIELD), 170.68631670577992, UNKNOWN, NLVO)"
