sample,reward_best,reward_CA,location_lat,location_lon,patient_state
1,0.32793500827629746,0.2639936521672239,37.24029991058631,-121.84725691096008,"PatientState(Location(""FIELD"", (37.24029991058631, -121.84725691096008), -1.0, FIELD), 131.44161545146457, UNKNOWN, HEMORRHAGIC)"
2,0.35535714518520306,0.3513952489774105,37.23997221433499,-121.85046892014655,"PatientState(Location(""FIELD"", (37.23997221433499, -121.85046892014655), -1.0, FIELD), 15.023220087141299, UNKNOWN, NLVO)"
3,0.35372710528236523,0.3499310491229708,37.24029212385133,-121.8464473883203,"PatientState(Location(""FIELD"", (37.24029212385133, -121.8464473883203), -1.0, FIELD), 20.48149068395331, UNKNOWN, LVO)"
4,0.24418294143999997,0.24418294143999997,37.24245962271203,-121.84826926863994,"PatientState(Location(""FIELD"", (37.24245962271203, -121.84826926863994), -1.0, FIELD), 225.01586386825477, UNKNOWN, HEMORRHAGIC)"
5,0.24418294143999997,0.24418294143999997,37.2431541875232,-121.8460890263863,"PatientState(Location(""FIELD"", (37.2431541875232, -121.8460890263863), -1.0, FIELD), 250.05868759414582, UNKNOWN, LVO)"
