sample,reward_best,reward_CA,location_lat,location_lon,patient_state
1,0.3200973532619514,0.24418294143999997,37.53288108995461,-121.89150552817013,"PatientState(Location(""FIELD"", (37.53288108995461, -121.89150552817013), -1.0, FIELD), 148.3939278752304, UNKNOWN, LVO)"
2,0.24418294143999997,0.24418294143999997,37.5298443737729,-121.89238269249536,"PatientState(Location(""FIELD"", (37.5298443737729, -121.89238269249536), -1.0, FIELD), 199.13744625367102, UNKNOWN, HEMORRHAGIC)"
3,0.315869547955052,0.24418294143999997,37.530935692112585,-121.89510826096493,"PatientState(Location(""FIELD"", (37.530935692112585, -121.89510826096493), -1.0, FIELD), 164.51775584544478, UNKNOWN, HEMORRHAGIC)"
4,0.24418294143999997,0.24418294143999997,37.53070630609924,-121.89291707707832,"PatientState(Location(""FIELD"", (37.53070630609924, -121.89291707707832), -1.0, FIELD), 210.51141249378094, UNKNOWN, LVO)"
5,0.24418294143999997,0.24418294143999997,37.52991182472579,-121.89240025498101,"PatientState(Location(""FIELD"", (37.52991182472579, -121.89240025498101), -1.0, FIELD), 216.00824177418417, UNKNOWN, MIMIC)"
