sample,reward_best,reward_CA,location_lat,location_lon,patient_state
1,0.24418294143999997,0.24418294143999997,38.008692738687365,-121.6650629352396,"PatientState(Location(""FIELD"", (38.008692738687365, -121.6650629352396), -1.0, FIELD), 93.40383672144111, UNKNOWN, LVO)"
2,0.24418294143999997,0.24418294143999997,38.0049496915306,-121.66082262956088,"PatientState(Location(""FIELD"", (38.0049496915306, -121.66082262956088), -1.0, FIELD), 68.44613883862776, UNKNOWN, HEMORRHAGIC)"
3,0.3206903923497679,0.24418294143999997,38.00618356206447,-121.66299050217738,"PatientState(Location(""FIELD"", (38.00618356206447, -121.66299050217738), -1.0, FIELD), 15.061182870671322, UNKNOWN, LVO)"
4,0.24418294143999997,0.24418294143999997,38.00820118213565,-121.66346299991068,"PatientState(Location(""FIELD"", (38.00820118213565, -121.66346299991068), -1.0, FIELD), 196.58696444255366, UNKNOWN, LVO)"
5,0.24418294143999997,0.24418294143999997,38.006126858997476,-121.66159375275038,"PatientState(Location(""FIELD"", (38.006126858997476, -121.66159375275038), -1.0, FIELD), 249.01066462783388, UNKNOWN, LVO)"
