sample,reward_best,reward_CA,location_lat,location_lon,patient_state
1,0.3224710085007365,0.24418294143999997,37.985083565858865,-121.89827994517373,"PatientState(Location(""FIELD"", (37.985083565858865, -121.89827994517373), -1.0, FIELD), 31.442552895866896, UNKNOWN, HEMORRHAGIC)"
2,0.32185038128020377,0.24418294143999997,37.98490157283081,-121.8991254893726,"PatientState(Location(""FIELD"", (37.98490157283081, -121.8991254893726), -1.0, FIELD), 33.686325768816616, UNKNOWN, NLVO)"
3,0.24418294143999997,0.24418294143999997,37.985192351032254,-121.89837035030156,"PatientState(Location(""FIELD"", (37.985192351032254, -121.89837035030156), -1.0, FIELD), 266.37806504264233, UNKNOWN, HEMORRHAGIC)"
4,0.3271797235229667,0.24418294143999997,37.986434909500296,-121.89596137484459,"PatientState(Location(""FIELD"", (37.986434909500296, -121.89596137484459), -1.0, FIELD), 8.691902898858471, UNKNOWN, LVO)"
5,0.3239016967822155,0.24418294143999997,37.9874883025553,-121.90018971960218,"PatientState(Location(""FIELD"", (37.9874883025553, -121.90018971960218), -1.0, FIELD), 24.478616386898352, UNKNOWN, LVO)"
