sample,reward_best,reward_CA,location_lat,location_lon,patient_state
1,0.24418294143999997,0.24418294143999997,37.93637181865032,-121.90634490121835,"PatientState(Location(""FIELD"", (37.93637181865032, -121.90634490121835), -1.0, FIELD), 192.1488431842869, UNKNOWN, HEMORRHAGIC)"
2,0.24418294143999997,0.24418294143999997,37.93654931786176,-121.90580420258843,"PatientState(Location(""FIELD"", (37.93654931786176, -121.90580420258843), -1.0, FIELD), 256.7347003038382, UNKNOWN, HEMORRHAGIC)"
3,0.31559891032355086,0.31559891032355086,37.9345565418313,-121.90934561594644,"PatientState(Location(""FIELD"", (37.9345565418313, -121.90934561594644), -1.0, FIELD), 52.48449932278188, UNKNOWN, LVO)"
4,0.24418294143999997,0.24418294143999997,37.9366665721175,-121.90585051905525,"PatientState(Location(""FIELD"", (37.9366665721175, -121.90585051905525), -1.0, FIELD), 215.31868718928808, UNKNOWN, HEMORRHAGIC)"
5,0.24418294143999997,0.24418294143999997,37.93622006520435,-121.90640524701104,"PatientState(Location(""FIELD"", (37.93622006520435, -121.90640524701104), -1.0, FIELD), 224.95334618987943, UNKNOWN, LVO)"
