sample,reward_best,reward_CA,location_lat,location_lon,patient_state
1,0.3357160386338647,0.33145093147312044,37.32219818179786,-122.03207555496388,"PatientState(Location(""FIELD"", (37.32219818179786, -122.03207555496388), -1.0, FIELD), 97.61918874168781, UNKNOWN, HEMORRHAGIC)"
2,0.31484442277729796,0.25342883150377454,37.323670903237414,-122.03544942763308,"PatientState(Location(""FIELD"", (37.323670903237414, -122.03544942763308), -1.0, FIELD), 189.38596798780182, UNKNOWN, HEMORRHAGIC)"
3,0.3409410139297249,0.3365825067819357,37.32299688727793,-122.03281294399356,"PatientState(Location(""FIELD"", (37.32299688727793, -122.03281294399356), -1.0, FIELD), 74.6061673991287, UNKNOWN, LVO)"
4,0.24418294143999997,0.24418294143999997,37.322608956812644,-122.03522179879205,"PatientState(Location(""FIELD"", (37.322608956812644, -122.03522179879205), -1.0, FIELD), 212.67207678616953, UNKNOWN, MIMIC)"
5,0.34991451182392375,0.34567396857846233,37.3205534632744,-122.03214856744016,"PatientState(Location(""FIELD"", (37.3205534632744, -122.03214856744016), -1.0, FIELD), 36.29091207172961, UNKNOWN, LVO)"
