sample,reward_best,reward_CA,location_lat,location_lon,patient_state
1,0.3151387112403871,0.2560160148989388,37.45912488107348,-122.43445349811275,"PatientState(Location(""FIELD"", (37.45912488107348, -122.43445349811275), -1.0, FIELD), 167.85800949789743, UNKNOWN, LVO)"
2,0.3203857947540187,0.2602105394572839,37.46374555064247,-122.43573647716714,"PatientState(Location(""FIELD"", (37.46374555064247, -122.43573647716714), -1.0, FIELD), 144.98760471750504, UNKNOWN, LVO)"
3,0.24418294143999997,0.24418294143999997,37.46020067242314,-122.4338748575683,"PatientState(Location(""FIELD"", (37.46020067242314, -122.4338748575683), -1.0, FIELD), 254.8455231999492, UNKNOWN, LVO)"
4,0.25377554668363456,0.25377554668363456,37.461910622688436,-122.43395138233458,"PatientState(Location(""FIELD"", (37.461910622688436, -122.43395138233458), -1.0, FIELD), 181.0502803523725, UNKNOWN, LVO)"
5,0.24418294143999997,0.24418294143999997,37.45924876187358,-122.43284132719582,"PatientState(Location(""FIELD"", (37.45924876187358, -122.43284132719582), -1.0, FIELD), 268.20483478274303, UNKNOWN, LVO)"
