sample,reward_best,reward_CA,location_lat,location_lon,patient_state
1,0.3175861089995268,0.24418294143999997,37.37231170020876,-122.13340154849855,"PatientState(Location(""FIELD"", (37.37231170020876, -122.13340154849855), -1.0, FIELD), 173.2639428238384, UNKNOWN, HEMORRHAGIC)"
2,0.33055260109290047,0.31540373494280677,37.37149635894731,-122.13517341181108,"PatientState(Location(""FIELD"", (37.37149635894731, -122.13517341181108), -1.0, FIELD), 116.31307515541098, UNKNOWN, NLVO)"
3,0.24418294143999997,0.24418294143999997,37.369754825573004,-122.13266942106253,"PatientState(Location(""FIELD"", (37.369754825573004, -122.13266942106253), -1.0, FIELD), 269.085448899212, UNKNOWN, MIMIC)"
4,0.24418294143999997,0.24418294143999997,37.37027622015508,-122.13542437214751,"PatientState(Location(""FIELD"", (37.37027622015508, -122.13542437214751), -1.0, FIELD), 217.095790542908, UNKNOWN, HEMORRHAGIC)"
5,0.3445075377384653,0.3292941402297117,37.37028890539293,-122.13366909663311,"PatientState(Location(""FIELD"", (37.37028890539293, -122.13366909663311), -1.0, FIELD), 55.454986612123314, UNKNOWN, LVO)"
