sample,reward_best,reward_CA,location_lat,location_lon,patient_state
1,0.24418294143999997,0.24418294143999997,37.96184145821815,-122.12939771458446,"PatientState(Location(""FIELD"", (37.96184145821815, -122.12939771458446), -1.0, FIELD), 161.3481347542452, UNKNOWN, HEMORRHAGIC)"
2,0.24418294143999997,0.24418294143999997,37.96028748155212,-122.13006804970541,"PatientState(Location(""FIELD"", (37.96028748155212, -122.13006804970541), -1.0, FIELD), 235.00576221627702, UNKNOWN, MIMIC)"
3,0.2607412390169971,0.24418294143999997,37.9603274307502,-122.1305160900107,"PatientState(Location(""FIELD"", (37.9603274307502, -122.1305160900107), -1.0, FIELD), 93.90264522318876, UNKNOWN, LVO)"
4,0.24418294143999997,0.24418294143999997,37.95941991414408,-122.12768273606366,"PatientState(Location(""FIELD"", (37.95941991414408, -122.12768273606366), -1.0, FIELD), 249.97969116459828, UNKNOWN, HEMORRHAGIC)"
5,0.2534663128164827,0.24418294143999997,37.96010062459026,-122.12750877350587,"PatientState(Location(""FIELD"", (37.96010062459026, -122.12750877350587), -1.0, FIELD), 135.7778134568415, UNKNOWN, HEMORRHAGIC)"
