sample,reward_best,reward_CA,location_lat,location_lon,patient_state
1,0.33423262960943884,0.27134606947125545,37.44275246369628,-122.43771448300878,"PatientState(Location(""FIELD"", (37.44275246369628, -122.43771448300878), -1.0, FIELD), 79.39301942813977, UNKNOWN, LVO)"
2,0.3269411746792431,0.26834311149170137,37.44328762211381,-122.43720727921858,"PatientState(Location(""FIELD"", (37.44328762211381, -122.43720727921858), -1.0, FIELD), 95.31351022422074, UNKNOWN, NLVO)"
3,0.33557443114718577,0.3321115005381072,37.44037778864282,-122.4367619064658,"PatientState(Location(""FIELD"", (37.44037778864282, -122.4367619064658), -1.0, FIELD), 73.5666426851583, UNKNOWN, HEMORRHAGIC)"
4,0.3454222963614327,0.3420205359764228,37.44158124876346,-122.43968196314746,"PatientState(Location(""FIELD"", (37.44158124876346, -122.43968196314746), -1.0, FIELD), 31.193274749701004, UNKNOWN, HEMORRHAGIC)"
5,0.32401722715597653,0.26302604897056625,37.44211420531406,-122.43652299641097,"PatientState(Location(""FIELD"", (37.44211420531406, -122.43652299641097), -1.0, FIELD), 124.20245349607083, UNKNOWN, LVO)"
