sample,reward_best,reward_CA,location_lat,location_lon,patient_state
1,0.34112088024237786,0.3213532001802425,37.51564380584611,-121.91031746470877,"PatientState(Location(""FIELD"", (37.51564380584611, -121.91031746470877), -1.0, FIELD), 68.26628711880969, UNKNOWN, LVO)"
2,0.24418294143999997,0.24418294143999997,37.51732756620594,-121.91064664954379,"PatientState(Location(""FIELD"", (37.51732756620594, -121.91064664954379), -1.0, FIELD), 219.4080098356035, UNKNOWN, LVO)"
3,0.24418294143999997,0.24418294143999997,37.514475610207015,-121.90987719024253,"PatientState(Location(""FIELD"", (37.514475610207015, -121.90987719024253), -1.0, FIELD), 240.03863800097326, UNKNOWN, LVO)"
4,0.24418294143999997,0.24418294143999997,37.518112667864756,-121.91053175217155,"PatientState(Location(""FIELD"", (37.518112667864756, -121.91053175217155), -1.0, FIELD), 261.2335333682728, UNKNOWN, LVO)"
5,0.24418294143999997,0.24418294143999997,37.51734741401528,-121.90907523262226,"PatientState(Location(""FIELD"", (37.51734741401528, -121.90907523262226), -1.0, FIELD), 243.42079602709862, UNKNOWN, LVO)"
