sample,reward_best,reward_CA,location_lat,location_lon,patient_state
1,0.24418294143999997,0.24418294143999997,37.73927255131536,-121.67656979593538,"PatientState(Location(""FIELD"", (37.73927255131536, -121.67656979593538), -1.0, FIELD), 179.88681235189486, UNKNOWN, HEMORRHAGIC)"
2,0.31620367506342123,0.24418294143999997,37.74259108266982,-121.67803027736507,"PatientState(Location(""FIELD"", (37.74259108266982, -121.67803027736507), -1.0, FIELD), 144.47013918071258, UNKNOWN, NLVO)"
3,0.31837009955529844,0.24418294143999997,37.74330724321544,-121.67836698302386,"PatientState(Location(""FIELD"", (37.74330724321544, -121.67836698302386), -1.0, FIELD), 134.96534348981817, UNKNOWN, HEMORRHAGIC)"
4,0.24418294143999997,0.24418294143999997,37.74207898258763,-121.67746213939301,"PatientState(Location(""FIELD"", (37.74207898258763, -121.67746213939301), -1.0, FIELD), 258.1859422365186, UNKNOWN, LVO)"
5,0.3285998021399642,0.24418294143999997,37.742864214198555,-121.67677394283497,"PatientState(Location(""FIELD"", (37.742864214198555, -121.67677394283497), -1.0, FIELD), 91.74795923519643, UNKNOWN, LVO)"
