sample,reward_best,reward_CA,location_lat,location_lon,patient_state
1,0.3502898656725396,0.3502898656725396,37.20453909392154,-122.05823011609704,"PatientState(Location(""FIELD"", (37.20453909392154, -122.05823011609704), -1.0, FIELD), 22.441047128775555, UNKNOWN, HEMORRHAGIC)"
2,0.31989878140828454,0.31989878140828454,37.20455573883477,-122.05743106493851,"PatientState(Location(""FIELD"", (37.20455573883477, -122.05743106493851), -1.0, FIELD), 154.44656033258397, UNKNOWN, HEMORRHAGIC)"
3,0.314339225511934,0.314339225511934,37.20386463034316,-122.06019342324029,"PatientState(Location(""FIELD"", (37.20386463034316, -122.06019342324029), -1.0, FIELD), 179.06798983839863, UNKNOWN, MIMIC)"
4,0.31665181519366614,0.31665181519366614,37.20552615143497,-122.05584460868917,"PatientState(Location(""FIELD"", (37.20552615143497, -122.05584460868917), -1.0, FIELD), 171.35472517160892, UNKNOWN, LVO)"
5,0.31563124984194996,0.31563124984194996,37.2063479288408,-122.0597083669995,"PatientState(Location(""FIELD"", (37.2063479288408, -122.0597083669995), -1.0, FIELD), 173.75004187957114, UNKNOWN, LVO)"
