sample,reward_best,reward_CA,location_lat,location_lon,patient_state
1,0.24418294143999997,0.24418294143999997,37.74741748758488,-121.74383335502203,"PatientState(Location(""FIELD"", (37.74741748758488, -121.74383335502203), -1.0, FIELD), 219.3537799528817, UNKNOWN, HEMORRHAGIC)"
2,0.24418294143999997,0.24418294143999997,37.74592676065529,-121.74396914577972,"PatientState(Location(""FIELD"", (37.74592676065529, -121.74396914577972), -1.0, FIELD), 198.3604708681456, UNKNOWN, NLVO)"
3,0.32017954174562707,0.24418294143999997,37.74493942491648,-121.74454465842868,"PatientState(Location(""FIELD"", (37.74493942491648, -121.74454465842868), -1.0, FIELD), 132.44232922231714, UNKNOWN, LVO)"
4,0.24418294143999997,0.24418294143999997,37.744848517797074,-121.74343937841257,"PatientState(Location(""FIELD"", (37.744848517797074, -121.74343937841257), -1.0, FIELD), 225.86361473905802, UNKNOWN, HEMORRHAGIC)"
5,0.3366296595137516,0.31694895675062446,37.743831074055336,-121.74199183840558,"PatientState(Location(""FIELD"", (37.743831074055336, -121.74199183840558), -1.0, FIELD), 59.615507544132306, UNKNOWN, MIMIC)"
