sample,reward_best,reward_CA,location_lat,location_lon,patient_state
1,0.2525328856472343,0.24418294143999997,37.986099694807606,-121.83939273022068,"PatientState(Location(""FIELD"", (37.986099694807606, -121.83939273022068), -1.0, FIELD), 63.114316664227744, UNKNOWN, LVO)"
2,0.24418294143999997,0.24418294143999997,37.9879819679074,-121.83705436140691,"PatientState(Location(""FIELD"", (37.9879819679074, -121.83705436140691), -1.0, FIELD), 123.96055487752392, UNKNOWN, HEMORRHAGIC)"
3,0.24418294143999997,0.24418294143999997,37.98718897430291,-121.83975082564913,"PatientState(Location(""FIELD"", (37.98718897430291, -121.83975082564913), -1.0, FIELD), 105.28975959871725, UNKNOWN, LVO)"
4,0.24418294143999997,0.24418294143999997,37.98380037101094,-121.83863132063162,"PatientState(Location(""FIELD"", (37.98380037101094, -121.83863132063162), -1.0, FIELD), 79.33557509697347, UNKNOWN, LVO)"
5,0.24418294143999997,0.24418294143999997,37.98533212826082,-121.8365539486055,"PatientState(Location(""FIELD"", (37.98533212826082, -121.8365539486055), -1.0, FIELD), 79.73545952722151, UNKNOWN, HEMORRHAGIC)"
