sample,reward_best,reward_CA,location_lat,location_lon,patient_state
1,0.24418294143999997,0.24418294143999997,38.040193459171846,-121.65403815377721,"PatientState(Location(""FIELD"", (38.040193459171846, -121.65403815377721), -1.0, FIELD), 154.38251605173647, UNKNOWN, LVO)"
2,0.24418294143999997,0.24418294143999997,38.040349736885375,-121.65226224141638,"PatientState(Location(""FIELD"", (38.040349736885375, -121.65226224141638), -1.0, FIELD), 108.93787643887809, UNKNOWN, LVO)"
3,0.24418294143999997,0.24418294143999997,38.03972422233986,-121.65221865200515,"PatientState(Location(""FIELD"", (38.03972422233986, -121.65221865200515), -1.0, FIELD), 232.319312507021, UNKNOWN, MIMIC)"
4,0.24418294143999997,0.24418294143999997,38.04013666565173,-121.65214566991285,"PatientState(Location(""FIELD"", (38.04013666565173, -121.65214566991285), -1.0, FIELD), 257.34991616381024, UNKNOWN, HEMORRHAGIC)"
5,0.24418294143999997,0.24418294143999997,38.04150810859094,-121.65121126325532,"PatientState(Location(""FIELD"", (38.04150810859094, -121.65121126325532), -1.0, FIELD), 193.9845452520094, UNKNOWN, LVO)"
