sample,reward_best,reward_CA,location_lat,location_lon,patient_state
1,0.3229384892338044,0.3229384892338044,37.28951352048869,-122.05196071310439,"PatientState(Location(""FIELD"", (37.28951352048869, -122.05196071310439), -1.0, FIELD), 150.93497302142234, UNKNOWN, LVO)"
2,0.3281676309801323,0.3281676309801323,37.29029331780215,-122.05356093884316,"PatientState(Location(""FIELD"", (37.29029331780215, -122.05356093884316), -1.0, FIELD), 127.359345965124, UNKNOWN, MIMIC)"
3,0.24418294143999997,0.24418294143999997,37.289491462208986,-122.05232205836346,"PatientState(Location(""FIELD"", (37.289491462208986, -122.05232205836346), -1.0, FIELD), 198.7613744112443, UNKNOWN, NLVO)"
4,0.3341202923636418,0.3341202923636418,37.29008916552974,-122.05222277029901,"PatientState(Location(""FIELD"", (37.29008916552974, -122.05222277029901), -1.0, FIELD), 101.83307840974538, UNKNOWN, MIMIC)"
5,0.24418294143999997,0.24418294143999997,37.29135372256718,-122.05453395538977,"PatientState(Location(""FIELD"", (37.29135372256718, -122.05453395538977), -1.0, FIELD), 263.3717206364976, UNKNOWN, NLVO)"
