sample,reward_best,reward_CA,location_lat,location_lon,patient_state
1,0.25269266838547855,0.25269266838547855,37.33586369560264,-121.96480205397422,"PatientState(Location(""FIELD"", (37.33586369560264, -121.96480205397422), -1.0, FIELD), 197.1848156498926, UNKNOWN, MIMIC)"
2,0.35555896888919425,0.3530908442303453,37.33481821376858,-121.96176322133464,"PatientState(Location(""FIELD"", (37.33481821376858, -121.96176322133464), -1.0, FIELD), 10.337228441627358, UNKNOWN, LVO)"
3,0.24418294143999997,0.24418294143999997,37.33453040457415,-121.96258318964797,"PatientState(Location(""FIELD"", (37.33453040457415, -121.96258318964797), -1.0, FIELD), 243.68397703417588, UNKNOWN, HEMORRHAGIC)"
4,0.24418294143999997,0.24418294143999997,37.335281202729426,-121.96507211576146,"PatientState(Location(""FIELD"", (37.335281202729426, -121.96507211576146), -1.0, FIELD), 251.14343856348194, UNKNOWN, HEMORRHAGIC)"
5,0.24418294143999997,0.24418294143999997,37.335868910950154,-121.96555271660178,"PatientState(Location(""FIELD"", (37.335868910950154, -121.96555271660178), -1.0, FIELD), 218.1942050095251, UNKNOWN, HEMORRHAGIC)"
