sample,reward_best,reward_CA,location_lat,location_lon,patient_state
1,0.33312823969392896,0.32859842172424386,37.40704148133265,-122.03360539327112,"PatientState(Location(""FIELD"", (37.40704148133265, -122.03360539327112), -1.0, FIELD), 105.43015127956897, UNKNOWN, HEMORRHAGIC)"
2,0.34865670551858285,0.3441477629349625,37.40582826899613,-122.03244750165832,"PatientState(Location(""FIELD"", (37.40582826899613, -122.03244750165832), -1.0, FIELD), 39.26211945455909, UNKNOWN, LVO)"
3,0.3213353042292108,0.2585213757634444,37.40651426265024,-122.03458933358992,"PatientState(Location(""FIELD"", (37.40651426265024, -122.03458933358992), -1.0, FIELD), 157.22330716094956, UNKNOWN, MIMIC)"
4,0.3573096028667214,0.35281998046285157,37.40868446430077,-122.03173293422766,"PatientState(Location(""FIELD"", (37.40868446430077, -122.03173293422766), -1.0, FIELD), 1.9882162028375372, UNKNOWN, LVO)"
5,0.24418294143999997,0.24418294143999997,37.40804127362387,-122.03291851268293,"PatientState(Location(""FIELD"", (37.40804127362387, -122.03291851268293), -1.0, FIELD), 223.20055574315012, UNKNOWN, HEMORRHAGIC)"
