sample,reward_best,reward_CA,location_lat,location_lon,patient_state
1,0.24418294143999997,0.24418294143999997,37.893287763815344,-122.01146259015695,"PatientState(Location(""FIELD"", (37.893287763815344, -122.01146259015695), -1.0, FIELD), 150.71423569916274, UNKNOWN, HEMORRHAGIC)"
2,0.31693724010531815,0.24418294143999997,37.89045524620231,-122.01508164260824,"PatientState(Location(""FIELD"", (37.89045524620231, -122.01508164260824), -1.0, FIELD), 127.86476882790373, UNKNOWN, HEMORRHAGIC)"
3,0.24418294143999997,0.24418294143999997,37.891351786354775,-122.0118916782925,"PatientState(Location(""FIELD"", (37.891351786354775, -122.0118916782925), -1.0, FIELD), 243.79963467496484, UNKNOWN, LVO)"
4,0.3400889706440813,0.32664335128235356,37.890422043635304,-122.013537534773,"PatientState(Location(""FIELD"", (37.890422043635304, -122.013537534773), -1.0, FIELD), 25.633630691075567, UNKNOWN, LVO)"
5,0.34540695429825025,0.3318468682116913,37.88880818802605,-122.01390432701672,"PatientState(Location(""FIELD"", (37.88880818802605, -122.01390432701672), -1.0, FIELD), 3.9037800292660982, UNKNOWN, LVO)"
