sample,reward_best,reward_CA,location_lat,location_lon,patient_state
1,0.31792894965948276,0.24418294143999997,37.996558214860066,-121.93632256377354,"PatientState(Location(""FIELD"", (37.996558214860066, -121.93632256377354), -1.0, FIELD), 39.05009387710832, UNKNOWN, HEMORRHAGIC)"
2,0.24418294143999997,0.24418294143999997,37.99659932305292,-121.93581719718621,"PatientState(Location(""FIELD"", (37.99659932305292, -121.93581719718621), -1.0, FIELD), 105.8053804304535, UNKNOWN, HEMORRHAGIC)"
3,0.24418294143999997,0.24418294143999997,37.9939646550043,-121.93810884987508,"PatientState(Location(""FIELD"", (37.9939646550043, -121.93810884987508), -1.0, FIELD), 214.2067587352653, UNKNOWN, HEMORRHAGIC)"
4,0.24418294143999997,0.24418294143999997,37.995684283199154,-121.93701659179438,"PatientState(Location(""FIELD"", (37.995684283199154, -121.93701659179438), -1.0, FIELD), 191.3240902092423, UNKNOWN, LVO)"
5,0.24418294143999997,0.24418294143999997,37.99714183211611,-121.93599156388875,"PatientState(Location(""FIELD"", (37.99714183211611, -121.93599156388875), -1.0, FIELD), 184.2868636838268, UNKNOWN, HEMORRHAGIC)"
