sample,reward_best,reward_CA,location_lat,location_lon,patient_state
1,0.3170080120198044,0.24418294143999997,37.538532095961706,-121.94914246775689,"PatientState(Location(""FIELD"", (37.538532095961706, -121.94914246775689), -1.0, FIELD), 173.94876778378486, UNKNOWN, NLVO)"
2,0.24418294143999997,0.24418294143999997,37.538508341141835,-121.94977907019332,"PatientState(Location(""FIELD"", (37.538508341141835, -121.94977907019332), -1.0, FIELD), 233.39472195660863, UNKNOWN, LVO)"
3,0.3294066645643485,0.24418294143999997,37.53770723954322,-121.94676009122892,"PatientState(Location(""FIELD"", (37.53770723954322, -121.94676009122892), -1.0, FIELD), 118.63824090542731, UNKNOWN, NLVO)"
4,0.3409415203475124,0.3224427114851325,37.53383403236445,-121.9496202702723,"PatientState(Location(""FIELD"", (37.53383403236445, -121.9496202702723), -1.0, FIELD), 70.70232342136578, UNKNOWN, MIMIC)"
5,0.3401868400380756,0.32160730244448094,37.53491513312385,-121.94668391558771,"PatientState(Location(""FIELD"", (37.53491513312385, -121.94668391558771), -1.0, FIELD), 74.34064087097202, UNKNOWN, LVO)"
