sample,reward_best,reward_CA,location_lat,location_lon,patient_state
1,0.24418294143999997,0.24418294143999997,37.96643339490819,-121.8849840299851,"PatientState(Location(""FIELD"", (37.96643339490819, -121.8849840299851), -1.0, FIELD), 54.014551556697064, UNKNOWN, NLVO)"
2,0.24418294143999997,0.24418294143999997,37.966713973816006,-121.88403512079077,"PatientState(Location(""FIELD"", (37.966713973816006, -121.88403512079077), -1.0, FIELD), 173.47146740914417, UNKNOWN, HEMORRHAGIC)"
3,0.24418294143999997,0.24418294143999997,37.96641855692864,-121.88477028994286,"PatientState(Location(""FIELD"", (37.96641855692864, -121.88477028994286), -1.0, FIELD), 212.78346332977523, UNKNOWN, HEMORRHAGIC)"
4,0.24418294143999997,0.24418294143999997,37.964076578282835,-121.8843061571352,"PatientState(Location(""FIELD"", (37.964076578282835, -121.8843061571352), -1.0, FIELD), 62.87584120556862, UNKNOWN, MIMIC)"
5,0.24418294143999997,0.24418294143999997,37.96415523831838,-121.88465724135004,"PatientState(Location(""FIELD"", (37.96415523831838, -121.88465724135004), -1.0, FIELD), 48.48406098709965, UNKNOWN, MIMIC)"
