sample,reward_best,reward_CA,location_lat,location_lon,patient_state
1,0.24418294143999997,0.24418294143999997,37.91703911027638,-121.87545031720384,"PatientState(Location(""FIELD"", (37.91703911027638, -121.87545031720384), -1.0, FIELD), 73.5736233296561, UNKNOWN, HEMORRHAGIC)"
2,0.24418294143999997,0.24418294143999997,37.91543825041055,-121.87084623746631,"PatientState(Location(""FIELD"", (37.91543825041055, -121.87084623746631), -1.0, FIELD), 128.9878344004466, UNKNOWN, LVO)"
3,0.3167544575497445,0.3167544575497445,37.91725357673684,-121.87544275091088,"PatientState(Location(""FIELD"", (37.91725357673684, -121.87544275091088), -1.0, FIELD), 47.06530954599075, UNKNOWN, MIMIC)"
4,0.24418294143999997,0.24418294143999997,37.91512355455332,-121.87278022909624,"PatientState(Location(""FIELD"", (37.91512355455332, -121.87278022909624), -1.0, FIELD), 225.2592542564635, UNKNOWN, HEMORRHAGIC)"
5,0.24418294143999997,0.24418294143999997,37.91420700001189,-121.87088203316604,"PatientState(Location(""FIELD"", (37.91420700001189, -121.87088203316604), -1.0, FIELD), 217.62160147641288, UNKNOWN, LVO)"
