sample,reward_best,reward_CA,location_lat,location_lon,patient_state
1,0.32379395452310283,0.24418294143999997,37.96319822963681,-121.82578791004596,"PatientState(Location(""FIELD"", (37.96319822963681, -121.82578791004596), -1.0, FIELD), 10.472057936375046, UNKNOWN, LVO)"
2,0.24418294143999997,0.24418294143999997,37.96285482405543,-121.82331859287399,"PatientState(Location(""FIELD"", (37.96285482405543, -121.82331859287399), -1.0, FIELD), 139.49278275441313, UNKNOWN, LVO)"
3,0.24418294143999997,0.24418294143999997,37.960661162460305,-121.82093870705525,"PatientState(Location(""FIELD"", (37.960661162460305, -121.82093870705525), -1.0, FIELD), 112.6642204732912, UNKNOWN, NLVO)"
4,0.24418294143999997,0.24418294143999997,37.96115774581779,-121.82191463696331,"PatientState(Location(""FIELD"", (37.96115774581779, -121.82191463696331), -1.0, FIELD), 109.09475944770895, UNKNOWN, MIMIC)"
5,0.24418294143999997,0.24418294143999997,37.9603696997415,-121.82371322850294,"PatientState(Location(""FIELD"", (37.9603696997415, -121.82371322850294), -1.0, FIELD), 186.28643193307116, UNKNOWN, NLVO)"
