sample,reward_best,reward_CA,location_lat,location_lon,patient_state
1,0.24418294143999997,0.24418294143999997,37.59554914888237,-122.40291930010518,"PatientState(Location(""FIELD"", (37.59554914888237, -122.40291930010518), -1.0, FIELD), 243.8647206497566, UNKNOWN, LVO)"
2,0.3374386514254173,0.33585024906062383,37.597835841360705,-122.40429119166238,"PatientState(Location(""FIELD"", (37.597835841360705, -122.40429119166238), -1.0, FIELD), 82.22852398843877, UNKNOWN, LVO)"
3,0.3458950104203712,0.34435861016578845,37.59809875450275,-122.40414617188337,"PatientState(Location(""FIELD"", (37.59809875450275, -122.40414617188337), -1.0, FIELD), 45.16736321109942, UNKNOWN, HEMORRHAGIC)"
4,0.3477020188501837,0.3461770478210914,37.59630608100225,-122.4035240531942,"PatientState(Location(""FIELD"", (37.59630608100225, -122.4035240531942), -1.0, FIELD), 38.53813026164158, UNKNOWN, MIMIC)"
5,0.24418294143999997,0.24418294143999997,37.59565370019151,-122.40521090266334,"PatientState(Location(""FIELD"", (37.59565370019151, -122.40521090266334), -1.0, FIELD), 208.83068780860802, UNKNOWN, HEMORRHAGIC)"
