sample,reward_best,reward_CA,location_lat,location_lon,patient_state
1,0.24418294143999997,0.24418294143999997,37.18015621098398,-121.83031516399565,"PatientState(Location(""FIELD"", (37.18015621098398, -121.83031516399565), -1.0, FIELD), 264.99283446554995, UNKNOWN, LVO)"
2,0.32785682770173513,0.32785682770173513,37.179536212481544,-121.82842596890768,"PatientState(Location(""FIELD"", (37.179536212481544, -121.82842596890768), -1.0, FIELD), 112.02194633726388, UNKNOWN, NLVO)"
3,0.3140881886704561,0.3140881886704561,37.17972010488997,-121.82836555362303,"PatientState(Location(""FIELD"", (37.17972010488997, -121.82836555362303), -1.0, FIELD), 173.36284282930495, UNKNOWN, NLVO)"
4,0.3309439194159544,0.3309439194159544,37.18309068505643,-121.82828360756484,"PatientState(Location(""FIELD"", (37.18309068505643, -121.82828360756484), -1.0, FIELD), 97.7516696942838, UNKNOWN, LVO)"
5,0.24418294143999997,0.24418294143999997,37.18123879156167,-121.8291259507907,"PatientState(Location(""FIELD"", (37.18123879156167, -121.8291259507907), -1.0, FIELD), 230.30967366944057, UNKNOWN, LVO)"
