sample,reward_best,reward_CA,location_lat,location_lon,patient_state
1,0.3447436318585944,0.32564849953055236,37.52181337029084,-121.88112161274738,"PatientState(Location(""FIELD"", (37.52181337029084, -121.88112161274738), -1.0, FIELD), 30.515733116738115, UNKNOWN, LVO)"
2,0.3511196202538732,0.33182657658227815,37.51968919302319,-121.88177980399009,"PatientState(Location(""FIELD"", (37.51968919302319, -121.88177980399009), -1.0, FIELD), 3.2275400751809946, UNKNOWN, NLVO)"
3,0.24418294143999997,0.24418294143999997,37.520678073382484,-121.88106315583867,"PatientState(Location(""FIELD"", (37.520678073382484, -121.88106315583867), -1.0, FIELD), 183.34173981946654, UNKNOWN, LVO)"
4,0.24418294143999997,0.24418294143999997,37.51886387726009,-121.88327894283623,"PatientState(Location(""FIELD"", (37.51886387726009, -121.88327894283623), -1.0, FIELD), 187.76603542304966, UNKNOWN, HEMORRHAGIC)"
5,0.3412605013562452,0.32227824324564636,37.523130028767,-121.88271737219674,"PatientState(Location(""FIELD"", (37.523130028767, -121.88271737219674), -1.0, FIELD), 46.2112326692418, UNKNOWN, LVO)"
