sample,reward_best,reward_CA,location_lat,location_lon,patient_state
1,0.24418294143999997,0.24418294143999997,37.84025866386995,-121.74787325436542,"PatientState(Location(""FIELD"", (37.84025866386995, -121.74787325436542), -1.0, FIELD), 165.17453187386678, UNKNOWN, LVO)"
2,0.3180234552365442,0.24418294143999997,37.84071035944041,-121.74974331698121,"PatientState(Location(""FIELD"", (37.84071035944041, -121.74974331698121), -1.0, FIELD), 15.64085883887487, UNKNOWN, HEMORRHAGIC)"
3,0.31601077503702213,0.24418294143999997,37.842345325127305,-121.74660347343097,"PatientState(Location(""FIELD"", (37.842345325127305, -121.74660347343097), -1.0, FIELD), 24.907374846134953, UNKNOWN, LVO)"
4,0.24418294143999997,0.24418294143999997,37.840505310093,-121.75052945893681,"PatientState(Location(""FIELD"", (37.840505310093, -121.75052945893681), -1.0, FIELD), 166.7256399875071, UNKNOWN, NLVO)"
5,0.24418294143999997,0.24418294143999997,37.843155895482205,-121.74706384429409,"PatientState(Location(""FIELD"", (37.843155895482205, -121.74706384429409), -1.0, FIELD), 204.75124957785658, UNKNOWN, HEMORRHAGIC)"
