sample,reward_best,reward_CA,location_lat,location_lon,patient_state
1,0.24418294143999997,0.24418294143999997,37.61056686928456,-121.61060044082325,"PatientState(Location(""FIELD"", (37.61056686928456, -121.61060044082325), -1.0, FIELD), 171.30583260138232, UNKNOWN, MIMIC)"
2,0.32114926385274273,0.24418294143999997,37.612193801273264,-121.6106983527351,"PatientState(Location(""FIELD"", (37.612193801273264, -121.6106983527351), -1.0, FIELD), 102.88468631590766, UNKNOWN, MIMIC)"
3,0.24418294143999997,0.24418294143999997,37.61242753376194,-121.60807262943078,"PatientState(Location(""FIELD"", (37.61242753376194, -121.60807262943078), -1.0, FIELD), 245.2347830814653, UNKNOWN, NLVO)"
4,0.24418294143999997,0.24418294143999997,37.61000808711884,-121.61046150313292,"PatientState(Location(""FIELD"", (37.61000808711884, -121.61046150313292), -1.0, FIELD), 209.59282379376, UNKNOWN, MIMIC)"
5,0.24418294143999997,0.24418294143999997,37.610266456724844,-121.61078288830292,"PatientState(Location(""FIELD"", (37.610266456724844, -121.61078288830292), -1.0, FIELD), 165.75583754848833, UNKNOWN, LVO)"
