sample,reward_best,reward_CA,location_lat,location_lon,patient_state
1,0.3301039165921894,0.3301039165921894,37.31359947644117,-122.3250373149997,"PatientState(Location(""FIELD"", (37.31359947644117, -122.3250373149997), -1.0, FIELD), 99.14848963673475, UNKNOWN, LVO)"
2,0.24418294143999997,0.24418294143999997,37.310717083019476,-122.3254526019443,"PatientState(Location(""FIELD"", (37.310717083019476, -122.3254526019443), -1.0, FIELD), 193.7557747767472, UNKNOWN, LVO)"
3,0.3294534813396018,0.3294534813396018,37.31272799961775,-122.32495307098783,"PatientState(Location(""FIELD"", (37.31272799961775, -122.32495307098783), -1.0, FIELD), 101.87301178085313, UNKNOWN, HEMORRHAGIC)"
4,0.3320267413878185,0.3320267413878185,37.311068688078215,-122.32551906987322,"PatientState(Location(""FIELD"", (37.311068688078215, -122.32551906987322), -1.0, FIELD), 90.54713403087709, UNKNOWN, LVO)"
5,0.24418294143999997,0.24418294143999997,37.3092727662514,-122.32167744568261,"PatientState(Location(""FIELD"", (37.3092727662514, -122.32167744568261), -1.0, FIELD), 227.83972196804424, UNKNOWN, HEMORRHAGIC)"
