sample,reward_best,reward_CA,location_lat,location_lon,patient_state
1,0.24418294143999997,0.24418294143999997,37.69167749910976,-121.67596948341482,"PatientState(Location(""FIELD"", (37.69167749910976, -121.67596948341482), -1.0, FIELD), 191.2347886896204, UNKNOWN, HEMORRHAGIC)"
2,0.24418294143999997,0.24418294143999997,37.69208430674348,-121.67777170633072,"PatientState(Location(""FIELD"", (37.69208430674348, -121.67777170633072), -1.0, FIELD), 229.97772395883715, UNKNOWN, HEMORRHAGIC)"
3,0.24418294143999997,0.24418294143999997,37.68969003987818,-121.679473868933,"PatientState(Location(""FIELD"", (37.68969003987818, -121.679473868933), -1.0, FIELD), 219.24282300173988, UNKNOWN, LVO)"
4,0.24418294143999997,0.24418294143999997,37.69166992586518,-121.67983361496313,"PatientState(Location(""FIELD"", (37.69166992586518, -121.67983361496313), -1.0, FIELD), 233.84137171818836, UNKNOWN, LVO)"
5,0.24418294143999997,0.24418294143999997,37.69144789068504,-121.67703664522116,"PatientState(Location(""FIELD"", (37.69144789068504, -121.67703664522116), -1.0, FIELD), 257.55652145178516, UNKNOWN, MIMIC)"
