sample,reward_best,reward_CA,location_lat,location_lon,patient_state
1,0.3206021804014298,0.24418294143999997,37.72206922305051,-121.70126222969347,"PatientState(Location(""FIELD"", (37.72206922305051, -121.70126222969347), -1.0, FIELD), 133.54976119447323, UNKNOWN, HEMORRHAGIC)"
2,0.3197536407524271,0.24418294143999997,37.71993332980113,-121.70513887079322,"PatientState(Location(""FIELD"", (37.71993332980113, -121.70513887079322), -1.0, FIELD), 137.98435098371908, UNKNOWN, HEMORRHAGIC)"
3,0.32086482939399724,0.24418294143999997,37.71920853526958,-121.70575928075583,"PatientState(Location(""FIELD"", (37.71920853526958, -121.70575928075583), -1.0, FIELD), 133.12791749010398, UNKNOWN, LVO)"
4,0.24418294143999997,0.24418294143999997,37.719218938923134,-121.70279422942856,"PatientState(Location(""FIELD"", (37.719218938923134, -121.70279422942856), -1.0, FIELD), 227.11772795081595, UNKNOWN, HEMORRHAGIC)"
5,0.24418294143999997,0.24418294143999997,37.71993639256248,-121.70191507855117,"PatientState(Location(""FIELD"", (37.71993639256248, -121.70191507855117), -1.0, FIELD), 224.56802627644797, UNKNOWN, NLVO)"
