sample,reward_best,reward_CA,location_lat,location_lon,patient_state
1,0.34683631832860684,0.34683631832860684,37.37724840038592,-121.78411451523812,"PatientState(Location(""FIELD"", (37.37724840038592, -121.78411451523812), -1.0, FIELD), 51.02740866315111, UNKNOWN, HEMORRHAGIC)"
2,0.34030759086106943,0.34030759086106943,37.37416203163154,-121.78260704936712,"PatientState(Location(""FIELD"", (37.37416203163154, -121.78260704936712), -1.0, FIELD), 78.79423857785832, UNKNOWN, LVO)"
3,0.33801803224943594,0.33801803224943594,37.37593692492662,-121.78159779837424,"PatientState(Location(""FIELD"", (37.37593692492662, -121.78159779837424), -1.0, FIELD), 88.5245467632118, UNKNOWN, MIMIC)"
4,0.24418294143999997,0.24418294143999997,37.37459075959048,-121.78205495937348,"PatientState(Location(""FIELD"", (37.37459075959048, -121.78205495937348), -1.0, FIELD), 233.21642975790775, UNKNOWN, HEMORRHAGIC)"
5,0.31660056870536946,0.31660056870536946,37.375682938185555,-121.78365344965134,"PatientState(Location(""FIELD"", (37.375682938185555, -121.78365344965134), -1.0, FIELD), 182.97157865259874, UNKNOWN, HEMORRHAGIC)"
