sample,reward_best,reward_CA,location_lat,location_lon,patient_state
1,0.33997697856176134,0.31854241864052224,37.634888045299505,-121.5818513426084,"PatientState(Location(""FIELD"", (37.634888045299505, -121.5818513426084), -1.0, FIELD), 34.0941658173791, UNKNOWN, HEMORRHAGIC)"
2,0.3395051302665116,0.31808836752222264,37.637849004662705,-121.58084014773607,"PatientState(Location(""FIELD"", (37.637849004662705, -121.58084014773607), -1.0, FIELD), 36.09674589244345, UNKNOWN, LVO)"
3,0.3335236331039286,0.24418294143999997,37.63745457897248,-121.582089289502,"PatientState(Location(""FIELD"", (37.63745457897248, -121.582089289502), -1.0, FIELD), 62.086989402557755, UNKNOWN, LVO)"
4,0.3166289739969846,0.24418294143999997,37.637438309332786,-121.58306977885104,"PatientState(Location(""FIELD"", (37.637438309332786, -121.58306977885104), -1.0, FIELD), 136.84231934409618, UNKNOWN, LVO)"
5,0.24418294143999997,0.24418294143999997,37.637055082415024,-121.58371372909863,"PatientState(Location(""FIELD"", (37.637055082415024, -121.58371372909863), -1.0, FIELD), 215.51280536257542, UNKNOWN, NLVO)"
