sample,reward_best,reward_CA,location_lat,location_lon,patient_state
1,0.32523887735260754,0.32523887735260754,37.318759670328895,-122.26643496216423,"PatientState(Location(""FIELD"", (37.318759670328895, -122.26643496216423), -1.0, FIELD), 123.99993472275281, UNKNOWN, LVO)"
2,0.24418294143999997,0.24418294143999997,37.31561318216149,-122.26863790454212,"PatientState(Location(""FIELD"", (37.31561318216149, -122.26863790454212), -1.0, FIELD), 247.86004654515298, UNKNOWN, LVO)"
3,0.24418294143999997,0.24418294143999997,37.31798433567177,-122.26873800901805,"PatientState(Location(""FIELD"", (37.31798433567177, -122.26873800901805), -1.0, FIELD), 241.2787854582103, UNKNOWN, HEMORRHAGIC)"
4,0.3146944485997044,0.3146944485997044,37.315766423690484,-122.26687788793065,"PatientState(Location(""FIELD"", (37.315766423690484, -122.26687788793065), -1.0, FIELD), 167.01051056008478, UNKNOWN, HEMORRHAGIC)"
5,0.3320390957025371,0.3320390957025371,37.314673730287815,-122.26768869771978,"PatientState(Location(""FIELD"", (37.314673730287815, -122.26768869771978), -1.0, FIELD), 93.45155789421644, UNKNOWN, LVO)"
