sample,reward_best,reward_CA,location_lat,location_lon,patient_state
1,0.3231310653019569,0.24418294143999997,37.91578673393758,-122.0678142868218,"PatientState(Location(""FIELD"", (37.91578673393758, -122.0678142868218), -1.0, FIELD), 105.92744607519141, UNKNOWN, LVO)"
2,0.24418294143999997,0.24418294143999997,37.91444050174999,-122.06951695058027,"PatientState(Location(""FIELD"", (37.91444050174999, -122.06951695058027), -1.0, FIELD), 264.38674836543856, UNKNOWN, NLVO)"
3,0.24418294143999997,0.24418294143999997,37.91414486171384,-122.06630283630284,"PatientState(Location(""FIELD"", (37.91414486171384, -122.06630283630284), -1.0, FIELD), 157.54180114632038, UNKNOWN, HEMORRHAGIC)"
4,0.3304283641097355,0.3166806128925601,37.915969886407275,-122.07000198141759,"PatientState(Location(""FIELD"", (37.915969886407275, -122.07000198141759), -1.0, FIELD), 72.98833122603754, UNKNOWN, LVO)"
5,0.34416897530455826,0.330073659561973,37.9171497654845,-122.07004509921391,"PatientState(Location(""FIELD"", (37.9171497654845, -122.07004509921391), -1.0, FIELD), 14.214575426792559, UNKNOWN, LVO)"
