sample,reward_best,reward_CA,location_lat,location_lon,patient_state
1,0.24418294143999997,0.24418294143999997,37.818892588181654,-122.12432369339807,"PatientState(Location(""FIELD"", (37.818892588181654, -122.12432369339807), -1.0, FIELD), 213.67602382992143, UNKNOWN, LVO)"
2,0.3319205716080941,0.3153189848614929,37.81880156415539,-122.12367212641261,"PatientState(Location(""FIELD"", (37.81880156415539, -122.12367212641261), -1.0, FIELD), 65.10546580421503, UNKNOWN, LVO)"
3,0.24418294143999997,0.24418294143999997,37.822229343241546,-122.12432338820815,"PatientState(Location(""FIELD"", (37.822229343241546, -122.12432338820815), -1.0, FIELD), 208.69007840282222, UNKNOWN, NLVO)"
4,0.3288287497341645,0.24418294143999997,37.820174478478194,-122.12406679621523,"PatientState(Location(""FIELD"", (37.820174478478194, -122.12406679621523), -1.0, FIELD), 79.57804206724684, UNKNOWN, HEMORRHAGIC)"
5,0.32715988062960544,0.24418294143999997,37.82347273835651,-122.12515134471091,"PatientState(Location(""FIELD"", (37.82347273835651, -122.12515134471091), -1.0, FIELD), 88.4143929270082, UNKNOWN, MIMIC)"
