sample,reward_best,reward_CA,location_lat,location_lon,patient_state
1,0.24418294143999997,0.24418294143999997,37.60679634960193,-121.62496353376311,"PatientState(Location(""FIELD"", (37.60679634960193, -121.62496353376311), -1.0, FIELD), 140.09866563321987, UNKNOWN, HEMORRHAGIC)"
2,0.33949557235205113,0.31807917079449527,37.60821461939547,-121.62221941882666,"PatientState(Location(""FIELD"", (37.60821461939547, -121.62221941882666), -1.0, FIELD), 16.774601132702912, UNKNOWN, LVO)"
3,0.24418294143999997,0.24418294143999997,37.60655218014031,-121.62530160918695,"PatientState(Location(""FIELD"", (37.60655218014031, -121.62530160918695), -1.0, FIELD), 194.15698906789737, UNKNOWN, NLVO)"
4,0.24418294143999997,0.24418294143999997,37.604211105813114,-121.62166152646033,"PatientState(Location(""FIELD"", (37.604211105813114, -121.62166152646033), -1.0, FIELD), 159.2613376444014, UNKNOWN, LVO)"
5,0.24418294143999997,0.24418294143999997,37.60486057986612,-121.62097020411392,"PatientState(Location(""FIELD"", (37.60486057986612, -121.62097020411392), -1.0, FIELD), 226.98715024692606, UNKNOWN, MIMIC)"
