sample,reward_best,reward_CA,location_lat,location_lon,patient_state
1,0.24418294143999997,0.24418294143999997,37.91790937069545,-121.75104630213944,"PatientState(Location(""FIELD"", (37.91790937069545, -121.75104630213944), -1.0, FIELD), 135.73995599009467, UNKNOWN, LVO)"
2,0.24418294143999997,0.24418294143999997,37.9180451038664,-121.75106872699935,"PatientState(Location(""FIELD"", (37.9180451038664, -121.75106872699935), -1.0, FIELD), 113.48690766971015, UNKNOWN, LVO)"
3,0.24418294143999997,0.24418294143999997,37.914826264261855,-121.75267785302844,"PatientState(Location(""FIELD"", (37.914826264261855, -121.75267785302844), -1.0, FIELD), 190.16524877835994, UNKNOWN, NLVO)"
4,0.24418294143999997,0.24418294143999997,37.91818757122525,-121.75131501969983,"PatientState(Location(""FIELD"", (37.91818757122525, -121.75131501969983), -1.0, FIELD), 81.51149361787786, UNKNOWN, MIMIC)"
5,0.32278645531969746,0.24418294143999997,37.91771733185865,-121.75535765000676,"PatientState(Location(""FIELD"", (37.91771733185865, -121.75535765000676), -1.0, FIELD), 15.6884247727524, UNKNOWN, NLVO)"
