sample,reward_best,reward_CA,location_lat,location_lon,patient_state
1,0.24418294143999997,0.24418294143999997,37.806366892741664,-121.65751515851642,"PatientState(Location(""FIELD"", (37.806366892741664, -121.65751515851642), -1.0, FIELD), 185.56465246981057, UNKNOWN, HEMORRHAGIC)"
2,0.32167028485319893,0.24418294143999997,37.80409397503271,-121.6571739456912,"PatientState(Location(""FIELD"", (37.80409397503271, -121.6571739456912), -1.0, FIELD), 26.54381518127188, UNKNOWN, HEMORRHAGIC)"
3,0.3167461149019048,0.24418294143999997,37.80390382883263,-121.65915309037571,"PatientState(Location(""FIELD"", (37.80390382883263, -121.65915309037571), -1.0, FIELD), 48.737201963842175, UNKNOWN, LVO)"
4,0.3140410238394818,0.24418294143999997,37.805555679516935,-121.66069260793708,"PatientState(Location(""FIELD"", (37.805555679516935, -121.66069260793708), -1.0, FIELD), 62.85546813369565, UNKNOWN, NLVO)"
5,0.24418294143999997,0.24418294143999997,37.80757447461533,-121.65921722763464,"PatientState(Location(""FIELD"", (37.80757447461533, -121.65921722763464), -1.0, FIELD), 185.45794256293496, UNKNOWN, HEMORRHAGIC)"
