sample,reward_best,reward_CA,location_lat,location_lon,patient_state
1,0.32418159425514886,0.26459827840722194,37.65716079320427,-122.44197014369777,"PatientState(Location(""FIELD"", (37.65716079320427, -122.44197014369777), -1.0, FIELD), 133.21318381071674, UNKNOWN, NLVO)"
2,0.33325566054332556,0.33282647068592786,37.65567529410798,-122.4427580823802,"PatientState(Location(""FIELD"", (37.65567529410798, -122.4427580823802), -1.0, FIELD), 94.44191532423127, UNKNOWN, LVO)"
3,0.33761353206217365,0.3372230880383476,37.6539819776198,-122.44352873618764,"PatientState(Location(""FIELD"", (37.6539819776198, -122.44352873618764), -1.0, FIELD), 73.94913761408793, UNKNOWN, HEMORRHAGIC)"
4,0.34492570010672274,0.34492570010672274,37.65858500597272,-122.44115496685104,"PatientState(Location(""FIELD"", (37.65858500597272, -122.44115496685104), -1.0, FIELD), 42.698447802769024, UNKNOWN, NLVO)"
5,0.24418294143999997,0.24418294143999997,37.65456101322396,-122.44464288351878,"PatientState(Location(""FIELD"", (37.65456101322396, -122.44464288351878), -1.0, FIELD), 241.72503030346698, UNKNOWN, HEMORRHAGIC)"
