sample,reward_best,reward_CA,location_lat,location_lon,patient_state
1,0.24418294143999997,0.24418294143999997,37.7097654746631,-122.40407260196606,"PatientState(Location(""FIELD"", (37.7097654746631, -122.40407260196606), -1.0, FIELD), 216.7312823153026, UNKNOWN, LVO)"
2,0.24418294143999997,0.24418294143999997,37.71099172090721,-122.40564724315934,"PatientState(Location(""FIELD"", (37.71099172090721, -122.40564724315934), -1.0, FIELD), 202.2657032717278, UNKNOWN, LVO)"
3,0.33737859319438773,0.3221038492212796,37.70985798145578,-122.40100724341748,"PatientState(Location(""FIELD"", (37.70985798145578, -122.40100724341748), -1.0, FIELD), 79.60822106619726, UNKNOWN, LVO)"
4,0.3257745208897353,0.24418294143999997,37.712080062677586,-122.4045698165166,"PatientState(Location(""FIELD"", (37.712080062677586, -122.4045698165166), -1.0, FIELD), 128.371695865447, UNKNOWN, LVO)"
5,0.3351832212919315,0.3204334827826049,37.713627695570054,-122.40151714183219,"PatientState(Location(""FIELD"", (37.713627695570054, -122.40151714183219), -1.0, FIELD), 87.37566000410031, UNKNOWN, LVO)"
