sample,reward_best,reward_CA,location_lat,location_lon,patient_state
1,0.24418294143999997,0.24418294143999997,37.76326822903874,-122.25038047469681,"PatientState(Location(""FIELD"", (37.76326822903874, -122.25038047469681), -1.0, FIELD), 230.61365570744871, UNKNOWN, NLVO)"
2,0.33559772349982375,0.3211194784839784,37.763323511872734,-122.24836830834815,"PatientState(Location(""FIELD"", (37.763323511872734, -122.24836830834815), -1.0, FIELD), 70.93728550457527, UNKNOWN, HEMORRHAGIC)"
3,0.24418294143999997,0.24418294143999997,37.76307472277173,-122.24583105340463,"PatientState(Location(""FIELD"", (37.76307472277173, -122.24583105340463), -1.0, FIELD), 183.83205540846367, UNKNOWN, LVO)"
4,0.33266247018391515,0.31817557282304704,37.761043701279704,-122.24712943279965,"PatientState(Location(""FIELD"", (37.761043701279704, -122.24712943279965), -1.0, FIELD), 83.76955810357077, UNKNOWN, HEMORRHAGIC)"
5,0.24418294143999997,0.24418294143999997,37.7603508939939,-122.24833954350183,"PatientState(Location(""FIELD"", (37.7603508939939, -122.24833954350183), -1.0, FIELD), 178.491130088915, UNKNOWN, NLVO)"
