sample,reward_best,reward_CA,location_lat,location_lon,patient_state
1,0.31525920257665296,0.24418294143999997,37.54611778721052,-121.82456385699487,"PatientState(Location(""FIELD"", (37.54611778721052, -121.82456385699487), -1.0, FIELD), 157.13021373997702, UNKNOWN, LVO)"
2,0.3216389416532201,0.24418294143999997,37.548508151166054,-121.82404567752184,"PatientState(Location(""FIELD"", (37.548508151166054, -121.82404567752184), -1.0, FIELD), 128.45415542984003, UNKNOWN, LVO)"
3,0.33478956844876373,0.31586391372249045,37.54634703304589,-121.82490346570975,"PatientState(Location(""FIELD"", (37.54634703304589, -121.82490346570975), -1.0, FIELD), 71.10473967115159, UNKNOWN, HEMORRHAGIC)"
4,0.3319105746325823,0.24418294143999997,37.544594903204505,-121.82169585637669,"PatientState(Location(""FIELD"", (37.544594903204505, -121.82169585637669), -1.0, FIELD), 82.00743099360999, UNKNOWN, LVO)"
5,0.33891224802585257,0.3198455356860694,37.54760602780709,-121.82245801690385,"PatientState(Location(""FIELD"", (37.54760602780709, -121.82245801690385), -1.0, FIELD), 53.02456526470886, UNKNOWN, HEMORRHAGIC)"
