sample,reward_best,reward_CA,location_lat,location_lon,patient_state
1,0.24418294143999997,0.24418294143999997,37.39214439197375,-122.17762720664751,"PatientState(Location(""FIELD"", (37.39214439197375, -122.17762720664751), -1.0, FIELD), 266.53195356919576, UNKNOWN, LVO)"
2,0.3536507046565193,0.3536507046565193,37.39361900044271,-122.17992460703482,"PatientState(Location(""FIELD"", (37.39361900044271, -122.17992460703482), -1.0, FIELD), 21.92045660614592, UNKNOWN, LVO)"
3,0.338829634140178,0.338829634140178,37.39003527049911,-122.17728685446338,"PatientState(Location(""FIELD"", (37.39003527049911, -122.17728685446338), -1.0, FIELD), 85.34260837723332, UNKNOWN, HEMORRHAGIC)"
4,0.3251743688298802,0.3251743688298802,37.393534805567654,-122.17729347595993,"PatientState(Location(""FIELD"", (37.393534805567654, -122.17729347595993), -1.0, FIELD), 144.8215700096743, UNKNOWN, LVO)"
5,0.3349730530202064,0.3349730530202064,37.39124527290239,-122.17928291734692,"PatientState(Location(""FIELD"", (37.39124527290239, -122.17928291734692), -1.0, FIELD), 101.94465004539605, UNKNOWN, HEMORRHAGIC)"
