sample,reward_best,reward_CA,location_lat,location_lon,patient_state
1,0.32210870555693183,0.2596398092240475,37.60123714621437,-122.37897859924455,"PatientState(Location(""FIELD"", (37.60123714621437, -122.37897859924455), -1.0, FIELD), 156.16583189670308, UNKNOWN, LVO)"
2,0.3505362263986494,0.3483350302418696,37.59984855108391,-122.37829087672758,"PatientState(Location(""FIELD"", (37.59984855108391, -122.37829087672758), -1.0, FIELD), 27.80359278848335, UNKNOWN, LVO)"
3,0.33623334315392256,0.3336482688686947,37.60235161691554,-122.37723020763232,"PatientState(Location(""FIELD"", (37.60235161691554, -122.37723020763232), -1.0, FIELD), 91.08532243018622, UNKNOWN, LVO)"
4,0.3523174247929825,0.35000980185806874,37.59893835969893,-122.37918117703263,"PatientState(Location(""FIELD"", (37.59893835969893, -122.37918117703263), -1.0, FIELD), 23.27217487973162, UNKNOWN, LVO)"
5,0.32859436468881,0.32628451282137627,37.59942347193852,-122.37977565681108,"PatientState(Location(""FIELD"", (37.59942347193852, -122.37977565681108), -1.0, FIELD), 123.37516414205538, UNKNOWN, HEMORRHAGIC)"
