sample,reward_best,reward_CA,location_lat,location_lon,patient_state
1,0.3147681094663614,0.24418294143999997,37.51735559387789,-121.94611526195469,"PatientState(Location(""FIELD"", (37.51735559387789, -121.94611526195469), -1.0, FIELD), 188.44502618580697, UNKNOWN, NLVO)"
2,0.24418294143999997,0.24418294143999997,37.518030675199824,-121.94673534395332,"PatientState(Location(""FIELD"", (37.518030675199824, -121.94673534395332), -1.0, FIELD), 205.60011067981273, UNKNOWN, LVO)"
3,0.3149935101154897,0.24418294143999997,37.516638613655644,-121.94678366922415,"PatientState(Location(""FIELD"", (37.516638613655644, -121.94678366922415), -1.0, FIELD), 186.887297860586, UNKNOWN, HEMORRHAGIC)"
4,0.31470722959185093,0.24418294143999997,37.514649125023894,-121.94867849369486,"PatientState(Location(""FIELD"", (37.514649125023894, -121.94867849369486), -1.0, FIELD), 186.8378749832511, UNKNOWN, LVO)"
5,0.33002887409657994,0.24418294143999997,37.51612116087023,-121.9471595161673,"PatientState(Location(""FIELD"", (37.51612116087023, -121.9471595161673), -1.0, FIELD), 120.02207878980177, UNKNOWN, NLVO)"
