sample,reward_best,reward_CA,location_lat,location_lon,patient_state
1,0.3453362259530484,0.3409113518456924,37.19950205009145,-122.40461010407242,"PatientState(Location(""FIELD"", (37.19950205009145, -122.40461010407242), -1.0, FIELD), 14.375785233598473, UNKNOWN, LVO)"
2,0.34432380934904055,0.33989401761810795,37.20172516586897,-122.40366372151483,"PatientState(Location(""FIELD"", (37.20172516586897, -122.40366372151483), -1.0, FIELD), 18.63230682842044, UNKNOWN, HEMORRHAGIC)"
3,0.3337997258217824,0.27017270303077306,37.20159682921439,-122.40458066789999,"PatientState(Location(""FIELD"", (37.20159682921439, -122.40458066789999), -1.0, FIELD), 64.02060643042911, UNKNOWN, HEMORRHAGIC)"
4,0.33115719472697136,0.2680156510784286,37.20240512911463,-122.40380367792214,"PatientState(Location(""FIELD"", (37.20240512911463, -122.40380367792214), -1.0, FIELD), 75.54275297179005, UNKNOWN, LVO)"
5,0.24418294143999997,0.24418294143999997,37.19992709462028,-122.4045563480299,"PatientState(Location(""FIELD"", (37.19992709462028, -122.4045563480299), -1.0, FIELD), 201.96699364502174, UNKNOWN, HEMORRHAGIC)"
