sample,reward_best,reward_CA,location_lat,location_lon,patient_state
1,0.33143288482666344,0.3226231729057551,37.905787268252894,-122.00801102120238,"PatientState(Location(""FIELD"", (37.905787268252894, -122.00801102120238), -1.0, FIELD), 40.06087337232904, UNKNOWN, LVO)"
2,0.24418294143999997,0.24418294143999997,37.905549456212746,-122.00637443153748,"PatientState(Location(""FIELD"", (37.905549456212746, -122.00637443153748), -1.0, FIELD), 157.91109217763523, UNKNOWN, HEMORRHAGIC)"
3,0.3208198735934764,0.24418294143999997,37.904880521457315,-122.00669155417988,"PatientState(Location(""FIELD"", (37.904880521457315, -122.00669155417988), -1.0, FIELD), 106.56483283267066, UNKNOWN, LVO)"
4,0.33802203760894034,0.3290590635638541,37.90593977953568,-122.00634183205345,"PatientState(Location(""FIELD"", (37.90593977953568, -122.00634183205345), -1.0, FIELD), 11.912504726857719, UNKNOWN, LVO)"
5,0.33829543514468535,0.3292827725259338,37.90546652526723,-122.00665434065742,"PatientState(Location(""FIELD"", (37.90546652526723, -122.00665434065742), -1.0, FIELD), 10.715522768608354, UNKNOWN, HEMORRHAGIC)"
