sample,reward_best,reward_CA,location_lat,location_lon,patient_state
1,0.24418294143999997,0.24418294143999997,37.769784454687326,-122.4642773297544,"PatientState(Location(""FIELD"", (37.769784454687326, -122.4642773297544), -1.0, FIELD), 264.99020409402203, UNKNOWN, LVO)"
2,0.24418294143999997,0.24418294143999997,37.77355721939346,-122.46430862160196,"PatientState(Location(""FIELD"", (37.77355721939346, -122.46430862160196), -1.0, FIELD), 200.77948525492994, UNKNOWN, HEMORRHAGIC)"
3,0.24418294143999997,0.24418294143999997,37.768975774624295,-122.46393089460229,"PatientState(Location(""FIELD"", (37.768975774624295, -122.46393089460229), -1.0, FIELD), 228.46718664091233, UNKNOWN, NLVO)"
4,0.3302016647931255,0.31877821609329365,37.77083679731204,-122.4620376474806,"PatientState(Location(""FIELD"", (37.77083679731204, -122.4620376474806), -1.0, FIELD), 94.58721103366683, UNKNOWN, LVO)"
5,0.3160082916773907,0.24418294143999997,37.76977815450846,-122.46350776047747,"PatientState(Location(""FIELD"", (37.76977815450846, -122.46350776047747), -1.0, FIELD), 157.75701492877042, UNKNOWN, MIMIC)"
