sample,reward_best,reward_CA,location_lat,location_lon,patient_state
1,0.31726734072776785,0.24418294143999997,37.89071527927486,-121.58566120559207,"PatientState(Location(""FIELD"", (37.89071527927486, -121.58566120559207), -1.0, FIELD), 28.521934252133214, UNKNOWN, HEMORRHAGIC)"
2,0.3218427371730617,0.24418294143999997,37.89183719698647,-121.58213701167769,"PatientState(Location(""FIELD"", (37.89183719698647, -121.58213701167769), -1.0, FIELD), 7.8600277937007945, UNKNOWN, LVO)"
3,0.24418294143999997,0.24418294143999997,37.8904887027272,-121.58520977590513,"PatientState(Location(""FIELD"", (37.8904887027272, -121.58520977590513), -1.0, FIELD), 177.1916249693904, UNKNOWN, NLVO)"
4,0.24418294143999997,0.24418294143999997,37.88885023131534,-121.58147523561712,"PatientState(Location(""FIELD"", (37.88885023131534, -121.58147523561712), -1.0, FIELD), 232.20879317280873, UNKNOWN, HEMORRHAGIC)"
5,0.24418294143999997,0.24418294143999997,37.89124937420836,-121.58420565819114,"PatientState(Location(""FIELD"", (37.89124937420836, -121.58420565819114), -1.0, FIELD), 68.15037833390271, UNKNOWN, NLVO)"
