sample,reward_best,reward_CA,location_lat,location_lon,patient_state
1,0.35250335816338885,0.35250335816338885,37.23203056828713,-122.04178335888744,"PatientState(Location(""FIELD"", (37.23203056828713, -122.04178335888744), -1.0, FIELD), 7.423065688634311, UNKNOWN, MIMIC)"
2,0.31555787834951526,0.31555787834951526,37.23355195734388,-122.0435037932902,"PatientState(Location(""FIELD"", (37.23355195734388, -122.0435037932902), -1.0, FIELD), 170.10530170425966, UNKNOWN, NLVO)"
3,0.24418294143999997,0.24418294143999997,37.229219798798056,-122.045505475961,"PatientState(Location(""FIELD"", (37.229219798798056, -122.045505475961), -1.0, FIELD), 251.36532012956346, UNKNOWN, LVO)"
4,0.24418294143999997,0.24418294143999997,37.22886787536402,-122.04259468920755,"PatientState(Location(""FIELD"", (37.22886787536402, -122.04259468920755), -1.0, FIELD), 191.9467498342747, UNKNOWN, LVO)"
5,0.319848653055809,0.319848653055809,37.22906753320866,-122.04333698319543,"PatientState(Location(""FIELD"", (37.22906753320866, -122.04333698319543), -1.0, FIELD), 148.16193861828572, UNKNOWN, LVO)"
