sample,reward_best,reward_CA,location_lat,location_lon,patient_state
1,0.330521025179041,0.3179998686960366,37.882405956103895,-122.2697073146343,"PatientState(Location(""FIELD"", (37.882405956103895, -122.2697073146343), -1.0, FIELD), 77.1395551811867, UNKNOWN, HEMORRHAGIC)"
2,0.24418294143999997,0.24418294143999997,37.880161811571625,-122.26768750455123,"PatientState(Location(""FIELD"", (37.880161811571625, -122.26768750455123), -1.0, FIELD), 264.4520997472985, UNKNOWN, MIMIC)"
3,0.24418294143999997,0.24418294143999997,37.88201808050851,-122.26780022793344,"PatientState(Location(""FIELD"", (37.88201808050851, -122.26780022793344), -1.0, FIELD), 219.43816431058724, UNKNOWN, LVO)"
4,0.3294898754500506,0.3169918020789821,37.880605824035385,-122.2672631140312,"PatientState(Location(""FIELD"", (37.880605824035385, -122.2672631140312), -1.0, FIELD), 82.52848398284603, UNKNOWN, HEMORRHAGIC)"
5,0.24418294143999997,0.24418294143999997,37.882369132381,-122.26807581162423,"PatientState(Location(""FIELD"", (37.882369132381, -122.26807581162423), -1.0, FIELD), 250.80748662079165, UNKNOWN, LVO)"
