sample,reward_best,reward_CA,location_lat,location_lon,patient_state
1,0.2551179778945226,0.24418294143999997,38.04171296904762,-122.14742319564853,"PatientState(Location(""FIELD"", (38.04171296904762, -122.14742319564853), -1.0, FIELD), 119.18643757352139, UNKNOWN, HEMORRHAGIC)"
2,0.24418294143999997,0.24418294143999997,38.04235972326305,-122.1490439962996,"PatientState(Location(""FIELD"", (38.04235972326305, -122.1490439962996), -1.0, FIELD), 160.8748971914565, UNKNOWN, HEMORRHAGIC)"
3,0.24418294143999997,0.24418294143999997,38.04179629611172,-122.14657376828534,"PatientState(Location(""FIELD"", (38.04179629611172, -122.14657376828534), -1.0, FIELD), 235.60488575161597, UNKNOWN, HEMORRHAGIC)"
4,0.24418294143999997,0.24418294143999997,38.04050722203675,-122.14583526375925,"PatientState(Location(""FIELD"", (38.04050722203675, -122.14583526375925), -1.0, FIELD), 258.56556403695544, UNKNOWN, HEMORRHAGIC)"
5,0.3170813638292702,0.3167702106715686,38.04040570093517,-122.14631551627156,"PatientState(Location(""FIELD"", (38.04040570093517, -122.14631551627156), -1.0, FIELD), 55.06629536316055, UNKNOWN, NLVO)"
