sample,reward_best,reward_CA,location_lat,location_lon,patient_state
1,0.2643431357245401,0.2519392788067864,37.972289479642754,-122.10193739292619,"PatientState(Location(""FIELD"", (37.972289479642754, -122.10193739292619), -1.0, FIELD), 78.39330279744289, UNKNOWN, HEMORRHAGIC)"
2,0.24418294143999997,0.24418294143999997,37.972007557036584,-122.10413078184705,"PatientState(Location(""FIELD"", (37.972007557036584, -122.10413078184705), -1.0, FIELD), 179.50327897409701, UNKNOWN, HEMORRHAGIC)"
3,0.24418294143999997,0.24418294143999997,37.973091093078594,-122.10240774404558,"PatientState(Location(""FIELD"", (37.973091093078594, -122.10240774404558), -1.0, FIELD), 194.88709522030342, UNKNOWN, MIMIC)"
4,0.2595378168883295,0.24418294143999997,37.97337242385493,-122.10115713720951,"PatientState(Location(""FIELD"", (37.97337242385493, -122.10115713720951), -1.0, FIELD), 104.31543945015596, UNKNOWN, HEMORRHAGIC)"
5,0.3367299039501921,0.32635338010978276,37.970816011832156,-122.10335164978746,"PatientState(Location(""FIELD"", (37.970816011832156, -122.10335164978746), -1.0, FIELD), 20.667149228332214, UNKNOWN, LVO)"
