sample,reward_best,reward_CA,location_lat,location_lon,patient_state
1,0.33512388914802416,0.3260751978078669,37.89914588891354,-122.25957717822925,"PatientState(Location(""FIELD"", (37.89914588891354, -122.25957717822925), -1.0, FIELD), 37.62855135027051, UNKNOWN, NLVO)"
2,0.3432669369333776,0.3304278299575875,37.89897354628939,-122.26064299142615,"PatientState(Location(""FIELD"", (37.89897354628939, -122.26064299142615), -1.0, FIELD), 18.784325447510895, UNKNOWN, LVO)"
3,0.24418294143999997,0.24418294143999997,37.89900979178071,-122.25764726527922,"PatientState(Location(""FIELD"", (37.89900979178071, -122.25764726527922), -1.0, FIELD), 161.2427838761929, UNKNOWN, LVO)"
4,0.2534353068168571,0.24418294143999997,37.90042917896016,-122.260028329398,"PatientState(Location(""FIELD"", (37.90042917896016, -122.260028329398), -1.0, FIELD), 149.06385245789883, UNKNOWN, NLVO)"
5,0.3364150054553682,0.32362552399545896,37.899780859454346,-122.25659030095335,"PatientState(Location(""FIELD"", (37.899780859454346, -122.25659030095335), -1.0, FIELD), 48.02005294162994, UNKNOWN, MIMIC)"
