sample,reward_best,reward_CA,location_lat,location_lon,patient_state
1,0.24418294143999997,0.24418294143999997,37.26557608735919,-121.64655282488629,"PatientState(Location(""FIELD"", (37.26557608735919, -121.64655282488629), -1.0, FIELD), 129.5021980125111, UNKNOWN, LVO)"
2,0.3351800752808302,0.3351800752808302,37.263968505039195,-121.64611263724538,"PatientState(Location(""FIELD"", (37.263968505039195, -121.64611263724538), -1.0, FIELD), 20.07598086600359, UNKNOWN, MIMIC)"
3,0.24418294143999997,0.24418294143999997,37.2654739233156,-121.64585409166081,"PatientState(Location(""FIELD"", (37.2654739233156, -121.64585409166081), -1.0, FIELD), 253.45488776781315, UNKNOWN, NLVO)"
4,0.24418294143999997,0.24418294143999997,37.26390493935247,-121.65052763261815,"PatientState(Location(""FIELD"", (37.26390493935247, -121.65052763261815), -1.0, FIELD), 166.68876878161984, UNKNOWN, HEMORRHAGIC)"
5,0.24418294143999997,0.24418294143999997,37.26394398938051,-121.64763731211468,"PatientState(Location(""FIELD"", (37.26394398938051, -121.64763731211468), -1.0, FIELD), 217.86311482014898, UNKNOWN, HEMORRHAGIC)"
