sample,reward_best,reward_CA,location_lat,location_lon,patient_state
1,0.3503362223915496,0.3290901591268835,37.78271123582931,-121.9976863142303,"PatientState(Location(""FIELD"", (37.78271123582931, -121.9976863142303), -1.0, FIELD), 5.109550684329034, UNKNOWN, HEMORRHAGIC)"
2,0.24418294143999997,0.24418294143999997,37.778872302560806,-121.99607797484053,"PatientState(Location(""FIELD"", (37.778872302560806, -121.99607797484053), -1.0, FIELD), 257.0295746300054, UNKNOWN, LVO)"
3,0.3424013586633649,0.32123945199373244,37.781393766929504,-121.99856698327147,"PatientState(Location(""FIELD"", (37.781393766929504, -121.99856698327147), -1.0, FIELD), 42.931418475079276, UNKNOWN, NLVO)"
4,0.24418294143999997,0.24418294143999997,37.7822782263473,-121.99810105378761,"PatientState(Location(""FIELD"", (37.7822782263473, -121.99810105378761), -1.0, FIELD), 210.98853901832297, UNKNOWN, HEMORRHAGIC)"
5,0.34538695753273,0.32412046616220835,37.782762658252636,-121.99843721892036,"PatientState(Location(""FIELD"", (37.782762658252636, -121.99843721892036), -1.0, FIELD), 29.767494895350286, UNKNOWN, LVO)"
