sample,reward_best,reward_CA,location_lat,location_lon,patient_state
1,0.3384269526624224,0.3384269526624224,37.376505511438054,-121.77162548259422,"PatientState(Location(""FIELD"", (37.376505511438054, -121.77162548259422), -1.0, FIELD), 85.75869823440064, UNKNOWN, LVO)"
2,0.33234020669067627,0.33234020669067627,37.377704554890926,-121.77312822412429,"PatientState(Location(""FIELD"", (37.377704554890926, -121.77312822412429), -1.0, FIELD), 112.24131649921776, UNKNOWN, NLVO)"
3,0.24418294143999997,0.24418294143999997,37.378458071539775,-121.77138737115186,"PatientState(Location(""FIELD"", (37.378458071539775, -121.77138737115186), -1.0, FIELD), 264.24439667315124, UNKNOWN, HEMORRHAGIC)"
4,0.35680330724248044,0.35680330724248044,37.37431249697096,-121.77540068555307,"PatientState(Location(""FIELD"", (37.37431249697096, -121.77540068555307), -1.0, FIELD), 6.979223031342412, UNKNOWN, LVO)"
5,0.24418294143999997,0.24418294143999997,37.377223947639386,-121.7739273038952,"PatientState(Location(""FIELD"", (37.377223947639386, -121.7739273038952), -1.0, FIELD), 220.14796498393133, UNKNOWN, LVO)"
