sample,reward_best,reward_CA,location_lat,location_lon,patient_state
1,0.33405886485135744,0.3299521836157025,37.334569998577805,-122.02748146471434,"PatientState(Location(""FIELD"", (37.334569998577805, -122.02748146471434), -1.0, FIELD), 105.60351071409892, UNKNOWN, HEMORRHAGIC)"
2,0.32199314973992926,0.25942612583518854,37.33497420991009,-122.02975357268865,"PatientState(Location(""FIELD"", (37.33497420991009, -122.02975357268865), -1.0, FIELD), 158.19602414481713, UNKNOWN, HEMORRHAGIC)"
3,0.3540796983184127,0.3540796983184127,37.335985780449086,-122.03073524443445,"PatientState(Location(""FIELD"", (37.335985780449086, -122.03073524443445), -1.0, FIELD), 3.5497717597041922, UNKNOWN, NLVO)"
4,0.3242279305673166,0.26158369643367774,37.33429093477972,-122.02815808066475,"PatientState(Location(""FIELD"", (37.33429093477972, -122.02815808066475), -1.0, FIELD), 146.50477438642054, UNKNOWN, HEMORRHAGIC)"
5,0.35848465369269794,0.3530212067243145,37.334543470420215,-122.03073356665408,"PatientState(Location(""FIELD"", (37.334543470420215, -122.03073356665408), -1.0, FIELD), 1.5845569312471353, UNKNOWN, HEMORRHAGIC)"
