sample,reward_best,reward_CA,location_lat,location_lon,patient_state
1,0.24418294143999997,0.24418294143999997,37.83417137603272,-121.63993155604817,"PatientState(Location(""FIELD"", (37.83417137603272, -121.63993155604817), -1.0, FIELD), 139.94131254043623, UNKNOWN, LVO)"
2,0.24418294143999997,0.24418294143999997,37.837482909141436,-121.640064793048,"PatientState(Location(""FIELD"", (37.837482909141436, -121.640064793048), -1.0, FIELD), 70.28511023948614, UNKNOWN, HEMORRHAGIC)"
3,0.24418294143999997,0.24418294143999997,37.83430382374373,-121.63594559738789,"PatientState(Location(""FIELD"", (37.83430382374373, -121.63594559738789), -1.0, FIELD), 115.89136464172354, UNKNOWN, LVO)"
4,0.306888285150985,0.24418294143999997,37.837549518786545,-121.63677270378794,"PatientState(Location(""FIELD"", (37.837549518786545, -121.63677270378794), -1.0, FIELD), 53.048743599146256, UNKNOWN, HEMORRHAGIC)"
5,0.24418294143999997,0.24418294143999997,37.83446530545732,-121.63910629985966,"PatientState(Location(""FIELD"", (37.83446530545732, -121.63910629985966), -1.0, FIELD), 154.35991690433877, UNKNOWN, LVO)"
