sample,reward_best,reward_CA,location_lat,location_lon,patient_state
1,0.34214138782371606,0.34214138782371606,37.29579447155482,-121.80162272497185,"PatientState(Location(""FIELD"", (37.29579447155482, -121.80162272497185), -1.0, FIELD), 66.24846833143451, UNKNOWN, LVO)"
2,0.3193201859974545,0.3193201859974545,37.29467191511011,-121.80416593554459,"PatientState(Location(""FIELD"", (37.29467191511011, -121.80416593554459), -1.0, FIELD), 168.12671003625982, UNKNOWN, NLVO)"
3,0.3195143275170194,0.2566236351632789,37.29565568578047,-121.80191048404852,"PatientState(Location(""FIELD"", (37.29565568578047, -121.80191048404852), -1.0, FIELD), 166.29118870108084, UNKNOWN, MIMIC)"
4,0.32846641394395265,0.32846641394395265,37.295800850112926,-121.80248388442631,"PatientState(Location(""FIELD"", (37.295800850112926, -121.80248388442631), -1.0, FIELD), 128.23696271652219, UNKNOWN, LVO)"
5,0.35278931588819024,0.3478495256165079,37.29387374016213,-121.80256994233147,"PatientState(Location(""FIELD"", (37.29387374016213, -121.80256994233147), -1.0, FIELD), 22.439977479879857, UNKNOWN, NLVO)"
