sample,reward_best,reward_CA,location_lat,location_lon,patient_state
1,0.3335809246768812,0.24418294143999997,37.77278593231994,-121.93190313529091,"PatientState(Location(""FIELD"", (37.77278593231994, -121.93190313529091), -1.0, FIELD), 80.6776456116973, UNKNOWN, HEMORRHAGIC)"
2,0.3148346754563856,0.24418294143999997,37.773194754735364,-121.93457287587816,"PatientState(Location(""FIELD"", (37.773194754735364, -121.93457287587816), -1.0, FIELD), 162.46157738850619, UNKNOWN, LVO)"
3,0.24418294143999997,0.24418294143999997,37.7697493810903,-121.93461073149804,"PatientState(Location(""FIELD"", (37.7697493810903, -121.93461073149804), -1.0, FIELD), 196.9398372475448, UNKNOWN, HEMORRHAGIC)"
4,0.24418294143999997,0.24418294143999997,37.77186669918589,-121.93362215017868,"PatientState(Location(""FIELD"", (37.77186669918589, -121.93362215017868), -1.0, FIELD), 206.7142153521453, UNKNOWN, HEMORRHAGIC)"
5,0.3187353637198245,0.24418294143999997,37.76881941588922,-121.93090365132885,"PatientState(Location(""FIELD"", (37.76881941588922, -121.93090365132885), -1.0, FIELD), 144.45599419901532, UNKNOWN, LVO)"
