sample,reward_best,reward_CA,location_lat,location_lon,patient_state
1,0.24418294143999997,0.24418294143999997,37.75597260718187,-122.50118255840471,"PatientState(Location(""FIELD"", (37.75597260718187, -122.50118255840471), -1.0, FIELD), 199.7292323676178, UNKNOWN, LVO)"
2,0.348906988869552,0.3349195668980088,37.758042460334686,-122.50387187931923,"PatientState(Location(""FIELD"", (37.758042460334686, -122.50387187931923), -1.0, FIELD), 14.192187346197564, UNKNOWN, HEMORRHAGIC)"
3,0.34301315678784783,0.33082163472392195,37.75693709858525,-122.50295494779417,"PatientState(Location(""FIELD"", (37.75693709858525, -122.50295494779417), -1.0, FIELD), 31.523162286891555, UNKNOWN, NLVO)"
4,0.3442995125023946,0.3319313172277882,37.75541412118933,-122.50325998064048,"PatientState(Location(""FIELD"", (37.75541412118933, -122.50325998064048), -1.0, FIELD), 26.586603549876386, UNKNOWN, NLVO)"
5,0.3243583786592253,0.24418294143999997,37.754598254823684,-122.50262890139717,"PatientState(Location(""FIELD"", (37.754598254823684, -122.50262890139717), -1.0, FIELD), 121.09919736581386, UNKNOWN, LVO)"
