sample,reward_best,reward_CA,location_lat,location_lon,patient_state
1,0.24418294143999997,0.24418294143999997,38.147166712037915,-121.64292022021168,"PatientState(Location(""FIELD"", (38.147166712037915, -121.64292022021168), -1.0, FIELD), 249.09916597840476, UNKNOWN, LVO)"
2,0.24418294143999997,0.24418294143999997,38.14627957974473,-121.64447201497184,"PatientState(Location(""FIELD"", (38.14627957974473, -121.64447201497184), -1.0, FIELD), 72.90593718392057, UNKNOWN, NLVO)"
3,0.3157274139581182,0.24418294143999997,38.14565134156993,-121.6424741753111,"PatientState(Location(""FIELD"", (38.14565134156993, -121.6424741753111), -1.0, FIELD), 36.1849752113237, UNKNOWN, HEMORRHAGIC)"
4,0.24418294143999997,0.24418294143999997,38.14754802415972,-121.64092086921517,"PatientState(Location(""FIELD"", (38.14754802415972, -121.64092086921517), -1.0, FIELD), 227.6623128741473, UNKNOWN, HEMORRHAGIC)"
5,0.24418294143999997,0.24418294143999997,38.1441777349934,-121.6453712796872,"PatientState(Location(""FIELD"", (38.1441777349934, -121.6453712796872), -1.0, FIELD), 137.30925732839657, UNKNOWN, LVO)"
