sample,reward_best,reward_CA,location_lat,location_lon,patient_state
1,0.33649510640435665,0.3251656448031857,37.93078746419847,-122.35597428633417,"PatientState(Location(""FIELD"", (37.93078746419847, -122.35597428633417), -1.0, FIELD), 37.44171058470195, UNKNOWN, LVO)"
2,0.24418294143999997,0.24418294143999997,37.930684108356374,-122.35987183991008,"PatientState(Location(""FIELD"", (37.930684108356374, -122.35987183991008), -1.0, FIELD), 204.81012548578664, UNKNOWN, LVO)"
3,0.2539208190662034,0.24418294143999997,37.92916404635657,-122.35803129949899,"PatientState(Location(""FIELD"", (37.92916404635657, -122.35803129949899), -1.0, FIELD), 151.4726044239391, UNKNOWN, LVO)"
4,0.24418294143999997,0.24418294143999997,37.92913361417456,-122.3606181609099,"PatientState(Location(""FIELD"", (37.92913361417456, -122.3606181609099), -1.0, FIELD), 234.73505580759232, UNKNOWN, LVO)"
5,0.24418294143999997,0.24418294143999997,37.93259836526374,-122.35756938313028,"PatientState(Location(""FIELD"", (37.93259836526374, -122.35756938313028), -1.0, FIELD), 218.71214955062862, UNKNOWN, HEMORRHAGIC)"
