sample,reward_best,reward_CA,location_lat,location_lon,patient_state
1,0.32324475639413464,0.32324475639413464,37.3911768853301,-122.18659011118008,"PatientState(Location(""FIELD"", (37.3911768853301, -122.18659011118008), -1.0, FIELD), 155.37163599854716, UNKNOWN, LVO)"
2,0.24418294143999997,0.24418294143999997,37.39154116546094,-122.18685218911111,"PatientState(Location(""FIELD"", (37.39154116546094, -122.18685218911111), -1.0, FIELD), 246.2298141253825, UNKNOWN, LVO)"
3,0.3523877874545511,0.3523877874545511,37.39300902360455,-122.18866311312497,"PatientState(Location(""FIELD"", (37.39300902360455, -122.18866311312497), -1.0, FIELD), 29.589789890254433, UNKNOWN, NLVO)"
4,0.24418294143999997,0.24418294143999997,37.39187858603847,-122.18815443584383,"PatientState(Location(""FIELD"", (37.39187858603847, -122.18815443584383), -1.0, FIELD), 224.21909827993645, UNKNOWN, LVO)"
5,0.24418294143999997,0.24418294143999997,37.39190943108537,-122.18654716235567,"PatientState(Location(""FIELD"", (37.39190943108537, -122.18654716235567), -1.0, FIELD), 257.6625576652841, UNKNOWN, LVO)"
