sample,reward_best,reward_CA,location_lat,location_lon,patient_state
1,0.24418294143999997,0.24418294143999997,37.822058809909365,-122.15478976623592,"PatientState(Location(""FIELD"", (37.822058809909365, -122.15478976623592), -1.0, FIELD), 211.54385844731328, UNKNOWN, HEMORRHAGIC)"
2,0.3371816823840613,0.3229954655555153,37.82377830385319,-122.15464692987757,"PatientState(Location(""FIELD"", (37.82377830385319, -122.15464692987757), -1.0, FIELD), 48.74486113386471, UNKNOWN, LVO)"
3,0.33788495474448627,0.3236816030561592,37.82029154232295,-122.15441421929309,"PatientState(Location(""FIELD"", (37.82029154232295, -122.15441421929309), -1.0, FIELD), 45.46113926959388, UNKNOWN, LVO)"
4,0.24418294143999997,0.24418294143999997,37.82358759083269,-122.15125111205072,"PatientState(Location(""FIELD"", (37.82358759083269, -122.15125111205072), -1.0, FIELD), 249.3533577088437, UNKNOWN, NLVO)"
5,0.24418294143999997,0.24418294143999997,37.822740007170914,-122.15379896134368,"PatientState(Location(""FIELD"", (37.822740007170914, -122.15379896134368), -1.0, FIELD), 254.44085279844526, UNKNOWN, LVO)"
