sample,reward_best,reward_CA,location_lat,location_lon,patient_state
1,0.24418294143999997,0.24418294143999997,37.43828517067965,-122.26264647145418,"PatientState(Location(""FIELD"", (37.43828517067965, -122.26264647145418), -1.0, FIELD), 215.14022539780467, UNKNOWN, LVO)"
2,0.3499350730319025,0.34590353742412666,37.43452366216549,-122.26433297356293,"PatientState(Location(""FIELD"", (37.43452366216549, -122.26433297356293), -1.0, FIELD), 34.52537511139816, UNKNOWN, LVO)"
3,0.3249894223017162,0.2611840647760968,37.43705974078899,-122.2615204746666,"PatientState(Location(""FIELD"", (37.43705974078899, -122.2615204746666), -1.0, FIELD), 143.5104341051285, UNKNOWN, HEMORRHAGIC)"
4,0.24418294143999997,0.24418294143999997,37.43402456438931,-122.26508506016063,"PatientState(Location(""FIELD"", (37.43402456438931, -122.26508506016063), -1.0, FIELD), 211.680335326504, UNKNOWN, MIMIC)"
5,0.24418294143999997,0.24418294143999997,37.43618934573232,-122.26513732239611,"PatientState(Location(""FIELD"", (37.43618934573232, -122.26513732239611), -1.0, FIELD), 211.71987950471336, UNKNOWN, LVO)"
