sample,reward_best,reward_CA,location_lat,location_lon,patient_state
1,0.24418294143999997,0.24418294143999997,37.5817561554477,-121.93788361891946,"PatientState(Location(""FIELD"", (37.5817561554477, -121.93788361891946), -1.0, FIELD), 203.7241505550696, UNKNOWN, NLVO)"
2,0.3241356442940472,0.24418294143999997,37.58062881105573,-121.93668079693245,"PatientState(Location(""FIELD"", (37.58062881105573, -121.93668079693245), -1.0, FIELD), 128.76823428830178, UNKNOWN, LVO)"
3,0.3457239748344577,0.3264340077860228,37.58217888778948,-121.93693816420817,"PatientState(Location(""FIELD"", (37.58217888778948, -121.93693816420817), -1.0, FIELD), 34.887188845998914, UNKNOWN, HEMORRHAGIC)"
4,0.33500515001411124,0.3160716360292393,37.580475490060735,-121.93714121520533,"PatientState(Location(""FIELD"", (37.580475490060735, -121.93714121520533), -1.0, FIELD), 81.07196534443092, UNKNOWN, HEMORRHAGIC)"
5,0.24418294143999997,0.24418294143999997,37.58339849843228,-121.93818007098454,"PatientState(Location(""FIELD"", (37.58339849843228, -121.93818007098454), -1.0, FIELD), 268.770858207668, UNKNOWN, LVO)"
