sample,reward_best,reward_CA,location_lat,location_lon,patient_state
1,0.342434595249628,0.342434595249628,37.18212165509073,-122.20813398645112,"PatientState(Location(""FIELD"", (37.18212165509073, -122.20813398645112), -1.0, FIELD), 22.56218577431273, UNKNOWN, LVO)"
2,0.24418294143999997,0.24418294143999997,37.18100895722702,-122.20760028093169,"PatientState(Location(""FIELD"", (37.18100895722702, -122.20760028093169), -1.0, FIELD), 235.42519848107696, UNKNOWN, LVO)"
3,0.24418294143999997,0.24418294143999997,37.182526598310574,-122.20799578959175,"PatientState(Location(""FIELD"", (37.182526598310574, -122.20799578959175), -1.0, FIELD), 163.1509617086628, UNKNOWN, HEMORRHAGIC)"
4,0.3161225785018993,0.3161225785018993,37.179547542627105,-122.20915177767334,"PatientState(Location(""FIELD"", (37.179547542627105, -122.20915177767334), -1.0, FIELD), 139.8747478749472, UNKNOWN, HEMORRHAGIC)"
5,0.3176235399302796,0.3176235399302796,37.18277780907978,-122.20668502258108,"PatientState(Location(""FIELD"", (37.18277780907978, -122.20668502258108), -1.0, FIELD), 131.23447679903992, UNKNOWN, NLVO)"
