sample,reward_best,reward_CA,location_lat,location_lon,patient_state
1,0.31372641489686953,0.31372641489686953,37.318257925711045,-121.66789282165455,"PatientState(Location(""FIELD"", (37.318257925711045, -121.66789282165455), -1.0, FIELD), 176.97693821438554, UNKNOWN, LVO)"
2,0.33312336510595053,0.33312336510595053,37.31848910253045,-121.6705669700504,"PatientState(Location(""FIELD"", (37.31848910253045, -121.6705669700504), -1.0, FIELD), 91.64138194356835, UNKNOWN, HEMORRHAGIC)"
3,0.24418294143999997,0.24418294143999997,37.31621407324595,-121.6679463573259,"PatientState(Location(""FIELD"", (37.31621407324595, -121.6679463573259), -1.0, FIELD), 256.922123474862, UNKNOWN, MIMIC)"
4,0.24418294143999997,0.24418294143999997,37.31707613584865,-121.67050517929937,"PatientState(Location(""FIELD"", (37.31707613584865, -121.67050517929937), -1.0, FIELD), 240.80965433135347, UNKNOWN, HEMORRHAGIC)"
5,0.32425590676221594,0.32425590676221594,37.31878410938721,-121.6693012053719,"PatientState(Location(""FIELD"", (37.31878410938721, -121.6693012053719), -1.0, FIELD), 130.06763214609776, UNKNOWN, NLVO)"
