sample,reward_best,reward_CA,location_lat,location_lon,patient_state
1,0.24418294143999997,0.24418294143999997,38.0896120740677,-122.23892175744524,"PatientState(Location(""FIELD"", (38.0896120740677, -122.23892175744524), -1.0, FIELD), 147.21310719179144, UNKNOWN, LVO)"
2,0.32108612509467244,0.31804156383174687,38.09089042379409,-122.23810214244615,"PatientState(Location(""FIELD"", (38.09089042379409, -122.23810214244615), -1.0, FIELD), 50.169391775952, UNKNOWN, MIMIC)"
3,0.24418294143999997,0.24418294143999997,38.090174319428556,-122.23961399893055,"PatientState(Location(""FIELD"", (38.090174319428556, -122.23961399893055), -1.0, FIELD), 227.63335007183883, UNKNOWN, LVO)"
4,0.24418294143999997,0.24418294143999997,38.093434250802005,-122.24005600138862,"PatientState(Location(""FIELD"", (38.093434250802005, -122.24005600138862), -1.0, FIELD), 192.65304638605664, UNKNOWN, NLVO)"
5,0.33089032112636435,0.32778197414142807,38.093613646350946,-122.24045122108788,"PatientState(Location(""FIELD"", (38.093613646350946, -122.24045122108788), -1.0, FIELD), 6.956390222877947, UNKNOWN, HEMORRHAGIC)"
