sample,reward_best,reward_CA,location_lat,location_lon,patient_state
1,0.33263068654406347,0.3223219972358366,37.97174522385668,-122.1102775190029,"PatientState(Location(""FIELD"", (37.97174522385668, -122.1102775190029), -1.0, FIELD), 39.20710174198056, UNKNOWN, MIMIC)"
2,0.24418294143999997,0.24418294143999997,37.97311865557076,-122.10945768729638,"PatientState(Location(""FIELD"", (37.97311865557076, -122.10945768729638), -1.0, FIELD), 203.96093637164032, UNKNOWN, LVO)"
3,0.25255919843150165,0.24418294143999997,37.97342651323196,-122.10706595653745,"PatientState(Location(""FIELD"", (37.97342651323196, -122.10706595653745), -1.0, FIELD), 142.9578453338609, UNKNOWN, LVO)"
4,0.24418294143999997,0.24418294143999997,37.97182354914901,-122.108115659803,"PatientState(Location(""FIELD"", (37.97182354914901, -122.108115659803), -1.0, FIELD), 169.46367517403237, UNKNOWN, HEMORRHAGIC)"
5,0.2625797775462525,0.24418294143999997,37.972865797885724,-122.10622942963772,"PatientState(Location(""FIELD"", (37.972865797885724, -122.10622942963772), -1.0, FIELD), 86.38849927857554, UNKNOWN, MIMIC)"
