sample,reward_best,reward_CA,location_lat,location_lon,patient_state
1,0.3280250182324862,0.2520430444652953,37.87982278466135,-122.01139910388024,"PatientState(Location(""FIELD"", (37.87982278466135, -122.01139910388024), -1.0, FIELD), 80.99101218387567, UNKNOWN, LVO)"
2,0.34205542235926273,0.32774532541982176,37.88036764291351,-122.01410429177295,"PatientState(Location(""FIELD"", (37.88036764291351, -122.01410429177295), -1.0, FIELD), 22.275729450440185, UNKNOWN, LVO)"
3,0.24418294143999997,0.24418294143999997,37.880634716049634,-122.01513318607603,"PatientState(Location(""FIELD"", (37.880634716049634, -122.01513318607603), -1.0, FIELD), 226.29889037672254, UNKNOWN, HEMORRHAGIC)"
4,0.33767961469273716,0.3230278075484945,37.88027473634331,-122.01090778701925,"PatientState(Location(""FIELD"", (37.88027473634331, -122.01090778701925), -1.0, FIELD), 37.99016902950621, UNKNOWN, LVO)"
5,0.24418294143999997,0.24418294143999997,37.87981673924971,-122.01114400582202,"PatientState(Location(""FIELD"", (37.87981673924971, -122.01114400582202), -1.0, FIELD), 173.75203540152307, UNKNOWN, HEMORRHAGIC)"
