sample,reward_best,reward_CA,location_lat,location_lon,patient_state
1,0.24418294143999997,0.24418294143999997,37.83000955453852,-122.51314763919252,"PatientState(Location(""FIELD"", (37.83000955453852, -122.51314763919252), -1.0, FIELD), 174.91862242406583, UNKNOWN, LVO)"
2,0.31832008581671106,0.24418294143999997,37.833747259431874,-122.51552461934538,"PatientState(Location(""FIELD"", (37.833747259431874, -122.51552461934538), -1.0, FIELD), 123.75421893320973, UNKNOWN, NLVO)"
3,0.25374160783788313,0.24418294143999997,37.83377320014919,-122.51109459544928,"PatientState(Location(""FIELD"", (37.83377320014919, -122.51109459544928), -1.0, FIELD), 155.0995063463708, UNKNOWN, LVO)"
4,0.3435120586997385,0.3334945762881391,37.83124560657852,-122.51292993683938,"PatientState(Location(""FIELD"", (37.83124560657852, -122.51292993683938), -1.0, FIELD), 9.057907280310303, UNKNOWN, NLVO)"
5,0.3447411660199152,0.3346947283776071,37.83090252340088,-122.51281448433659,"PatientState(Location(""FIELD"", (37.83090252340088, -122.51281448433659), -1.0, FIELD), 3.864563014759188, UNKNOWN, NLVO)"
