sample,reward_best,reward_CA,location_lat,location_lon,patient_state
1,0.24418294143999997,0.24418294143999997,37.937639785172536,-122.32218113263617,"PatientState(Location(""FIELD"", (37.937639785172536, -122.32218113263617), -1.0, FIELD), 201.66577983522228, UNKNOWN, LVO)"
2,0.24418294143999997,0.24418294143999997,37.938415822175024,-122.32422187534605,"PatientState(Location(""FIELD"", (37.938415822175024, -122.32422187534605), -1.0, FIELD), 169.6302410664263, UNKNOWN, HEMORRHAGIC)"
3,0.31615523247735644,0.2528216657253126,37.937535760181426,-122.32530193644466,"PatientState(Location(""FIELD"", (37.937535760181426, -122.32530193644466), -1.0, FIELD), 85.76299715063116, UNKNOWN, HEMORRHAGIC)"
4,0.24418294143999997,0.24418294143999997,37.93552088728377,-122.32511171385114,"PatientState(Location(""FIELD"", (37.93552088728377, -122.32511171385114), -1.0, FIELD), 177.22411103938606, UNKNOWN, NLVO)"
5,0.33574371127110514,0.3243938602746935,37.93393259562413,-122.322997370334,"PatientState(Location(""FIELD"", (37.93393259562413, -122.322997370334), -1.0, FIELD), 41.57176236829981, UNKNOWN, HEMORRHAGIC)"
