sample,reward_best,reward_CA,location_lat,location_lon,patient_state
1,0.24418294143999997,0.24418294143999997,38.13095235749741,-121.87102692719596,"PatientState(Location(""FIELD"", (38.13095235749741, -121.87102692719596), -1.0, FIELD), 243.82067006109725, UNKNOWN, LVO)"
2,0.24418294143999997,0.24418294143999997,38.129498908007555,-121.87303766539662,"PatientState(Location(""FIELD"", (38.129498908007555, -121.87303766539662), -1.0, FIELD), 177.78388130809614, UNKNOWN, LVO)"
3,0.24418294143999997,0.24418294143999997,38.13378855662892,-121.87223354040546,"PatientState(Location(""FIELD"", (38.13378855662892, -121.87223354040546), -1.0, FIELD), 94.89659323657922, UNKNOWN, LVO)"
4,0.24418294143999997,0.24418294143999997,38.13029919550731,-121.87244062114296,"PatientState(Location(""FIELD"", (38.13029919550731, -121.87244062114296), -1.0, FIELD), 48.48250258993462, UNKNOWN, HEMORRHAGIC)"
5,0.24418294143999997,0.24418294143999997,38.13103776590835,-121.87401782698579,"PatientState(Location(""FIELD"", (38.13103776590835, -121.87401782698579), -1.0, FIELD), 40.36768193011539, UNKNOWN, LVO)"
