sample,reward_best,reward_CA,location_lat,location_lon,patient_state
1,0.24418294143999997,0.24418294143999997,37.57320452573912,-122.05521474566385,"PatientState(Location(""FIELD"", (37.57320452573912, -122.05521474566385), -1.0, FIELD), 196.15857732686905, UNKNOWN, MIMIC)"
2,0.33191821798974974,0.3140431782252265,37.57105796169659,-122.05391993975259,"PatientState(Location(""FIELD"", (37.57105796169659, -122.05391993975259), -1.0, FIELD), 103.26573811643179, UNKNOWN, HEMORRHAGIC)"
3,0.3255537161246426,0.24418294143999997,37.57242909582144,-122.05356005869504,"PatientState(Location(""FIELD"", (37.57242909582144, -122.05356005869504), -1.0, FIELD), 131.50628045811644, UNKNOWN, HEMORRHAGIC)"
4,0.3207266985676691,0.24418294143999997,37.57358566500391,-122.05377631439696,"PatientState(Location(""FIELD"", (37.57358566500391, -122.05377631439696), -1.0, FIELD), 153.38325565364744, UNKNOWN, HEMORRHAGIC)"
5,0.3272683118033629,0.24418294143999997,37.57181718643472,-122.05564270768592,"PatientState(Location(""FIELD"", (37.57181718643472, -122.05564270768592), -1.0, FIELD), 123.40049606384027, UNKNOWN, NLVO)"
