sample,reward_best,reward_CA,location_lat,location_lon,patient_state
1,0.24418294143999997,0.24418294143999997,38.07383091504845,-121.97280450738971,"PatientState(Location(""FIELD"", (38.07383091504845, -121.97280450738971), -1.0, FIELD), 121.94152536977971, UNKNOWN, LVO)"
2,0.24418294143999997,0.24418294143999997,38.07469828081087,-121.9717484669756,"PatientState(Location(""FIELD"", (38.07469828081087, -121.9717484669756), -1.0, FIELD), 222.10643763906117, UNKNOWN, MIMIC)"
3,0.24418294143999997,0.24418294143999997,38.07594047682468,-121.97085664651132,"PatientState(Location(""FIELD"", (38.07594047682468, -121.97085664651132), -1.0, FIELD), 54.837855938560196, UNKNOWN, LVO)"
4,0.24418294143999997,0.24418294143999997,38.07510192311941,-121.9748348406386,"PatientState(Location(""FIELD"", (38.07510192311941, -121.9748348406386), -1.0, FIELD), 210.58105490068294, UNKNOWN, LVO)"
5,0.24418294143999997,0.24418294143999997,38.078160407084624,-121.97174771167705,"PatientState(Location(""FIELD"", (38.078160407084624, -121.97174771167705), -1.0, FIELD), 31.703878406114605, UNKNOWN, LVO)"
