sample,reward_best,reward_CA,location_lat,location_lon,patient_state
1,0.32888335134145313,0.32888335134145313,37.36111461584482,-122.247790120686,"PatientState(Location(""FIELD"", (37.36111461584482, -122.247790120686), -1.0, FIELD), 118.43510751743757, UNKNOWN, HEMORRHAGIC)"
2,0.3502757983173365,0.3502757983173365,37.36338363548382,-122.2483501476791,"PatientState(Location(""FIELD"", (37.36338363548382, -122.2483501476791), -1.0, FIELD), 26.527344975552506, UNKNOWN, LVO)"
3,0.33435312293172326,0.33435312293172326,37.359733817889214,-122.24832080409168,"PatientState(Location(""FIELD"", (37.359733817889214, -122.24832080409168), -1.0, FIELD), 94.4376051697418, UNKNOWN, LVO)"
4,0.32949099096017087,0.32949099096017087,37.36221743406296,-122.24924581356723,"PatientState(Location(""FIELD"", (37.36221743406296, -122.24924581356723), -1.0, FIELD), 115.85192781843747, UNKNOWN, MIMIC)"
5,0.24418294143999997,0.24418294143999997,37.36184338106457,-122.25030449131255,"PatientState(Location(""FIELD"", (37.36184338106457, -122.25030449131255), -1.0, FIELD), 227.2812971247594, UNKNOWN, HEMORRHAGIC)"
