sample,reward_best,reward_CA,location_lat,location_lon,patient_state
1,0.3201288908361908,0.3201288908361908,37.48112262901688,-122.14423491955493,"PatientState(Location(""FIELD"", (37.48112262901688, -122.14423491955493), -1.0, FIELD), 168.7232487367967, UNKNOWN, MIMIC)"
2,0.3386041415186949,0.3386041415186949,37.48173761976286,-122.14489569885448,"PatientState(Location(""FIELD"", (37.48173761976286, -122.14489569885448), -1.0, FIELD), 87.78057285856275, UNKNOWN, MIMIC)"
3,0.33893852806289737,0.33893852806289737,37.483758157252865,-122.14343722669092,"PatientState(Location(""FIELD"", (37.483758157252865, -122.14343722669092), -1.0, FIELD), 86.75787618542611, UNKNOWN, HEMORRHAGIC)"
4,0.24418294143999997,0.24418294143999997,37.478917140042526,-122.14554039656272,"PatientState(Location(""FIELD"", (37.478917140042526, -122.14554039656272), -1.0, FIELD), 210.7946895544565, UNKNOWN, NLVO)"
5,0.3503034614638292,0.3503034614638292,37.481193482557856,-122.14444680886997,"PatientState(Location(""FIELD"", (37.481193482557856, -122.14444680886997), -1.0, FIELD), 37.745082714486884, UNKNOWN, LVO)"
