sample,reward_best,reward_CA,location_lat,location_lon,patient_state
1,0.24418294143999997,0.24418294143999997,38.16569120015721,-121.58637254193465,"PatientState(Location(""FIELD"", (38.16569120015721, -121.58637254193465), -1.0, FIELD), 113.30202128214303, UNKNOWN, LVO)"
2,0.24418294143999997,0.24418294143999997,38.165299695433866,-121.586340709515,"PatientState(Location(""FIELD"", (38.165299695433866, -121.586340709515), -1.0, FIELD), 259.9209964485664, UNKNOWN, HEMORRHAGIC)"
3,0.24418294143999997,0.24418294143999997,38.16750038638775,-121.58938390151411,"PatientState(Location(""FIELD"", (38.16750038638775, -121.58938390151411), -1.0, FIELD), 125.90362462293498, UNKNOWN, LVO)"
4,0.24418294143999997,0.24418294143999997,38.164861671922644,-121.5876748479473,"PatientState(Location(""FIELD"", (38.164861671922644, -121.5876748479473), -1.0, FIELD), 32.45519871342825, UNKNOWN, MIMIC)"
5,0.24418294143999997,0.24418294143999997,38.16437867140975,-121.58763827138753,"PatientState(Location(""FIELD"", (38.16437867140975, -121.58763827138753), -1.0, FIELD), 87.687002039209, UNKNOWN, HEMORRHAGIC)"
