sample,reward_best,reward_CA,location_lat,location_lon,patient_state
1,0.33936188704016557,0.3202800633521828,37.55623614980213,-121.76529896424111,"PatientState(Location(""FIELD"", (37.55623614980213, -121.76529896424111), -1.0, FIELD), 19.61243363632803, UNKNOWN, LVO)"
2,0.31500128251321297,0.24418294143999997,37.55797412849476,-121.76277332014163,"PatientState(Location(""FIELD"", (37.55797412849476, -121.76277332014163), -1.0, FIELD), 127.7472698379315, UNKNOWN, LVO)"
3,0.3425164701933336,0.3233301224622172,37.55658767448713,-121.76086174840698,"PatientState(Location(""FIELD"", (37.55658767448713, -121.76086174840698), -1.0, FIELD), 7.714353850286678, UNKNOWN, MIMIC)"
4,0.3342459272310438,0.31533921256748976,37.55509613174758,-121.76385170715498,"PatientState(Location(""FIELD"", (37.55509613174758, -121.76385170715498), -1.0, FIELD), 42.163546803469934, UNKNOWN, LVO)"
5,0.32208737547301974,0.24418294143999997,37.55465938214854,-121.76438568497949,"PatientState(Location(""FIELD"", (37.55465938214854, -121.76438568497949), -1.0, FIELD), 94.70561339278642, UNKNOWN, LVO)"
