sample,reward_best,reward_CA,location_lat,location_lon,patient_state
1,0.3345864506152789,0.3345864506152789,37.42005267209436,-121.77245389569372,"PatientState(Location(""FIELD"", (37.42005267209436, -121.77245389569372), -1.0, FIELD), 87.17870578290719, UNKNOWN, HEMORRHAGIC)"
2,0.3183135800958557,0.3183135800958557,37.42012472059002,-121.77478110240148,"PatientState(Location(""FIELD"", (37.42012472059002, -121.77478110240148), -1.0, FIELD), 160.4100086599081, UNKNOWN, HEMORRHAGIC)"
3,0.24418294143999997,0.24418294143999997,37.42266069270093,-121.77080657617942,"PatientState(Location(""FIELD"", (37.42266069270093, -121.77080657617942), -1.0, FIELD), 188.78384461869388, UNKNOWN, MIMIC)"
4,0.24418294143999997,0.24418294143999997,37.42009554189583,-121.77508894492279,"PatientState(Location(""FIELD"", (37.42009554189583, -121.77508894492279), -1.0, FIELD), 201.19860333466488, UNKNOWN, LVO)"
5,0.24418294143999997,0.24418294143999997,37.419467968968476,-121.77226914693527,"PatientState(Location(""FIELD"", (37.419467968968476, -121.77226914693527), -1.0, FIELD), 188.31197760512939, UNKNOWN, NLVO)"
