sample,reward_best,reward_CA,location_lat,location_lon,patient_state
1,0.24418294143999997,0.24418294143999997,37.41327826596595,-121.91651700274964,"PatientState(Location(""FIELD"", (37.41327826596595, -121.91651700274964), -1.0, FIELD), 204.3743033511575, UNKNOWN, HEMORRHAGIC)"
2,0.3577914811238495,0.35319020791685346,37.413044913069825,-121.91797230954309,"PatientState(Location(""FIELD"", (37.413044913069825, -121.91797230954309), -1.0, FIELD), 2.6910815577938916, UNKNOWN, HEMORRHAGIC)"
3,0.3237953535728117,0.26001809865149905,37.409320193891375,-121.91670487673917,"PatientState(Location(""FIELD"", (37.409320193891375, -121.91670487673917), -1.0, FIELD), 149.1816440936369, UNKNOWN, HEMORRHAGIC)"
4,0.24418294143999997,0.24418294143999997,37.41248786698383,-121.9174388807907,"PatientState(Location(""FIELD"", (37.41248786698383, -121.9174388807907), -1.0, FIELD), 207.4893920840224, UNKNOWN, LVO)"
5,0.24418294143999997,0.24418294143999997,37.411125158219306,-121.92054145729347,"PatientState(Location(""FIELD"", (37.411125158219306, -121.92054145729347), -1.0, FIELD), 255.3982986869192, UNKNOWN, LVO)"
