sample,reward_best,reward_CA,location_lat,location_lon,patient_state
1,0.32628564487746614,0.2523069791221938,37.87595241019215,-122.26803424654594,"PatientState(Location(""FIELD"", (37.87595241019215, -122.26803424654594), -1.0, FIELD), 96.86223041129142, UNKNOWN, LVO)"
2,0.34820875134726625,0.33543361599463933,37.87487544455706,-122.27001235413518,"PatientState(Location(""FIELD"", (37.87487544455706, -122.27001235413518), -1.0, FIELD), 2.156116067513716, UNKNOWN, LVO)"
3,0.2519970146884253,0.24418294143999997,37.87768380534259,-122.26663255074867,"PatientState(Location(""FIELD"", (37.87768380534259, -122.26663255074867), -1.0, FIELD), 161.69333482479573, UNKNOWN, LVO)"
4,0.33260207942189385,0.32003492822854984,37.874518224678255,-122.26711527701839,"PatientState(Location(""FIELD"", (37.874518224678255, -122.26711527701839), -1.0, FIELD), 69.17613981059525, UNKNOWN, LVO)"
5,0.24418294143999997,0.24418294143999997,37.876101975476566,-122.2684400526203,"PatientState(Location(""FIELD"", (37.876101975476566, -122.2684400526203), -1.0, FIELD), 199.6318840816108, UNKNOWN, HEMORRHAGIC)"
