sample,reward_best,reward_CA,location_lat,location_lon,patient_state
1,0.24418294143999997,0.24418294143999997,37.42876474573244,-121.87115421781823,"PatientState(Location(""FIELD"", (37.42876474573244, -121.87115421781823), -1.0, FIELD), 234.5071239695744, UNKNOWN, LVO)"
2,0.24418294143999997,0.24418294143999997,37.4248236809704,-121.87329698816376,"PatientState(Location(""FIELD"", (37.4248236809704, -121.87329698816376), -1.0, FIELD), 238.19474478133898, UNKNOWN, LVO)"
3,0.32858489982583233,0.32858489982583233,37.42852823822367,-121.87090834582825,"PatientState(Location(""FIELD"", (37.42852823822367, -121.87090834582825), -1.0, FIELD), 131.16005080527603, UNKNOWN, LVO)"
4,0.32605554053332336,0.32605554053332336,37.42802803675412,-121.87355117351876,"PatientState(Location(""FIELD"", (37.42802803675412, -121.87355117351876), -1.0, FIELD), 142.18024471087054, UNKNOWN, HEMORRHAGIC)"
5,0.32928425969851716,0.32928425969851716,37.428700101845976,-121.871208163382,"PatientState(Location(""FIELD"", (37.428700101845976, -121.871208163382), -1.0, FIELD), 128.133237391884, UNKNOWN, NLVO)"
