sample,reward_best,reward_CA,location_lat,location_lon,patient_state
1,0.24418294143999997,0.24418294143999997,37.929080503557046,-121.63622687582888,"PatientState(Location(""FIELD"", (37.929080503557046, -121.63622687582888), -1.0, FIELD), 77.05321306748063, UNKNOWN, LVO)"
2,0.24418294143999997,0.24418294143999997,37.93189216930126,-121.63818262373347,"PatientState(Location(""FIELD"", (37.93189216930126, -121.63818262373347), -1.0, FIELD), 171.26639736307953, UNKNOWN, LVO)"
3,0.24418294143999997,0.24418294143999997,37.931124306431244,-121.63978629392605,"PatientState(Location(""FIELD"", (37.931124306431244, -121.63978629392605), -1.0, FIELD), 207.39206494517703, UNKNOWN, LVO)"
4,0.3191195615636604,0.24418294143999997,37.929119860883524,-121.63706278369814,"PatientState(Location(""FIELD"", (37.929119860883524, -121.63706278369814), -1.0, FIELD), 24.668563048489396, UNKNOWN, LVO)"
5,0.316158318281667,0.24418294143999997,37.93337070033713,-121.6385126800612,"PatientState(Location(""FIELD"", (37.93337070033713, -121.6385126800612), -1.0, FIELD), 37.36338222906294, UNKNOWN, LVO)"
