sample,reward_best,reward_CA,location_lat,location_lon,patient_state
1,0.24418294143999997,0.24418294143999997,37.78019326238688,-121.63895097032302,"PatientState(Location(""FIELD"", (37.78019326238688, -121.63895097032302), -1.0, FIELD), 170.54525146671116, UNKNOWN, HEMORRHAGIC)"
2,0.24418294143999997,0.24418294143999997,37.783758939196126,-121.6358931763226,"PatientState(Location(""FIELD"", (37.783758939196126, -121.6358931763226), -1.0, FIELD), 230.6672154156139, UNKNOWN, LVO)"
3,0.24418294143999997,0.24418294143999997,37.78013510974393,-121.63934936022139,"PatientState(Location(""FIELD"", (37.78013510974393, -121.63934936022139), -1.0, FIELD), 194.64667075064594, UNKNOWN, LVO)"
4,0.24418294143999997,0.24418294143999997,37.780759435704404,-121.63991903863638,"PatientState(Location(""FIELD"", (37.780759435704404, -121.63991903863638), -1.0, FIELD), 83.01317866787807, UNKNOWN, HEMORRHAGIC)"
5,0.24418294143999997,0.24418294143999997,37.78371074909246,-121.63956263876943,"PatientState(Location(""FIELD"", (37.78371074909246, -121.63956263876943), -1.0, FIELD), 152.64800883544802, UNKNOWN, HEMORRHAGIC)"
