sample,reward_best,reward_CA,location_lat,location_lon,patient_state
1,0.32073510225288904,0.24418294143999997,37.840057654270474,-122.24244165706193,"PatientState(Location(""FIELD"", (37.840057654270474, -122.24244165706193), -1.0, FIELD), 130.04914795763, UNKNOWN, LVO)"
2,0.34062360902330696,0.33049926963606696,37.84370698897853,-122.24296317405127,"PatientState(Location(""FIELD"", (37.84370698897853, -122.24296317405127), -1.0, FIELD), 24.103702742908826, UNKNOWN, NLVO)"
3,0.24418294143999997,0.24418294143999997,37.839318021248715,-122.24230071022087,"PatientState(Location(""FIELD"", (37.839318021248715, -122.24230071022087), -1.0, FIELD), 184.84151182526924, UNKNOWN, HEMORRHAGIC)"
4,0.24418294143999997,0.24418294143999997,37.8388683533579,-122.24284189855422,"PatientState(Location(""FIELD"", (37.8388683533579, -122.24284189855422), -1.0, FIELD), 249.1241465599113, UNKNOWN, LVO)"
5,0.24418294143999997,0.24418294143999997,37.83967676749318,-122.24351233019237,"PatientState(Location(""FIELD"", (37.83967676749318, -122.24351233019237), -1.0, FIELD), 222.80360456325738, UNKNOWN, HEMORRHAGIC)"
