sample,reward_best,reward_CA,location_lat,location_lon,patient_state
1,0.34017864957239663,0.32511882654739827,37.728034700924155,-122.49909572446509,"PatientState(Location(""FIELD"", (37.728034700924155, -122.49909572446509), -1.0, FIELD), 55.45256457502279, UNKNOWN, LVO)"
2,0.3263408459919028,0.2530033534352429,37.72554488652334,-122.49728770378063,"PatientState(Location(""FIELD"", (37.72554488652334, -122.49728770378063), -1.0, FIELD), 104.20229718415364, UNKNOWN, NLVO)"
3,0.322008904541204,0.24418294143999997,37.72852585612704,-122.49957744263648,"PatientState(Location(""FIELD"", (37.72852585612704, -122.49957744263648), -1.0, FIELD), 135.0826703759437, UNKNOWN, NLVO)"
4,0.34164615855255986,0.32685796904643677,37.72779900910659,-122.49669514067405,"PatientState(Location(""FIELD"", (37.72779900910659, -122.49669514067405), -1.0, FIELD), 50.07946952630739, UNKNOWN, LVO)"
5,0.24418294143999997,0.24418294143999997,37.728613601902815,-122.4978350810124,"PatientState(Location(""FIELD"", (37.728613601902815, -122.4978350810124), -1.0, FIELD), 192.53017294089858, UNKNOWN, LVO)"
