sample,reward_best,reward_CA,location_lat,location_lon,patient_state
1,0.24418294143999997,0.24418294143999997,37.72998563661024,-121.60811425079187,"PatientState(Location(""FIELD"", (37.72998563661024, -121.60811425079187), -1.0, FIELD), 238.782796985264, UNKNOWN, HEMORRHAGIC)"
2,0.31763250558229505,0.24418294143999997,37.7294581671806,-121.60875632950723,"PatientState(Location(""FIELD"", (37.7294581671806, -121.60875632950723), -1.0, FIELD), 124.91761982385067, UNKNOWN, LVO)"
3,0.24418294143999997,0.24418294143999997,37.73051674192755,-121.60760906153577,"PatientState(Location(""FIELD"", (37.73051674192755, -121.60760906153577), -1.0, FIELD), 153.48179835271046, UNKNOWN, HEMORRHAGIC)"
4,0.33200875270001995,0.24418294143999997,37.73277986466896,-121.6062271368939,"PatientState(Location(""FIELD"", (37.73277986466896, -121.6062271368939), -1.0, FIELD), 58.9072984718002, UNKNOWN, LVO)"
5,0.24418294143999997,0.24418294143999997,37.73001192774291,-121.60672130728983,"PatientState(Location(""FIELD"", (37.73001192774291, -121.60672130728983), -1.0, FIELD), 239.89445468352682, UNKNOWN, HEMORRHAGIC)"
