sample,reward_best,reward_CA,location_lat,location_lon,patient_state
1,0.24418294143999997,0.24418294143999997,37.49378255820763,-122.28927972433662,"PatientState(Location(""FIELD"", (37.49378255820763, -122.28927972433662), -1.0, FIELD), 260.8901977111522, UNKNOWN, HEMORRHAGIC)"
2,0.318577283577172,0.25638104209367046,37.49057236932996,-122.28791628910555,"PatientState(Location(""FIELD"", (37.49057236932996, -122.28791628910555), -1.0, FIELD), 174.0315006255527, UNKNOWN, LVO)"
3,0.35521203238796534,0.35165943855702986,37.49016542498953,-122.28640468838354,"PatientState(Location(""FIELD"", (37.49016542498953, -122.28640468838354), -1.0, FIELD), 14.995702966615452, UNKNOWN, MIMIC)"
4,0.33469761139885285,0.3310373435876422,37.49322519843674,-122.28648753166522,"PatientState(Location(""FIELD"", (37.49322519843674, -122.28648753166522), -1.0, FIELD), 98.95914339689128, UNKNOWN, HEMORRHAGIC)"
5,0.3508470209850595,0.34728464936783254,37.49265869324615,-122.28899111228202,"PatientState(Location(""FIELD"", (37.49265869324615, -122.28899111228202), -1.0, FIELD), 33.72858445764887, UNKNOWN, LVO)"
