sample,reward_best,reward_CA,location_lat,location_lon,patient_state
1,0.24418294143999997,0.24418294143999997,38.002997362887605,-122.30440361699625,"PatientState(Location(""FIELD"", (38.002997362887605, -122.30440361699625), -1.0, FIELD), 207.45867497468618, UNKNOWN, LVO)"
2,0.24418294143999997,0.24418294143999997,38.00267398208646,-122.30259256720369,"PatientState(Location(""FIELD"", (38.00267398208646, -122.30259256720369), -1.0, FIELD), 196.65339735883356, UNKNOWN, LVO)"
3,0.24418294143999997,0.24418294143999997,38.00044241259811,-122.30553372847233,"PatientState(Location(""FIELD"", (38.00044241259811, -122.30553372847233), -1.0, FIELD), 233.06010124058233, UNKNOWN, LVO)"
4,0.24418294143999997,0.24418294143999997,38.00206759654922,-122.30391051333662,"PatientState(Location(""FIELD"", (38.00206759654922, -122.30391051333662), -1.0, FIELD), 199.20824623580734, UNKNOWN, HEMORRHAGIC)"
5,0.3338906490551221,0.3225936389840429,38.00199191925698,-122.30393332934278,"PatientState(Location(""FIELD"", (38.00199191925698, -122.30393332934278), -1.0, FIELD), 43.2312270031276, UNKNOWN, HEMORRHAGIC)"
