sample,reward_best,reward_CA,location_lat,location_lon,patient_state
1,0.24418294143999997,0.24418294143999997,38.10421036901432,-121.79613139935198,"PatientState(Location(""FIELD"", (38.10421036901432, -121.79613139935198), -1.0, FIELD), 107.38357200885018, UNKNOWN, LVO)"
2,0.24418294143999997,0.24418294143999997,38.106332616685684,-121.80036875732551,"PatientState(Location(""FIELD"", (38.106332616685684, -121.80036875732551), -1.0, FIELD), 257.6326774840525, UNKNOWN, LVO)"
3,0.24418294143999997,0.24418294143999997,38.10549485036282,-121.7990745082538,"PatientState(Location(""FIELD"", (38.10549485036282, -121.7990745082538), -1.0, FIELD), 215.1372222020209, UNKNOWN, HEMORRHAGIC)"
4,0.24418294143999997,0.24418294143999997,38.10823604815603,-121.80017290038136,"PatientState(Location(""FIELD"", (38.10823604815603, -121.80017290038136), -1.0, FIELD), 269.0591133874897, UNKNOWN, LVO)"
5,0.24418294143999997,0.24418294143999997,38.10388230559422,-121.79914719639541,"PatientState(Location(""FIELD"", (38.10388230559422, -121.79914719639541), -1.0, FIELD), 54.59957235382297, UNKNOWN, LVO)"
