sample,reward_best,reward_CA,location_lat,location_lon,patient_state
1,0.3233939547312325,0.2615956990802226,37.39081871659798,-122.09891450058363,"PatientState(Location(""FIELD"", (37.39081871659798, -122.09891450058363), -1.0, FIELD), 144.08020681901795, UNKNOWN, HEMORRHAGIC)"
2,0.3545082834267801,0.3518554059473028,37.391590441250514,-122.09767393875167,"PatientState(Location(""FIELD"", (37.391590441250514, -122.09767393875167), -1.0, FIELD), 10.088020390307404, UNKNOWN, MIMIC)"
3,0.3263628091535021,0.2640695938720489,37.38896477689202,-122.09766292697675,"PatientState(Location(""FIELD"", (37.38896477689202, -122.09766292697675), -1.0, FIELD), 131.52705878452758, UNKNOWN, NLVO)"
4,0.35578608292889813,0.3532611115050464,37.390734508637834,-122.09779200811151,"PatientState(Location(""FIELD"", (37.390734508637834, -122.09779200811151), -1.0, FIELD), 4.511755318504068, UNKNOWN, LVO)"
5,0.3165459487553688,0.25597970254311614,37.39229706474826,-122.09835923766772,"PatientState(Location(""FIELD"", (37.39229706474826, -122.09835923766772), -1.0, FIELD), 175.49861121750672, UNKNOWN, HEMORRHAGIC)"
