sample,reward_best,reward_CA,location_lat,location_lon,patient_state
1,0.3339895585160199,0.3339895585160199,37.254521180975715,-122.1126179663969,"PatientState(Location(""FIELD"", (37.254521180975715, -122.1126179663969), -1.0, FIELD), 88.9465685982088, UNKNOWN, NLVO)"
2,0.3510325642318508,0.3510325642318508,37.255145431445285,-122.11124758872572,"PatientState(Location(""FIELD"", (37.255145431445285, -122.11124758872572), -1.0, FIELD), 20.30448103270558, UNKNOWN, LVO)"
3,0.34974849555212195,0.34974849555212195,37.25786422838424,-122.11436138574642,"PatientState(Location(""FIELD"", (37.25786422838424, -122.11436138574642), -1.0, FIELD), 21.116777639597853, UNKNOWN, LVO)"
4,0.34563047305016775,0.34563047305016775,37.25459276172814,-122.11257328124852,"PatientState(Location(""FIELD"", (37.25459276172814, -122.11257328124852), -1.0, FIELD), 38.80125001602785, UNKNOWN, HEMORRHAGIC)"
5,0.3489611519649767,0.3489611519649767,37.25409556890609,-122.11265157276729,"PatientState(Location(""FIELD"", (37.25409556890609, -122.11265157276729), -1.0, FIELD), 29.097140491531352, UNKNOWN, NLVO)"
