sample,reward_best,reward_CA,location_lat,location_lon,patient_state
1,0.25226770491505596,0.25226770491505596,37.58782591916759,-122.51100914538755,"PatientState(Location(""FIELD"", (37.58782591916759, -122.51100914538755), -1.0, FIELD), 190.81026753071535, UNKNOWN, LVO)"
2,0.24418294143999997,0.24418294143999997,37.587131446250446,-122.51140781880608,"PatientState(Location(""FIELD"", (37.587131446250446, -122.51140781880608), -1.0, FIELD), 234.39134283351015, UNKNOWN, LVO)"
3,0.24418294143999997,0.24418294143999997,37.58860605871361,-122.51316376897978,"PatientState(Location(""FIELD"", (37.58860605871361, -122.51316376897978), -1.0, FIELD), 212.5836601552944, UNKNOWN, HEMORRHAGIC)"
4,0.24418294143999997,0.24418294143999997,37.588799902174806,-122.51486268829237,"PatientState(Location(""FIELD"", (37.588799902174806, -122.51486268829237), -1.0, FIELD), 256.64022081192223, UNKNOWN, LVO)"
5,0.25477292151227254,0.25477292151227254,37.58384054454847,-122.51408979896497,"PatientState(Location(""FIELD"", (37.58384054454847, -122.51408979896497), -1.0, FIELD), 183.1832664921682, UNKNOWN, LVO)"
