sample,reward_best,reward_CA,location_lat,location_lon,patient_state
1,0.3249871303838995,0.3249871303838995,37.35050614209859,-121.6094857622431,"PatientState(Location(""FIELD"", (37.35050614209859, -121.6094857622431), -1.0, FIELD), 112.60889618298066, UNKNOWN, LVO)"
2,0.32761506202584195,0.32761506202584195,37.3520389531576,-121.60802479474624,"PatientState(Location(""FIELD"", (37.3520389531576, -121.60802479474624), -1.0, FIELD), 100.7050022171902, UNKNOWN, LVO)"
3,0.33362217012750905,0.33362217012750905,37.34898956075931,-121.60735454859227,"PatientState(Location(""FIELD"", (37.34898956075931, -121.60735454859227), -1.0, FIELD), 74.6264860627238, UNKNOWN, NLVO)"
4,0.24418294143999997,0.24418294143999997,37.353265572124506,-121.60867986588771,"PatientState(Location(""FIELD"", (37.353265572124506, -121.60867986588771), -1.0, FIELD), 179.47016618435853, UNKNOWN, HEMORRHAGIC)"
5,0.3156404010244638,0.3156404010244638,37.35040590690816,-121.60655213744117,"PatientState(Location(""FIELD"", (37.35040590690816, -121.60655213744117), -1.0, FIELD), 153.85718737925, UNKNOWN, LVO)"
