sample,reward_best,reward_CA,location_lat,location_lon,patient_state
1,0.32185056366027776,0.24418294143999997,37.446550220474705,-122.32909347448641,"PatientState(Location(""FIELD"", (37.446550220474705, -122.32909347448641), -1.0, FIELD), 142.54316162902438, UNKNOWN, NLVO)"
2,0.3187651074476212,0.24418294143999997,37.44619689480929,-122.32704037293831,"PatientState(Location(""FIELD"", (37.44619689480929, -122.32704037293831), -1.0, FIELD), 156.4312934653347, UNKNOWN, LVO)"
3,0.24418294143999997,0.24418294143999997,37.44562412512884,-122.32735948789826,"PatientState(Location(""FIELD"", (37.44562412512884, -122.32735948789826), -1.0, FIELD), 189.7640061985751, UNKNOWN, LVO)"
4,0.34976563465808436,0.33435738757243894,37.446169023722945,-122.3282205891884,"PatientState(Location(""FIELD"", (37.446169023722945, -122.3282205891884), -1.0, FIELD), 21.504070046903358, UNKNOWN, LVO)"
5,0.33870078743043297,0.32711871605840476,37.443959070461695,-122.32882140830952,"PatientState(Location(""FIELD"", (37.443959070461695, -122.32882140830952), -1.0, FIELD), 52.53392560519547, UNKNOWN, NLVO)"
