sample,reward_best,reward_CA,location_lat,location_lon,patient_state
1,0.32241030405456644,0.24418294143999997,37.864708110313025,-122.10745395273534,"PatientState(Location(""FIELD"", (37.864708110313025, -122.10745395273534), -1.0, FIELD), 105.44274240821989, UNKNOWN, HEMORRHAGIC)"
2,0.24418294143999997,0.24418294143999997,37.86565999531891,-122.10866804958087,"PatientState(Location(""FIELD"", (37.86565999531891, -122.10866804958087), -1.0, FIELD), 191.899401418147, UNKNOWN, MIMIC)"
3,0.32348491892755443,0.24418294143999997,37.86644507676298,-122.10739175520318,"PatientState(Location(""FIELD"", (37.86644507676298, -122.10739175520318), -1.0, FIELD), 100.952034189236, UNKNOWN, MIMIC)"
4,0.3262839581161499,0.24418294143999997,37.86474624193128,-122.10978999342761,"PatientState(Location(""FIELD"", (37.86474624193128, -122.10978999342761), -1.0, FIELD), 88.0563335499354, UNKNOWN, HEMORRHAGIC)"
5,0.24418294143999997,0.24418294143999997,37.86574516891883,-122.10804187455948,"PatientState(Location(""FIELD"", (37.86574516891883, -122.10804187455948), -1.0, FIELD), 166.22791665167603, UNKNOWN, HEMORRHAGIC)"
