sample,reward_best,reward_CA,location_lat,location_lon,patient_state
1,0.24418294143999997,0.24418294143999997,37.80822291880588,-121.5944850634208,"PatientState(Location(""FIELD"", (37.80822291880588, -121.5944850634208), -1.0, FIELD), 243.88869822819134, UNKNOWN, NLVO)"
2,0.24418294143999997,0.24418294143999997,37.80636658965611,-121.59409190213003,"PatientState(Location(""FIELD"", (37.80636658965611, -121.59409190213003), -1.0, FIELD), 205.50009491729662, UNKNOWN, HEMORRHAGIC)"
3,0.24418294143999997,0.24418294143999997,37.808228498303734,-121.59338910925625,"PatientState(Location(""FIELD"", (37.808228498303734, -121.59338910925625), -1.0, FIELD), 254.36502267545177, UNKNOWN, LVO)"
4,0.24418294143999997,0.24418294143999997,37.805075577170435,-121.59572623007729,"PatientState(Location(""FIELD"", (37.805075577170435, -121.59572623007729), -1.0, FIELD), 89.61844088245628, UNKNOWN, LVO)"
5,0.24418294143999997,0.24418294143999997,37.80544772764381,-121.59327746511804,"PatientState(Location(""FIELD"", (37.80544772764381, -121.59327746511804), -1.0, FIELD), 107.5280465572202, UNKNOWN, LVO)"
