sample,reward_best,reward_CA,location_lat,location_lon,patient_state
1,0.24418294143999997,0.24418294143999997,37.4337963253618,-122.1134258186954,"PatientState(Location(""FIELD"", (37.4337963253618, -122.1134258186954), -1.0, FIELD), 255.3096636678123, UNKNOWN, HEMORRHAGIC)"
2,0.32088300248020657,0.24418294143999997,37.431031859362726,-122.11183650570842,"PatientState(Location(""FIELD"", (37.431031859362726, -122.11183650570842), -1.0, FIELD), 161.2886399119026, UNKNOWN, MIMIC)"
3,0.3287092444788217,0.24418294143999997,37.43107930593386,-122.11451649984677,"PatientState(Location(""FIELD"", (37.43107930593386, -122.11451649984677), -1.0, FIELD), 126.93086692576998, UNKNOWN, LVO)"
4,0.32326960401472876,0.24418294143999997,37.4304463409514,-122.11526257916397,"PatientState(Location(""FIELD"", (37.4304463409514, -122.11526257916397), -1.0, FIELD), 150.55313468882335, UNKNOWN, LVO)"
5,0.34693190892580283,0.3296005212330452,37.43061225122809,-122.11534733668007,"PatientState(Location(""FIELD"", (37.43061225122809, -122.11534733668007), -1.0, FIELD), 47.8318396896548, UNKNOWN, HEMORRHAGIC)"
