sample,reward_best,reward_CA,location_lat,location_lon,patient_state
1,0.24418294143999997,0.24418294143999997,37.87349535883725,-122.04867020353234,"PatientState(Location(""FIELD"", (37.87349535883725, -122.04867020353234), -1.0, FIELD), 224.8668490401717, UNKNOWN, LVO)"
2,0.24418294143999997,0.24418294143999997,37.87095395062155,-122.0483701035825,"PatientState(Location(""FIELD"", (37.87095395062155, -122.0483701035825), -1.0, FIELD), 251.70871720729556, UNKNOWN, LVO)"
3,0.33710490417280964,0.32316203750965233,37.87344646960467,-122.05076387625746,"PatientState(Location(""FIELD"", (37.87344646960467, -122.05076387625746), -1.0, FIELD), 47.23700222539798, UNKNOWN, LVO)"
4,0.32357069887485773,0.24418294143999997,37.87072510577758,-122.04936668510305,"PatientState(Location(""FIELD"", (37.87072510577758, -122.04936668510305), -1.0, FIELD), 106.11856950548405, UNKNOWN, NLVO)"
5,0.24418294143999997,0.24418294143999997,37.87252668726091,-122.04982691749885,"PatientState(Location(""FIELD"", (37.87252668726091, -122.04982691749885), -1.0, FIELD), 169.52050247321696, UNKNOWN, HEMORRHAGIC)"
