sample,reward_best,reward_CA,location_lat,location_lon,patient_state
1,0.3381124242412189,0.26317031452407147,38.055293649531805,-122.56924713531478,"PatientState(Location(""FIELD"", (38.055293649531805, -122.56924713531478), -1.0, FIELD), 4.595014303593636, UNKNOWN, HEMORRHAGIC)"
2,0.3322599242460325,0.25862532426130697,38.055173317775214,-122.5699802213285,"PatientState(Location(""FIELD"", (38.055173317775214, -122.5699802213285), -1.0, FIELD), 29.7551054299687, UNKNOWN, LVO)"
3,0.24418294143999997,0.24418294143999997,38.05717550841943,-122.57033047247018,"PatientState(Location(""FIELD"", (38.05717550841943, -122.57033047247018), -1.0, FIELD), 267.1990697635496, UNKNOWN, MIMIC)"
4,0.24418294143999997,0.24418294143999997,38.058137932976045,-122.56648798885422,"PatientState(Location(""FIELD"", (38.058137932976045, -122.56648798885422), -1.0, FIELD), 164.69765982718152, UNKNOWN, NLVO)"
5,0.3379409583098846,0.2630364663897579,38.057212686958785,-122.56809009257665,"PatientState(Location(""FIELD"", (38.057212686958785, -122.56809009257665), -1.0, FIELD), 5.328668221781831, UNKNOWN, HEMORRHAGIC)"
