sample,reward_best,reward_CA,location_lat,location_lon,patient_state
1,0.24418294143999997,0.24418294143999997,38.152689278905534,-122.27680630788667,"PatientState(Location(""FIELD"", (38.152689278905534, -122.27680630788667), -1.0, FIELD), 152.89365197800504, UNKNOWN, NLVO)"
2,0.3213907293617195,0.24418294143999997,38.15020625538705,-122.2800592095799,"PatientState(Location(""FIELD"", (38.15020625538705, -122.2800592095799), -1.0, FIELD), 37.46077685344038, UNKNOWN, HEMORRHAGIC)"
3,0.322720148420667,0.24418294143999997,38.150911523425535,-122.27865344189891,"PatientState(Location(""FIELD"", (38.150911523425535, -122.27865344189891), -1.0, FIELD), 33.683984640028214, UNKNOWN, NLVO)"
4,0.24418294143999997,0.24418294143999997,38.15149776369401,-122.27998722282821,"PatientState(Location(""FIELD"", (38.15149776369401, -122.27998722282821), -1.0, FIELD), 179.94181870350062, UNKNOWN, LVO)"
5,0.24418294143999997,0.24418294143999997,38.151782015910314,-122.27648469165564,"PatientState(Location(""FIELD"", (38.151782015910314, -122.27648469165564), -1.0, FIELD), 99.25987748422563, UNKNOWN, NLVO)"
