sample,reward_best,reward_CA,location_lat,location_lon,patient_state
1,0.24418294143999997,0.24418294143999997,37.95125009992241,-121.78441748975665,"PatientState(Location(""FIELD"", (37.95125009992241, -121.78441748975665), -1.0, FIELD), 168.79253530060745, UNKNOWN, HEMORRHAGIC)"
2,0.31575248741124384,0.24418294143999997,37.952284362128836,-121.7834260080663,"PatientState(Location(""FIELD"", (37.952284362128836, -121.7834260080663), -1.0, FIELD), 47.06890881014491, UNKNOWN, HEMORRHAGIC)"
3,0.24418294143999997,0.24418294143999997,37.95167463540566,-121.78440836569774,"PatientState(Location(""FIELD"", (37.95167463540566, -121.78440836569774), -1.0, FIELD), 161.86133101386716, UNKNOWN, LVO)"
4,0.24418294143999997,0.24418294143999997,37.95307265534983,-121.78121942682644,"PatientState(Location(""FIELD"", (37.95307265534983, -121.78121942682644), -1.0, FIELD), 165.06085406414897, UNKNOWN, LVO)"
5,0.3254933131056486,0.24418294143999997,37.95009565200451,-121.78248357464172,"PatientState(Location(""FIELD"", (37.95009565200451, -121.78248357464172), -1.0, FIELD), 4.328361441959249, UNKNOWN, HEMORRHAGIC)"
