sample,reward_best,reward_CA,location_lat,location_lon,patient_state
1,0.24418294143999997,0.24418294143999997,37.58595522456301,-121.99275544722656,"PatientState(Location(""FIELD"", (37.58595522456301, -121.99275544722656), -1.0, FIELD), 222.99650806900718, UNKNOWN, LVO)"
2,0.3474032397922303,0.3315360220801432,37.58550681169179,-121.99517070159335,"PatientState(Location(""FIELD"", (37.58550681169179, -121.99517070159335), -1.0, FIELD), 30.90638945375406, UNKNOWN, LVO)"
3,0.3290109923400735,0.3069476470207415,37.585043852110196,-121.99362052026295,"PatientState(Location(""FIELD"", (37.585043852110196, -121.99362052026295), -1.0, FIELD), 110.20842179365414, UNKNOWN, NLVO)"
4,0.34927847624833686,0.3333642736961868,37.58507686807464,-121.99455012877074,"PatientState(Location(""FIELD"", (37.58507686807464, -121.99455012877074), -1.0, FIELD), 22.854735547421853, UNKNOWN, LVO)"
5,0.24418294143999997,0.24418294143999997,37.58647774397619,-121.99471104079694,"PatientState(Location(""FIELD"", (37.58647774397619, -121.99471104079694), -1.0, FIELD), 256.2437348573394, UNKNOWN, NLVO)"
