sample,reward_best,reward_CA,location_lat,location_lon,patient_state
1,0.3498638054639224,0.3498638054639224,37.39662894125914,-121.86789253442157,"PatientState(Location(""FIELD"", (37.39662894125914, -121.86789253442157), -1.0, FIELD), 44.2059775949215, UNKNOWN, LVO)"
2,0.35303042668515455,0.35303042668515455,37.39652824911573,-121.8690690907933,"PatientState(Location(""FIELD"", (37.39652824911573, -121.8690690907933), -1.0, FIELD), 31.163398774616706, UNKNOWN, NLVO)"
3,0.33309717261327976,0.33309717261327976,37.39865698494428,-121.87039179585688,"PatientState(Location(""FIELD"", (37.39865698494428, -121.87039179585688), -1.0, FIELD), 116.72879648144766, UNKNOWN, LVO)"
4,0.35058721520618574,0.35058721520618574,37.398675916466246,-121.8669982443196,"PatientState(Location(""FIELD"", (37.398675916466246, -121.8669982443196), -1.0, FIELD), 41.10920603310054, UNKNOWN, HEMORRHAGIC)"
5,0.24418294143999997,0.24418294143999997,37.39529941528699,-121.86745316820156,"PatientState(Location(""FIELD"", (37.39529941528699, -121.86745316820156), -1.0, FIELD), 241.4171137111302, UNKNOWN, HEMORRHAGIC)"
