sample,reward_best,reward_CA,location_lat,location_lon,patient_state
1,0.33222436402862116,0.2688855984112805,37.24301659519149,-122.39219211158264,"PatientState(Location(""FIELD"", (37.24301659519149, -122.39219211158264), -1.0, FIELD), 72.88159041134045, UNKNOWN, LVO)"
2,0.24418294143999997,0.24418294143999997,37.240727731796746,-122.39495297178314,"PatientState(Location(""FIELD"", (37.240727731796746, -122.39495297178314), -1.0, FIELD), 263.49257055123667, UNKNOWN, LVO)"
3,0.3266163658440879,0.26433158291389514,37.243557070274775,-122.39386403057358,"PatientState(Location(""FIELD"", (37.243557070274775, -122.39386403057358), -1.0, FIELD), 97.47795047404766, UNKNOWN, LVO)"
4,0.24418294143999997,0.24418294143999997,37.24276441108143,-122.39211907548089,"PatientState(Location(""FIELD"", (37.24276441108143, -122.39211907548089), -1.0, FIELD), 244.10831471384986, UNKNOWN, HEMORRHAGIC)"
5,0.2538981371422631,0.2538981371422631,37.24329905585579,-122.39174113470715,"PatientState(Location(""FIELD"", (37.24329905585579, -122.39174113470715), -1.0, FIELD), 155.77398140080783, UNKNOWN, NLVO)"
