sample,reward_best,reward_CA,location_lat,location_lon,patient_state
1,0.3246893356066997,0.24418294143999997,37.76999337707379,-121.63291031047372,"PatientState(Location(""FIELD"", (37.76999337707379, -121.63291031047372), -1.0, FIELD), 81.10865199475383, UNKNOWN, LVO)"
2,0.32677808665157726,0.24418294143999997,37.77279057219094,-121.63364315935536,"PatientState(Location(""FIELD"", (37.77279057219094, -121.63364315935536), -1.0, FIELD), 75.55217407622497, UNKNOWN, LVO)"
3,0.24418294143999997,0.24418294143999997,37.77294601248982,-121.63395036893944,"PatientState(Location(""FIELD"", (37.77294601248982, -121.63395036893944), -1.0, FIELD), 208.3522887780707, UNKNOWN, LVO)"
4,0.31747459320121907,0.24418294143999997,37.77193234827586,-121.63448227249046,"PatientState(Location(""FIELD"", (37.77193234827586, -121.63448227249046), -1.0, FIELD), 114.2872657587714, UNKNOWN, LVO)"
5,0.33707216461205025,0.24418294143999997,37.77085542296746,-121.63522551905425,"PatientState(Location(""FIELD"", (37.77085542296746, -121.63522551905425), -1.0, FIELD), 27.01031242808778, UNKNOWN, HEMORRHAGIC)"
