sample,reward_best,reward_CA,location_lat,location_lon,patient_state
1,0.3379077932704714,0.3323105493770268,37.27954178083472,-122.06731146404455,"PatientState(Location(""FIELD"", (37.27954178083472, -122.06731146404455), -1.0, FIELD), 80.15079593502153, UNKNOWN, LVO)"
2,0.3180545102174793,0.2553930680636543,37.279641671521134,-122.06730427481787,"PatientState(Location(""FIELD"", (37.279641671521134, -122.06730427481787), -1.0, FIELD), 166.39505001776914, UNKNOWN, NLVO)"
3,0.3493563937743216,0.34374070577939964,37.27900127553655,-122.06644729362681,"PatientState(Location(""FIELD"", (37.27900127553655, -122.06644729362681), -1.0, FIELD), 31.160648575213436, UNKNOWN, LVO)"
4,0.24418294143999997,0.24418294143999997,37.28221814724955,-122.06955076100067,"PatientState(Location(""FIELD"", (37.28221814724955, -122.06955076100067), -1.0, FIELD), 225.49696394875997, UNKNOWN, HEMORRHAGIC)"
5,0.3224913336141151,0.2589062997350025,37.27896530159315,-122.06951730998227,"PatientState(Location(""FIELD"", (37.27896530159315, -122.06951730998227), -1.0, FIELD), 146.6095926301702, UNKNOWN, MIMIC)"
