sample,reward_best,reward_CA,location_lat,location_lon,patient_state
1,0.24418294143999997,0.24418294143999997,37.49602455277921,-121.66683534489917,"PatientState(Location(""FIELD"", (37.49602455277921, -121.66683534489917), -1.0, FIELD), 146.19353413256133, UNKNOWN, HEMORRHAGIC)"
2,0.24418294143999997,0.24418294143999997,37.49464729895284,-121.66701025434365,"PatientState(Location(""FIELD"", (37.49464729895284, -121.66701025434365), -1.0, FIELD), 233.38891139801405, UNKNOWN, HEMORRHAGIC)"
3,0.24418294143999997,0.24418294143999997,37.497088266036805,-121.66911545000566,"PatientState(Location(""FIELD"", (37.497088266036805, -121.66911545000566), -1.0, FIELD), 155.5937289649156, UNKNOWN, HEMORRHAGIC)"
4,0.24418294143999997,0.24418294143999997,37.49430634601884,-121.66970476881697,"PatientState(Location(""FIELD"", (37.49430634601884, -121.66970476881697), -1.0, FIELD), 233.6163193168528, UNKNOWN, HEMORRHAGIC)"
5,0.24418294143999997,0.24418294143999997,37.495249137143674,-121.66856077917518,"PatientState(Location(""FIELD"", (37.495249137143674, -121.66856077917518), -1.0, FIELD), 152.53777035260956, UNKNOWN, LVO)"
