sample,reward_best,reward_CA,location_lat,location_lon,patient_state
1,0.3247670785256535,0.26041222398615355,38.14403963520875,-122.56189063493552,"PatientState(Location(""FIELD"", (38.14403963520875, -122.56189063493552), -1.0, FIELD), 21.703216459366924, UNKNOWN, HEMORRHAGIC)"
2,0.24418294143999997,0.24418294143999997,38.14563720029683,-122.56409122217349,"PatientState(Location(""FIELD"", (38.14563720029683, -122.56409122217349), -1.0, FIELD), 162.49097086364927, UNKNOWN, LVO)"
3,0.24418294143999997,0.24418294143999997,38.14852748714356,-122.56101129460316,"PatientState(Location(""FIELD"", (38.14852748714356, -122.56101129460316), -1.0, FIELD), 107.36027861645216, UNKNOWN, HEMORRHAGIC)"
4,0.24418294143999997,0.24418294143999997,38.145830011331746,-122.56296946534052,"PatientState(Location(""FIELD"", (38.145830011331746, -122.56296946534052), -1.0, FIELD), 136.33593617570824, UNKNOWN, MIMIC)"
5,0.24418294143999997,0.24418294143999997,38.14455953089675,-122.56304105468878,"PatientState(Location(""FIELD"", (38.14455953089675, -122.56304105468878), -1.0, FIELD), 95.16547469883365, UNKNOWN, HEMORRHAGIC)"
