sample,reward_best,reward_CA,location_lat,location_lon,patient_state
1,0.32744771026729796,0.26467763561334134,37.30621284583234,-122.35332686280762,"PatientState(Location(""FIELD"", (37.30621284583234, -122.35332686280762), -1.0, FIELD), 94.70946313370449, UNKNOWN, HEMORRHAGIC)"
2,0.331226025452913,0.26774138602907654,37.30682775450846,-122.3545688719781,"PatientState(Location(""FIELD"", (37.30682775450846, -122.3545688719781), -1.0, FIELD), 78.37362735651271, UNKNOWN, HEMORRHAGIC)"
3,0.3194240094416782,0.2582374903295576,37.307417080396235,-122.35442074258582,"PatientState(Location(""FIELD"", (37.307417080396235, -122.35442074258582), -1.0, FIELD), 130.324578664543, UNKNOWN, MIMIC)"
4,0.3181014933064888,0.2571843961346398,37.30435979675258,-122.3531016620178,"PatientState(Location(""FIELD"", (37.30435979675258, -122.3531016620178), -1.0, FIELD), 136.2079619095536, UNKNOWN, HEMORRHAGIC)"
5,0.3493384093184459,0.34451394865605944,37.306623770702785,-122.35535435521516,"PatientState(Location(""FIELD"", (37.306623770702785, -122.35535435521516), -1.0, FIELD), 0.4303211422630515, UNKNOWN, HEMORRHAGIC)"
