sample,reward_best,reward_CA,location_lat,location_lon,patient_state
1,0.24418294143999997,0.24418294143999997,37.41739770772191,-121.94619876055978,"PatientState(Location(""FIELD"", (37.41739770772191, -121.94619876055978), -1.0, FIELD), 265.2215178910324, UNKNOWN, HEMORRHAGIC)"
2,0.338708796573548,0.333261675589636,37.41433337972907,-121.94797903236525,"PatientState(Location(""FIELD"", (37.41433337972907, -121.94797903236525), -1.0, FIELD), 80.26562539529199, UNKNOWN, MIMIC)"
3,0.3228032868362115,0.2590110040592559,37.41641071987679,-121.94645604300086,"PatientState(Location(""FIELD"", (37.41641071987679, -121.94645604300086), -1.0, FIELD), 146.27153271548784, UNKNOWN, MIMIC)"
4,0.3426979799731532,0.33725115402166866,37.41411703899863,-121.94763848332691,"PatientState(Location(""FIELD"", (37.41411703899863, -121.94763848332691), -1.0, FIELD), 63.261010684406145, UNKNOWN, NLVO)"
5,0.3284764751125876,0.2637048437842136,37.41852285130183,-121.948912934652,"PatientState(Location(""FIELD"", (37.41852285130183, -121.948912934652), -1.0, FIELD), 125.97278204242619, UNKNOWN, HEMORRHAGIC)"
