sample,reward_best,reward_CA,location_lat,location_lon,patient_state
1,0.32036561837811195,0.2563802650571929,37.4041956023241,-121.9019018603179,"PatientState(Location(""FIELD"", (37.4041956023241, -121.9019018603179), -1.0, FIELD), 169.61422563905074, UNKNOWN, HEMORRHAGIC)"
2,0.3305521227627316,0.26480736178942804,37.40570825289985,-121.90335621466656,"PatientState(Location(""FIELD"", (37.40570825289985, -121.90335621466656), -1.0, FIELD), 123.4551678238253, UNKNOWN, HEMORRHAGIC)"
3,0.24418294143999997,0.24418294143999997,37.40658124540183,-121.9029595588359,"PatientState(Location(""FIELD"", (37.40658124540183, -121.9029595588359), -1.0, FIELD), 211.07215757508544, UNKNOWN, LVO)"
4,0.3168028209099693,0.25388223720934444,37.40767198049888,-121.90254269277914,"PatientState(Location(""FIELD"", (37.40767198049888, -121.90254269277914), -1.0, FIELD), 183.72824955797984, UNKNOWN, MIMIC)"
5,0.3460793305153254,0.3406125594745731,37.40679982240892,-121.90467880157021,"PatientState(Location(""FIELD"", (37.40679982240892, -121.90467880157021), -1.0, FIELD), 56.08272908766238, UNKNOWN, NLVO)"
