sample,reward_best,reward_CA,location_lat,location_lon,patient_state
1,0.24418294143999997,0.24418294143999997,37.58647545880877,-121.79120842464495,"PatientState(Location(""FIELD"", (37.58647545880877, -121.79120842464495), -1.0, FIELD), 256.47201027659776, UNKNOWN, LVO)"
2,0.24418294143999997,0.24418294143999997,37.584696061912034,-121.79370767370195,"PatientState(Location(""FIELD"", (37.584696061912034, -121.79370767370195), -1.0, FIELD), 230.84030981787615, UNKNOWN, LVO)"
3,0.3285657194656747,0.24418294143999997,37.587490415368514,-121.79148883197097,"PatientState(Location(""FIELD"", (37.587490415368514, -121.79148883197097), -1.0, FIELD), 95.67259332115664, UNKNOWN, HEMORRHAGIC)"
4,0.3311948773808662,0.24418294143999997,37.58811575981011,-121.79326635119307,"PatientState(Location(""FIELD"", (37.58811575981011, -121.79326635119307), -1.0, FIELD), 85.34307417754461, UNKNOWN, HEMORRHAGIC)"
5,0.31553614377057354,0.24418294143999997,37.58472596173723,-121.79188994553296,"PatientState(Location(""FIELD"", (37.58472596173723, -121.79188994553296), -1.0, FIELD), 153.4314762640116, UNKNOWN, LVO)"
