sample,reward_best,reward_CA,location_lat,location_lon,patient_state
1,0.2548795525929154,0.24418294143999997,37.942268496384486,-122.10647195921696,"PatientState(Location(""FIELD"", (37.942268496384486, -122.10647195921696), -1.0, FIELD), 133.25781890898563, UNKNOWN, LVO)"
2,0.2541361151333054,0.24418294143999997,37.93885064814155,-122.10867825271224,"PatientState(Location(""FIELD"", (37.93885064814155, -122.10867825271224), -1.0, FIELD), 138.56710286759332, UNKNOWN, HEMORRHAGIC)"
3,0.2640155563488596,0.24418294143999997,37.93927295683338,-122.10816794877668,"PatientState(Location(""FIELD"", (37.93927295683338, -122.10816794877668), -1.0, FIELD), 83.41036231112197, UNKNOWN, NLVO)"
4,0.3365025126845456,0.32600286326312,37.93929212978136,-122.1072331418453,"PatientState(Location(""FIELD"", (37.93929212978136, -122.1072331418453), -1.0, FIELD), 25.419849119758872, UNKNOWN, MIMIC)"
5,0.33439819757242684,0.32395552066734645,37.94252826720104,-122.11044832096918,"PatientState(Location(""FIELD"", (37.94252826720104, -122.11044832096918), -1.0, FIELD), 32.700474261404636, UNKNOWN, HEMORRHAGIC)"
