sample,reward_best,reward_CA,location_lat,location_lon,patient_state
1,0.3222907113299612,0.3222907113299612,37.45495609519561,-122.1906258879186,"PatientState(Location(""FIELD"", (37.45495609519561, -122.1906258879186), -1.0, FIELD), 160.5505694093542, UNKNOWN, HEMORRHAGIC)"
2,0.34842779317482653,0.34842779317482653,37.458381148879994,-122.1903794221024,"PatientState(Location(""FIELD"", (37.458381148879994, -122.1903794221024), -1.0, FIELD), 48.026604505599444, UNKNOWN, LVO)"
3,0.32947898004552656,0.32947898004552656,37.45654855493309,-122.18957900146268,"PatientState(Location(""FIELD"", (37.45654855493309, -122.18957900146268), -1.0, FIELD), 130.29457450402333, UNKNOWN, HEMORRHAGIC)"
4,0.3525030009157958,0.3525030009157958,37.455308302417855,-122.19059018513666,"PatientState(Location(""FIELD"", (37.455308302417855, -122.19059018513666), -1.0, FIELD), 29.959575260368567, UNKNOWN, LVO)"
5,0.24418294143999997,0.24418294143999997,37.45696677213622,-122.1878614837263,"PatientState(Location(""FIELD"", (37.45696677213622, -122.1878614837263), -1.0, FIELD), 220.06941317030245, UNKNOWN, LVO)"
