sample,reward_best,reward_CA,location_lat,location_lon,patient_state
1,0.24418294143999997,0.24418294143999997,38.14174225603738,-122.2334263874075,"PatientState(Location(""FIELD"", (38.14174225603738, -122.2334263874075), -1.0, FIELD), 245.66448723728678, UNKNOWN, LVO)"
2,0.317782334357091,0.24418294143999997,38.142654829332116,-122.23174125766121,"PatientState(Location(""FIELD"", (38.142654829332116, -122.23174125766121), -1.0, FIELD), 58.4561763662465, UNKNOWN, HEMORRHAGIC)"
3,0.24418294143999997,0.24418294143999997,38.139362078767896,-122.23432169248198,"PatientState(Location(""FIELD"", (38.139362078767896, -122.23432169248198), -1.0, FIELD), 90.89991615161435, UNKNOWN, HEMORRHAGIC)"
4,0.24418294143999997,0.24418294143999997,38.141593424688736,-122.23493470248059,"PatientState(Location(""FIELD"", (38.141593424688736, -122.23493470248059), -1.0, FIELD), 141.40166684642614, UNKNOWN, LVO)"
5,0.24418294143999997,0.24418294143999997,38.14208941446289,-122.23466576666917,"PatientState(Location(""FIELD"", (38.14208941446289, -122.23466576666917), -1.0, FIELD), 229.96359839112233, UNKNOWN, LVO)"
