sample,reward_best,reward_CA,location_lat,location_lon,patient_state
1,0.3304166116622728,0.31885324302319656,37.753105109912575,-122.41707861869749,"PatientState(Location(""FIELD"", (37.753105109912575, -122.41707861869749), -1.0, FIELD), 100.74142600144624, UNKNOWN, HEMORRHAGIC)"
2,0.24418294143999997,0.24418294143999997,37.749783630798504,-122.41603398439995,"PatientState(Location(""FIELD"", (37.749783630798504, -122.41603398439995), -1.0, FIELD), 196.49210797524412, UNKNOWN, LVO)"
3,0.32093661192038647,0.24418294143999997,37.750166141949435,-122.4166644357897,"PatientState(Location(""FIELD"", (37.750166141949435, -122.4166644357897), -1.0, FIELD), 142.52820954849895, UNKNOWN, LVO)"
4,0.3175112696430457,0.24418294143999997,37.75263654566714,-122.41873923860004,"PatientState(Location(""FIELD"", (37.75263654566714, -122.41873923860004), -1.0, FIELD), 157.8011451101334, UNKNOWN, LVO)"
5,0.34509151365431184,0.3334579007855685,37.749292316433454,-122.41792314653884,"PatientState(Location(""FIELD"", (37.749292316433454, -122.41792314653884), -1.0, FIELD), 37.26094071176432, UNKNOWN, HEMORRHAGIC)"
