sample,reward_best,reward_CA,location_lat,location_lon,patient_state
1,0.24418294143999997,0.24418294143999997,37.81549746665569,-121.63890710726584,"PatientState(Location(""FIELD"", (37.81549746665569, -121.63890710726584), -1.0, FIELD), 197.87369719535994, UNKNOWN, HEMORRHAGIC)"
2,0.24418294143999997,0.24418294143999997,37.8177462432212,-121.64030517175998,"PatientState(Location(""FIELD"", (37.8177462432212, -121.64030517175998), -1.0, FIELD), 170.61473627472162, UNKNOWN, LVO)"
3,0.31932513838497734,0.24418294143999997,37.81843387815876,-121.64008480611481,"PatientState(Location(""FIELD"", (37.81843387815876, -121.64008480611481), -1.0, FIELD), 31.405344920886346, UNKNOWN, MIMIC)"
4,0.3145662637647251,0.24418294143999997,37.81518891938117,-121.64063915472006,"PatientState(Location(""FIELD"", (37.81518891938117, -121.64063915472006), -1.0, FIELD), 54.21790673624751, UNKNOWN, LVO)"
5,0.3240597917054528,0.24418294143999997,37.81716638754391,-121.63692490240413,"PatientState(Location(""FIELD"", (37.81716638754391, -121.63692490240413), -1.0, FIELD), 10.078006827978939, UNKNOWN, LVO)"
