sample,reward_best,reward_CA,location_lat,location_lon,patient_state
1,0.33302802843723617,0.33302802843723617,37.42494757884062,-122.17204307537003,"PatientState(Location(""FIELD"", (37.42494757884062, -122.17204307537003), -1.0, FIELD), 117.71331145307424, UNKNOWN, MIMIC)"
2,0.344135259525235,0.344135259525235,37.42865899175599,-122.17155513483597,"PatientState(Location(""FIELD"", (37.42865899175599, -122.17155513483597), -1.0, FIELD), 71.95047483550822, UNKNOWN, HEMORRHAGIC)"
3,0.35296593784327285,0.35296593784327285,37.4286182940899,-122.17275995995318,"PatientState(Location(""FIELD"", (37.4286182940899, -122.17275995995318), -1.0, FIELD), 34.58071059259879, UNKNOWN, HEMORRHAGIC)"
4,0.3343774067979647,0.3343774067979647,37.425240250171214,-122.17237234218098,"PatientState(Location(""FIELD"", (37.425240250171214, -122.17237234218098), -1.0, FIELD), 111.98873028650367, UNKNOWN, LVO)"
5,0.3335051789973574,0.3335051789973574,37.425026045908695,-122.17296334645795,"PatientState(Location(""FIELD"", (37.425026045908695, -122.17296334645795), -1.0, FIELD), 115.958977050753, UNKNOWN, MIMIC)"
