sample,reward_best,reward_CA,location_lat,location_lon,patient_state
1,0.3252180238054345,0.24418294143999997,38.16159881225972,-122.1803113444663,"PatientState(Location(""FIELD"", (38.16159881225972, -122.1803113444663), -1.0, FIELD), 22.01974254335473, UNKNOWN, HEMORRHAGIC)"
2,0.3216473412720395,0.24418294143999997,38.16048117400232,-122.177706785144,"PatientState(Location(""FIELD"", (38.16048117400232, -122.177706785144), -1.0, FIELD), 38.52105024601527, UNKNOWN, LVO)"
3,0.24418294143999997,0.24418294143999997,38.16083812424677,-122.17900723499903,"PatientState(Location(""FIELD"", (38.16083812424677, -122.17900723499903), -1.0, FIELD), 139.70674950887425, UNKNOWN, MIMIC)"
4,0.32193552569092776,0.24418294143999997,38.16033073568525,-122.17786229513474,"PatientState(Location(""FIELD"", (38.16033073568525, -122.17786229513474), -1.0, FIELD), 37.31343393010937, UNKNOWN, NLVO)"
5,0.32442036001054364,0.24418294143999997,38.15971233284538,-122.17759538084381,"PatientState(Location(""FIELD"", (38.15971233284538, -122.17759538084381), -1.0, FIELD), 26.715412985268987, UNKNOWN, HEMORRHAGIC)"
