sample,reward_best,reward_CA,location_lat,location_lon,patient_state
1,0.24418294143999997,0.24418294143999997,37.90857077292836,-121.83671384541833,"PatientState(Location(""FIELD"", (37.90857077292836, -121.83671384541833), -1.0, FIELD), 243.5750601319661, UNKNOWN, HEMORRHAGIC)"
2,0.24418294143999997,0.24418294143999997,37.90484474876562,-121.83768551876119,"PatientState(Location(""FIELD"", (37.90484474876562, -121.83768551876119), -1.0, FIELD), 39.94497728962882, UNKNOWN, LVO)"
3,0.24418294143999997,0.24418294143999997,37.90877658748194,-121.83692992797117,"PatientState(Location(""FIELD"", (37.90877658748194, -121.83692992797117), -1.0, FIELD), 118.94567498965137, UNKNOWN, LVO)"
4,0.24418294143999997,0.24418294143999997,37.907576265942076,-121.8358945928538,"PatientState(Location(""FIELD"", (37.907576265942076, -121.8358945928538), -1.0, FIELD), 157.910737746317, UNKNOWN, HEMORRHAGIC)"
5,0.24418294143999997,0.24418294143999997,37.90475695606802,-121.83992063975752,"PatientState(Location(""FIELD"", (37.90475695606802, -121.83992063975752), -1.0, FIELD), 41.43438828056139, UNKNOWN, NLVO)"
