sample,reward_best,reward_CA,location_lat,location_lon,patient_state
1,0.32939828410118366,0.27031308695193995,37.439083379217806,-122.3979827138088,"PatientState(Location(""FIELD"", (37.439083379217806, -122.3979827138088), -1.0, FIELD), 83.92766163796017, UNKNOWN, NLVO)"
2,0.3245682829680372,0.2634367971400315,37.44112054180921,-122.39625189372973,"PatientState(Location(""FIELD"", (37.44112054180921, -122.39625189372973), -1.0, FIELD), 120.64898309131729, UNKNOWN, HEMORRHAGIC)"
3,0.24418294143999997,0.24418294143999997,37.4401982106627,-122.3996790114128,"PatientState(Location(""FIELD"", (37.4401982106627, -122.3996790114128), -1.0, FIELD), 246.89342213139346, UNKNOWN, HEMORRHAGIC)"
4,0.3399625166883015,0.3399625166883015,37.4432676466692,-122.39902992498348,"PatientState(Location(""FIELD"", (37.4432676466692, -122.39902992498348), -1.0, FIELD), 38.66577263947125, UNKNOWN, NLVO)"
5,0.33991568688620816,0.3364349512054633,37.44289145537318,-122.39646592509831,"PatientState(Location(""FIELD"", (37.44289145537318, -122.39646592509831), -1.0, FIELD), 53.65310470842805, UNKNOWN, LVO)"
