sample,reward_best,reward_CA,location_lat,location_lon,patient_state
1,0.3376568612802194,0.3376568612802194,37.42647436615331,-121.89199799800036,"PatientState(Location(""FIELD"", (37.42647436615331, -121.89199799800036), -1.0, FIELD), 93.97018143764403, UNKNOWN, HEMORRHAGIC)"
2,0.24418294143999997,0.24418294143999997,37.42399577045642,-121.89348329582735,"PatientState(Location(""FIELD"", (37.42399577045642, -121.89348329582735), -1.0, FIELD), 235.94132931029853, UNKNOWN, HEMORRHAGIC)"
3,0.24418294143999997,0.24418294143999997,37.4251271668901,-121.89135056736968,"PatientState(Location(""FIELD"", (37.4251271668901, -121.89135056736968), -1.0, FIELD), 225.72705862102168, UNKNOWN, HEMORRHAGIC)"
4,0.3175074447360163,0.3175074447360163,37.42395449950119,-121.89369571240694,"PatientState(Location(""FIELD"", (37.42395449950119, -121.89369571240694), -1.0, FIELD), 181.56162842894767, UNKNOWN, LVO)"
5,0.32484922472396865,0.32484922472396865,37.424769793315775,-121.89551499645987,"PatientState(Location(""FIELD"", (37.424769793315775, -121.89551499645987), -1.0, FIELD), 149.2284267126181, UNKNOWN, NLVO)"
