sample,reward_best,reward_CA,location_lat,location_lon,patient_state
1,0.24418294143999997,0.24418294143999997,37.97029458048247,-121.61779666259622,"PatientState(Location(""FIELD"", (37.97029458048247, -121.61779666259622), -1.0, FIELD), 91.92067093947497, UNKNOWN, NLVO)"
2,0.24418294143999997,0.24418294143999997,37.97135740930684,-121.61780398387096,"PatientState(Location(""FIELD"", (37.97135740930684, -121.61780398387096), -1.0, FIELD), 84.77519510189394, UNKNOWN, LVO)"
3,0.24418294143999997,0.24418294143999997,37.969163739302935,-121.617977948726,"PatientState(Location(""FIELD"", (37.969163739302935, -121.617977948726), -1.0, FIELD), 240.06347161389715, UNKNOWN, HEMORRHAGIC)"
4,0.31617064588680466,0.24418294143999997,37.97238883179378,-121.61685039834606,"PatientState(Location(""FIELD"", (37.97238883179378, -121.61685039834606), -1.0, FIELD), 34.948003851953224, UNKNOWN, MIMIC)"
5,0.24418294143999997,0.24418294143999997,37.97320367889679,-121.62009109364578,"PatientState(Location(""FIELD"", (37.97320367889679, -121.62009109364578), -1.0, FIELD), 50.50175394484325, UNKNOWN, HEMORRHAGIC)"
