sample,reward_best,reward_CA,location_lat,location_lon,patient_state
1,0.24418294143999997,0.24418294143999997,38.08417579028369,-121.93754785617787,"PatientState(Location(""FIELD"", (38.08417579028369, -121.93754785617787), -1.0, FIELD), 233.46725225817053, UNKNOWN, LVO)"
2,0.24418294143999997,0.24418294143999997,38.08469091184553,-121.93989078617987,"PatientState(Location(""FIELD"", (38.08469091184553, -121.93989078617987), -1.0, FIELD), 185.95542955817197, UNKNOWN, LVO)"
3,0.24418294143999997,0.24418294143999997,38.084963794177966,-121.93998043586362,"PatientState(Location(""FIELD"", (38.084963794177966, -121.93998043586362), -1.0, FIELD), 49.91521730913635, UNKNOWN, LVO)"
4,0.24418294143999997,0.24418294143999997,38.08731645461782,-121.93962859545829,"PatientState(Location(""FIELD"", (38.08731645461782, -121.93962859545829), -1.0, FIELD), 73.58124255148266, UNKNOWN, HEMORRHAGIC)"
5,0.24418294143999997,0.24418294143999997,38.08838116829077,-121.93821971778625,"PatientState(Location(""FIELD"", (38.08838116829077, -121.93821971778625), -1.0, FIELD), 188.12558274422608, UNKNOWN, HEMORRHAGIC)"
