sample,reward_best,reward_CA,location_lat,location_lon,patient_state
1,0.24418294143999997,0.24418294143999997,37.380805753932954,-122.2194101160077,"PatientState(Location(""FIELD"", (37.380805753932954, -122.2194101160077), -1.0, FIELD), 204.5256397094553, UNKNOWN, NLVO)"
2,0.3137793208922727,0.3137793208922727,37.38307256784184,-122.21599625421213,"PatientState(Location(""FIELD"", (37.38307256784184, -122.21599625421213), -1.0, FIELD), 186.9928903880042, UNKNOWN, NLVO)"
3,0.24418294143999997,0.24418294143999997,37.38358917390282,-122.21607405009627,"PatientState(Location(""FIELD"", (37.38358917390282, -122.21607405009627), -1.0, FIELD), 202.1424670925532, UNKNOWN, LVO)"
4,0.3414053946260761,0.3414053946260761,37.38070711002741,-122.2185107867532,"PatientState(Location(""FIELD"", (37.38070711002741, -122.2185107867532), -1.0, FIELD), 64.64699357351094, UNKNOWN, MIMIC)"
5,0.3224498123443519,0.3224498123443519,37.380734191612106,-122.22005132232343,"PatientState(Location(""FIELD"", (37.380734191612106, -122.22005132232343), -1.0, FIELD), 150.8789632650949, UNKNOWN, NLVO)"
