sample,reward_best,reward_CA,location_lat,location_lon,patient_state
1,0.3173439239400565,0.2551094473506949,37.32910511557252,-122.0669021734264,"PatientState(Location(""FIELD"", (37.32910511557252, -122.0669021734264), -1.0, FIELD), 178.80160722308594, UNKNOWN, HEMORRHAGIC)"
2,0.3462286645453849,0.34148548559557673,37.332934697810586,-122.067317854298,"PatientState(Location(""FIELD"", (37.332934697810586, -122.067317854298), -1.0, FIELD), 52.59417083052236, UNKNOWN, HEMORRHAGIC)"
3,0.24418294143999997,0.24418294143999997,37.33233659057462,-122.06845517337813,"PatientState(Location(""FIELD"", (37.33233659057462, -122.06845517337813), -1.0, FIELD), 243.7015195838619, UNKNOWN, LVO)"
4,0.24418294143999997,0.24418294143999997,37.32975482913972,-122.06993650335352,"PatientState(Location(""FIELD"", (37.32975482913972, -122.06993650335352), -1.0, FIELD), 240.83484651213226, UNKNOWN, LVO)"
5,0.24418294143999997,0.24418294143999997,37.33164308593658,-122.07002799542722,"PatientState(Location(""FIELD"", (37.33164308593658, -122.07002799542722), -1.0, FIELD), 244.82452186124738, UNKNOWN, LVO)"
