sample,reward_best,reward_CA,location_lat,location_lon,patient_state
1,0.34544965473861633,0.34544965473861633,37.31266586371289,-122.19005175150606,"PatientState(Location(""FIELD"", (37.31266586371289, -122.19005175150606), -1.0, FIELD), 40.424801104484196, UNKNOWN, LVO)"
2,0.33873473960988965,0.33873473960988965,37.312042064682394,-122.18985227353691,"PatientState(Location(""FIELD"", (37.312042064682394, -122.18985227353691), -1.0, FIELD), 69.243686248684, UNKNOWN, HEMORRHAGIC)"
3,0.3144386311486518,0.3144386311486518,37.312890002781124,-122.19056540295718,"PatientState(Location(""FIELD"", (37.312890002781124, -122.19056540295718), -1.0, FIELD), 176.35610001366234, UNKNOWN, MIMIC)"
4,0.3409040048487586,0.3409040048487586,37.311330493288295,-122.1877668819276,"PatientState(Location(""FIELD"", (37.311330493288295, -122.1877668819276), -1.0, FIELD), 60.206957002934246, UNKNOWN, LVO)"
5,0.3447575861150416,0.3447575861150416,37.31155127743724,-122.18757839222026,"PatientState(Location(""FIELD"", (37.31155127743724, -122.18757839222026), -1.0, FIELD), 43.68442630453465, UNKNOWN, HEMORRHAGIC)"
