sample,reward_best,reward_CA,location_lat,location_lon,patient_state
1,0.24418294143999997,0.24418294143999997,38.13529414199753,-122.20347109543428,"PatientState(Location(""FIELD"", (38.13529414199753, -122.20347109543428), -1.0, FIELD), 127.04026425764376, UNKNOWN, LVO)"
2,0.24418294143999997,0.24418294143999997,38.13675936636491,-122.20267247900168,"PatientState(Location(""FIELD"", (38.13675936636491, -122.20267247900168), -1.0, FIELD), 130.94774674756704, UNKNOWN, HEMORRHAGIC)"
3,0.24418294143999997,0.24418294143999997,38.13829439833413,-122.20561260385378,"PatientState(Location(""FIELD"", (38.13829439833413, -122.20561260385378), -1.0, FIELD), 89.53881291882591, UNKNOWN, LVO)"
4,0.24418294143999997,0.24418294143999997,38.13548137314863,-122.20118905592582,"PatientState(Location(""FIELD"", (38.13548137314863, -122.20118905592582), -1.0, FIELD), 176.36093199947163, UNKNOWN, MIMIC)"
5,0.24418294143999997,0.24418294143999997,38.13494995137438,-122.20465155677769,"PatientState(Location(""FIELD"", (38.13494995137438, -122.20465155677769), -1.0, FIELD), 196.38531438655147, UNKNOWN, HEMORRHAGIC)"
