sample,reward_best,reward_CA,location_lat,location_lon,patient_state
1,0.24418294143999997,0.24418294143999997,37.84231455300065,-121.75784318816078,"PatientState(Location(""FIELD"", (37.84231455300065, -121.75784318816078), -1.0, FIELD), 244.2922385392063, UNKNOWN, HEMORRHAGIC)"
2,0.24418294143999997,0.24418294143999997,37.843421111635344,-121.75751491939204,"PatientState(Location(""FIELD"", (37.843421111635344, -121.75751491939204), -1.0, FIELD), 89.74857968959093, UNKNOWN, HEMORRHAGIC)"
3,0.24418294143999997,0.24418294143999997,37.84228833697555,-121.75997721183822,"PatientState(Location(""FIELD"", (37.84228833697555, -121.75997721183822), -1.0, FIELD), 262.3863605477926, UNKNOWN, HEMORRHAGIC)"
4,0.3195116716146468,0.24418294143999997,37.84204810483378,-121.75849403856081,"PatientState(Location(""FIELD"", (37.84204810483378, -121.75849403856081), -1.0, FIELD), 1.1686738430277643, UNKNOWN, HEMORRHAGIC)"
5,0.24418294143999997,0.24418294143999997,37.84290751377432,-121.75597435083556,"PatientState(Location(""FIELD"", (37.84290751377432, -121.75597435083556), -1.0, FIELD), 62.465541948734185, UNKNOWN, LVO)"
