sample,reward_best,reward_CA,location_lat,location_lon,patient_state
1,0.3328938305529032,0.31660805298127426,37.699747957296395,-122.09115276394637,"PatientState(Location(""FIELD"", (37.699747957296395, -122.09115276394637), -1.0, FIELD), 90.24462627453643, UNKNOWN, LVO)"
2,0.24418294143999997,0.24418294143999997,37.70256023675066,-122.09411522688336,"PatientState(Location(""FIELD"", (37.70256023675066, -122.09411522688336), -1.0, FIELD), 183.4352226999363, UNKNOWN, LVO)"
3,0.31522182016995604,0.24418294143999997,37.70013994720387,-122.09129316860785,"PatientState(Location(""FIELD"", (37.70013994720387, -122.09129316860785), -1.0, FIELD), 168.50360161398734, UNKNOWN, HEMORRHAGIC)"
4,0.24418294143999997,0.24418294143999997,37.702557957646725,-122.0952941273881,"PatientState(Location(""FIELD"", (37.702557957646725, -122.0952941273881), -1.0, FIELD), 237.16372130933854, UNKNOWN, LVO)"
5,0.24418294143999997,0.24418294143999997,37.70271794978746,-122.09123155363554,"PatientState(Location(""FIELD"", (37.70271794978746, -122.09123155363554), -1.0, FIELD), 242.83554108962775, UNKNOWN, HEMORRHAGIC)"
