sample,reward_best,reward_CA,location_lat,location_lon,patient_state
1,0.32542147387928083,0.24418294143999997,37.50712984192623,-121.69662708931509,"PatientState(Location(""FIELD"", (37.50712984192623, -121.69662708931509), -1.0, FIELD), 66.3634935612798, UNKNOWN, HEMORRHAGIC)"
2,0.24418294143999997,0.24418294143999997,37.50564116871903,-121.69993388444158,"PatientState(Location(""FIELD"", (37.50564116871903, -121.69993388444158), -1.0, FIELD), 154.47410108834742, UNKNOWN, HEMORRHAGIC)"
3,0.24418294143999997,0.24418294143999997,37.50842910348781,-121.69814416123694,"PatientState(Location(""FIELD"", (37.50842910348781, -121.69814416123694), -1.0, FIELD), 248.93293953537278, UNKNOWN, HEMORRHAGIC)"
4,0.3366032711786352,0.31761500219683103,37.5069705187879,-121.69614695844098,"PatientState(Location(""FIELD"", (37.5069705187879, -121.69614695844098), -1.0, FIELD), 17.296429300153417, UNKNOWN, NLVO)"
5,0.32549911773100393,0.24418294143999997,37.50663801327769,-121.69625539582788,"PatientState(Location(""FIELD"", (37.50663801327769, -121.69625539582788), -1.0, FIELD), 65.79232749365556, UNKNOWN, LVO)"
