sample,reward_best,reward_CA,location_lat,location_lon,patient_state
1,0.24418294143999997,0.24418294143999997,37.750928265091005,-122.03170463575886,"PatientState(Location(""FIELD"", (37.750928265091005, -122.03170463575886), -1.0, FIELD), 238.65146340212408, UNKNOWN, LVO)"
2,0.3453986020454262,0.3276947765496684,37.75208455203704,-122.03412581895978,"PatientState(Location(""FIELD"", (37.75208455203704, -122.03412581895978), -1.0, FIELD), 24.30610855537382, UNKNOWN, LVO)"
3,0.24418294143999997,0.24418294143999997,37.75244671556147,-122.03305283516916,"PatientState(Location(""FIELD"", (37.75244671556147, -122.03305283516916), -1.0, FIELD), 180.4087045936543, UNKNOWN, LVO)"
4,0.3274782789247824,0.24418294143999997,37.74932753479705,-122.0351163175448,"PatientState(Location(""FIELD"", (37.74932753479705, -122.0351163175448), -1.0, FIELD), 100.40165119640524, UNKNOWN, HEMORRHAGIC)"
5,0.33904013564328117,0.3219124654274937,37.74950901191361,-122.03201559525047,"PatientState(Location(""FIELD"", (37.74950901191361, -122.03201559525047), -1.0, FIELD), 54.20464968400037, UNKNOWN, LVO)"
