sample,reward_best,reward_CA,location_lat,location_lon,patient_state
1,0.3198453343525328,0.24418294143999997,37.74279870216351,-122.13239216823631,"PatientState(Location(""FIELD"", (37.74279870216351, -122.13239216823631), -1.0, FIELD), 135.60508335807074, UNKNOWN, HEMORRHAGIC)"
2,0.352581785755511,0.33625264839269503,37.73962667580321,-122.1334482928218,"PatientState(Location(""FIELD"", (37.73962667580321, -122.1334482928218), -1.0, FIELD), 0.49335014225783014, UNKNOWN, LVO)"
3,0.32045404675663947,0.24418294143999997,37.74361942833298,-122.13375109122745,"PatientState(Location(""FIELD"", (37.74361942833298, -122.13375109122745), -1.0, FIELD), 134.4050032430678, UNKNOWN, NLVO)"
4,0.34017095266016706,0.32424203455018613,37.742383664515266,-122.13447039579393,"PatientState(Location(""FIELD"", (37.742383664515266, -122.13447039579393), -1.0, FIELD), 48.079030795576756, UNKNOWN, LVO)"
5,0.24418294143999997,0.24418294143999997,37.74165126515402,-122.13320354203896,"PatientState(Location(""FIELD"", (37.74165126515402, -122.13320354203896), -1.0, FIELD), 218.95977447304526, UNKNOWN, LVO)"
