sample,reward_best,reward_CA,location_lat,location_lon,patient_state
1,0.24418294143999997,0.24418294143999997,37.405709022747374,-122.00284431580509,"PatientState(Location(""FIELD"", (37.405709022747374, -122.00284431580509), -1.0, FIELD), 245.04805203754728, UNKNOWN, HEMORRHAGIC)"
2,0.3429505467389972,0.3383525070656836,37.40515288769092,-122.00360760266395,"PatientState(Location(""FIELD"", (37.40515288769092, -122.00360760266395), -1.0, FIELD), 63.00499728310177, UNKNOWN, NLVO)"
3,0.3330179482237057,0.3284200266249634,37.4085752085358,-122.00389011922852,"PatientState(Location(""FIELD"", (37.4085752085358, -122.00389011922852), -1.0, FIELD), 104.7788890084026, UNKNOWN, HEMORRHAGIC)"
4,0.3570827038473056,0.35229849911482797,37.40668328977378,-122.00558551227667,"PatientState(Location(""FIELD"", (37.40668328977378, -122.00558551227667), -1.0, FIELD), 2.397484962893899, UNKNOWN, LVO)"
5,0.24418294143999997,0.24418294143999997,37.40872221435617,-122.0009575292334,"PatientState(Location(""FIELD"", (37.40872221435617, -122.0009575292334), -1.0, FIELD), 263.0027984119373, UNKNOWN, HEMORRHAGIC)"
