sample,reward_best,reward_CA,location_lat,location_lon,patient_state
1,0.24418294143999997,0.24418294143999997,38.02416359268914,-121.86023401345604,"PatientState(Location(""FIELD"", (38.02416359268914, -121.86023401345604), -1.0, FIELD), 88.01181252952586, UNKNOWN, NLVO)"
2,0.24418294143999997,0.24418294143999997,38.02521342711355,-121.85770355296474,"PatientState(Location(""FIELD"", (38.02521342711355, -121.85770355296474), -1.0, FIELD), 124.6979409068698, UNKNOWN, NLVO)"
3,0.24418294143999997,0.24418294143999997,38.02634668656834,-121.85897096281565,"PatientState(Location(""FIELD"", (38.02634668656834, -121.85897096281565), -1.0, FIELD), 181.49050779867835, UNKNOWN, LVO)"
4,0.31596672621584593,0.24418294143999997,38.02584061558831,-121.85979484991498,"PatientState(Location(""FIELD"", (38.02584061558831, -121.85979484991498), -1.0, FIELD), 56.83090215115091, UNKNOWN, LVO)"
5,0.24418294143999997,0.24418294143999997,38.02609193312344,-121.8587516552444,"PatientState(Location(""FIELD"", (38.02609193312344, -121.8587516552444), -1.0, FIELD), 226.27590820887488, UNKNOWN, HEMORRHAGIC)"
