sample,reward_best,reward_CA,location_lat,location_lon,patient_state
1,0.3345350202736651,0.31561822391414923,37.53204103681723,-121.70322255797223,"PatientState(Location(""FIELD"", (37.53204103681723, -121.70322255797223), -1.0, FIELD), 41.14882277452023, UNKNOWN, LVO)"
2,0.24418294143999997,0.24418294143999997,37.532097323817865,-121.70451864929385,"PatientState(Location(""FIELD"", (37.532097323817865, -121.70451864929385), -1.0, FIELD), 142.7609439935321, UNKNOWN, HEMORRHAGIC)"
3,0.33157024356218406,0.24418294143999997,37.53004930544904,-121.70358550448755,"PatientState(Location(""FIELD"", (37.53004930544904, -121.70358550448755), -1.0, FIELD), 46.85826138449377, UNKNOWN, LVO)"
4,0.24418294143999997,0.24418294143999997,37.53206547102399,-121.70468892837992,"PatientState(Location(""FIELD"", (37.53206547102399, -121.70468892837992), -1.0, FIELD), 231.00841982843946, UNKNOWN, LVO)"
5,0.24418294143999997,0.24418294143999997,37.530656433356306,-121.70192946018057,"PatientState(Location(""FIELD"", (37.530656433356306, -121.70192946018057), -1.0, FIELD), 223.0354237839322, UNKNOWN, MIMIC)"
