sample,reward_best,reward_CA,location_lat,location_lon,patient_state
1,0.3322269385761815,0.24418294143999997,37.66112850094436,-121.90558985197873,"PatientState(Location(""FIELD"", (37.66112850094436, -121.90558985197873), -1.0, FIELD), 94.16202650461587, UNKNOWN, HEMORRHAGIC)"
2,0.3287623491418136,0.24418294143999997,37.65966955671444,-121.90441872573727,"PatientState(Location(""FIELD"", (37.65966955671444, -121.90441872573727), -1.0, FIELD), 109.1994509004466, UNKNOWN, LVO)"
3,0.3213003043270667,0.24418294143999997,37.66134033051922,-121.90291086435128,"PatientState(Location(""FIELD"", (37.66134033051922, -121.90291086435128), -1.0, FIELD), 146.08573188881542, UNKNOWN, HEMORRHAGIC)"
4,0.24418294143999997,0.24418294143999997,37.6595335593588,-121.90534641585718,"PatientState(Location(""FIELD"", (37.6595335593588, -121.90534641585718), -1.0, FIELD), 191.05169657663325, UNKNOWN, HEMORRHAGIC)"
5,0.33848640534345814,0.3194340538766456,37.65931089326454,-121.90110709593424,"PatientState(Location(""FIELD"", (37.65931089326454, -121.90110709593424), -1.0, FIELD), 71.64039410442447, UNKNOWN, LVO)"
