sample,reward_best,reward_CA,location_lat,location_lon,patient_state
1,0.32234949883617914,0.32234949883617914,37.33954260007564,-121.6701966743856,"PatientState(Location(""FIELD"", (37.33954260007564, -121.6701966743856), -1.0, FIELD), 136.89778812524582, UNKNOWN, LVO)"
2,0.24418294143999997,0.24418294143999997,37.34208767282651,-121.66946169415786,"PatientState(Location(""FIELD"", (37.34208767282651, -121.66946169415786), -1.0, FIELD), 265.94078417420684, UNKNOWN, HEMORRHAGIC)"
3,0.3257694933730291,0.3257694933730291,37.34096544718802,-121.66710148100442,"PatientState(Location(""FIELD"", (37.34096544718802, -121.66710148100442), -1.0, FIELD), 121.56721514009641, UNKNOWN, LVO)"
4,0.34839050567778196,0.34839050567778196,37.34067676660535,-121.66594284591991,"PatientState(Location(""FIELD"", (37.34067676660535, -121.66594284591991), -1.0, FIELD), 23.58676444475212, UNKNOWN, NLVO)"
5,0.24418294143999997,0.24418294143999997,37.33933905252479,-121.6678486336018,"PatientState(Location(""FIELD"", (37.33933905252479, -121.6678486336018), -1.0, FIELD), 236.71595409370738, UNKNOWN, LVO)"
