sample,reward_best,reward_CA,location_lat,location_lon,patient_state
1,0.31603825465483587,0.24418294143999997,37.989146262913316,-121.91689622318482,"PatientState(Location(""FIELD"", (37.989146262913316, -121.91689622318482), -1.0, FIELD), 44.6528076966268, UNKNOWN, MIMIC)"
2,0.24418294143999997,0.24418294143999997,37.99212518111995,-121.91681058661592,"PatientState(Location(""FIELD"", (37.99212518111995, -121.91681058661592), -1.0, FIELD), 89.87694539284244, UNKNOWN, MIMIC)"
3,0.24418294143999997,0.24418294143999997,37.98986823695979,-121.91937015904364,"PatientState(Location(""FIELD"", (37.98986823695979, -121.91937015904364), -1.0, FIELD), 174.51843783456908, UNKNOWN, HEMORRHAGIC)"
4,0.24418294143999997,0.24418294143999997,37.99259452931716,-121.91770075746919,"PatientState(Location(""FIELD"", (37.99259452931716, -121.91770075746919), -1.0, FIELD), 237.37557376986751, UNKNOWN, LVO)"
5,0.24418294143999997,0.24418294143999997,37.98985596544595,-121.9160535727736,"PatientState(Location(""FIELD"", (37.98985596544595, -121.9160535727736), -1.0, FIELD), 86.49917107661486, UNKNOWN, MIMIC)"
