sample,reward_best,reward_CA,location_lat,location_lon,patient_state
1,0.32498431960992874,0.32238052446062004,38.10540682715473,-122.19721711330524,"PatientState(Location(""FIELD"", (38.10540682715473, -122.19721711330524), -1.0, FIELD), 26.804040011491768, UNKNOWN, LVO)"
2,0.24418294143999997,0.24418294143999997,38.10441694804036,-122.19674201408377,"PatientState(Location(""FIELD"", (38.10441694804036, -122.19674201408377), -1.0, FIELD), 87.77774453693098, UNKNOWN, LVO)"
3,0.24418294143999997,0.24418294143999997,38.10498601103373,-122.19635767767893,"PatientState(Location(""FIELD"", (38.10498601103373, -122.19635767767893), -1.0, FIELD), 193.83126251954542, UNKNOWN, LVO)"
4,0.24418294143999997,0.24418294143999997,38.104388311944504,-122.19603857253733,"PatientState(Location(""FIELD"", (38.104388311944504, -122.19603857253733), -1.0, FIELD), 176.42208550685655, UNKNOWN, HEMORRHAGIC)"
5,0.31802259258875204,0.31545952023888774,38.10477309845068,-122.19807921100825,"PatientState(Location(""FIELD"", (38.10477309845068, -122.19807921100825), -1.0, FIELD), 58.01481618306201, UNKNOWN, HEMORRHAGIC)"
