sample,reward_best,reward_CA,location_lat,location_lon,patient_state
1,0.24418294143999997,0.24418294143999997,38.00197405341542,-121.70279630974983,"PatientState(Location(""FIELD"", (38.00197405341542, -121.70279630974983), -1.0, FIELD), 203.17023307828254, UNKNOWN, MIMIC)"
2,0.24418294143999997,0.24418294143999997,38.00246311609493,-121.70412597248648,"PatientState(Location(""FIELD"", (38.00246311609493, -121.70412597248648), -1.0, FIELD), 150.91568423716603, UNKNOWN, NLVO)"
3,0.24418294143999997,0.24418294143999997,38.000622173743196,-121.70329111209143,"PatientState(Location(""FIELD"", (38.000622173743196, -121.70329111209143), -1.0, FIELD), 107.06203504981609, UNKNOWN, LVO)"
4,0.24418294143999997,0.24418294143999997,37.9988493840184,-121.70561602778359,"PatientState(Location(""FIELD"", (37.9988493840184, -121.70561602778359), -1.0, FIELD), 171.06203577429284, UNKNOWN, LVO)"
5,0.24418294143999997,0.24418294143999997,38.00318624637458,-121.70468339801683,"PatientState(Location(""FIELD"", (38.00318624637458, -121.70468339801683), -1.0, FIELD), 224.47947280078105, UNKNOWN, LVO)"
