sample,reward_best,reward_CA,location_lat,location_lon,patient_state
1,0.24418294143999997,0.24418294143999997,37.655149385843536,-122.10695376674084,"PatientState(Location(""FIELD"", (37.655149385843536, -122.10695376674084), -1.0, FIELD), 220.30619726618448, UNKNOWN, LVO)"
2,0.24418294143999997,0.24418294143999997,37.654550257561944,-122.11065658828083,"PatientState(Location(""FIELD"", (37.654550257561944, -122.11065658828083), -1.0, FIELD), 213.36953793499774, UNKNOWN, MIMIC)"
3,0.31397434566190674,0.24418294143999997,37.65749372882757,-122.11076191899676,"PatientState(Location(""FIELD"", (37.65749372882757, -122.11076191899676), -1.0, FIELD), 179.2185942163846, UNKNOWN, LVO)"
4,0.35445133851359467,0.33315705622826386,37.65805361554465,-122.1085775391423,"PatientState(Location(""FIELD"", (37.65805361554465, -122.1085775391423), -1.0, FIELD), 4.4529814034248165, UNKNOWN, NLVO)"
5,0.3553257346255134,0.334003234932258,37.657263668237995,-122.10769332823126,"PatientState(Location(""FIELD"", (37.657263668237995, -122.10769332823126), -1.0, FIELD), 1.0054247257675653, UNKNOWN, NLVO)"
