sample,reward_best,reward_CA,location_lat,location_lon,patient_state
1,0.34523151987667666,0.3263873371594614,37.55470560373397,-122.04494527439195,"PatientState(Location(""FIELD"", (37.55470560373397, -122.04494527439195), -1.0, FIELD), 48.206265981736884, UNKNOWN, LVO)"
2,0.3480577523041788,0.329068885883009,37.55670242118056,-122.04532674798591,"PatientState(Location(""FIELD"", (37.55670242118056, -122.04532674798591), -1.0, FIELD), 36.38154322487876, UNKNOWN, LVO)"
3,0.24418294143999997,0.24418294143999997,37.55832266277178,-122.04304580302902,"PatientState(Location(""FIELD"", (37.55832266277178, -122.04304580302902), -1.0, FIELD), 236.95248246430032, UNKNOWN, MIMIC)"
4,0.3323413338781026,0.24418294143999997,37.55868938446129,-122.04326319416205,"PatientState(Location(""FIELD"", (37.55868938446129, -122.04326319416205), -1.0, FIELD), 106.41473384880034, UNKNOWN, LVO)"
5,0.24418294143999997,0.24418294143999997,37.55759656133864,-122.0436311649886,"PatientState(Location(""FIELD"", (37.55759656133864, -122.0436311649886), -1.0, FIELD), 253.8040767646542, UNKNOWN, HEMORRHAGIC)"
