sample,reward_best,reward_CA,location_lat,location_lon,patient_state
1,0.3364239950417808,0.3364239950417808,37.326798425915165,-121.6947512402159,"PatientState(Location(""FIELD"", (37.326798425915165, -121.6947512402159), -1.0, FIELD), 82.26278413412636, UNKNOWN, NLVO)"
2,0.33315631636140175,0.33315631636140175,37.32877644831133,-121.692265705239,"PatientState(Location(""FIELD"", (37.32877644831133, -121.692265705239), -1.0, FIELD), 96.39120363075432, UNKNOWN, HEMORRHAGIC)"
3,0.31778262552683023,0.31778262552683023,37.3269738280483,-121.69182901397053,"PatientState(Location(""FIELD"", (37.3269738280483, -121.69182901397053), -1.0, FIELD), 164.29478475967986, UNKNOWN, LVO)"
4,0.34472785173836334,0.34472785173836334,37.32426982528107,-121.69177511164288,"PatientState(Location(""FIELD"", (37.32426982528107, -121.69177511164288), -1.0, FIELD), 35.123178492096336, UNKNOWN, LVO)"
5,0.31903512410626583,0.31903512410626583,37.326234635686504,-121.69214019606008,"PatientState(Location(""FIELD"", (37.326234635686504, -121.69214019606008), -1.0, FIELD), 158.6889549481834, UNKNOWN, LVO)"
