sample,reward_best,reward_CA,location_lat,location_lon,patient_state
1,0.2639790877730734,0.24418294143999997,38.004849607553865,-122.12913907398128,"PatientState(Location(""FIELD"", (38.004849607553865, -122.12913907398128), -1.0, FIELD), 79.11613651774998, UNKNOWN, LVO)"
2,0.26192845306113255,0.24418294143999997,38.006500176078816,-122.1258817755271,"PatientState(Location(""FIELD"", (38.006500176078816, -122.1258817755271), -1.0, FIELD), 90.09538622901313, UNKNOWN, HEMORRHAGIC)"
3,0.2538762941775022,0.24418294143999997,38.005949949325505,-122.13031004216266,"PatientState(Location(""FIELD"", (38.005949949325505, -122.13031004216266), -1.0, FIELD), 135.73224070583333, UNKNOWN, HEMORRHAGIC)"
4,0.24418294143999997,0.24418294143999997,38.0071669083528,-122.12899027796475,"PatientState(Location(""FIELD"", (38.0071669083528, -122.12899027796475), -1.0, FIELD), 174.02728253863302, UNKNOWN, HEMORRHAGIC)"
5,0.33905628343821936,0.3285191277953804,38.005928727341875,-122.12727412277647,"PatientState(Location(""FIELD"", (38.005928727341875, -122.12727412277647), -1.0, FIELD), 9.878510815278021, UNKNOWN, LVO)"
