sample,reward_best,reward_CA,location_lat,location_lon,patient_state
1,0.3551395267829819,0.3509982026724977,37.34952525991705,-122.05863909709355,"PatientState(Location(""FIELD"", (37.34952525991705, -122.05863909709355), -1.0, FIELD), 14.490942794504079, UNKNOWN, HEMORRHAGIC)"
2,0.3203903255133141,0.25803511010084385,37.352821864553036,-122.05911325830843,"PatientState(Location(""FIELD"", (37.352821864553036, -122.05911325830843), -1.0, FIELD), 165.23573862294327, UNKNOWN, HEMORRHAGIC)"
3,0.24418294143999997,0.24418294143999997,37.352431568039606,-122.05821025119529,"PatientState(Location(""FIELD"", (37.352431568039606, -122.05821025119529), -1.0, FIELD), 258.8166553626954, UNKNOWN, HEMORRHAGIC)"
4,0.35594538486475047,0.35180642050794153,37.349526876069696,-122.05847013822748,"PatientState(Location(""FIELD"", (37.349526876069696, -122.05847013822748), -1.0, FIELD), 11.100078836423965, UNKNOWN, HEMORRHAGIC)"
5,0.33040861131706495,0.2660681387607271,37.35102363718628,-122.05663726246904,"PatientState(Location(""FIELD"", (37.35102363718628, -122.05663726246904), -1.0, FIELD), 119.88143571363571, UNKNOWN, MIMIC)"
