sample,reward_best,reward_CA,location_lat,location_lon,patient_state
1,0.3231082314982227,0.2596258205462305,37.45737124111956,-122.23797834560413,"PatientState(Location(""FIELD"", (37.45737124111956, -122.23797834560413), -1.0, FIELD), 156.78371173788847, UNKNOWN, HEMORRHAGIC)"
2,0.3263530072582131,0.262217835773703,37.45480716894265,-122.23847857206579,"PatientState(Location(""FIELD"", (37.45480716894265, -122.23847857206579), -1.0, FIELD), 142.86693352879124, UNKNOWN, NLVO)"
3,0.24418294143999997,0.24418294143999997,37.457775508148174,-122.23663082285641,"PatientState(Location(""FIELD"", (37.457775508148174, -122.23663082285641), -1.0, FIELD), 230.22243789982582, UNKNOWN, HEMORRHAGIC)"
4,0.24418294143999997,0.24418294143999997,37.45634753743523,-122.23749249620697,"PatientState(Location(""FIELD"", (37.45634753743523, -122.23749249620697), -1.0, FIELD), 243.70481550533674, UNKNOWN, LVO)"
5,0.24418294143999997,0.24418294143999997,37.45665609536434,-122.2389360816427,"PatientState(Location(""FIELD"", (37.45665609536434, -122.2389360816427), -1.0, FIELD), 263.29700515521534, UNKNOWN, LVO)"
