sample,reward_best,reward_CA,location_lat,location_lon,patient_state
1,0.3366125433618561,0.3150096377474668,37.62686044241257,-121.59161785117941,"PatientState(Location(""FIELD"", (37.62686044241257, -121.59161785117941), -1.0, FIELD), 2.526282425636739, UNKNOWN, LVO)"
2,0.24418294143999997,0.24418294143999997,37.6263390674804,-121.5951231924027,"PatientState(Location(""FIELD"", (37.6263390674804, -121.5951231924027), -1.0, FIELD), 242.54344671317097, UNKNOWN, NLVO)"
3,0.3367395459397625,0.3151320296261292,37.62738737272442,-121.59430045789348,"PatientState(Location(""FIELD"", (37.62738737272442, -121.59430045789348), -1.0, FIELD), 4.653113120409417, UNKNOWN, MIMIC)"
4,0.24418294143999997,0.24418294143999997,37.62837239939902,-121.59096579703282,"PatientState(Location(""FIELD"", (37.62837239939902, -121.59096579703282), -1.0, FIELD), 117.04170852733795, UNKNOWN, HEMORRHAGIC)"
5,0.32562068998395804,0.24418294143999997,37.628749001222324,-121.59461121231415,"PatientState(Location(""FIELD"", (37.628749001222324, -121.59461121231415), -1.0, FIELD), 51.89563017105453, UNKNOWN, NLVO)"
