sample,reward_best,reward_CA,location_lat,location_lon,patient_state
1,0.24418294143999997,0.24418294143999997,37.32637749639612,-121.69073954294693,"PatientState(Location(""FIELD"", (37.32637749639612, -121.69073954294693), -1.0, FIELD), 221.06115054990056, UNKNOWN, HEMORRHAGIC)"
2,0.35004885250617984,0.35004885250617984,37.32641060996524,-121.68917143800199,"PatientState(Location(""FIELD"", (37.32641060996524, -121.68917143800199), -1.0, FIELD), 19.042863710750947, UNKNOWN, HEMORRHAGIC)"
3,0.3318810613319868,0.3318810613319868,37.3252642397754,-121.68635910087428,"PatientState(Location(""FIELD"", (37.3252642397754, -121.68635910087428), -1.0, FIELD), 97.084579724114, UNKNOWN, NLVO)"
4,0.3494206476922743,0.3494206476922743,37.32429846226538,-121.68927607116568,"PatientState(Location(""FIELD"", (37.32429846226538, -121.68927607116568), -1.0, FIELD), 19.30959079251144, UNKNOWN, HEMORRHAGIC)"
5,0.35507869333350195,0.35507869333350195,37.32779211141063,-121.68936125153807,"PatientState(Location(""FIELD"", (37.32779211141063, -121.68936125153807), -1.0, FIELD), 2.2370676888629113, UNKNOWN, HEMORRHAGIC)"
