sample,reward_best,reward_CA,location_lat,location_lon,patient_state
1,0.24418294143999997,0.24418294143999997,38.06957257911762,-122.16936191538584,"PatientState(Location(""FIELD"", (38.06957257911762, -122.16936191538584), -1.0, FIELD), 129.098437560838, UNKNOWN, LVO)"
2,0.24418294143999997,0.24418294143999997,38.07363913278399,-122.16746766704203,"PatientState(Location(""FIELD"", (38.07363913278399, -122.16746766704203), -1.0, FIELD), 165.22282788969625, UNKNOWN, LVO)"
3,0.24418294143999997,0.24418294143999997,38.07286958958126,-122.16708799454108,"PatientState(Location(""FIELD"", (38.07286958958126, -122.16708799454108), -1.0, FIELD), 260.83571053496956, UNKNOWN, HEMORRHAGIC)"
4,0.24418294143999997,0.24418294143999997,38.069601466045356,-122.1683471541525,"PatientState(Location(""FIELD"", (38.069601466045356, -122.1683471541525), -1.0, FIELD), 143.59382050222683, UNKNOWN, MIMIC)"
5,0.25224837924254645,0.24418294143999997,38.0717174735024,-122.16896021174615,"PatientState(Location(""FIELD"", (38.0717174735024, -122.16896021174615), -1.0, FIELD), 77.04667367844004, UNKNOWN, HEMORRHAGIC)"
