sample,reward_best,reward_CA,location_lat,location_lon,patient_state
1,0.24418294143999997,0.24418294143999997,37.993205251871345,-122.19988766652762,"PatientState(Location(""FIELD"", (37.993205251871345, -122.19988766652762), -1.0, FIELD), 156.54700723732492, UNKNOWN, HEMORRHAGIC)"
2,0.32906650225078776,0.3171989733178095,37.99291376397754,-122.19689175091393,"PatientState(Location(""FIELD"", (37.99291376397754, -122.19689175091393), -1.0, FIELD), 48.91005957873806, UNKNOWN, LVO)"
3,0.24418294143999997,0.24418294143999997,37.991993133045234,-122.1959035824526,"PatientState(Location(""FIELD"", (37.991993133045234, -122.1959035824526), -1.0, FIELD), 183.34832370698203, UNKNOWN, LVO)"
4,0.3328216889264122,0.3208050273003447,37.99220162436939,-122.1968568758057,"PatientState(Location(""FIELD"", (37.99220162436939, -122.1968568758057), -1.0, FIELD), 32.80255445128505, UNKNOWN, HEMORRHAGIC)"
5,0.25189917644592896,0.24418294143999997,37.99311884593767,-122.19742104290218,"PatientState(Location(""FIELD"", (37.99311884593767, -122.19742104290218), -1.0, FIELD), 143.14153044785198, UNKNOWN, LVO)"
