sample,reward_best,reward_CA,location_lat,location_lon,patient_state
1,0.24418294143999997,0.24418294143999997,38.125973423197095,-121.64739453798532,"PatientState(Location(""FIELD"", (38.125973423197095, -121.64739453798532), -1.0, FIELD), 88.64048315950185, UNKNOWN, LVO)"
2,0.24418294143999997,0.24418294143999997,38.12799344707674,-121.64822777319768,"PatientState(Location(""FIELD"", (38.12799344707674, -121.64822777319768), -1.0, FIELD), 137.43429001091883, UNKNOWN, NLVO)"
3,0.24418294143999997,0.24418294143999997,38.127771373179456,-121.64711978069789,"PatientState(Location(""FIELD"", (38.127771373179456, -121.64711978069789), -1.0, FIELD), 48.66795573892734, UNKNOWN, LVO)"
4,0.24418294143999997,0.24418294143999997,38.12842666884685,-121.6507541182803,"PatientState(Location(""FIELD"", (38.12842666884685, -121.6507541182803), -1.0, FIELD), 95.62049473274239, UNKNOWN, HEMORRHAGIC)"
5,0.24418294143999997,0.24418294143999997,38.12604220749396,-121.64732278327851,"PatientState(Location(""FIELD"", (38.12604220749396, -121.64732278327851), -1.0, FIELD), 113.62372692152124, UNKNOWN, NLVO)"
