sample,reward_best,reward_CA,location_lat,location_lon,patient_state
1,0.24418294143999997,0.24418294143999997,38.021606068458546,-122.05543173802327,"PatientState(Location(""FIELD"", (38.021606068458546, -122.05543173802327), -1.0, FIELD), 268.8982200324524, UNKNOWN, LVO)"
2,0.24418294143999997,0.24418294143999997,38.02247129980907,-122.05241325638549,"PatientState(Location(""FIELD"", (38.02247129980907, -122.05241325638549), -1.0, FIELD), 134.70417544433047, UNKNOWN, HEMORRHAGIC)"
3,0.31942801784883124,0.31942801784883124,38.019284080269124,-122.05293048522077,"PatientState(Location(""FIELD"", (38.019284080269124, -122.05293048522077), -1.0, FIELD), 49.28317517932933, UNKNOWN, LVO)"
4,0.24418294143999997,0.24418294143999997,38.02062169927472,-122.05243076180135,"PatientState(Location(""FIELD"", (38.02062169927472, -122.05243076180135), -1.0, FIELD), 243.84864974673843, UNKNOWN, HEMORRHAGIC)"
5,0.3263992308943544,0.3263992308943544,38.02221667371301,-122.05425146488247,"PatientState(Location(""FIELD"", (38.02221667371301, -122.05425146488247), -1.0, FIELD), 17.45020575198389, UNKNOWN, MIMIC)"
