sample,reward_best,reward_CA,location_lat,location_lon,patient_state
1,0.32562716375213085,0.26456818681396677,37.60753454919219,-122.47844756823964,"PatientState(Location(""FIELD"", (37.60753454919219, -122.47844756823964), -1.0, FIELD), 119.13538756198892, UNKNOWN, LVO)"
2,0.2518647304543442,0.2518647304543442,37.60810006513955,-122.4764876499438,"PatientState(Location(""FIELD"", (37.60810006513955, -122.4764876499438), -1.0, FIELD), 190.79379987732207, UNKNOWN, LVO)"
3,0.24418294143999997,0.24418294143999997,37.60795741673266,-122.47940849513441,"PatientState(Location(""FIELD"", (37.60795741673266, -122.47940849513441), -1.0, FIELD), 229.875230003365, UNKNOWN, HEMORRHAGIC)"
4,0.3402385987701884,0.3402385987701884,37.60695718131907,-122.4800175346023,"PatientState(Location(""FIELD"", (37.60695718131907, -122.4800175346023), -1.0, FIELD), 48.18133070783851, UNKNOWN, NLVO)"
5,0.33281079059575963,0.33281079059575963,37.6067496751952,-122.48018377721485,"PatientState(Location(""FIELD"", (37.6067496751952, -122.48018377721485), -1.0, FIELD), 80.04292801414097, UNKNOWN, NLVO)"
