sample,reward_best,reward_CA,location_lat,location_lon,patient_state
1,0.31970954125972534,0.31970954125972534,37.24715165840776,-121.92199563402039,"PatientState(Location(""FIELD"", (37.24715165840776, -121.92199563402039), -1.0, FIELD), 175.78287872773717, UNKNOWN, HEMORRHAGIC)"
2,0.32551529989542277,0.32551529989542277,37.24702860265298,-121.92452740646135,"PatientState(Location(""FIELD"", (37.24702860265298, -121.92452740646135), -1.0, FIELD), 150.64921546974688, UNKNOWN, LVO)"
3,0.33371181484616985,0.33371181484616985,37.24391203883846,-121.92317153897785,"PatientState(Location(""FIELD"", (37.24391203883846, -121.92317153897785), -1.0, FIELD), 114.80807850187487, UNKNOWN, HEMORRHAGIC)"
4,0.3403483367319005,0.3403483367319005,37.24825764495304,-121.92450944535476,"PatientState(Location(""FIELD"", (37.24825764495304, -121.92450944535476), -1.0, FIELD), 86.31721621814928, UNKNOWN, LVO)"
5,0.31988200001007194,0.31988200001007194,37.24804311032353,-121.92090707958049,"PatientState(Location(""FIELD"", (37.24804311032353, -121.92090707958049), -1.0, FIELD), 175.15811617483286, UNKNOWN, LVO)"
