sample,reward_best,reward_CA,location_lat,location_lon,patient_state
1,0.24418294143999997,0.24418294143999997,37.52643438440431,-122.01112201958173,"PatientState(Location(""FIELD"", (37.52643438440431, -122.01112201958173), -1.0, FIELD), 202.6954554700304, UNKNOWN, LVO)"
2,0.35154796376834485,0.33386020834734675,37.52762242200301,-122.01144561051633,"PatientState(Location(""FIELD"", (37.52762242200301, -122.01144561051633), -1.0, FIELD), 21.009540628250562, UNKNOWN, HEMORRHAGIC)"
3,0.3322710486650751,0.31515548066400717,37.52535303501398,-122.01299850105269,"PatientState(Location(""FIELD"", (37.52535303501398, -122.01299850105269), -1.0, FIELD), 103.21295262211449, UNKNOWN, LVO)"
4,0.3531385506521113,0.33540784827360426,37.52783891736255,-122.01511664953624,"PatientState(Location(""FIELD"", (37.52783891736255, -122.01511664953624), -1.0, FIELD), 11.651887720655054, UNKNOWN, NLVO)"
5,0.3227740008024079,0.24418294143999997,37.52501389288585,-122.01140132107706,"PatientState(Location(""FIELD"", (37.52501389288585, -122.01140132107706), -1.0, FIELD), 145.49316186978578, UNKNOWN, LVO)"
