sample,reward_best,reward_CA,location_lat,location_lon,patient_state
1,0.3308957648024944,0.3308957648024944,37.3961169840221,-121.5941685757824,"PatientState(Location(""FIELD"", (37.3961169840221, -121.5941685757824), -1.0, FIELD), 64.51887385871976, UNKNOWN, LVO)"
2,0.32728840753395033,0.32728840753395033,37.396900531351406,-121.5926758136098,"PatientState(Location(""FIELD"", (37.396900531351406, -121.5926758136098), -1.0, FIELD), 80.36872722539114, UNKNOWN, LVO)"
3,0.3284105096126751,0.3284105096126751,37.396766835615935,-121.59157446960609,"PatientState(Location(""FIELD"", (37.396766835615935, -121.59157446960609), -1.0, FIELD), 75.58079812967458, UNKNOWN, HEMORRHAGIC)"
4,0.24418294143999997,0.24418294143999997,37.39854860680915,-121.5914085339948,"PatientState(Location(""FIELD"", (37.39854860680915, -121.5914085339948), -1.0, FIELD), 207.37250939295788, UNKNOWN, HEMORRHAGIC)"
5,0.24418294143999997,0.24418294143999997,37.39836277095091,-121.5918036559625,"PatientState(Location(""FIELD"", (37.39836277095091, -121.5918036559625), -1.0, FIELD), 169.5484631516672, UNKNOWN, MIMIC)"
