sample,reward_best,reward_CA,location_lat,location_lon,patient_state
1,0.3359097487934612,0.31947613666903135,37.761969809476895,-122.20051458274371,"PatientState(Location(""FIELD"", (37.761969809476895, -122.20051458274371), -1.0, FIELD), 72.3726795455672, UNKNOWN, LVO)"
2,0.24418294143999997,0.24418294143999997,37.763515782406586,-122.19732853072635,"PatientState(Location(""FIELD"", (37.763515782406586, -122.19732853072635), -1.0, FIELD), 267.7918531073064, UNKNOWN, LVO)"
3,0.34728090055147787,0.3305322543809391,37.76095081020566,-122.1988290923891,"PatientState(Location(""FIELD"", (37.76095081020566, -122.1988290923891), -1.0, FIELD), 22.0022237452747, UNKNOWN, HEMORRHAGIC)"
4,0.3147481452024315,0.24418294143999997,37.76104132688123,-122.19644821279024,"PatientState(Location(""FIELD"", (37.76104132688123, -122.19644821279024), -1.0, FIELD), 167.3283772446481, UNKNOWN, LVO)"
5,0.24418294143999997,0.24418294143999997,37.76103487649463,-122.19620508165231,"PatientState(Location(""FIELD"", (37.76103487649463, -122.19620508165231), -1.0, FIELD), 238.0679338865313, UNKNOWN, LVO)"
