sample,reward_best,reward_CA,location_lat,location_lon,patient_state
1,0.3391973289840261,0.3391973289840261,37.27264911932578,-122.03641394629292,"PatientState(Location(""FIELD"", (37.27264911932578, -122.03641394629292), -1.0, FIELD), 80.47349441740639, UNKNOWN, HEMORRHAGIC)"
2,0.3421568599200958,0.3421568599200958,37.27144055317684,-122.03716977532673,"PatientState(Location(""FIELD"", (37.27144055317684, -122.03716977532673), -1.0, FIELD), 68.26540719389463, UNKNOWN, HEMORRHAGIC)"
3,0.35105685396001907,0.35105685396001907,37.27283091278715,-122.0384677871954,"PatientState(Location(""FIELD"", (37.27283091278715, -122.0384677871954), -1.0, FIELD), 31.068296900033104, UNKNOWN, HEMORRHAGIC)"
4,0.24418294143999997,0.24418294143999997,37.2710510023184,-122.0402096209974,"PatientState(Location(""FIELD"", (37.2710510023184, -122.0402096209974), -1.0, FIELD), 267.0940202764507, UNKNOWN, LVO)"
5,0.24418294143999997,0.24418294143999997,37.270025241176185,-122.03901049424404,"PatientState(Location(""FIELD"", (37.270025241176185, -122.03901049424404), -1.0, FIELD), 195.0272591560695, UNKNOWN, LVO)"
