sample,reward_best,reward_CA,location_lat,location_lon,patient_state
1,0.24418294143999997,0.24418294143999997,37.833822331041475,-122.52122915302633,"PatientState(Location(""FIELD"", (37.833822331041475, -122.52122915302633), -1.0, FIELD), 171.3670753952628, UNKNOWN, LVO)"
2,0.33562106730801045,0.3239380016329727,37.83637868683387,-122.52215689476728,"PatientState(Location(""FIELD"", (37.83637868683387, -122.52215689476728), -1.0, FIELD), 47.706042444591255, UNKNOWN, HEMORRHAGIC)"
3,0.3352549322939366,0.3235787066545651,37.835470547445446,-122.52576882116519,"PatientState(Location(""FIELD"", (37.835470547445446, -122.52576882116519), -1.0, FIELD), 45.86610898426816, UNKNOWN, MIMIC)"
4,0.24418294143999997,0.24418294143999997,37.83452935655241,-122.52212950802307,"PatientState(Location(""FIELD"", (37.83452935655241, -122.52212950802307), -1.0, FIELD), 215.25486399991684, UNKNOWN, NLVO)"
5,0.3301369305691964,0.31855867229614837,37.83557766949235,-122.52244894182105,"PatientState(Location(""FIELD"", (37.83557766949235, -122.52244894182105), -1.0, FIELD), 71.55727825911704, UNKNOWN, HEMORRHAGIC)"
