sample,reward_best,reward_CA,location_lat,location_lon,patient_state
1,0.24418294143999997,0.24418294143999997,38.134015613761285,-121.76307680365946,"PatientState(Location(""FIELD"", (38.134015613761285, -121.76307680365946), -1.0, FIELD), 109.65598745193563, UNKNOWN, LVO)"
2,0.24418294143999997,0.24418294143999997,38.13647719345907,-121.76565952194818,"PatientState(Location(""FIELD"", (38.13647719345907, -121.76565952194818), -1.0, FIELD), 242.94803068770295, UNKNOWN, NLVO)"
3,0.2517673293018095,0.24418294143999997,38.13797064652437,-121.76162420564535,"PatientState(Location(""FIELD"", (38.13797064652437, -121.76162420564535), -1.0, FIELD), 33.69317002747997, UNKNOWN, LVO)"
4,0.24418294143999997,0.24418294143999997,38.13631022771554,-121.76547237289978,"PatientState(Location(""FIELD"", (38.13631022771554, -121.76547237289978), -1.0, FIELD), 180.8817925273168, UNKNOWN, HEMORRHAGIC)"
5,0.24418294143999997,0.24418294143999997,38.13604331166112,-121.76105696040503,"PatientState(Location(""FIELD"", (38.13604331166112, -121.76105696040503), -1.0, FIELD), 213.67815934396327, UNKNOWN, HEMORRHAGIC)"
