sample,reward_best,reward_CA,location_lat,location_lon,patient_state
1,0.35685680124020214,0.35146992001864696,37.38238450297781,-121.9625447008831,"PatientState(Location(""FIELD"", (37.38238450297781, -121.9625447008831), -1.0, FIELD), 7.641192417184803, UNKNOWN, LVO)"
2,0.24418294143999997,0.24418294143999997,37.38229770256069,-121.96153355284801,"PatientState(Location(""FIELD"", (37.38229770256069, -121.96153355284801), -1.0, FIELD), 209.47450405514567, UNKNOWN, LVO)"
3,0.34779359689615363,0.34255951810299223,37.38060049224875,-121.96178301405054,"PatientState(Location(""FIELD"", (37.38060049224875, -121.96178301405054), -1.0, FIELD), 45.773490420242275, UNKNOWN, HEMORRHAGIC)"
4,0.3441827627854527,0.33894718422194464,37.380552082356914,-121.96100834137712,"PatientState(Location(""FIELD"", (37.380552082356914, -121.96100834137712), -1.0, FIELD), 60.92726277999445, UNKNOWN, HEMORRHAGIC)"
5,0.33603103912902266,0.33063962634020766,37.38138952396374,-121.96412142919978,"PatientState(Location(""FIELD"", (37.38138952396374, -121.96412142919978), -1.0, FIELD), 95.83028956920964, UNKNOWN, HEMORRHAGIC)"
