sample,reward_best,reward_CA,location_lat,location_lon,patient_state
1,0.3453691255413665,0.3453691255413665,37.454228187024,-121.89968249436194,"PatientState(Location(""FIELD"", (37.454228187024, -121.89968249436194), -1.0, FIELD), 57.90863553423249, UNKNOWN, HEMORRHAGIC)"
2,0.24418294143999997,0.24418294143999997,37.45848434397874,-121.89951233100848,"PatientState(Location(""FIELD"", (37.45848434397874, -121.89951233100848), -1.0, FIELD), 239.9391437099366, UNKNOWN, LVO)"
3,0.24418294143999997,0.24418294143999997,37.455846931007294,-121.8993782969831,"PatientState(Location(""FIELD"", (37.455846931007294, -121.8993782969831), -1.0, FIELD), 229.9142956362197, UNKNOWN, HEMORRHAGIC)"
4,0.33592967141460034,0.33592967141460034,37.45612991294394,-121.89795073991732,"PatientState(Location(""FIELD"", (37.45612991294394, -121.89795073991732), -1.0, FIELD), 97.66131921263626, UNKNOWN, LVO)"
5,0.32337727191277016,0.32337727191277016,37.455118997691336,-121.8979261746179,"PatientState(Location(""FIELD"", (37.455118997691336, -121.8979261746179), -1.0, FIELD), 153.89915614991534, UNKNOWN, HEMORRHAGIC)"
