sample,reward_best,reward_CA,location_lat,location_lon,patient_state
1,0.3208793987815617,0.24418294143999997,37.49000504989491,-121.68745499448436,"PatientState(Location(""FIELD"", (37.49000504989491, -121.68745499448436), -1.0, FIELD), 84.59802415344726, UNKNOWN, LVO)"
2,0.24418294143999997,0.24418294143999997,37.492304693241564,-121.6895782719925,"PatientState(Location(""FIELD"", (37.492304693241564, -121.6895782719925), -1.0, FIELD), 164.38306219960444, UNKNOWN, HEMORRHAGIC)"
3,0.32768908191765783,0.24418294143999997,37.49038361843336,-121.69013578489546,"PatientState(Location(""FIELD"", (37.49038361843336, -121.69013578489546), -1.0, FIELD), 54.539483472255604, UNKNOWN, LVO)"
4,0.24418294143999997,0.24418294143999997,37.490803352669936,-121.68809864601029,"PatientState(Location(""FIELD"", (37.490803352669936, -121.68809864601029), -1.0, FIELD), 144.8506691569813, UNKNOWN, NLVO)"
5,0.24418294143999997,0.24418294143999997,37.489771322422776,-121.68879885003243,"PatientState(Location(""FIELD"", (37.489771322422776, -121.68879885003243), -1.0, FIELD), 127.84301995133741, UNKNOWN, LVO)"
