sample,reward_best,reward_CA,location_lat,location_lon,patient_state
1,0.24418294143999997,0.24418294143999997,37.683008058063834,-122.44555122939603,"PatientState(Location(""FIELD"", (37.683008058063834, -122.44555122939603), -1.0, FIELD), 246.38215804348692, UNKNOWN, LVO)"
2,0.34453128749832934,0.3440382938484515,37.683353792054426,-122.44522691606453,"PatientState(Location(""FIELD"", (37.683353792054426, -122.44522691606453), -1.0, FIELD), 42.47511146175367, UNKNOWN, LVO)"
3,0.34728092193708116,0.3468122361720064,37.67902005351153,-122.44365028818947,"PatientState(Location(""FIELD"", (37.67902005351153, -122.44365028818947), -1.0, FIELD), 32.225466025484295, UNKNOWN, HEMORRHAGIC)"
4,0.3201860985394524,0.26108412070231274,37.68073089906454,-122.44578883924949,"PatientState(Location(""FIELD"", (37.68073089906454, -122.44578883924949), -1.0, FIELD), 149.43975209404005, UNKNOWN, LVO)"
5,0.34956723774387194,0.3491188929942477,37.68174816126212,-122.44456174108207,"PatientState(Location(""FIELD"", (37.68174816126212, -122.44456174108207), -1.0, FIELD), 21.83915450634003, UNKNOWN, MIMIC)"
