sample,reward_best,reward_CA,location_lat,location_lon,patient_state
1,0.24418294143999997,0.24418294143999997,37.45315745604061,-122.10979501166628,"PatientState(Location(""FIELD"", (37.45315745604061, -122.10979501166628), -1.0, FIELD), 200.4663522486865, UNKNOWN, HEMORRHAGIC)"
2,0.33207182722051215,0.33207182722051215,37.450438623939185,-122.10683361606574,"PatientState(Location(""FIELD"", (37.450438623939185, -122.10683361606574), -1.0, FIELD), 114.63873575661584, UNKNOWN, LVO)"
3,0.24418294143999997,0.24418294143999997,37.451472860560415,-122.1062529308355,"PatientState(Location(""FIELD"", (37.451472860560415, -122.1062529308355), -1.0, FIELD), 222.6693118173633, UNKNOWN, HEMORRHAGIC)"
4,0.3565545795744606,0.3565545795744606,37.45356989525658,-122.11074161677864,"PatientState(Location(""FIELD"", (37.45356989525658, -122.11074161677864), -1.0, FIELD), 11.35086348387092, UNKNOWN, MIMIC)"
5,0.32035556093137524,0.32035556093137524,37.450863024541995,-122.10787124593726,"PatientState(Location(""FIELD"", (37.450863024541995, -122.10787124593726), -1.0, FIELD), 166.67073369975057, UNKNOWN, LVO)"
