sample,reward_best,reward_CA,location_lat,location_lon,patient_state
1,0.3243989731153245,0.3243989731153245,38.013533077526546,-121.98990627962442,"PatientState(Location(""FIELD"", (38.013533077526546, -121.98990627962442), -1.0, FIELD), 11.734349660607602, UNKNOWN, LVO)"
2,0.24418294143999997,0.24418294143999997,38.010435868596204,-121.98967574013601,"PatientState(Location(""FIELD"", (38.010435868596204, -121.98967574013601), -1.0, FIELD), 113.458376147381, UNKNOWN, LVO)"
3,0.3171258941734154,0.31715025754095766,38.00919372222478,-121.98628457910563,"PatientState(Location(""FIELD"", (38.00919372222478, -121.98628457910563), -1.0, FIELD), 44.92512168761104, UNKNOWN, NLVO)"
4,0.24418294143999997,0.24418294143999997,38.01075097458607,-121.98770533170683,"PatientState(Location(""FIELD"", (38.01075097458607, -121.98770533170683), -1.0, FIELD), 181.73204094203925, UNKNOWN, HEMORRHAGIC)"
5,0.24418294143999997,0.24418294143999997,38.011661400695175,-121.986102411197,"PatientState(Location(""FIELD"", (38.011661400695175, -121.986102411197), -1.0, FIELD), 181.80577867858784, UNKNOWN, LVO)"
