sample,reward_best,reward_CA,location_lat,location_lon,patient_state
1,0.24418294143999997,0.24418294143999997,38.135921282821535,-121.78518868352096,"PatientState(Location(""FIELD"", (38.135921282821535, -121.78518868352096), -1.0, FIELD), 218.8622925634997, UNKNOWN, LVO)"
2,0.24418294143999997,0.24418294143999997,38.135379432280544,-121.78393640726479,"PatientState(Location(""FIELD"", (38.135379432280544, -121.78393640726479), -1.0, FIELD), 102.16011196491615, UNKNOWN, LVO)"
3,0.24418294143999997,0.24418294143999997,38.13645289364091,-121.7852364182008,"PatientState(Location(""FIELD"", (38.13645289364091, -121.7852364182008), -1.0, FIELD), 193.27100612862517, UNKNOWN, LVO)"
4,0.24418294143999997,0.24418294143999997,38.1365632856844,-121.78154330873214,"PatientState(Location(""FIELD"", (38.1365632856844, -121.78154330873214), -1.0, FIELD), 193.48077161074352, UNKNOWN, LVO)"
5,0.24418294143999997,0.24418294143999997,38.137413389014014,-121.78319008277009,"PatientState(Location(""FIELD"", (38.137413389014014, -121.78319008277009), -1.0, FIELD), 209.0845351038986, UNKNOWN, HEMORRHAGIC)"
