sample,reward_best,reward_CA,location_lat,location_lon,patient_state
1,0.24418294143999997,0.24418294143999997,37.52098549802429,-121.75063206364426,"PatientState(Location(""FIELD"", (37.52098549802429, -121.75063206364426), -1.0, FIELD), 202.49339364448124, UNKNOWN, HEMORRHAGIC)"
2,0.24418294143999997,0.24418294143999997,37.52070571018502,-121.74633272584529,"PatientState(Location(""FIELD"", (37.52070571018502, -121.74633272584529), -1.0, FIELD), 196.1003839493506, UNKNOWN, LVO)"
3,0.24418294143999997,0.24418294143999997,37.52134126961607,-121.74804154962032,"PatientState(Location(""FIELD"", (37.52134126961607, -121.74804154962032), -1.0, FIELD), 172.28528916907402, UNKNOWN, HEMORRHAGIC)"
4,0.34293495682376224,0.32373493842869855,37.52134074521806,-121.74654563385927,"PatientState(Location(""FIELD"", (37.52134074521806, -121.74654563385927), -1.0, FIELD), 10.995147692974628, UNKNOWN, LVO)"
5,0.24418294143999997,0.24418294143999997,37.52148322093837,-121.74931288265653,"PatientState(Location(""FIELD"", (37.52148322093837, -121.74931288265653), -1.0, FIELD), 183.51944793849393, UNKNOWN, HEMORRHAGIC)"
