sample,reward_best,reward_CA,location_lat,location_lon,patient_state
1,0.24418294143999997,0.24418294143999997,37.84889056968936,-122.48170027580385,"PatientState(Location(""FIELD"", (37.84889056968936, -122.48170027580385), -1.0, FIELD), 214.69465722476897, UNKNOWN, HEMORRHAGIC)"
2,0.24418294143999997,0.24418294143999997,37.8507875795315,-122.4855050453982,"PatientState(Location(""FIELD"", (37.8507875795315, -122.4855050453982), -1.0, FIELD), 210.10687953223098, UNKNOWN, MIMIC)"
3,0.24418294143999997,0.24418294143999997,37.850657991281025,-122.48169482578575,"PatientState(Location(""FIELD"", (37.850657991281025, -122.48169482578575), -1.0, FIELD), 238.2869483732582, UNKNOWN, LVO)"
4,0.34483799985280134,0.33299001410838763,37.85271187094083,-122.48271530716751,"PatientState(Location(""FIELD"", (37.85271187094083, -122.48271530716751), -1.0, FIELD), 17.5390981074214, UNKNOWN, HEMORRHAGIC)"
5,0.34304527351722996,0.33303883503511955,37.850987084487464,-122.4833888313826,"PatientState(Location(""FIELD"", (37.850987084487464, -122.4833888313826), -1.0, FIELD), 16.108503037775115, UNKNOWN, NLVO)"
