sample,reward_best,reward_CA,location_lat,location_lon,patient_state
1,0.328870659500639,0.3156100015325789,37.822011498854515,-122.25579397230446,"PatientState(Location(""FIELD"", (37.822011498854515, -122.25579397230446), -1.0, FIELD), 95.73413273058765, UNKNOWN, HEMORRHAGIC)"
2,0.3227350552233725,0.24418294143999997,37.82298382083348,-122.25396623433649,"PatientState(Location(""FIELD"", (37.82298382083348, -122.25396623433649), -1.0, FIELD), 122.38433504598754, UNKNOWN, HEMORRHAGIC)"
3,0.3409917851270252,0.3274460312955943,37.81912914171597,-122.25268259025988,"PatientState(Location(""FIELD"", (37.81912914171597, -122.25268259025988), -1.0, FIELD), 42.397888581940215, UNKNOWN, LVO)"
4,0.24418294143999997,0.24418294143999997,37.818913834580734,-122.25088573646663,"PatientState(Location(""FIELD"", (37.818913834580734, -122.25088573646663), -1.0, FIELD), 269.8084103558492, UNKNOWN, LVO)"
5,0.316587536468857,0.24418294143999997,37.82292582611349,-122.25387924878565,"PatientState(Location(""FIELD"", (37.82292582611349, -122.25387924878565), -1.0, FIELD), 149.87178678049503, UNKNOWN, HEMORRHAGIC)"
