sample,reward_best,reward_CA,location_lat,location_lon,patient_state
1,0.24418294143999997,0.24418294143999997,37.881246488421695,-121.81667477509367,"PatientState(Location(""FIELD"", (37.881246488421695, -121.81667477509367), -1.0, FIELD), 74.68721242846561, UNKNOWN, HEMORRHAGIC)"
2,0.24418294143999997,0.24418294143999997,37.88057006917096,-121.81654914779313,"PatientState(Location(""FIELD"", (37.88057006917096, -121.81654914779313), -1.0, FIELD), 147.98422723296255, UNKNOWN, LVO)"
3,0.24418294143999997,0.24418294143999997,37.88167096566664,-121.82074796332562,"PatientState(Location(""FIELD"", (37.88167096566664, -121.82074796332562), -1.0, FIELD), 224.415189664119, UNKNOWN, LVO)"
4,0.24418294143999997,0.24418294143999997,37.88030203075733,-121.81995670141576,"PatientState(Location(""FIELD"", (37.88030203075733, -121.81995670141576), -1.0, FIELD), 244.14912979678658, UNKNOWN, MIMIC)"
5,0.24418294143999997,0.24418294143999997,37.88202950401476,-121.8205152405891,"PatientState(Location(""FIELD"", (37.88202950401476, -121.8205152405891), -1.0, FIELD), 260.3848229484441, UNKNOWN, HEMORRHAGIC)"
