sample,reward_best,reward_CA,location_lat,location_lon,patient_state
1,0.24418294143999997,0.24418294143999997,37.654092366921134,-121.86844345910228,"PatientState(Location(""FIELD"", (37.654092366921134, -121.86844345910228), -1.0, FIELD), 243.6050131241924, UNKNOWN, LVO)"
2,0.24418294143999997,0.24418294143999997,37.65778327313892,-121.86869111042546,"PatientState(Location(""FIELD"", (37.65778327313892, -121.86869111042546), -1.0, FIELD), 221.05561538536173, UNKNOWN, HEMORRHAGIC)"
3,0.3510106168027608,0.33155562802908867,37.657698087986596,-121.8671551499748,"PatientState(Location(""FIELD"", (37.657698087986596, -121.8671551499748), -1.0, FIELD), 13.257416836073707, UNKNOWN, LVO)"
4,0.3449767414855254,0.32571067625870564,37.65676780650806,-121.86862159302542,"PatientState(Location(""FIELD"", (37.65676780650806, -121.86862159302542), -1.0, FIELD), 39.339595146086126, UNKNOWN, HEMORRHAGIC)"
5,0.34230856692697287,0.3231290277122541,37.65535576187461,-121.86768537741672,"PatientState(Location(""FIELD"", (37.65535576187461, -121.86768537741672), -1.0, FIELD), 50.692814825920195, UNKNOWN, HEMORRHAGIC)"
