sample,reward_best,reward_CA,location_lat,location_lon,patient_state
1,0.34012629779817594,0.3188243677772217,37.6709277834413,-121.7569329122382,"PatientState(Location(""FIELD"", (37.6709277834413, -121.7569329122382), -1.0, FIELD), 49.96959791292266, UNKNOWN, LVO)"
2,0.24418294143999997,0.24418294143999997,37.671741401678894,-121.75884353126631,"PatientState(Location(""FIELD"", (37.671741401678894, -121.75884353126631), -1.0, FIELD), 219.7368402248182, UNKNOWN, LVO)"
3,0.24418294143999997,0.24418294143999997,37.67356267929402,-121.75983752318069,"PatientState(Location(""FIELD"", (37.67356267929402, -121.75983752318069), -1.0, FIELD), 187.42046741298668, UNKNOWN, HEMORRHAGIC)"
4,0.3381195337244079,0.31689312941033704,37.6719165430671,-121.75778686352842,"PatientState(Location(""FIELD"", (37.6719165430671, -121.75778686352842), -1.0, FIELD), 58.15945428144863, UNKNOWN, LVO)"
5,0.24418294143999997,0.24418294143999997,37.66980946234354,-121.75760553646214,"PatientState(Location(""FIELD"", (37.66980946234354, -121.75760553646214), -1.0, FIELD), 220.98690769380252, UNKNOWN, HEMORRHAGIC)"
