sample,reward_best,reward_CA,location_lat,location_lon,patient_state
1,0.34062861255547294,0.31916958252872296,37.64950844503929,-121.6106185498097,"PatientState(Location(""FIELD"", (37.64950844503929, -121.6106185498097), -1.0, FIELD), 35.42298504958775, UNKNOWN, LVO)"
2,0.3186674835904643,0.24418294143999997,37.65104900403558,-121.60707868664412,"PatientState(Location(""FIELD"", (37.65104900403558, -121.60707868664412), -1.0, FIELD), 130.9212961146646, UNKNOWN, HEMORRHAGIC)"
3,0.24418294143999997,0.24418294143999997,37.65275017492088,-121.60706296257861,"PatientState(Location(""FIELD"", (37.65275017492088, -121.60706296257861), -1.0, FIELD), 242.6604888134112, UNKNOWN, LVO)"
4,0.24418294143999997,0.24418294143999997,37.64949877597293,-121.60760896197834,"PatientState(Location(""FIELD"", (37.64949877597293, -121.60760896197834), -1.0, FIELD), 163.77277726904575, UNKNOWN, LVO)"
5,0.24418294143999997,0.24418294143999997,37.65149185594615,-121.6098150670519,"PatientState(Location(""FIELD"", (37.65149185594615, -121.6098150670519), -1.0, FIELD), 195.81189858774232, UNKNOWN, NLVO)"
