sample,reward_best,reward_CA,location_lat,location_lon,patient_state
1,0.24418294143999997,0.24418294143999997,38.07424019687745,-121.82638776083286,"PatientState(Location(""FIELD"", (38.07424019687745, -121.82638776083286), -1.0, FIELD), 180.0032660684584, UNKNOWN, MIMIC)"
2,0.24418294143999997,0.24418294143999997,38.07836180712069,-121.82903263589778,"PatientState(Location(""FIELD"", (38.07836180712069, -121.82903263589778), -1.0, FIELD), 222.31214688891876, UNKNOWN, NLVO)"
3,0.24418294143999997,0.24418294143999997,38.07584757779637,-121.82680784994976,"PatientState(Location(""FIELD"", (38.07584757779637, -121.82680784994976), -1.0, FIELD), 199.94688529614302, UNKNOWN, LVO)"
4,0.24418294143999997,0.24418294143999997,38.07555538720113,-121.82770967332975,"PatientState(Location(""FIELD"", (38.07555538720113, -121.82770967332975), -1.0, FIELD), 113.0119099179331, UNKNOWN, HEMORRHAGIC)"
5,0.24418294143999997,0.24418294143999997,38.07602252625458,-121.82780566719435,"PatientState(Location(""FIELD"", (38.07602252625458, -121.82780566719435), -1.0, FIELD), 105.81748589655322, UNKNOWN, LVO)"
