sample,reward_best,reward_CA,location_lat,location_lon,patient_state
1,0.3231260488274324,0.24418294143999997,37.68739504398614,-121.82844140200484,"PatientState(Location(""FIELD"", (37.68739504398614, -121.82844140200484), -1.0, FIELD), 129.01969326741636, UNKNOWN, HEMORRHAGIC)"
2,0.24418294143999997,0.24418294143999997,37.68689175958241,-121.82640558428069,"PatientState(Location(""FIELD"", (37.68689175958241, -121.82640558428069), -1.0, FIELD), 185.3690518646423, UNKNOWN, LVO)"
3,0.34872466634796706,0.3282050303430246,37.68694492789843,-121.82670331427087,"PatientState(Location(""FIELD"", (37.68694492789843, -121.82670331427087), -1.0, FIELD), 18.061699797599335, UNKNOWN, HEMORRHAGIC)"
4,0.31715569300849367,0.24418294143999997,37.687669416131214,-121.82856082102862,"PatientState(Location(""FIELD"", (37.687669416131214, -121.82856082102862), -1.0, FIELD), 155.64603106762215, UNKNOWN, LVO)"
5,0.24418294143999997,0.24418294143999997,37.68656617781318,-121.82834948988554,"PatientState(Location(""FIELD"", (37.68656617781318, -121.82834948988554), -1.0, FIELD), 244.43563901252705, UNKNOWN, LVO)"
