sample,reward_best,reward_CA,location_lat,location_lon,patient_state
1,0.32253325619340745,0.24418294143999997,37.82052123179304,-122.14621373199336,"PatientState(Location(""FIELD"", (37.82052123179304, -122.14621373199336), -1.0, FIELD), 112.18512153533034, UNKNOWN, NLVO)"
2,0.24418294143999997,0.24418294143999997,37.82324544079657,-122.14948729860606,"PatientState(Location(""FIELD"", (37.82324544079657, -122.14948729860606), -1.0, FIELD), 237.33162470287982, UNKNOWN, NLVO)"
3,0.3361082995850361,0.31840903404147414,37.82283349919979,-122.14656782132653,"PatientState(Location(""FIELD"", (37.82283349919979, -122.14656782132653), -1.0, FIELD), 52.37213247423467, UNKNOWN, HEMORRHAGIC)"
4,0.24418294143999997,0.24418294143999997,37.82359750266376,-122.14634202151471,"PatientState(Location(""FIELD"", (37.82359750266376, -122.14634202151471), -1.0, FIELD), 163.60279241154174, UNKNOWN, LVO)"
5,0.3379126477192992,0.32007598311295715,37.821929900102056,-122.14630580897524,"PatientState(Location(""FIELD"", (37.821929900102056, -122.14630580897524), -1.0, FIELD), 44.74815549963306, UNKNOWN, LVO)"
