sample,reward_best,reward_CA,location_lat,location_lon,patient_state
1,0.31459294319381537,0.31459294319381537,37.27106980530891,-121.9240293245218,"PatientState(Location(""FIELD"", (37.27106980530891, -121.9240293245218), -1.0, FIELD), 195.4349674307347, UNKNOWN, MIMIC)"
2,0.3527643868279225,0.3527643868279225,37.270066802783646,-121.92433915042506,"PatientState(Location(""FIELD"", (37.270066802783646, -121.92433915042506), -1.0, FIELD), 29.48527615225768, UNKNOWN, NLVO)"
3,0.33236587988564203,0.33236587988564203,37.26955964555459,-121.92359146981654,"PatientState(Location(""FIELD"", (37.26955964555459, -121.92359146981654), -1.0, FIELD), 116.87435080323, UNKNOWN, LVO)"
4,0.24418294143999997,0.24418294143999997,37.27296807641998,-121.92140945776954,"PatientState(Location(""FIELD"", (37.27296807641998, -121.92140945776954), -1.0, FIELD), 250.46735717153948, UNKNOWN, LVO)"
5,0.24418294143999997,0.24418294143999997,37.27189095347498,-121.9231329325831,"PatientState(Location(""FIELD"", (37.27189095347498, -121.9231329325831), -1.0, FIELD), 208.105808000765, UNKNOWN, HEMORRHAGIC)"
