sample,reward_best,reward_CA,location_lat,location_lon,patient_state
1,0.31846759371318323,0.2564741010085067,37.26286833763288,-121.71595536025134,"PatientState(Location(""FIELD"", (37.26286833763288, -121.71595536025134), -1.0, FIELD), 144.56066317573666, UNKNOWN, LVO)"
2,0.3445075313806771,0.34029789134849153,37.260508797745345,-121.7169991035713,"PatientState(Location(""FIELD"", (37.260508797745345, -121.7169991035713), -1.0, FIELD), 47.97001379526636, UNKNOWN, MIMIC)"
3,0.24418294143999997,0.24418294143999997,37.25913799177787,-121.71895292392432,"PatientState(Location(""FIELD"", (37.25913799177787, -121.71895292392432), -1.0, FIELD), 198.42578670139488, UNKNOWN, LVO)"
4,0.34679507929844244,0.34258944189390145,37.26179452281047,-121.7195841688835,"PatientState(Location(""FIELD"", (37.26179452281047, -121.7195841688835), -1.0, FIELD), 38.51978008199201, UNKNOWN, NLVO)"
5,0.32590538056460594,0.26240405400563427,37.26276756546442,-121.71642448719706,"PatientState(Location(""FIELD"", (37.26276756546442, -121.71642448719706), -1.0, FIELD), 111.50929743146892, UNKNOWN, MIMIC)"
