sample,reward_best,reward_CA,location_lat,location_lon,patient_state
1,0.321139301443748,0.24418294143999997,38.00463618428093,-121.92387387852168,"PatientState(Location(""FIELD"", (38.00463618428093, -121.92387387852168), -1.0, FIELD), 22.628521535422447, UNKNOWN, HEMORRHAGIC)"
2,0.24418294143999997,0.24418294143999997,38.004367834157996,-121.92547392296859,"PatientState(Location(""FIELD"", (38.004367834157996, -121.92547392296859), -1.0, FIELD), 127.44062923527541, UNKNOWN, HEMORRHAGIC)"
3,0.24418294143999997,0.24418294143999997,38.00825078840854,-121.9208425792179,"PatientState(Location(""FIELD"", (38.00825078840854, -121.9208425792179), -1.0, FIELD), 223.4818610174524, UNKNOWN, LVO)"
4,0.24418294143999997,0.24418294143999997,38.00456311924867,-121.92365365430835,"PatientState(Location(""FIELD"", (38.00456311924867, -121.92365365430835), -1.0, FIELD), 251.52958439321674, UNKNOWN, MIMIC)"
5,0.3182477269376338,0.24418294143999997,38.00725195444618,-121.9233866502246,"PatientState(Location(""FIELD"", (38.00725195444618, -121.9233866502246), -1.0, FIELD), 49.47027933756758, UNKNOWN, HEMORRHAGIC)"
