sample,reward_best,reward_CA,location_lat,location_lon,patient_state
1,0.3191940789694482,0.24418294143999997,37.85785785760968,-122.2598414697994,"PatientState(Location(""FIELD"", (37.85785785760968, -122.2598414697994), -1.0, FIELD), 133.7968472798543, UNKNOWN, LVO)"
2,0.32990614132126694,0.3174679221788663,37.85471541010406,-122.26071106602608,"PatientState(Location(""FIELD"", (37.85471541010406, -122.26071106602608), -1.0, FIELD), 86.8829173565401, UNKNOWN, HEMORRHAGIC)"
3,0.33393963014249345,0.3255504271661361,37.85604317512539,-122.25732227208803,"PatientState(Location(""FIELD"", (37.85604317512539, -122.25732227208803), -1.0, FIELD), 52.101874886065964, UNKNOWN, NLVO)"
4,0.335097153447688,0.322729560144196,37.85702119382423,-122.2605952758981,"PatientState(Location(""FIELD"", (37.85702119382423, -122.2605952758981), -1.0, FIELD), 63.717567754716285, UNKNOWN, HEMORRHAGIC)"
5,0.24418294143999997,0.24418294143999997,37.8552680174825,-122.25883133063839,"PatientState(Location(""FIELD"", (37.8552680174825, -122.25883133063839), -1.0, FIELD), 191.69399905097214, UNKNOWN, HEMORRHAGIC)"
