sample,reward_best,reward_CA,location_lat,location_lon,patient_state
1,0.31516327356773316,0.2533134785292954,37.31604784448739,-122.03235010192506,"PatientState(Location(""FIELD"", (37.31604784448739, -122.03235010192506), -1.0, FIELD), 190.06568225394525, UNKNOWN, LVO)"
2,0.34532906144304687,0.340661021082072,37.3169581614872,-122.03189797065261,"PatientState(Location(""FIELD"", (37.3169581614872, -122.03189797065261), -1.0, FIELD), 57.264712345968114, UNKNOWN, LVO)"
3,0.33172449072182464,0.3267274694705394,37.31448292434472,-122.0337297363779,"PatientState(Location(""FIELD"", (37.31448292434472, -122.0337297363779), -1.0, FIELD), 116.3214006453532, UNKNOWN, HEMORRHAGIC)"
4,0.3210688192804739,0.25790580237538036,37.314374520048396,-122.03517239000493,"PatientState(Location(""FIELD"", (37.314374520048396, -122.03517239000493), -1.0, FIELD), 162.79949555369578, UNKNOWN, HEMORRHAGIC)"
5,0.3356192706671922,0.3307629490863367,37.317586468566574,-122.0343130041903,"PatientState(Location(""FIELD"", (37.317586468566574, -122.0343130041903), -1.0, FIELD), 98.73050107584959, UNKNOWN, MIMIC)"
