sample,reward_best,reward_CA,location_lat,location_lon,patient_state
1,0.3321077309111199,0.3321077309111199,37.20125934417692,-122.17718878486066,"PatientState(Location(""FIELD"", (37.20125934417692, -122.17718878486066), -1.0, FIELD), 73.12541469905483, UNKNOWN, LVO)"
2,0.3436186754107459,0.3436186754107459,37.20331354808727,-122.17724117280056,"PatientState(Location(""FIELD"", (37.20331354808727, -122.17724117280056), -1.0, FIELD), 23.382974274018473, UNKNOWN, MIMIC)"
3,0.3266187206219654,0.3266187206219654,37.20244080748769,-122.17697107204742,"PatientState(Location(""FIELD"", (37.20244080748769, -122.17697107204742), -1.0, FIELD), 97.19090857886962, UNKNOWN, LVO)"
4,0.33289076647807925,0.33289076647807925,37.20085327238181,-122.18073973295769,"PatientState(Location(""FIELD"", (37.20085327238181, -122.18073973295769), -1.0, FIELD), 69.71464350591289, UNKNOWN, HEMORRHAGIC)"
5,0.24418294143999997,0.24418294143999997,37.19886961467695,-122.17978168489215,"PatientState(Location(""FIELD"", (37.19886961467695, -122.17978168489215), -1.0, FIELD), 247.74816878374858, UNKNOWN, LVO)"
