sample,reward_best,reward_CA,location_lat,location_lon,patient_state
1,0.24418294143999997,0.24418294143999997,37.47316915073881,-121.63162326440789,"PatientState(Location(""FIELD"", (37.47316915073881, -121.63162326440789), -1.0, FIELD), 163.78247261701796, UNKNOWN, LVO)"
2,0.31659559000220483,0.24418294143999997,37.47219634609938,-121.63443518384734,"PatientState(Location(""FIELD"", (37.47219634609938, -121.63443518384734), -1.0, FIELD), 90.91227638825211, UNKNOWN, HEMORRHAGIC)"
3,0.3206423184984501,0.24418294143999997,37.473016431933736,-121.63244582341265,"PatientState(Location(""FIELD"", (37.473016431933736, -121.63244582341265), -1.0, FIELD), 74.03922901773457, UNKNOWN, LVO)"
4,0.24418294143999997,0.24418294143999997,37.471027936828364,-121.63225375200076,"PatientState(Location(""FIELD"", (37.471027936828364, -121.63225375200076), -1.0, FIELD), 166.1366310438213, UNKNOWN, MIMIC)"
5,0.3293592170466834,0.24418294143999997,37.47138141616425,-121.63554801280661,"PatientState(Location(""FIELD"", (37.47138141616425, -121.63554801280661), -1.0, FIELD), 34.2829191579445, UNKNOWN, LVO)"
