sample,reward_best,reward_CA,location_lat,location_lon,patient_state
1,0.24418294143999997,0.24418294143999997,37.82136578916963,-122.02784428469137,"PatientState(Location(""FIELD"", (37.82136578916963, -122.02784428469137), -1.0, FIELD), 247.15059128122365, UNKNOWN, HEMORRHAGIC)"
2,0.24418294143999997,0.24418294143999997,37.81901033686809,-122.0271713423149,"PatientState(Location(""FIELD"", (37.81901033686809, -122.0271713423149), -1.0, FIELD), 225.83847543211746, UNKNOWN, LVO)"
3,0.31602897494967847,0.24418294143999997,37.82112204560853,-122.02854756821608,"PatientState(Location(""FIELD"", (37.82112204560853, -122.02854756821608), -1.0, FIELD), 136.8756626103387, UNKNOWN, HEMORRHAGIC)"
4,0.33972843683121157,0.3233649823954808,37.81896754941039,-122.0265814865963,"PatientState(Location(""FIELD"", (37.81896754941039, -122.0265814865963), -1.0, FIELD), 29.317949564249556, UNKNOWN, HEMORRHAGIC)"
5,0.3165142760007092,0.24418294143999997,37.820240284718295,-122.02798825913678,"PatientState(Location(""FIELD"", (37.820240284718295, -122.02798825913678), -1.0, FIELD), 131.36923859414367, UNKNOWN, HEMORRHAGIC)"
