sample,reward_best,reward_CA,location_lat,location_lon,patient_state
1,0.24418294143999997,0.24418294143999997,37.89651519082667,-121.61034548985053,"PatientState(Location(""FIELD"", (37.89651519082667, -121.61034548985053), -1.0, FIELD), 261.95982609439557, UNKNOWN, NLVO)"
2,0.24418294143999997,0.24418294143999997,37.89433697598167,-121.60923493684817,"PatientState(Location(""FIELD"", (37.89433697598167, -121.60923493684817), -1.0, FIELD), 71.3241871941789, UNKNOWN, LVO)"
3,0.24418294143999997,0.24418294143999997,37.89432134009752,-121.60726684212375,"PatientState(Location(""FIELD"", (37.89432134009752, -121.60726684212375), -1.0, FIELD), 245.55358210991528, UNKNOWN, HEMORRHAGIC)"
4,0.24418294143999997,0.24418294143999997,37.894097236799865,-121.60914399866539,"PatientState(Location(""FIELD"", (37.894097236799865, -121.60914399866539), -1.0, FIELD), 74.3427933590245, UNKNOWN, LVO)"
5,0.24418294143999997,0.24418294143999997,37.89459366786942,-121.60660201780217,"PatientState(Location(""FIELD"", (37.89459366786942, -121.60660201780217), -1.0, FIELD), 111.01157570452386, UNKNOWN, LVO)"
