sample,reward_best,reward_CA,location_lat,location_lon,patient_state
1,0.2521088848693549,0.24418294143999997,38.133088355500824,-122.33981573208357,"PatientState(Location(""FIELD"", (38.133088355500824, -122.33981573208357), -1.0, FIELD), 74.44945876711361, UNKNOWN, HEMORRHAGIC)"
2,0.32362179195021257,0.24418294143999997,38.12993598963968,-122.33641801689521,"PatientState(Location(""FIELD"", (38.12993598963968, -122.33641801689521), -1.0, FIELD), 28.298682254532395, UNKNOWN, HEMORRHAGIC)"
3,0.24418294143999997,0.24418294143999997,38.133466979285615,-122.33872566252941,"PatientState(Location(""FIELD"", (38.133466979285615, -122.33872566252941), -1.0, FIELD), 214.16731569557, UNKNOWN, LVO)"
4,0.24418294143999997,0.24418294143999997,38.131063927309555,-122.3370612114512,"PatientState(Location(""FIELD"", (38.131063927309555, -122.3370612114512), -1.0, FIELD), 264.59909165196336, UNKNOWN, LVO)"
5,0.24418294143999997,0.24418294143999997,38.13030973544315,-122.33819674084296,"PatientState(Location(""FIELD"", (38.13030973544315, -122.33819674084296), -1.0, FIELD), 93.55753835670023, UNKNOWN, HEMORRHAGIC)"
