sample,reward_best,reward_CA,location_lat,location_lon,patient_state
1,0.3503021567971301,0.32895464827563575,37.6481117152232,-122.0887488072418,"PatientState(Location(""FIELD"", (37.6481117152232, -122.0887488072418), -1.0, FIELD), 24.08061300568959, UNKNOWN, NLVO)"
2,0.3302568832673709,0.24418294143999997,37.64512303296566,-122.08810913694245,"PatientState(Location(""FIELD"", (37.64512303296566, -122.08810913694245), -1.0, FIELD), 108.83549523575455, UNKNOWN, LVO)"
3,0.33991393197652253,0.31893333905618415,37.647235511707706,-122.08753682640334,"PatientState(Location(""FIELD"", (37.647235511707706, -122.08753682640334), -1.0, FIELD), 67.80399555036787, UNKNOWN, MIMIC)"
4,0.32197944053111777,0.24418294143999997,37.6459343824836,-122.08824794736029,"PatientState(Location(""FIELD"", (37.6459343824836, -122.08824794736029), -1.0, FIELD), 145.57528823307234, UNKNOWN, HEMORRHAGIC)"
5,0.24418294143999997,0.24418294143999997,37.646510865978506,-122.08717734886956,"PatientState(Location(""FIELD"", (37.646510865978506, -122.08717734886956), -1.0, FIELD), 233.81785345068914, UNKNOWN, LVO)"
