sample,reward_best,reward_CA,location_lat,location_lon,patient_state
1,0.24418294143999997,0.24418294143999997,37.98024838695794,-121.71986365981495,"PatientState(Location(""FIELD"", (37.98024838695794, -121.71986365981495), -1.0, FIELD), 73.27288101550903, UNKNOWN, NLVO)"
2,0.24418294143999997,0.24418294143999997,37.980873591233596,-121.71735932606892,"PatientState(Location(""FIELD"", (37.980873591233596, -121.71735932606892), -1.0, FIELD), 227.83428598976587, UNKNOWN, HEMORRHAGIC)"
3,0.24418294143999997,0.24418294143999997,37.979375174798896,-121.7184019548907,"PatientState(Location(""FIELD"", (37.979375174798896, -121.7184019548907), -1.0, FIELD), 74.29689144517413, UNKNOWN, HEMORRHAGIC)"
4,0.24418294143999997,0.24418294143999997,37.981690398977655,-121.71742379954165,"PatientState(Location(""FIELD"", (37.981690398977655, -121.71742379954165), -1.0, FIELD), 92.28158770292994, UNKNOWN, LVO)"
5,0.32170596529554507,0.24418294143999997,37.97900454145968,-121.71708040871893,"PatientState(Location(""FIELD"", (37.97900454145968, -121.71708040871893), -1.0, FIELD), 22.749324148464552, UNKNOWN, LVO)"
