sample,reward_best,reward_CA,location_lat,location_lon,patient_state
1,0.33923627292466046,0.3292064828334492,38.02844213536551,-122.13834791533527,"PatientState(Location(""FIELD"", (38.02844213536551, -122.13834791533527), -1.0, FIELD), 4.551454522566583, UNKNOWN, LVO)"
2,0.2582904443791655,0.24418294143999997,38.02755475689253,-122.13787710524191,"PatientState(Location(""FIELD"", (38.02755475689253, -122.13787710524191), -1.0, FIELD), 105.89957324098599, UNKNOWN, MIMIC)"
3,0.24418294143999997,0.24418294143999997,38.02663731752616,-122.13670908716132,"PatientState(Location(""FIELD"", (38.02663731752616, -122.13670908716132), -1.0, FIELD), 266.19567426182726, UNKNOWN, LVO)"
4,0.255133759401644,0.24418294143999997,38.025729065023235,-122.1384773721356,"PatientState(Location(""FIELD"", (38.025729065023235, -122.1384773721356), -1.0, FIELD), 124.03171223885104, UNKNOWN, LVO)"
5,0.24418294143999997,0.24418294143999997,38.02662426438411,-122.1369602559892,"PatientState(Location(""FIELD"", (38.02662426438411, -122.1369602559892), -1.0, FIELD), 249.5599236596044, UNKNOWN, LVO)"
