sample,reward_best,reward_CA,location_lat,location_lon,patient_state
1,0.3560189640879677,0.3513216884088298,37.32098078825711,-121.8820963660245,"PatientState(Location(""FIELD"", (37.32098078825711, -121.8820963660245), -1.0, FIELD), 14.730660185439373, UNKNOWN, LVO)"
2,0.24418294143999997,0.24418294143999997,37.319991128779165,-121.88523078747595,"PatientState(Location(""FIELD"", (37.319991128779165, -121.88523078747595), -1.0, FIELD), 250.08181489040317, UNKNOWN, LVO)"
3,0.317725285837172,0.2552108657384029,37.32166560610839,-121.88402631179292,"PatientState(Location(""FIELD"", (37.32166560610839, -121.88402631179292), -1.0, FIELD), 181.3117563950669, UNKNOWN, LVO)"
4,0.24418294143999997,0.24418294143999997,37.32259360224407,-121.88132316551845,"PatientState(Location(""FIELD"", (37.32259360224407, -121.88132316551845), -1.0, FIELD), 232.6599869148809, UNKNOWN, LVO)"
5,0.24418294143999997,0.24418294143999997,37.32126934186442,-121.8808372166184,"PatientState(Location(""FIELD"", (37.32126934186442, -121.8808372166184), -1.0, FIELD), 223.67119306924656, UNKNOWN, LVO)"
