sample,reward_best,reward_CA,location_lat,location_lon,patient_state
1,0.24418294143999997,0.24418294143999997,37.57566369208308,-121.95921732708017,"PatientState(Location(""FIELD"", (37.57566369208308, -121.95921732708017), -1.0, FIELD), 196.7595973336175, UNKNOWN, NLVO)"
2,0.31913107714850664,0.24418294143999997,37.57461524481238,-121.95848580861956,"PatientState(Location(""FIELD"", (37.57461524481238, -121.95848580861956), -1.0, FIELD), 159.46673748085462, UNKNOWN, NLVO)"
3,0.32203466455536356,0.24418294143999997,37.57465047877664,-121.96065097348034,"PatientState(Location(""FIELD"", (37.57465047877664, -121.96065097348034), -1.0, FIELD), 146.42152079841654, UNKNOWN, MIMIC)"
4,0.32914468460693247,0.24418294143999997,37.5756281186688,-121.95629837860537,"PatientState(Location(""FIELD"", (37.5756281186688, -121.95629837860537), -1.0, FIELD), 114.9419903849148, UNKNOWN, HEMORRHAGIC)"
5,0.3336045037324718,0.31758408950312217,37.574922392774624,-121.95595865670604,"PatientState(Location(""FIELD"", (37.574922392774624, -121.95595865670604), -1.0, FIELD), 95.87503219439012, UNKNOWN, HEMORRHAGIC)"
