sample,reward_best,reward_CA,location_lat,location_lon,patient_state
1,0.24418294143999997,0.24418294143999997,38.014306448578495,-121.86033254742927,"PatientState(Location(""FIELD"", (38.014306448578495, -121.86033254742927), -1.0, FIELD), 100.26864130370745, UNKNOWN, HEMORRHAGIC)"
2,0.24418294143999997,0.24418294143999997,38.01488441431021,-121.85583417915062,"PatientState(Location(""FIELD"", (38.01488441431021, -121.85583417915062), -1.0, FIELD), 149.25407658464167, UNKNOWN, HEMORRHAGIC)"
3,0.24418294143999997,0.24418294143999997,38.01729713604055,-121.85641207976461,"PatientState(Location(""FIELD"", (38.01729713604055, -121.85641207976461), -1.0, FIELD), 216.61849657107845, UNKNOWN, LVO)"
4,0.24418294143999997,0.24418294143999997,38.01402982151275,-121.85720477697566,"PatientState(Location(""FIELD"", (38.01402982151275, -121.85720477697566), -1.0, FIELD), 157.72714055104558, UNKNOWN, HEMORRHAGIC)"
5,0.24418294143999997,0.24418294143999997,38.01387968350379,-121.86012341768118,"PatientState(Location(""FIELD"", (38.01387968350379, -121.86012341768118), -1.0, FIELD), 128.7264962259702, UNKNOWN, LVO)"
