sample,reward_best,reward_CA,location_lat,location_lon,patient_state
1,0.3144171615794018,0.24418294143999997,37.665928044765494,-121.85685437641543,"PatientState(Location(""FIELD"", (37.665928044765494, -121.85685437641543), -1.0, FIELD), 172.6479711571593, UNKNOWN, HEMORRHAGIC)"
2,0.3268378433291465,0.24418294143999997,37.665164799504446,-121.85816121411219,"PatientState(Location(""FIELD"", (37.665164799504446, -121.85816121411219), -1.0, FIELD), 117.92730941863735, UNKNOWN, LVO)"
3,0.34772683996427833,0.328373514828665,37.667405001875,-121.8575672213836,"PatientState(Location(""FIELD"", (37.667405001875, -121.8575672213836), -1.0, FIELD), 25.97751790108048, UNKNOWN, HEMORRHAGIC)"
4,0.3385622818068433,0.3195073680131519,37.66448596601597,-121.85730653767364,"PatientState(Location(""FIELD"", (37.66448596601597, -121.85730653767364), -1.0, FIELD), 66.34623007776958, UNKNOWN, LVO)"
5,0.24418294143999997,0.24418294143999997,37.665695808050685,-121.85689170143611,"PatientState(Location(""FIELD"", (37.665695808050685, -121.85689170143611), -1.0, FIELD), 199.56455496352615, UNKNOWN, LVO)"
