sample,reward_best,reward_CA,location_lat,location_lon,patient_state
1,0.3213384369859187,0.3213384369859187,37.212045848039445,-121.90306874142586,"PatientState(Location(""FIELD"", (37.212045848039445, -121.90306874142586), -1.0, FIELD), 160.73269948037006, UNKNOWN, MIMIC)"
2,0.24418294143999997,0.24418294143999997,37.21170376696516,-121.90238101602043,"PatientState(Location(""FIELD"", (37.21170376696516, -121.90238101602043), -1.0, FIELD), 232.52874300781272, UNKNOWN, MIMIC)"
3,0.33820210299364306,0.33820210299364306,37.20931532228825,-121.90394635359291,"PatientState(Location(""FIELD"", (37.20931532228825, -121.90394635359291), -1.0, FIELD), 86.64619132342291, UNKNOWN, MIMIC)"
4,0.32349631576838,0.32349631576838,37.21367736262986,-121.90426535736289,"PatientState(Location(""FIELD"", (37.21367736262986, -121.90426535736289), -1.0, FIELD), 151.2148591987113, UNKNOWN, HEMORRHAGIC)"
5,0.34833393445774224,0.34833393445774224,37.208835170127834,-121.9015501596717,"PatientState(Location(""FIELD"", (37.208835170127834, -121.9015501596717), -1.0, FIELD), 43.01890790084891, UNKNOWN, LVO)"
