sample,reward_best,reward_CA,location_lat,location_lon,patient_state
1,0.24418294143999997,0.24418294143999997,37.59906860836469,-122.36824426766118,"PatientState(Location(""FIELD"", (37.59906860836469, -122.36824426766118), -1.0, FIELD), 247.93737178039018, UNKNOWN, HEMORRHAGIC)"
2,0.3334039072045764,0.33032273930980166,37.599536861850794,-122.36619443420783,"PatientState(Location(""FIELD"", (37.599536861850794, -122.36619443420783), -1.0, FIELD), 103.58980491248735, UNKNOWN, LVO)"
3,0.34015290010429655,0.3372704203317577,37.60295210426837,-122.36591507681169,"PatientState(Location(""FIELD"", (37.60295210426837, -122.36591507681169), -1.0, FIELD), 74.17340987704783, UNKNOWN, LVO)"
4,0.34574736553412366,0.343204724093601,37.603527989004554,-122.3674652823267,"PatientState(Location(""FIELD"", (37.603527989004554, -122.3674652823267), -1.0, FIELD), 49.377367286765946, UNKNOWN, LVO)"
5,0.24418294143999997,0.24418294143999997,37.59965379074535,-122.36629103738403,"PatientState(Location(""FIELD"", (37.59965379074535, -122.36629103738403), -1.0, FIELD), 207.49048852399375, UNKNOWN, LVO)"
