sample,reward_best,reward_CA,location_lat,location_lon,patient_state
1,0.24418294143999997,0.24418294143999997,37.63565644408956,-121.714296258897,"PatientState(Location(""FIELD"", (37.63565644408956, -121.714296258897), -1.0, FIELD), 194.69864630318202, UNKNOWN, LVO)"
2,0.24418294143999997,0.24418294143999997,37.63853577695331,-121.71204180550876,"PatientState(Location(""FIELD"", (37.63853577695331, -121.71204180550876), -1.0, FIELD), 217.00801793784834, UNKNOWN, MIMIC)"
3,0.3319090900816999,0.24418294143999997,37.63473958002162,-121.71553930909978,"PatientState(Location(""FIELD"", (37.63473958002162, -121.71553930909978), -1.0, FIELD), 80.10557705573308, UNKNOWN, NLVO)"
4,0.24418294143999997,0.24418294143999997,37.637381796140616,-121.71388432898625,"PatientState(Location(""FIELD"", (37.637381796140616, -121.71388432898625), -1.0, FIELD), 205.07854148794237, UNKNOWN, LVO)"
5,0.24418294143999997,0.24418294143999997,37.63846726569707,-121.71208329539678,"PatientState(Location(""FIELD"", (37.63846726569707, -121.71208329539678), -1.0, FIELD), 173.58231021020543, UNKNOWN, LVO)"
