sample,reward_best,reward_CA,location_lat,location_lon,patient_state
1,0.24418294143999997,0.24418294143999997,38.1192237421251,-121.66323530949857,"PatientState(Location(""FIELD"", (38.1192237421251, -121.66323530949857), -1.0, FIELD), 133.45992998183826, UNKNOWN, NLVO)"
2,0.24418294143999997,0.24418294143999997,38.12034659031525,-121.66105662287815,"PatientState(Location(""FIELD"", (38.12034659031525, -121.66105662287815), -1.0, FIELD), 122.01458333022688, UNKNOWN, HEMORRHAGIC)"
3,0.24418294143999997,0.24418294143999997,38.11954636940498,-121.66171780259191,"PatientState(Location(""FIELD"", (38.11954636940498, -121.66171780259191), -1.0, FIELD), 266.8425875318131, UNKNOWN, LVO)"
4,0.24418294143999997,0.24418294143999997,38.122862267589085,-121.66214743060829,"PatientState(Location(""FIELD"", (38.122862267589085, -121.66214743060829), -1.0, FIELD), 93.92237907725239, UNKNOWN, HEMORRHAGIC)"
5,0.24418294143999997,0.24418294143999997,38.118806250955785,-121.66500513826178,"PatientState(Location(""FIELD"", (38.118806250955785, -121.66500513826178), -1.0, FIELD), 114.71542714523264, UNKNOWN, HEMORRHAGIC)"
