sample,reward_best,reward_CA,location_lat,location_lon,patient_state
1,0.24418294143999997,0.24418294143999997,38.13422498239165,-122.56551767508572,"PatientState(Location(""FIELD"", (38.13422498239165, -122.56551767508572), -1.0, FIELD), 239.5220883285185, UNKNOWN, HEMORRHAGIC)"
2,0.24418294143999997,0.24418294143999997,38.13833651234495,-122.56295008906358,"PatientState(Location(""FIELD"", (38.13833651234495, -122.56295008906358), -1.0, FIELD), 97.83595607841428, UNKNOWN, LVO)"
3,0.24418294143999997,0.24418294143999997,38.13778647146798,-122.56277647349918,"PatientState(Location(""FIELD"", (38.13778647146798, -122.56277647349918), -1.0, FIELD), 187.68468907816384, UNKNOWN, LVO)"
4,0.25430889637116366,0.253328329958882,38.13494956561871,-122.56117553425682,"PatientState(Location(""FIELD"", (38.13494956561871, -122.56117553425682), -1.0, FIELD), 57.82551027565606, UNKNOWN, HEMORRHAGIC)"
5,0.3224798188149201,0.25859658262411006,38.13456215190267,-122.56485749393869,"PatientState(Location(""FIELD"", (38.13456215190267, -122.56485749393869), -1.0, FIELD), 34.617538006763866, UNKNOWN, NLVO)"
