sample,reward_best,reward_CA,location_lat,location_lon,patient_state
1,0.24418294143999997,0.24418294143999997,37.8990715070493,-122.52807622955282,"PatientState(Location(""FIELD"", (37.8990715070493, -122.52807622955282), -1.0, FIELD), 189.80930706765307, UNKNOWN, LVO)"
2,0.24418294143999997,0.24418294143999997,37.90324301993835,-122.53043710532346,"PatientState(Location(""FIELD"", (37.90324301993835, -122.53043710532346), -1.0, FIELD), 227.3460200037025, UNKNOWN, LVO)"
3,0.2605501349452535,0.24418294143999997,37.90293708339757,-122.53055168576863,"PatientState(Location(""FIELD"", (37.90293708339757, -122.53055168576863), -1.0, FIELD), 113.6083725188899, UNKNOWN, LVO)"
4,0.24418294143999997,0.24418294143999997,37.90149453692346,-122.52722544417117,"PatientState(Location(""FIELD"", (37.90149453692346, -122.52722544417117), -1.0, FIELD), 255.2795600864519, UNKNOWN, LVO)"
5,0.24418294143999997,0.24418294143999997,37.90249425606633,-122.52651893891976,"PatientState(Location(""FIELD"", (37.90249425606633, -122.52651893891976), -1.0, FIELD), 192.9945889668837, UNKNOWN, LVO)"
