sample,reward_best,reward_CA,location_lat,location_lon,patient_state
1,0.3493625306575711,0.3324693268370468,37.540933678861904,-122.01554032290304,"PatientState(Location(""FIELD"", (37.540933678861904, -122.01554032290304), -1.0, FIELD), 28.337932928863612, UNKNOWN, HEMORRHAGIC)"
2,0.24418294143999997,0.24418294143999997,37.541939691474816,-122.01579583871674,"PatientState(Location(""FIELD"", (37.541939691474816, -122.01579583871674), -1.0, FIELD), 244.42189156998543, UNKNOWN, HEMORRHAGIC)"
3,0.3532343145698356,0.3360894529941578,37.540316882285744,-122.01124443635172,"PatientState(Location(""FIELD"", (37.540316882285744, -122.01124443635172), -1.0, FIELD), 12.384286563021208, UNKNOWN, LVO)"
4,0.3153820536583891,0.24418294143999997,37.543625792614414,-122.01202416114391,"PatientState(Location(""FIELD"", (37.543625792614414, -122.01202416114391), -1.0, FIELD), 176.47525922340623, UNKNOWN, HEMORRHAGIC)"
5,0.32453075439771184,0.24418294143999997,37.54368723066953,-122.01576207866135,"PatientState(Location(""FIELD"", (37.54368723066953, -122.01576207866135), -1.0, FIELD), 135.5499703271471, UNKNOWN, LVO)"
