sample,reward_best,reward_CA,location_lat,location_lon,patient_state
1,0.32872620623539056,0.24418294143999997,38.155157592773726,-122.42238601432636,"PatientState(Location(""FIELD"", (38.155157592773726, -122.42238601432636), -1.0, FIELD), 2.7237186857927407, UNKNOWN, NLVO)"
2,0.24418294143999997,0.24418294143999997,38.15598505213178,-122.42446932631833,"PatientState(Location(""FIELD"", (38.15598505213178, -122.42446932631833), -1.0, FIELD), 193.03291604901517, UNKNOWN, LVO)"
3,0.31846032272398345,0.24418294143999997,38.15453342213492,-122.4257174374342,"PatientState(Location(""FIELD"", (38.15453342213492, -122.4257174374342), -1.0, FIELD), 48.43484140828983, UNKNOWN, HEMORRHAGIC)"
4,0.24418294143999997,0.24418294143999997,38.15778266024027,-122.42324644780649,"PatientState(Location(""FIELD"", (38.15778266024027, -122.42324644780649), -1.0, FIELD), 266.67842004566853, UNKNOWN, LVO)"
5,0.31707483583092727,0.24418294143999997,38.15461906523558,-122.42443528783295,"PatientState(Location(""FIELD"", (38.15461906523558, -122.42443528783295), -1.0, FIELD), 54.541600115019826, UNKNOWN, HEMORRHAGIC)"
