sample,reward_best,reward_CA,location_lat,location_lon,patient_state
1,0.24418294143999997,0.24418294143999997,38.01504234909143,-122.03288532623536,"PatientState(Location(""FIELD"", (38.01504234909143, -122.03288532623536), -1.0, FIELD), 216.85627576902584, UNKNOWN, HEMORRHAGIC)"
2,0.31820102402313305,0.31820102402313305,38.01417293560337,-122.03442040873556,"PatientState(Location(""FIELD"", (38.01417293560337, -122.03442040873556), -1.0, FIELD), 58.037544614621254, UNKNOWN, HEMORRHAGIC)"
3,0.24418294143999997,0.24418294143999997,38.014893472372314,-122.03459584983786,"PatientState(Location(""FIELD"", (38.014893472372314, -122.03459584983786), -1.0, FIELD), 237.91555268480465, UNKNOWN, LVO)"
4,0.24418294143999997,0.24418294143999997,38.015499071631424,-122.03356311754406,"PatientState(Location(""FIELD"", (38.015499071631424, -122.03356311754406), -1.0, FIELD), 252.75722680776946, UNKNOWN, HEMORRHAGIC)"
5,0.24418294143999997,0.24418294143999997,38.01824100868169,-122.0326887243415,"PatientState(Location(""FIELD"", (38.01824100868169, -122.0326887243415), -1.0, FIELD), 147.67041412950994, UNKNOWN, LVO)"
