sample,reward_best,reward_CA,location_lat,location_lon,patient_state
1,0.24418294143999997,0.24418294143999997,38.14375037850023,-121.98516776172038,"PatientState(Location(""FIELD"", (38.14375037850023, -121.98516776172038), -1.0, FIELD), 168.54860656497456, UNKNOWN, HEMORRHAGIC)"
2,0.24418294143999997,0.24418294143999997,38.14028581346542,-121.98515244777572,"PatientState(Location(""FIELD"", (38.14028581346542, -121.98515244777572), -1.0, FIELD), 131.70617540525993, UNKNOWN, MIMIC)"
3,0.2523038722850512,0.24418294143999997,38.1424018537935,-121.98489069682645,"PatientState(Location(""FIELD"", (38.1424018537935, -121.98489069682645), -1.0, FIELD), 34.200136156521914, UNKNOWN, HEMORRHAGIC)"
4,0.24418294143999997,0.24418294143999997,38.14319915011514,-121.98374417906228,"PatientState(Location(""FIELD"", (38.14319915011514, -121.98374417906228), -1.0, FIELD), 128.45621327184531, UNKNOWN, HEMORRHAGIC)"
5,0.24418294143999997,0.24418294143999997,38.14322707076898,-121.98459410193186,"PatientState(Location(""FIELD"", (38.14322707076898, -121.98459410193186), -1.0, FIELD), 194.1471075168083, UNKNOWN, MIMIC)"
