sample,reward_best,reward_CA,location_lat,location_lon,patient_state
1,0.33840871213862855,0.3222299200680705,37.821331320288024,-121.95139161653341,"PatientState(Location(""FIELD"", (37.821331320288024, -121.95139161653341), -1.0, FIELD), 25.910774833269794, UNKNOWN, NLVO)"
2,0.3307617280925152,0.2529651658398945,37.82037363406546,-121.95460710191063,"PatientState(Location(""FIELD"", (37.82037363406546, -121.95460710191063), -1.0, FIELD), 59.55832498498194, UNKNOWN, HEMORRHAGIC)"
3,0.24418294143999997,0.24418294143999997,37.820922410969516,-121.95270875581497,"PatientState(Location(""FIELD"", (37.820922410969516, -121.95270875581497), -1.0, FIELD), 241.98646348349212, UNKNOWN, LVO)"
4,0.24418294143999997,0.24418294143999997,37.822478569474505,-121.95106790869802,"PatientState(Location(""FIELD"", (37.822478569474505, -121.95106790869802), -1.0, FIELD), 214.5683941294945, UNKNOWN, HEMORRHAGIC)"
5,0.24418294143999997,0.24418294143999997,37.819850780391114,-121.95317810594975,"PatientState(Location(""FIELD"", (37.819850780391114, -121.95317810594975), -1.0, FIELD), 165.11384502465876, UNKNOWN, HEMORRHAGIC)"
