sample,reward_best,reward_CA,location_lat,location_lon,patient_state
1,0.24418294143999997,0.24418294143999997,37.716975852339125,-121.95001255120127,"PatientState(Location(""FIELD"", (37.716975852339125, -121.95001255120127), -1.0, FIELD), 230.5963908699589, UNKNOWN, LVO)"
2,0.24418294143999997,0.24418294143999997,37.71819346930995,-121.94687835335476,"PatientState(Location(""FIELD"", (37.71819346930995, -121.94687835335476), -1.0, FIELD), 205.55515404501742, UNKNOWN, HEMORRHAGIC)"
3,0.24418294143999997,0.24418294143999997,37.71559391773055,-121.95013094844487,"PatientState(Location(""FIELD"", (37.71559391773055, -121.95013094844487), -1.0, FIELD), 256.68131023187055, UNKNOWN, LVO)"
4,0.33082670484184357,0.24418294143999997,37.71693616194212,-121.94865252296898,"PatientState(Location(""FIELD"", (37.71693616194212, -121.94865252296898), -1.0, FIELD), 97.36584305570192, UNKNOWN, LVO)"
5,0.24418294143999997,0.24418294143999997,37.716833363205254,-121.94624125465101,"PatientState(Location(""FIELD"", (37.716833363205254, -121.94624125465101), -1.0, FIELD), 240.26310074679296, UNKNOWN, HEMORRHAGIC)"
