sample,reward_best,reward_CA,location_lat,location_lon,patient_state
1,0.3362394439744485,0.3165725985313006,37.70972705912995,-121.70378196089791,"PatientState(Location(""FIELD"", (37.70972705912995, -121.70378196089791), -1.0, FIELD), 62.38555731465145, UNKNOWN, NLVO)"
2,0.24418294143999997,0.24418294143999997,37.709572683280676,-121.70490788106149,"PatientState(Location(""FIELD"", (37.709572683280676, -121.70490788106149), -1.0, FIELD), 233.81605651961857, UNKNOWN, NLVO)"
3,0.24418294143999997,0.24418294143999997,37.709832574022336,-121.70374386760689,"PatientState(Location(""FIELD"", (37.709832574022336, -121.70374386760689), -1.0, FIELD), 230.69496902540558, UNKNOWN, HEMORRHAGIC)"
4,0.3209113158419088,0.24418294143999997,37.71198771742766,-121.70514403944537,"PatientState(Location(""FIELD"", (37.71198771742766, -121.70514403944537), -1.0, FIELD), 129.53253583609342, UNKNOWN, HEMORRHAGIC)"
5,0.24418294143999997,0.24418294143999997,37.71107241769184,-121.70197024392634,"PatientState(Location(""FIELD"", (37.71107241769184, -121.70197024392634), -1.0, FIELD), 233.13465111331283, UNKNOWN, MIMIC)"
