sample,reward_best,reward_CA,location_lat,location_lon,patient_state
1,0.24418294143999997,0.24418294143999997,37.97310662163135,-122.25817417383335,"PatientState(Location(""FIELD"", (37.97310662163135, -122.25817417383335), -1.0, FIELD), 261.33461817454935, UNKNOWN, HEMORRHAGIC)"
2,0.24418294143999997,0.24418294143999997,37.968991615925475,-122.25851787599946,"PatientState(Location(""FIELD"", (37.968991615925475, -122.25851787599946), -1.0, FIELD), 223.30161222606228, UNKNOWN, LVO)"
3,0.2581353207655537,0.24418294143999997,37.97239339607713,-122.25767994799624,"PatientState(Location(""FIELD"", (37.97239339607713, -122.25767994799624), -1.0, FIELD), 113.77884979842945, UNKNOWN, LVO)"
4,0.3382854610668511,0.3268644573710347,37.97205551339018,-122.25773907033708,"PatientState(Location(""FIELD"", (37.97205551339018, -122.25773907033708), -1.0, FIELD), 15.52318063057815, UNKNOWN, MIMIC)"
5,0.33274829933363415,0.32148350732762043,37.972687203533674,-122.25863694974124,"PatientState(Location(""FIELD"", (37.972687203533674, -122.25863694974124), -1.0, FIELD), 39.74600806844403, UNKNOWN, HEMORRHAGIC)"
