sample,reward_best,reward_CA,location_lat,location_lon,patient_state
1,0.3482007428055092,0.3482007428055092,37.315812212984405,-121.77201529053566,"PatientState(Location(""FIELD"", (37.315812212984405, -121.77201529053566), -1.0, FIELD), 39.67516722657285, UNKNOWN, NLVO)"
2,0.31546106067347796,0.31546106067347796,37.31563715319427,-121.77337768930687,"PatientState(Location(""FIELD"", (37.31563715319427, -121.77337768930687), -1.0, FIELD), 182.75617342805975, UNKNOWN, HEMORRHAGIC)"
3,0.3416107361173145,0.3416107361173145,37.316570432223756,-121.77110396661035,"PatientState(Location(""FIELD"", (37.316570432223756, -121.77110396661035), -1.0, FIELD), 67.36160033965614, UNKNOWN, LVO)"
4,0.33540835427045756,0.33540835427045756,37.318034898406744,-121.77083109172938,"PatientState(Location(""FIELD"", (37.318034898406744, -121.77083109172938), -1.0, FIELD), 94.51706765331313, UNKNOWN, HEMORRHAGIC)"
5,0.33225890763754173,0.33225890763754173,37.315480938044594,-121.77086992493365,"PatientState(Location(""FIELD"", (37.315480938044594, -121.77086992493365), -1.0, FIELD), 107.96924337594527, UNKNOWN, MIMIC)"
