sample,reward_best,reward_CA,location_lat,location_lon,patient_state
1,0.24418294143999997,0.24418294143999997,37.859611332749765,-121.83452258820596,"PatientState(Location(""FIELD"", (37.859611332749765, -121.83452258820596), -1.0, FIELD), 163.75723618447884, UNKNOWN, NLVO)"
2,0.24418294143999997,0.24418294143999997,37.860559147111424,-121.83330719690443,"PatientState(Location(""FIELD"", (37.860559147111424, -121.83330719690443), -1.0, FIELD), 160.70528269047608, UNKNOWN, HEMORRHAGIC)"
3,0.24418294143999997,0.24418294143999997,37.85967769647546,-121.83095259959087,"PatientState(Location(""FIELD"", (37.85967769647546, -121.83095259959087), -1.0, FIELD), 53.84875381920975, UNKNOWN, LVO)"
4,0.31684963387339193,0.24418294143999997,37.86078580525091,-121.83393837846599,"PatientState(Location(""FIELD"", (37.86078580525091, -121.83393837846599), -1.0, FIELD), 25.24730504377649, UNKNOWN, LVO)"
5,0.24418294143999997,0.24418294143999997,37.858808401852265,-121.83334858628794,"PatientState(Location(""FIELD"", (37.858808401852265, -121.83334858628794), -1.0, FIELD), 43.7317057336953, UNKNOWN, HEMORRHAGIC)"
