sample,reward_best,reward_CA,location_lat,location_lon,patient_state
1,0.24418294143999997,0.24418294143999997,37.796277078554915,-121.8200771419079,"PatientState(Location(""FIELD"", (37.796277078554915, -121.8200771419079), -1.0, FIELD), 265.6117264884251, UNKNOWN, LVO)"
2,0.24418294143999997,0.24418294143999997,37.79874728303636,-121.81652235956213,"PatientState(Location(""FIELD"", (37.79874728303636, -121.81652235956213), -1.0, FIELD), 246.6722623498732, UNKNOWN, HEMORRHAGIC)"
3,0.24418294143999997,0.24418294143999997,37.7958597064487,-121.81942748447533,"PatientState(Location(""FIELD"", (37.7958597064487, -121.81942748447533), -1.0, FIELD), 225.32663307752347, UNKNOWN, HEMORRHAGIC)"
4,0.24418294143999997,0.24418294143999997,37.794462875480484,-121.81885200913706,"PatientState(Location(""FIELD"", (37.794462875480484, -121.81885200913706), -1.0, FIELD), 181.17730711333954, UNKNOWN, MIMIC)"
5,0.3446201205376945,0.32294654818813195,37.79582627699812,-121.81834574298325,"PatientState(Location(""FIELD"", (37.79582627699812, -121.81834574298325), -1.0, FIELD), 11.300339609956655, UNKNOWN, HEMORRHAGIC)"
