sample,reward_best,reward_CA,location_lat,location_lon,patient_state
1,0.24418294143999997,0.24418294143999997,38.109237923528156,-121.99083887646523,"PatientState(Location(""FIELD"", (38.109237923528156, -121.99083887646523), -1.0, FIELD), 8.192837380084853, UNKNOWN, LVO)"
2,0.24418294143999997,0.24418294143999997,38.11138395528122,-121.99304777000668,"PatientState(Location(""FIELD"", (38.11138395528122, -121.99304777000668), -1.0, FIELD), 256.86719980329116, UNKNOWN, LVO)"
3,0.24418294143999997,0.24418294143999997,38.10976067204399,-121.99230724338001,"PatientState(Location(""FIELD"", (38.10976067204399, -121.99230724338001), -1.0, FIELD), 267.5919855988163, UNKNOWN, LVO)"
4,0.24418294143999997,0.24418294143999997,38.11251397312014,-121.9910548183966,"PatientState(Location(""FIELD"", (38.11251397312014, -121.9910548183966), -1.0, FIELD), 261.65448702061144, UNKNOWN, LVO)"
5,0.24418294143999997,0.24418294143999997,38.109778167600744,-121.99081591927221,"PatientState(Location(""FIELD"", (38.109778167600744, -121.99081591927221), -1.0, FIELD), 142.94359573984772, UNKNOWN, LVO)"
