sample,reward_best,reward_CA,location_lat,location_lon,patient_state
1,0.34831566697121763,0.34450773790611844,37.37995607634837,-122.38670000164954,"PatientState(Location(""FIELD"", (37.37995607634837, -122.38670000164954), -1.0, FIELD), 14.696564856470111, UNKNOWN, HEMORRHAGIC)"
2,0.24418294143999997,0.24418294143999997,37.38369481062954,-122.38993018397179,"PatientState(Location(""FIELD"", (37.38369481062954, -122.38993018397179), -1.0, FIELD), 237.9864746477944, UNKNOWN, HEMORRHAGIC)"
3,0.24418294143999997,0.24418294143999997,37.38123560993754,-122.39022648761642,"PatientState(Location(""FIELD"", (37.38123560993754, -122.39022648761642), -1.0, FIELD), 253.7228859159449, UNKNOWN, LVO)"
4,0.3213574692653495,0.2606058217628118,37.37924200038206,-122.38869039051109,"PatientState(Location(""FIELD"", (37.37924200038206, -122.38869039051109), -1.0, FIELD), 131.87300615348806, UNKNOWN, NLVO)"
5,0.24418294143999997,0.24418294143999997,37.380720938829576,-122.38841962481025,"PatientState(Location(""FIELD"", (37.380720938829576, -122.38841962481025), -1.0, FIELD), 250.19870888097375, UNKNOWN, NLVO)"
