sample,reward_best,reward_CA,location_lat,location_lon,patient_state
1,0.35275347976413096,0.33681426040877316,37.55717481379365,-122.00110875779785,"PatientState(Location(""FIELD"", (37.55717481379365, -122.00110875779785), -1.0, FIELD), 11.29134801695969, UNKNOWN, MIMIC)"
2,0.32233646161486224,0.24418294143999997,37.55552536758459,-122.00396595338349,"PatientState(Location(""FIELD"", (37.55552536758459, -122.00396595338349), -1.0, FIELD), 144.0823592718228, UNKNOWN, MIMIC)"
3,0.32229154149964867,0.24418294143999997,37.55741100539974,-122.00438272785509,"PatientState(Location(""FIELD"", (37.55741100539974, -122.00438272785509), -1.0, FIELD), 143.78188186615682, UNKNOWN, HEMORRHAGIC)"
4,0.3415919868784934,0.32584227033630003,37.55851937611675,-122.00467566654183,"PatientState(Location(""FIELD"", (37.55851937611675, -122.00467566654183), -1.0, FIELD), 59.5854605737599, UNKNOWN, NLVO)"
5,0.3204527897235127,0.24418294143999997,37.55510602449037,-122.00512329226477,"PatientState(Location(""FIELD"", (37.55510602449037, -122.00512329226477), -1.0, FIELD), 152.7106067437212, UNKNOWN, HEMORRHAGIC)"
