sample,reward_best,reward_CA,location_lat,location_lon,patient_state
1,0.33758042565320534,0.33758042565320534,37.367819596358636,-121.81398262632348,"PatientState(Location(""FIELD"", (37.367819596358636, -121.81398262632348), -1.0, FIELD), 95.17391493389377, UNKNOWN, MIMIC)"
2,0.3289291443534863,0.3289291443534863,37.36558354952093,-121.81346722730778,"PatientState(Location(""FIELD"", (37.36558354952093, -121.81346722730778), -1.0, FIELD), 131.85251135724766, UNKNOWN, LVO)"
3,0.3167615711605583,0.3167615711605583,37.364893634114104,-121.81427196756347,"PatientState(Location(""FIELD"", (37.364893634114104, -121.81427196756347), -1.0, FIELD), 186.1118082866162, UNKNOWN, HEMORRHAGIC)"
4,0.24418294143999997,0.24418294143999997,37.368243200903954,-121.8128239370781,"PatientState(Location(""FIELD"", (37.368243200903954, -121.8128239370781), -1.0, FIELD), 258.92942981262956, UNKNOWN, LVO)"
5,0.24418294143999997,0.24418294143999997,37.36855250755725,-121.81177424450433,"PatientState(Location(""FIELD"", (37.36855250755725, -121.81177424450433), -1.0, FIELD), 227.6369397256101, UNKNOWN, HEMORRHAGIC)"
