sample,reward_best,reward_CA,location_lat,location_lon,patient_state
1,0.3391395468643459,0.3193707172963228,37.710103095895604,-121.90882854722855,"PatientState(Location(""FIELD"", (37.710103095895604, -121.90882854722855), -1.0, FIELD), 63.16263242664615, UNKNOWN, LVO)"
2,0.24418294143999997,0.24418294143999997,37.71145434775056,-121.90903226484056,"PatientState(Location(""FIELD"", (37.71145434775056, -121.90903226484056), -1.0, FIELD), 197.07299821637503, UNKNOWN, HEMORRHAGIC)"
3,0.316612288121578,0.24418294143999997,37.71185853992268,-121.90687478402461,"PatientState(Location(""FIELD"", (37.71185853992268, -121.90687478402461), -1.0, FIELD), 157.57893576601495, UNKNOWN, MIMIC)"
4,0.24418294143999997,0.24418294143999997,37.713668819593074,-121.90984170902547,"PatientState(Location(""FIELD"", (37.713668819593074, -121.90984170902547), -1.0, FIELD), 231.85085920126355, UNKNOWN, MIMIC)"
5,0.24418294143999997,0.24418294143999997,37.71200935903166,-121.91003059773908,"PatientState(Location(""FIELD"", (37.71200935903166, -121.91003059773908), -1.0, FIELD), 224.8794369670824, UNKNOWN, HEMORRHAGIC)"
