sample,reward_best,reward_CA,location_lat,location_lon,patient_state
1,0.24418294143999997,0.24418294143999997,37.23887237927977,-121.88695302750078,"PatientState(Location(""FIELD"", (37.23887237927977, -121.88695302750078), -1.0, FIELD), 262.08117554110066, UNKNOWN, NLVO)"
2,0.24418294143999997,0.24418294143999997,37.2391026148118,-121.88676783815045,"PatientState(Location(""FIELD"", (37.2391026148118, -121.88676783815045), -1.0, FIELD), 240.0096306291324, UNKNOWN, HEMORRHAGIC)"
3,0.35754238143963135,0.35754238143963135,37.242022214328124,-121.88993112374148,"PatientState(Location(""FIELD"", (37.242022214328124, -121.88993112374148), -1.0, FIELD), 8.762897461051203, UNKNOWN, NLVO)"
4,0.35724178415368024,0.35724178415368024,37.24140891516481,-121.89051029678959,"PatientState(Location(""FIELD"", (37.24140891516481, -121.89051029678959), -1.0, FIELD), 10.11791267708427, UNKNOWN, LVO)"
5,0.31463944813116806,0.31463944813116806,37.24245486051173,-121.88910213259989,"PatientState(Location(""FIELD"", (37.24245486051173, -121.88910213259989), -1.0, FIELD), 194.68355120628627, UNKNOWN, LVO)"
