sample,reward_best,reward_CA,location_lat,location_lon,patient_state
1,0.24418294143999997,0.24418294143999997,37.49792442549008,-121.62900099590931,"PatientState(Location(""FIELD"", (37.49792442549008, -121.62900099590931), -1.0, FIELD), 264.5029426151872, UNKNOWN, HEMORRHAGIC)"
2,0.32321542477476056,0.24418294143999997,37.49829622537769,-121.62992973863112,"PatientState(Location(""FIELD"", (37.49829622537769, -121.62992973863112), -1.0, FIELD), 61.45335822604686, UNKNOWN, HEMORRHAGIC)"
3,0.31818623284669706,0.24418294143999997,37.497605338723815,-121.62805364626027,"PatientState(Location(""FIELD"", (37.497605338723815, -121.62805364626027), -1.0, FIELD), 83.3151585816912, UNKNOWN, HEMORRHAGIC)"
4,0.24418294143999997,0.24418294143999997,37.49492889202442,-121.63054702225111,"PatientState(Location(""FIELD"", (37.49492889202442, -121.63054702225111), -1.0, FIELD), 208.44700782530631, UNKNOWN, LVO)"
5,0.32671716229119685,0.24418294143999997,37.49647658069002,-121.62953649199618,"PatientState(Location(""FIELD"", (37.49647658069002, -121.62953649199618), -1.0, FIELD), 45.7872114512417, UNKNOWN, HEMORRHAGIC)"
