sample,reward_best,reward_CA,location_lat,location_lon,patient_state
1,0.24418294143999997,0.24418294143999997,37.44949081166112,-121.63013661249869,"PatientState(Location(""FIELD"", (37.44949081166112, -121.63013661249869), -1.0, FIELD), 185.7250991747989, UNKNOWN, LVO)"
2,0.24418294143999997,0.24418294143999997,37.45092365809605,-121.63077630092214,"PatientState(Location(""FIELD"", (37.45092365809605, -121.63077630092214), -1.0, FIELD), 169.8362268419642, UNKNOWN, HEMORRHAGIC)"
3,0.24418294143999997,0.24418294143999997,37.44893691063688,-121.62930243112689,"PatientState(Location(""FIELD"", (37.44893691063688, -121.62930243112689), -1.0, FIELD), 179.27003207526428, UNKNOWN, MIMIC)"
4,0.3204570412621196,0.24418294143999997,37.450198735810105,-121.62960908078276,"PatientState(Location(""FIELD"", (37.450198735810105, -121.62960908078276), -1.0, FIELD), 77.16832130062197, UNKNOWN, MIMIC)"
5,0.3236701941328602,0.24418294143999997,37.45005815354565,-121.63031834088778,"PatientState(Location(""FIELD"", (37.45005815354565, -121.63031834088778), -1.0, FIELD), 63.43773638330278, UNKNOWN, HEMORRHAGIC)"
