sample,reward_best,reward_CA,location_lat,location_lon,patient_state
1,0.3275133052895172,0.24418294143999997,37.76680736758725,-122.22083895041891,"PatientState(Location(""FIELD"", (37.76680736758725, -122.22083895041891), -1.0, FIELD), 111.55923796615818, UNKNOWN, LVO)"
2,0.24418294143999997,0.24418294143999997,37.76665100356944,-122.22090993243094,"PatientState(Location(""FIELD"", (37.76665100356944, -122.22090993243094), -1.0, FIELD), 237.72273904274022, UNKNOWN, LVO)"
3,0.24418294143999997,0.24418294143999997,37.768786815872964,-122.22427960538764,"PatientState(Location(""FIELD"", (37.768786815872964, -122.22427960538764), -1.0, FIELD), 236.78884527543764, UNKNOWN, NLVO)"
4,0.31708239978833597,0.24418294143999997,37.76457220696513,-122.22091192803848,"PatientState(Location(""FIELD"", (37.76457220696513, -122.22091192803848), -1.0, FIELD), 157.58158546567864, UNKNOWN, LVO)"
5,0.3526753914347035,0.3354984499000071,37.76701207147982,-122.22335428996729,"PatientState(Location(""FIELD"", (37.76701207147982, -122.22335428996729), -1.0, FIELD), 2.7928835063866266, UNKNOWN, HEMORRHAGIC)"
