sample,reward_best,reward_CA,location_lat,location_lon,patient_state
1,0.24418294143999997,0.24418294143999997,38.007486831850265,-122.00128712461701,"PatientState(Location(""FIELD"", (38.007486831850265, -122.00128712461701), -1.0, FIELD), 256.8507928697004, UNKNOWN, LVO)"
2,0.24418294143999997,0.24418294143999997,38.00862500829724,-122.00320886132438,"PatientState(Location(""FIELD"", (38.00862500829724, -122.00320886132438), -1.0, FIELD), 254.0442360638866, UNKNOWN, MIMIC)"
3,0.24418294143999997,0.24418294143999997,38.004724041851716,-122.0022118741877,"PatientState(Location(""FIELD"", (38.004724041851716, -122.0022118741877), -1.0, FIELD), 245.80524220567614, UNKNOWN, LVO)"
4,0.32144624948937506,0.32144624948937506,38.00448459489537,-122.00569600910084,"PatientState(Location(""FIELD"", (38.00448459489537, -122.00569600910084), -1.0, FIELD), 40.32025808650777, UNKNOWN, HEMORRHAGIC)"
5,0.24418294143999997,0.24418294143999997,38.00473525541076,-122.00101657041638,"PatientState(Location(""FIELD"", (38.00473525541076, -122.00101657041638), -1.0, FIELD), 261.1465348969476, UNKNOWN, NLVO)"
