sample,reward_best,reward_CA,location_lat,location_lon,patient_state
1,0.34967688915183126,0.34967688915183126,37.30367486418597,-121.85333362344795,"PatientState(Location(""FIELD"", (37.30367486418597, -121.85333362344795), -1.0, FIELD), 38.20556621265496, UNKNOWN, NLVO)"
2,0.3267293964631298,0.3267293964631298,37.29903477521459,-121.85092094547838,"PatientState(Location(""FIELD"", (37.29903477521459, -121.85092094547838), -1.0, FIELD), 123.4233177402065, UNKNOWN, HEMORRHAGIC)"
3,0.324566307720902,0.324566307720902,37.30176600460639,-121.8514509947904,"PatientState(Location(""FIELD"", (37.30176600460639, -121.8514509947904), -1.0, FIELD), 140.121052566058, UNKNOWN, HEMORRHAGIC)"
4,0.24418294143999997,0.24418294143999997,37.300932185508024,-121.85441987255518,"PatientState(Location(""FIELD"", (37.300932185508024, -121.85441987255518), -1.0, FIELD), 206.06737513238394, UNKNOWN, LVO)"
5,0.33400468541513245,0.33400468541513245,37.30291832491414,-121.85171260040138,"PatientState(Location(""FIELD"", (37.30291832491414, -121.85171260040138), -1.0, FIELD), 97.28245015251916, UNKNOWN, LVO)"
