sample,reward_best,reward_CA,location_lat,location_lon,patient_state
1,0.24418294143999997,0.24418294143999997,38.16495916833386,-122.56370202696719,"PatientState(Location(""FIELD"", (38.16495916833386, -122.56370202696719), -1.0, FIELD), 223.27863356103944, UNKNOWN, HEMORRHAGIC)"
2,0.3232864091624533,0.25923633436268617,38.164466023417724,-122.56121774391941,"PatientState(Location(""FIELD"", (38.164466023417724, -122.56121774391941), -1.0, FIELD), 25.404116232831917, UNKNOWN, HEMORRHAGIC)"
3,0.3160350219950393,0.25352985717803755,38.16734310117991,-122.5651062855413,"PatientState(Location(""FIELD"", (38.16734310117991, -122.5651062855413), -1.0, FIELD), 49.837036187307994, UNKNOWN, LVO)"
4,0.24418294143999997,0.24418294143999997,38.165067245120085,-122.56515978012885,"PatientState(Location(""FIELD"", (38.165067245120085, -122.56515978012885), -1.0, FIELD), 161.00148220856912, UNKNOWN, HEMORRHAGIC)"
5,0.24418294143999997,0.24418294143999997,38.16604453563532,-122.56523786822935,"PatientState(Location(""FIELD"", (38.16604453563532, -122.56523786822935), -1.0, FIELD), 182.65822783793868, UNKNOWN, LVO)"
