sample,reward_best,reward_CA,location_lat,location_lon,patient_state
1,0.24418294143999997,0.24418294143999997,37.88237952062487,-121.69861887957052,"PatientState(Location(""FIELD"", (37.88237952062487, -121.69861887957052), -1.0, FIELD), 110.51562897503653, UNKNOWN, MIMIC)"
2,0.24418294143999997,0.24418294143999997,37.88231150717674,-121.6970597313674,"PatientState(Location(""FIELD"", (37.88231150717674, -121.6970597313674), -1.0, FIELD), 118.75514595183739, UNKNOWN, HEMORRHAGIC)"
3,0.24418294143999997,0.24418294143999997,37.88379281565907,-121.69682119538813,"PatientState(Location(""FIELD"", (37.88379281565907, -121.69682119538813), -1.0, FIELD), 67.19034226061706, UNKNOWN, LVO)"
4,0.3202847613347069,0.24418294143999997,37.87978219523883,-121.69732684875456,"PatientState(Location(""FIELD"", (37.87978219523883, -121.69732684875456), -1.0, FIELD), 26.438147604297253, UNKNOWN, LVO)"
5,0.24418294143999997,0.24418294143999997,37.879434300317435,-121.69793482235436,"PatientState(Location(""FIELD"", (37.879434300317435, -121.69793482235436), -1.0, FIELD), 58.445108162968246, UNKNOWN, LVO)"
