sample,reward_best,reward_CA,location_lat,location_lon,patient_state
1,0.24418294143999997,0.24418294143999997,37.98695312887271,-121.73196370995768,"PatientState(Location(""FIELD"", (37.98695312887271, -121.73196370995768), -1.0, FIELD), 87.4136208697728, UNKNOWN, HEMORRHAGIC)"
2,0.24418294143999997,0.24418294143999997,37.98784140177182,-121.73412084612377,"PatientState(Location(""FIELD"", (37.98784140177182, -121.73412084612377), -1.0, FIELD), 136.76502161400558, UNKNOWN, NLVO)"
3,0.24418294143999997,0.24418294143999997,37.98486192491346,-121.73445588196392,"PatientState(Location(""FIELD"", (37.98486192491346, -121.73445588196392), -1.0, FIELD), 223.79636564034055, UNKNOWN, HEMORRHAGIC)"
4,0.3191791711684399,0.24418294143999997,37.98715574665864,-121.7315604461031,"PatientState(Location(""FIELD"", (37.98715574665864, -121.7315604461031), -1.0, FIELD), 36.63238003242886, UNKNOWN, LVO)"
5,0.32662005190203713,0.24418294143999997,37.98557393035363,-121.73494184898253,"PatientState(Location(""FIELD"", (37.98557393035363, -121.73494184898253), -1.0, FIELD), 1.6712014977193757, UNKNOWN, HEMORRHAGIC)"
