sample,reward_best,reward_CA,location_lat,location_lon,patient_state
1,0.24418294143999997,0.24418294143999997,37.901661707594855,-121.86106057255937,"PatientState(Location(""FIELD"", (37.901661707594855, -121.86106057255937), -1.0, FIELD), 249.38157866723978, UNKNOWN, NLVO)"
2,0.24418294143999997,0.24418294143999997,37.900321744701635,-121.8637431272561,"PatientState(Location(""FIELD"", (37.900321744701635, -121.8637431272561), -1.0, FIELD), 118.80670893925796, UNKNOWN, MIMIC)"
3,0.24418294143999997,0.24418294143999997,37.90049178923764,-121.862292244237,"PatientState(Location(""FIELD"", (37.90049178923764, -121.862292244237), -1.0, FIELD), 153.47692895119837, UNKNOWN, LVO)"
4,0.24418294143999997,0.24418294143999997,37.90115437725766,-121.86427056743337,"PatientState(Location(""FIELD"", (37.90115437725766, -121.86427056743337), -1.0, FIELD), 221.57185135183713, UNKNOWN, HEMORRHAGIC)"
5,0.24418294143999997,0.24418294143999997,37.89979905577886,-121.86454786750572,"PatientState(Location(""FIELD"", (37.89979905577886, -121.86454786750572), -1.0, FIELD), 84.76930485365169, UNKNOWN, LVO)"
