sample,reward_best,reward_CA,location_lat,location_lon,patient_state
1,0.24418294143999997,0.24418294143999997,37.559732783439316,-121.64075181904217,"PatientState(Location(""FIELD"", (37.559732783439316, -121.64075181904217), -1.0, FIELD), 165.48201057897015, UNKNOWN, HEMORRHAGIC)"
2,0.24418294143999997,0.24418294143999997,37.560654351411785,-121.63800710666115,"PatientState(Location(""FIELD"", (37.560654351411785, -121.63800710666115), -1.0, FIELD), 180.8676488456981, UNKNOWN, LVO)"
3,0.24418294143999997,0.24418294143999997,37.55939942092784,-121.63921315892529,"PatientState(Location(""FIELD"", (37.55939942092784, -121.63921315892529), -1.0, FIELD), 229.50690318884253, UNKNOWN, LVO)"
4,0.24418294143999997,0.24418294143999997,37.55934212829699,-121.63831724533017,"PatientState(Location(""FIELD"", (37.55934212829699, -121.63831724533017), -1.0, FIELD), 200.85584745728553, UNKNOWN, LVO)"
5,0.24418294143999997,0.24418294143999997,37.55899945551407,-121.64036588314605,"PatientState(Location(""FIELD"", (37.55899945551407, -121.64036588314605), -1.0, FIELD), 129.66386248569074, UNKNOWN, HEMORRHAGIC)"
