sample,reward_best,reward_CA,location_lat,location_lon,patient_state
1,0.2596796994226993,0.24418294143999997,37.947190750111005,-122.30959937388147,"PatientState(Location(""FIELD"", (37.947190750111005, -122.30959937388147), -1.0, FIELD), 115.82710988947834, UNKNOWN, NLVO)"
2,0.3351251341517971,0.3238329422154923,37.94392467560053,-122.30639364002609,"PatientState(Location(""FIELD"", (37.94392467560053, -122.30639364002609), -1.0, FIELD), 42.422004584987135, UNKNOWN, LVO)"
3,0.24418294143999997,0.24418294143999997,37.94657027358692,-122.30929898308442,"PatientState(Location(""FIELD"", (37.94657027358692, -122.30929898308442), -1.0, FIELD), 182.79788773017427, UNKNOWN, LVO)"
4,0.33107949918986257,0.3198626690577212,37.94636011591595,-122.30916126667947,"PatientState(Location(""FIELD"", (37.94636011591595, -122.30916126667947), -1.0, FIELD), 57.30527184740049, UNKNOWN, NLVO)"
5,0.34107600264045634,0.32962389597789754,37.9463226751457,-122.30987646669948,"PatientState(Location(""FIELD"", (37.9463226751457, -122.30987646669948), -1.0, FIELD), 14.190690049544902, UNKNOWN, LVO)"
