sample,reward_best,reward_CA,location_lat,location_lon,patient_state
1,0.24418294143999997,0.24418294143999997,37.93614593158458,-121.96594838337731,"PatientState(Location(""FIELD"", (37.93614593158458, -121.96594838337731), -1.0, FIELD), 84.12032618901756, UNKNOWN, LVO)"
2,0.24418294143999997,0.24418294143999997,37.93795292613439,-121.96865473765786,"PatientState(Location(""FIELD"", (37.93795292613439, -121.96865473765786), -1.0, FIELD), 145.16608300869774, UNKNOWN, LVO)"
3,0.24418294143999997,0.24418294143999997,37.93836405573321,-121.9704967396644,"PatientState(Location(""FIELD"", (37.93836405573321, -121.9704967396644), -1.0, FIELD), 172.00549550523337, UNKNOWN, LVO)"
4,0.32697650635562403,0.32697650635562403,37.935140307968496,-121.96979909133894,"PatientState(Location(""FIELD"", (37.935140307968496, -121.96979909133894), -1.0, FIELD), 13.824128269788497, UNKNOWN, LVO)"
5,0.3160029211858244,0.3160029211858244,37.93579622893106,-121.96818545530414,"PatientState(Location(""FIELD"", (37.93579622893106, -121.96818545530414), -1.0, FIELD), 62.96324673914723, UNKNOWN, LVO)"
