sample,reward_best,reward_CA,location_lat,location_lon,patient_state
1,0.24418294143999997,0.24418294143999997,38.12483714666785,-122.15822033657449,"PatientState(Location(""FIELD"", (38.12483714666785, -122.15822033657449), -1.0, FIELD), 196.23016857552557, UNKNOWN, LVO)"
2,0.24418294143999997,0.24418294143999997,38.12585066491989,-122.1607521159067,"PatientState(Location(""FIELD"", (38.12585066491989, -122.1607521159067), -1.0, FIELD), 204.9451583654478, UNKNOWN, LVO)"
3,0.24418294143999997,0.24418294143999997,38.1256479603516,-122.16070481233605,"PatientState(Location(""FIELD"", (38.1256479603516, -122.16070481233605), -1.0, FIELD), 221.66242022057398, UNKNOWN, HEMORRHAGIC)"
4,0.24418294143999997,0.24418294143999997,38.123928356876014,-122.1596178893379,"PatientState(Location(""FIELD"", (38.123928356876014, -122.1596178893379), -1.0, FIELD), 220.15289360268977, UNKNOWN, HEMORRHAGIC)"
5,0.24418294143999997,0.24418294143999997,38.1249507074565,-122.15881404713339,"PatientState(Location(""FIELD"", (38.1249507074565, -122.15881404713339), -1.0, FIELD), 87.9153852008551, UNKNOWN, HEMORRHAGIC)"
