sample,reward_best,reward_CA,location_lat,location_lon,patient_state
1,0.24418294143999997,0.24418294143999997,37.93798526174002,-121.89598146937595,"PatientState(Location(""FIELD"", (37.93798526174002, -121.89598146937595), -1.0, FIELD), 179.982700607356, UNKNOWN, HEMORRHAGIC)"
2,0.24418294143999997,0.24418294143999997,37.936884295558094,-121.9006429801403,"PatientState(Location(""FIELD"", (37.936884295558094, -121.9006429801403), -1.0, FIELD), 229.62500397024994, UNKNOWN, HEMORRHAGIC)"
3,0.24418294143999997,0.24418294143999997,37.93549431395327,-121.89726463191907,"PatientState(Location(""FIELD"", (37.93549431395327, -121.89726463191907), -1.0, FIELD), 227.15148647109586, UNKNOWN, NLVO)"
4,0.24418294143999997,0.24418294143999997,37.9387223743951,-121.89895328576483,"PatientState(Location(""FIELD"", (37.9387223743951, -121.89895328576483), -1.0, FIELD), 151.444771214574, UNKNOWN, HEMORRHAGIC)"
5,0.24418294143999997,0.24418294143999997,37.93595421234167,-121.8984493493966,"PatientState(Location(""FIELD"", (37.93595421234167, -121.8984493493966), -1.0, FIELD), 175.513003801536, UNKNOWN, MIMIC)"
