sample,reward_best,reward_CA,location_lat,location_lon,patient_state
1,0.24418294143999997,0.24418294143999997,37.93258166839594,-121.68593464909242,"PatientState(Location(""FIELD"", (37.93258166839594, -121.68593464909242), -1.0, FIELD), 183.41300581852985, UNKNOWN, LVO)"
2,0.3177028183669421,0.24418294143999997,37.93343253352653,-121.69040149384118,"PatientState(Location(""FIELD"", (37.93343253352653, -121.69040149384118), -1.0, FIELD), 36.55588220977374, UNKNOWN, LVO)"
3,0.3217928696821044,0.24418294143999997,37.932966611199795,-121.68764946349847,"PatientState(Location(""FIELD"", (37.932966611199795, -121.68764946349847), -1.0, FIELD), 17.284886455174945, UNKNOWN, LVO)"
4,0.24418294143999997,0.24418294143999997,37.93356115131603,-121.69060632060882,"PatientState(Location(""FIELD"", (37.93356115131603, -121.69060632060882), -1.0, FIELD), 164.65968649967346, UNKNOWN, LVO)"
5,0.3231151003390742,0.24418294143999997,37.933659106245294,-121.69015213471137,"PatientState(Location(""FIELD"", (37.933659106245294, -121.69015213471137), -1.0, FIELD), 12.181651416178873, UNKNOWN, HEMORRHAGIC)"
