sample,reward_best,reward_CA,location_lat,location_lon,patient_state
1,0.24418294143999997,0.24418294143999997,37.57253850929289,-122.25432102548663,"PatientState(Location(""FIELD"", (37.57253850929289, -122.25432102548663), -1.0, FIELD), 195.86122258918135, UNKNOWN, MIMIC)"
2,0.3336900967507589,0.3174841879888534,37.57197513941471,-122.253898096035,"PatientState(Location(""FIELD"", (37.57197513941471, -122.253898096035), -1.0, FIELD), 104.10424239388576, UNKNOWN, LVO)"
3,0.24418294143999997,0.24418294143999997,37.57089441329416,-122.25411620838645,"PatientState(Location(""FIELD"", (37.57089441329416, -122.25411620838645), -1.0, FIELD), 207.2949336232393, UNKNOWN, HEMORRHAGIC)"
4,0.3335044271686809,0.3173040224621449,37.57328252071314,-122.25516543315176,"PatientState(Location(""FIELD"", (37.57328252071314, -122.25516543315176), -1.0, FIELD), 105.12224941782628, UNKNOWN, HEMORRHAGIC)"
5,0.24418294143999997,0.24418294143999997,37.56950274403626,-122.25365737078026,"PatientState(Location(""FIELD"", (37.56950274403626, -122.25365737078026), -1.0, FIELD), 222.63824106230427, UNKNOWN, LVO)"
