sample,reward_best,reward_CA,location_lat,location_lon,patient_state
1,0.24418294143999997,0.24418294143999997,37.72603141893935,-122.08494302173348,"PatientState(Location(""FIELD"", (37.72603141893935, -122.08494302173348), -1.0, FIELD), 184.5130750983381, UNKNOWN, NLVO)"
2,0.24418294143999997,0.24418294143999997,37.725698187071835,-122.08093895024524,"PatientState(Location(""FIELD"", (37.725698187071835, -122.08093895024524), -1.0, FIELD), 207.40079787311444, UNKNOWN, HEMORRHAGIC)"
3,0.3461986494534036,0.3303261836560926,37.72566648742959,-122.08334717106341,"PatientState(Location(""FIELD"", (37.72566648742959, -122.08334717106341), -1.0, FIELD), 25.41217006177899, UNKNOWN, MIMIC)"
4,0.24418294143999997,0.24418294143999997,37.728425732491765,-122.08486021573333,"PatientState(Location(""FIELD"", (37.728425732491765, -122.08486021573333), -1.0, FIELD), 239.93076977565514, UNKNOWN, HEMORRHAGIC)"
5,0.33373048869211547,0.3181936761757134,37.72770867920066,-122.08570004303445,"PatientState(Location(""FIELD"", (37.72770867920066, -122.08570004303445), -1.0, FIELD), 78.8368298627384, UNKNOWN, HEMORRHAGIC)"
