sample,reward_best,reward_CA,location_lat,location_lon,patient_state
1,0.24418294143999997,0.24418294143999997,37.74071727217741,-122.11580613964378,"PatientState(Location(""FIELD"", (37.74071727217741, -122.11580613964378), -1.0, FIELD), 267.63092142936733, UNKNOWN, LVO)"
2,0.24418294143999997,0.24418294143999997,37.742878943909716,-122.12033262406534,"PatientState(Location(""FIELD"", (37.742878943909716, -122.12033262406534), -1.0, FIELD), 236.81776864842107, UNKNOWN, NLVO)"
3,0.32182214468122805,0.24418294143999997,37.74356030740903,-122.11632603675446,"PatientState(Location(""FIELD"", (37.74356030740903, -122.11632603675446), -1.0, FIELD), 128.446173226121, UNKNOWN, LVO)"
4,0.3320737277247737,0.3162832682784732,37.743796996291245,-122.11814016092609,"PatientState(Location(""FIELD"", (37.743796996291245, -122.11814016092609), -1.0, FIELD), 83.50044326276218, UNKNOWN, LVO)"
5,0.3322261344859737,0.3164309091628853,37.74136883564698,-122.11723605659427,"PatientState(Location(""FIELD"", (37.74136883564698, -122.11723605659427), -1.0, FIELD), 82.1838673980188, UNKNOWN, LVO)"
