sample,reward_best,reward_CA,location_lat,location_lon,patient_state
1,0.2534220495146521,0.24418294143999997,38.01134781033905,-122.23482069193786,"PatientState(Location(""FIELD"", (38.01134781033905, -122.23482069193786), -1.0, FIELD), 146.5581759184973, UNKNOWN, LVO)"
2,0.26071259877047087,0.24418294143999997,38.0114711934933,-122.23143939652857,"PatientState(Location(""FIELD"", (38.0114711934933, -122.23143939652857), -1.0, FIELD), 106.35797215871914, UNKNOWN, LVO)"
3,0.2653521869585686,0.2522877700887463,38.010837120629546,-122.2313372956787,"PatientState(Location(""FIELD"", (38.010837120629546, -122.2313372956787), -1.0, FIELD), 80.2329428762905, UNKNOWN, HEMORRHAGIC)"
4,0.31655141227534017,0.24418294143999997,38.01315373105246,-122.23107194221951,"PatientState(Location(""FIELD"", (38.01315373105246, -122.23107194221951), -1.0, FIELD), 76.12865285361363, UNKNOWN, LVO)"
5,0.3278122134433573,0.25217020923881633,38.01366391268769,-122.23191060433335,"PatientState(Location(""FIELD"", (38.01366391268769, -122.23191060433335), -1.0, FIELD), 67.77073887045289, UNKNOWN, LVO)"
