sample,reward_best,reward_CA,location_lat,location_lon,patient_state
1,0.24418294143999997,0.24418294143999997,37.31464524437753,-121.73003720510845,"PatientState(Location(""FIELD"", (37.31464524437753, -121.73003720510845), -1.0, FIELD), 214.09017537422557, UNKNOWN, HEMORRHAGIC)"
2,0.24418294143999997,0.24418294143999997,37.313865436060425,-121.72771053086176,"PatientState(Location(""FIELD"", (37.313865436060425, -121.72771053086176), -1.0, FIELD), 217.48338081792642, UNKNOWN, LVO)"
3,0.33091252988044656,0.33091252988044656,37.31736688092015,-121.72732712445526,"PatientState(Location(""FIELD"", (37.31736688092015, -121.72732712445526), -1.0, FIELD), 79.2889063242202, UNKNOWN, LVO)"
4,0.3242092938040127,0.3242092938040127,37.317756206763036,-121.72785990701941,"PatientState(Location(""FIELD"", (37.317756206763036, -121.72785990701941), -1.0, FIELD), 108.07392183144819, UNKNOWN, LVO)"
5,0.34534518454656177,0.34534518454656177,37.314239208978854,-121.72884086684218,"PatientState(Location(""FIELD"", (37.314239208978854, -121.72884086684218), -1.0, FIELD), 18.174197522485226, UNKNOWN, LVO)"
