sample,reward_best,reward_CA,location_lat,location_lon,patient_state
1,0.24418294143999997,0.24418294143999997,37.91929763369706,-122.38878284967335,"PatientState(Location(""FIELD"", (37.91929763369706, -122.38878284967335), -1.0, FIELD), 255.39749205254986, UNKNOWN, LVO)"
2,0.33471721360481016,0.323436172203566,37.92096798725696,-122.38816368244817,"PatientState(Location(""FIELD"", (37.92096798725696, -122.38816368244817), -1.0, FIELD), 43.044674361494565, UNKNOWN, LVO)"
3,0.325121699901405,0.24418294143999997,37.920129162646695,-122.386711857097,"PatientState(Location(""FIELD"", (37.920129162646695, -122.386711857097), -1.0, FIELD), 97.80259552080166, UNKNOWN, LVO)"
4,0.32954922244629203,0.31837711098052784,37.92237585298925,-122.38606849854162,"PatientState(Location(""FIELD"", (37.92237585298925, -122.38606849854162), -1.0, FIELD), 64.86256334677175, UNKNOWN, MIMIC)"
5,0.24418294143999997,0.24418294143999997,37.9218232316015,-122.38866119826787,"PatientState(Location(""FIELD"", (37.9218232316015, -122.38866119826787), -1.0, FIELD), 178.50923380786514, UNKNOWN, LVO)"
