sample,reward_best,reward_CA,location_lat,location_lon,patient_state
1,0.329617995034868,0.24418294143999997,37.90293447621453,-122.21897123081666,"PatientState(Location(""FIELD"", (37.90293447621453, -122.21897123081666), -1.0, FIELD), 81.3786411604282, UNKNOWN, LVO)"
2,0.24418294143999997,0.24418294143999997,37.900757061435755,-122.21969084406852,"PatientState(Location(""FIELD"", (37.900757061435755, -122.21969084406852), -1.0, FIELD), 173.94553038491594, UNKNOWN, LVO)"
3,0.3453896643574402,0.32790652961547373,37.90013735701588,-122.21840297093875,"PatientState(Location(""FIELD"", (37.90013735701588, -122.21840297093875), -1.0, FIELD), 13.54593723231919, UNKNOWN, LVO)"
4,0.24418294143999997,0.24418294143999997,37.90164366472182,-122.22004897061629,"PatientState(Location(""FIELD"", (37.90164366472182, -122.22004897061629), -1.0, FIELD), 245.24472423010022, UNKNOWN, NLVO)"
5,0.24418294143999997,0.24418294143999997,37.901504552873654,-122.217100023292,"PatientState(Location(""FIELD"", (37.901504552873654, -122.217100023292), -1.0, FIELD), 222.7794171685915, UNKNOWN, HEMORRHAGIC)"
