sample,reward_best,reward_CA,location_lat,location_lon,patient_state
1,0.3188374526747873,0.24418294143999997,37.596250468290584,-121.58391030509591,"PatientState(Location(""FIELD"", (37.596250468290584, -121.58391030509591), -1.0, FIELD), 104.77774942782459, UNKNOWN, NLVO)"
2,0.24418294143999997,0.24418294143999997,37.595966173844,-121.58132490516986,"PatientState(Location(""FIELD"", (37.595966173844, -121.58132490516986), -1.0, FIELD), 249.67157564143633, UNKNOWN, LVO)"
3,0.3148576721729963,0.24418294143999997,37.597431899271875,-121.58572125772898,"PatientState(Location(""FIELD"", (37.597431899271875, -121.58572125772898), -1.0, FIELD), 122.64623866551364, UNKNOWN, LVO)"
4,0.24418294143999997,0.24418294143999997,37.59541664450112,-121.58494456944568,"PatientState(Location(""FIELD"", (37.59541664450112, -121.58494456944568), -1.0, FIELD), 257.7486933419702, UNKNOWN, LVO)"
5,0.32719565705035625,0.24418294143999997,37.5971969970047,-121.58268106013678,"PatientState(Location(""FIELD"", (37.5971969970047, -121.58268106013678), -1.0, FIELD), 33.77358901457401, UNKNOWN, HEMORRHAGIC)"
