sample,reward_best,reward_CA,location_lat,location_lon,patient_state
1,0.3162922715672692,0.24418294143999997,37.56350950057073,-121.66579222818865,"PatientState(Location(""FIELD"", (37.56350950057073, -121.66579222818865), -1.0, FIELD), 120.75687960861295, UNKNOWN, HEMORRHAGIC)"
2,0.24418294143999997,0.24418294143999997,37.559448183029176,-121.66519858488537,"PatientState(Location(""FIELD"", (37.559448183029176, -121.66519858488537), -1.0, FIELD), 156.03751954802965, UNKNOWN, HEMORRHAGIC)"
3,0.34114306127278055,0.31936587065714156,37.56030431165845,-121.66136715420618,"PatientState(Location(""FIELD"", (37.56030431165845, -121.66136715420618), -1.0, FIELD), 0.24261673286808172, UNKNOWN, HEMORRHAGIC)"
4,0.24418294143999997,0.24418294143999997,37.56311792955547,-121.664582084211,"PatientState(Location(""FIELD"", (37.56311792955547, -121.664582084211), -1.0, FIELD), 185.7991566130118, UNKNOWN, LVO)"
5,0.3199095695908799,0.24418294143999997,37.561804833971514,-121.66191096375191,"PatientState(Location(""FIELD"", (37.561804833971514, -121.66191096375191), -1.0, FIELD), 92.97175129714516, UNKNOWN, HEMORRHAGIC)"
