sample,reward_best,reward_CA,location_lat,location_lon,patient_state
1,0.2636491109989758,0.24418294143999997,38.07691101947447,-122.52496327941662,"PatientState(Location(""FIELD"", (38.07691101947447, -122.52496327941662), -1.0, FIELD), 74.8391616451196, UNKNOWN, MIMIC)"
2,0.3364536259417169,0.2618771874308147,38.07674664556527,-122.52321234364656,"PatientState(Location(""FIELD"", (38.07674664556527, -122.52321234364656), -1.0, FIELD), 15.056222627703416, UNKNOWN, MIMIC)"
3,0.24418294143999997,0.24418294143999997,38.075811770338774,-122.522800255326,"PatientState(Location(""FIELD"", (38.075811770338774, -122.522800255326), -1.0, FIELD), 178.94109469448998, UNKNOWN, HEMORRHAGIC)"
4,0.3359204635928109,0.2614623849560397,38.07633241974737,-122.52382208140156,"PatientState(Location(""FIELD"", (38.07633241974737, -122.52382208140156), -1.0, FIELD), 18.016074591587596, UNKNOWN, MIMIC)"
5,0.26308397784360404,0.24418294143999997,38.077834213640635,-122.52168014717093,"PatientState(Location(""FIELD"", (38.077834213640635, -122.52168014717093), -1.0, FIELD), 78.61653009711075, UNKNOWN, LVO)"
