sample,reward_best,reward_CA,location_lat,location_lon,patient_state
1,0.32345736834142663,0.24418294143999997,37.861908649441766,-121.88218720055883,"PatientState(Location(""FIELD"", (37.861908649441766, -121.88218720055883), -1.0, FIELD), 8.48879121019778, UNKNOWN, HEMORRHAGIC)"
2,0.24418294143999997,0.24418294143999997,37.86115983637436,-121.88317209979701,"PatientState(Location(""FIELD"", (37.86115983637436, -121.88317209979701), -1.0, FIELD), 222.47511528637418, UNKNOWN, LVO)"
3,0.24418294143999997,0.24418294143999997,37.86187619727236,-121.88263941078894,"PatientState(Location(""FIELD"", (37.86187619727236, -121.88263941078894), -1.0, FIELD), 153.12797207361822, UNKNOWN, NLVO)"
4,0.24418294143999997,0.24418294143999997,37.8633605099088,-121.88532353636329,"PatientState(Location(""FIELD"", (37.8633605099088, -121.88532353636329), -1.0, FIELD), 118.00672715230719, UNKNOWN, HEMORRHAGIC)"
5,0.24418294143999997,0.24418294143999997,37.863776598633464,-121.8857848731893,"PatientState(Location(""FIELD"", (37.863776598633464, -121.8857848731893), -1.0, FIELD), 112.88595026512625, UNKNOWN, NLVO)"
