sample,reward_best,reward_CA,location_lat,location_lon,patient_state
1,0.24418294143999997,0.24418294143999997,37.54914919765085,-121.64301238762712,"PatientState(Location(""FIELD"", (37.54914919765085, -121.64301238762712), -1.0, FIELD), 175.54707564364185, UNKNOWN, LVO)"
2,0.3389751340635874,0.31728037574474915,37.55054411624335,-121.64330970642997,"PatientState(Location(""FIELD"", (37.55054411624335, -121.64330970642997), -1.0, FIELD), 6.3199887035900195, UNKNOWN, LVO)"
3,0.24418294143999997,0.24418294143999997,37.54937835183037,-121.64535413613804,"PatientState(Location(""FIELD"", (37.54937835183037, -121.64535413613804), -1.0, FIELD), 195.6894562764066, UNKNOWN, LVO)"
4,0.3144048471660801,0.24418294143999997,37.55299036503427,-121.64155375914689,"PatientState(Location(""FIELD"", (37.55299036503427, -121.64155375914689), -1.0, FIELD), 113.43186932264112, UNKNOWN, LVO)"
5,0.24418294143999997,0.24418294143999997,37.54883558945043,-121.64237636797074,"PatientState(Location(""FIELD"", (37.54883558945043, -121.64237636797074), -1.0, FIELD), 227.44535503831133, UNKNOWN, LVO)"
