sample,reward_best,reward_CA,location_lat,location_lon,patient_state
1,0.3398651163508159,0.31989444878951756,37.70999746352162,-121.7912250936281,"PatientState(Location(""FIELD"", (37.70999746352162, -121.7912250936281), -1.0, FIELD), 54.22922830554832, UNKNOWN, LVO)"
2,0.335322948803071,0.31551367517058737,37.70900322922567,-121.79094887074287,"PatientState(Location(""FIELD"", (37.70900322922567, -121.79094887074287), -1.0, FIELD), 73.97429303154864, UNKNOWN, MIMIC)"
3,0.34406710197324025,0.32395219295214145,37.71370260835403,-121.79353708753806,"PatientState(Location(""FIELD"", (37.71370260835403, -121.79353708753806), -1.0, FIELD), 33.85540223676856, UNKNOWN, LVO)"
4,0.3221454761754139,0.24418294143999997,37.71374263828761,-121.79285305411685,"PatientState(Location(""FIELD"", (37.71374263828761, -121.79285305411685), -1.0, FIELD), 129.37411524001686, UNKNOWN, LVO)"
5,0.24418294143999997,0.24418294143999997,37.712073212446285,-121.79331442941175,"PatientState(Location(""FIELD"", (37.712073212446285, -121.79331442941175), -1.0, FIELD), 236.50687222231028, UNKNOWN, LVO)"
