sample,reward_best,reward_CA,location_lat,location_lon,patient_state
1,0.3507849445179542,0.33853732456933894,37.761202840384726,-122.40494400359913,"PatientState(Location(""FIELD"", (37.761202840384726, -122.40494400359913), -1.0, FIELD), 12.101523147627777, UNKNOWN, LVO)"
2,0.24418294143999997,0.24418294143999997,37.76249071681874,-122.40204117999664,"PatientState(Location(""FIELD"", (37.76249071681874, -122.40204117999664), -1.0, FIELD), 259.3959024584065, UNKNOWN, HEMORRHAGIC)"
3,0.31562372125243365,0.24418294143999997,37.75953399562994,-122.40344217421365,"PatientState(Location(""FIELD"", (37.75953399562994, -122.40344217421365), -1.0, FIELD), 164.99892729073565, UNKNOWN, MIMIC)"
4,0.24418294143999997,0.24418294143999997,37.76098415313599,-122.40481703272457,"PatientState(Location(""FIELD"", (37.76098415313599, -122.40481703272457), -1.0, FIELD), 266.80447223555626, UNKNOWN, MIMIC)"
5,0.31836020589907554,0.24418294143999997,37.76358913917956,-122.4051819459593,"PatientState(Location(""FIELD"", (37.76358913917956, -122.4051819459593), -1.0, FIELD), 156.05629515227142, UNKNOWN, HEMORRHAGIC)"
