sample,reward_best,reward_CA,location_lat,location_lon,patient_state
1,0.32271604258514164,0.24418294143999997,37.3748385349777,-122.14525691615411,"PatientState(Location(""FIELD"", (37.3748385349777, -122.14525691615411), -1.0, FIELD), 153.6637174857488, UNKNOWN, HEMORRHAGIC)"
2,0.3566681777730113,0.3406348713484126,37.375857640738424,-122.14093209106738,"PatientState(Location(""FIELD"", (37.375857640738424, -122.14093209106738), -1.0, FIELD), 4.443562474879363, UNKNOWN, HEMORRHAGIC)"
3,0.3506217566746763,0.33409234682767613,37.37394663252608,-122.14554672820766,"PatientState(Location(""FIELD"", (37.37394663252608, -122.14554672820766), -1.0, FIELD), 30.49952012963328, UNKNOWN, HEMORRHAGIC)"
4,0.24418294143999997,0.24418294143999997,37.37530927372498,-122.14220362557931,"PatientState(Location(""FIELD"", (37.37530927372498, -122.14220362557931), -1.0, FIELD), 260.45527261342363, UNKNOWN, LVO)"
5,0.32195356522268154,0.24418294143999997,37.37733749785041,-122.1426880576559,"PatientState(Location(""FIELD"", (37.37733749785041, -122.1426880576559), -1.0, FIELD), 155.14529574721533, UNKNOWN, HEMORRHAGIC)"
