sample,reward_best,reward_CA,location_lat,location_lon,patient_state
1,0.2644580571183289,0.2526656397723417,37.98670899732168,-122.06565400927984,"PatientState(Location(""FIELD"", (37.98670899732168, -122.06565400927984), -1.0, FIELD), 76.53364011288912, UNKNOWN, HEMORRHAGIC)"
2,0.24418294143999997,0.24418294143999997,37.98536693603288,-122.06237778057262,"PatientState(Location(""FIELD"", (37.98536693603288, -122.06237778057262), -1.0, FIELD), 221.3473742645317, UNKNOWN, LVO)"
3,0.24418294143999997,0.24418294143999997,37.98503613180599,-122.06528502864631,"PatientState(Location(""FIELD"", (37.98503613180599, -122.06528502864631), -1.0, FIELD), 223.27678658432419, UNKNOWN, HEMORRHAGIC)"
4,0.33937494335739976,0.3296986021988438,37.98468794814438,-122.06083779648749,"PatientState(Location(""FIELD"", (37.98468794814438, -122.06083779648749), -1.0, FIELD), 8.856021595030787, UNKNOWN, HEMORRHAGIC)"
5,0.2545789769227925,0.24418294143999997,37.98700253168998,-122.06242704289006,"PatientState(Location(""FIELD"", (37.98700253168998, -122.06242704289006), -1.0, FIELD), 132.24996796383877, UNKNOWN, LVO)"
