sample,reward_best,reward_CA,location_lat,location_lon,patient_state
1,0.35119759263015327,0.35119759263015327,37.28478669745682,-122.21783601720348,"PatientState(Location(""FIELD"", (37.28478669745682, -122.21783601720348), -1.0, FIELD), 6.182432900795712, UNKNOWN, LVO)"
2,0.24418294143999997,0.24418294143999997,37.284915752647095,-122.21785683168056,"PatientState(Location(""FIELD"", (37.284915752647095, -122.21785683168056), -1.0, FIELD), 170.50673102744312, UNKNOWN, MIMIC)"
3,0.24418294143999997,0.24418294143999997,37.28515397263894,-122.21791256008161,"PatientState(Location(""FIELD"", (37.28515397263894, -122.21791256008161), -1.0, FIELD), 186.71104461055123, UNKNOWN, LVO)"
4,0.3429817187315769,0.3429817187315769,37.28431018168769,-122.21904254169205,"PatientState(Location(""FIELD"", (37.28431018168769, -122.21904254169205), -1.0, FIELD), 41.14640158734391, UNKNOWN, HEMORRHAGIC)"
5,0.3225342336823679,0.3225342336823679,37.28578439087974,-122.21996763883105,"PatientState(Location(""FIELD"", (37.28578439087974, -122.21996763883105), -1.0, FIELD), 130.73411496037022, UNKNOWN, HEMORRHAGIC)"
