sample,reward_best,reward_CA,location_lat,location_lon,patient_state
1,0.24418294143999997,0.24418294143999997,37.96096470092145,-121.94323388443343,"PatientState(Location(""FIELD"", (37.96096470092145, -121.94323388443343), -1.0, FIELD), 79.71087237775889, UNKNOWN, LVO)"
2,0.24418294143999997,0.24418294143999997,37.96332760089345,-121.9448715006663,"PatientState(Location(""FIELD"", (37.96332760089345, -121.9448715006663), -1.0, FIELD), 230.9844846300707, UNKNOWN, LVO)"
3,0.24418294143999997,0.24418294143999997,37.96153563977331,-121.94531671244151,"PatientState(Location(""FIELD"", (37.96153563977331, -121.94531671244151), -1.0, FIELD), 235.52385318251612, UNKNOWN, HEMORRHAGIC)"
4,0.3252184752134576,0.24418294143999997,37.96326360409717,-121.94346535457319,"PatientState(Location(""FIELD"", (37.96326360409717, -121.94346535457319), -1.0, FIELD), 22.556131693177342, UNKNOWN, LVO)"
5,0.24418294143999997,0.24418294143999997,37.96044666360744,-121.94401614435768,"PatientState(Location(""FIELD"", (37.96044666360744, -121.94401614435768), -1.0, FIELD), 154.28876351846012, UNKNOWN, NLVO)"
