sample,reward_best,reward_CA,location_lat,location_lon,patient_state
1,0.24418294143999997,0.24418294143999997,37.653029765112706,-121.63190363649088,"PatientState(Location(""FIELD"", (37.653029765112706, -121.63190363649088), -1.0, FIELD), 206.184588665225, UNKNOWN, HEMORRHAGIC)"
2,0.32284899188915045,0.24418294143999997,37.65345812767747,-121.633368485655,"PatientState(Location(""FIELD"", (37.65345812767747, -121.633368485655), -1.0, FIELD), 110.02872211758785, UNKNOWN, LVO)"
3,0.24418294143999997,0.24418294143999997,37.65221419583843,-121.63182411875263,"PatientState(Location(""FIELD"", (37.65221419583843, -121.63182411875263), -1.0, FIELD), 232.01938455002207, UNKNOWN, LVO)"
4,0.3448520458211467,0.3232370644144834,37.65311130455594,-121.63562241074958,"PatientState(Location(""FIELD"", (37.65311130455594, -121.63562241074958), -1.0, FIELD), 12.895741315995755, UNKNOWN, HEMORRHAGIC)"
5,0.3187913909697738,0.24418294143999997,37.65242513749992,-121.63274645486418,"PatientState(Location(""FIELD"", (37.65242513749992, -121.63274645486418), -1.0, FIELD), 128.10374230864082, UNKNOWN, LVO)"
