sample,reward_best,reward_CA,location_lat,location_lon,patient_state
1,0.24418294143999997,0.24418294143999997,37.79415083284216,-122.46988291602464,"PatientState(Location(""FIELD"", (37.79415083284216, -122.46988291602464), -1.0, FIELD), 263.9048070774664, UNKNOWN, NLVO)"
2,0.31442343942282597,0.24418294143999997,37.798051469574915,-122.46905578856992,"PatientState(Location(""FIELD"", (37.798051469574915, -122.46905578856992), -1.0, FIELD), 157.58131161823462, UNKNOWN, NLVO)"
3,0.34290219807600236,0.33115418310290523,37.79842753154806,-122.46645052099485,"PatientState(Location(""FIELD"", (37.79842753154806, -122.46645052099485), -1.0, FIELD), 32.58555424141532, UNKNOWN, LVO)"
4,0.3343767365637693,0.32278248084227873,37.79842198709905,-122.46656335943133,"PatientState(Location(""FIELD"", (37.79842198709905, -122.46656335943133), -1.0, FIELD), 69.36164317263588, UNKNOWN, HEMORRHAGIC)"
5,0.24418294143999997,0.24418294143999997,37.797324378939514,-122.46839504531823,"PatientState(Location(""FIELD"", (37.797324378939514, -122.46839504531823), -1.0, FIELD), 232.19183084049155, UNKNOWN, HEMORRHAGIC)"
