sample,reward_best,reward_CA,location_lat,location_lon,patient_state
1,0.3164825951829312,0.24418294143999997,37.74891017280651,-122.39602465992213,"PatientState(Location(""FIELD"", (37.74891017280651, -122.39602465992213), -1.0, FIELD), 163.71991133726533, UNKNOWN, LVO)"
2,0.3372049425644855,0.3245632734378696,37.751294912930625,-122.39721375542491,"PatientState(Location(""FIELD"", (37.751294912930625, -122.39721375542491), -1.0, FIELD), 72.74091301135513, UNKNOWN, HEMORRHAGIC)"
3,0.33769638333975627,0.32493195386476964,37.75327799895362,-122.39808133329464,"PatientState(Location(""FIELD"", (37.75327799895362, -122.39808133329464), -1.0, FIELD), 70.16935990901237, UNKNOWN, LVO)"
4,0.31761479813480886,0.24418294143999997,37.7517117489357,-122.39779144075598,"PatientState(Location(""FIELD"", (37.7517117489357, -122.39779144075598), -1.0, FIELD), 158.7486643221409, UNKNOWN, HEMORRHAGIC)"
5,0.32377771671219907,0.24418294143999997,37.750208166481116,-122.39701329359798,"PatientState(Location(""FIELD"", (37.750208166481116, -122.39701329359798), -1.0, FIELD), 131.63642979852872, UNKNOWN, LVO)"
