sample,reward_best,reward_CA,location_lat,location_lon,patient_state
1,0.3411570039489994,0.32038540157778767,37.68080869059634,-121.9172574467791,"PatientState(Location(""FIELD"", (37.68080869059634, -121.9172574467791), -1.0, FIELD), 54.99602428530112, UNKNOWN, LVO)"
2,0.32076955744945224,0.24418294143999997,37.678905768499106,-121.91709585266283,"PatientState(Location(""FIELD"", (37.678905768499106, -121.91709585266283), -1.0, FIELD), 144.97897907929857, UNKNOWN, HEMORRHAGIC)"
3,0.32808170858564895,0.24418294143999997,37.68355853477078,-121.91703990129619,"PatientState(Location(""FIELD"", (37.68355853477078, -121.91703990129619), -1.0, FIELD), 112.00188516235431, UNKNOWN, HEMORRHAGIC)"
4,0.24418294143999997,0.24418294143999997,37.68327891130406,-121.9181252069935,"PatientState(Location(""FIELD"", (37.68327891130406, -121.9181252069935), -1.0, FIELD), 220.0299638086048, UNKNOWN, LVO)"
5,0.3210598129461895,0.24418294143999997,37.68235272591361,-121.920648019499,"PatientState(Location(""FIELD"", (37.68235272591361, -121.920648019499), -1.0, FIELD), 143.24292893622797, UNKNOWN, HEMORRHAGIC)"
