sample,reward_best,reward_CA,location_lat,location_lon,patient_state
1,0.3186892104306373,0.3186892104306373,37.17277522442568,-122.19540057013205,"PatientState(Location(""FIELD"", (37.17277522442568, -122.19540057013205), -1.0, FIELD), 131.73077179650682, UNKNOWN, LVO)"
2,0.32063820785934366,0.32063820785934366,37.17203274576791,-122.19506054340891,"PatientState(Location(""FIELD"", (37.17203274576791, -122.19506054340891), -1.0, FIELD), 123.02921308929722, UNKNOWN, NLVO)"
3,0.24418294143999997,0.24418294143999997,37.16978386946125,-122.19148705426565,"PatientState(Location(""FIELD"", (37.16978386946125, -122.19148705426565), -1.0, FIELD), 226.8041560138781, UNKNOWN, LVO)"
4,0.325927869209546,0.325927869209546,37.17348854809342,-122.19359298718234,"PatientState(Location(""FIELD"", (37.17348854809342, -122.19359298718234), -1.0, FIELD), 99.60508376551022, UNKNOWN, LVO)"
5,0.3298229573792719,0.3298229573792719,37.17310999276217,-122.19250664533125,"PatientState(Location(""FIELD"", (37.17310999276217, -122.19250664533125), -1.0, FIELD), 82.5156193674467, UNKNOWN, LVO)"
