sample,reward_best,reward_CA,location_lat,location_lon,patient_state
1,0.3352428641580286,0.31900577642926226,37.42435651767657,-122.3262827154286,"PatientState(Location(""FIELD"", (37.42435651767657, -122.3262827154286), -1.0, FIELD), 84.1768140405361, UNKNOWN, NLVO)"
2,0.3437328534800846,0.32725611485091965,37.42430501876967,-122.32742006645451,"PatientState(Location(""FIELD"", (37.42430501876967, -122.32742006645451), -1.0, FIELD), 47.1375062414015, UNKNOWN, LVO)"
3,0.2517693398003445,0.24418294143999997,37.42604663582804,-122.32803225559732,"PatientState(Location(""FIELD"", (37.42604663582804, -122.32803225559732), -1.0, FIELD), 181.36488563736253, UNKNOWN, HEMORRHAGIC)"
4,0.3394442582871338,0.32308635336976277,37.42408290944397,-122.33004506647801,"PatientState(Location(""FIELD"", (37.42408290944397, -122.33004506647801), -1.0, FIELD), 65.5107431960782, UNKNOWN, LVO)"
5,0.3336701736457724,0.3174793507689377,37.42400189777129,-122.33074593319165,"PatientState(Location(""FIELD"", (37.42400189777129, -122.33074593319165), -1.0, FIELD), 90.49259922099564, UNKNOWN, LVO)"
