sample,reward_best,reward_CA,location_lat,location_lon,patient_state
1,0.3215538110494709,0.24418294143999997,37.32983268805302,-122.16784185062532,"PatientState(Location(""FIELD"", (37.32983268805302, -122.16784185062532), -1.0, FIELD), 145.64447021320893, UNKNOWN, HEMORRHAGIC)"
2,0.3524962664380552,0.33598946544161273,37.329244848413886,-122.17077819684694,"PatientState(Location(""FIELD"", (37.329244848413886, -122.17077819684694), -1.0, FIELD), 11.65803235371802, UNKNOWN, LVO)"
3,0.24418294143999997,0.24418294143999997,37.32935166190667,-122.16870977085493,"PatientState(Location(""FIELD"", (37.32935166190667, -122.16870977085493), -1.0, FIELD), 259.1331465190493, UNKNOWN, HEMORRHAGIC)"
4,0.24418294143999997,0.24418294143999997,37.33217387476078,-122.17025656096183,"PatientState(Location(""FIELD"", (37.33217387476078, -122.17025656096183), -1.0, FIELD), 213.09760389691786, UNKNOWN, NLVO)"
5,0.32734268190794585,0.24418294143999997,37.32887112754061,-122.16847954375001,"PatientState(Location(""FIELD"", (37.32887112754061, -122.16847954375001), -1.0, FIELD), 120.01656423649636, UNKNOWN, HEMORRHAGIC)"
