sample,reward_best,reward_CA,location_lat,location_lon,patient_state
1,0.34351721233725047,0.34351721233725047,37.290867853216234,-121.73279989885926,"PatientState(Location(""FIELD"", (37.290867853216234, -121.73279989885926), -1.0, FIELD), 47.00741463020515, UNKNOWN, LVO)"
2,0.24418294143999997,0.24418294143999997,37.29142576836377,-121.73151263027289,"PatientState(Location(""FIELD"", (37.29142576836377, -121.73151263027289), -1.0, FIELD), 202.91849175882743, UNKNOWN, HEMORRHAGIC)"
3,0.3385630563304718,0.3385630563304718,37.29086695739125,-121.73234835155735,"PatientState(Location(""FIELD"", (37.29086695739125, -121.73234835155735), -1.0, FIELD), 68.30455396067659, UNKNOWN, HEMORRHAGIC)"
4,0.33287548426338265,0.33287548426338265,37.29274166606939,-121.7354982975521,"PatientState(Location(""FIELD"", (37.29274166606939, -121.7354982975521), -1.0, FIELD), 96.81123111696886, UNKNOWN, HEMORRHAGIC)"
5,0.24418294143999997,0.24418294143999997,37.29102332920256,-121.73295746214532,"PatientState(Location(""FIELD"", (37.29102332920256, -121.73295746214532), -1.0, FIELD), 179.837637466055, UNKNOWN, LVO)"
