sample,reward_best,reward_CA,location_lat,location_lon,patient_state
1,0.24418294143999997,0.24418294143999997,37.347395347931815,-122.39659134795806,"PatientState(Location(""FIELD"", (37.347395347931815, -122.39659134795806), -1.0, FIELD), 235.90321054243313, UNKNOWN, HEMORRHAGIC)"
2,0.24418294143999997,0.24418294143999997,37.34841788789506,-122.39821217631248,"PatientState(Location(""FIELD"", (37.34841788789506, -122.39821217631248), -1.0, FIELD), 191.51918470145955, UNKNOWN, HEMORRHAGIC)"
3,0.3159270231507397,0.25653838728146444,37.34813039256342,-122.40059247027939,"PatientState(Location(""FIELD"", (37.34813039256342, -122.40059247027939), -1.0, FIELD), 153.47920892711613, UNKNOWN, HEMORRHAGIC)"
4,0.3221457939424911,0.26151763774185816,37.348157443627905,-122.3959550662729,"PatientState(Location(""FIELD"", (37.348157443627905, -122.3959550662729), -1.0, FIELD), 125.60270335203253, UNKNOWN, LVO)"
5,0.24418294143999997,0.24418294143999997,37.34473632150699,-122.40017341097865,"PatientState(Location(""FIELD"", (37.34473632150699, -122.40017341097865), -1.0, FIELD), 261.62941627433474, UNKNOWN, HEMORRHAGIC)"
