sample,reward_best,reward_CA,location_lat,location_lon,patient_state
1,0.32259466379804846,0.24418294143999997,37.81385447356397,-122.0113955135942,"PatientState(Location(""FIELD"", (37.81385447356397, -122.0113955135942), -1.0, FIELD), 109.43249647001294, UNKNOWN, MIMIC)"
2,0.24418294143999997,0.24418294143999997,37.81391953938796,-122.01118317005246,"PatientState(Location(""FIELD"", (37.81391953938796, -122.01118317005246), -1.0, FIELD), 182.24655237170737, UNKNOWN, MIMIC)"
3,0.32388918929613186,0.24418294143999997,37.81782813189103,-122.01177053890582,"PatientState(Location(""FIELD"", (37.81782813189103, -122.01177053890582), -1.0, FIELD), 105.22606073398772, UNKNOWN, MIMIC)"
4,0.3219711999877709,0.24418294143999997,37.81857786076942,-122.01464999999135,"PatientState(Location(""FIELD"", (37.81857786076942, -122.01464999999135), -1.0, FIELD), 112.49024753949669, UNKNOWN, LVO)"
5,0.32157351540653256,0.24418294143999997,37.813832301678026,-122.01539781708202,"PatientState(Location(""FIELD"", (37.813832301678026, -122.01539781708202), -1.0, FIELD), 108.30348933523307, UNKNOWN, HEMORRHAGIC)"
