sample,reward_best,reward_CA,location_lat,location_lon,patient_state
1,0.3243719046426711,0.2603315196191685,37.291612678043954,-121.78175293229965,"PatientState(Location(""FIELD"", (37.291612678043954, -121.78175293229965), -1.0, FIELD), 144.89601851502383, UNKNOWN, LVO)"
2,0.32865304878024854,0.32865304878024854,37.2937079140793,-121.78080732373182,"PatientState(Location(""FIELD"", (37.2937079140793, -121.78080732373182), -1.0, FIELD), 125.60420743394845, UNKNOWN, HEMORRHAGIC)"
3,0.3549908735446401,0.3549908735446401,37.293687827726465,-121.78572854873646,"PatientState(Location(""FIELD"", (37.293687827726465, -121.78572854873646), -1.0, FIELD), 11.580183276044535, UNKNOWN, HEMORRHAGIC)"
4,0.34373797151763813,0.3388132863350435,37.2894383166932,-121.78142230833109,"PatientState(Location(""FIELD"", (37.2894383166932, -121.78142230833109), -1.0, FIELD), 60.533931049555044, UNKNOWN, HEMORRHAGIC)"
5,0.34562198966193897,0.34092812594865873,37.29195771364414,-121.78553827988458,"PatientState(Location(""FIELD"", (37.29195771364414, -121.78553827988458), -1.0, FIELD), 49.42745951065991, UNKNOWN, HEMORRHAGIC)"
