sample,reward_best,reward_CA,location_lat,location_lon,patient_state
1,0.3355634185963658,0.3355634185963658,37.321982358221625,-121.84980899408068,"PatientState(Location(""FIELD"", (37.321982358221625, -121.84980899408068), -1.0, FIELD), 99.99940781610478, UNKNOWN, MIMIC)"
2,0.24418294143999997,0.24418294143999997,37.32235052879214,-121.84655447012683,"PatientState(Location(""FIELD"", (37.32235052879214, -121.84655447012683), -1.0, FIELD), 249.52667190548954, UNKNOWN, NLVO)"
3,0.24418294143999997,0.24418294143999997,37.320867515296314,-121.84809516947813,"PatientState(Location(""FIELD"", (37.320867515296314, -121.84809516947813), -1.0, FIELD), 197.90150725911613, UNKNOWN, HEMORRHAGIC)"
4,0.3265321263850576,0.3265321263850576,37.32004363544963,-121.84912064524228,"PatientState(Location(""FIELD"", (37.32004363544963, -121.84912064524228), -1.0, FIELD), 138.0241417881718, UNKNOWN, LVO)"
5,0.3510088982152358,0.3510088982152358,37.32370905718528,-121.8493872831811,"PatientState(Location(""FIELD"", (37.32370905718528, -121.8493872831811), -1.0, FIELD), 34.22802760587199, UNKNOWN, HEMORRHAGIC)"
