sample,reward_best,reward_CA,location_lat,location_lon,patient_state
1,0.24418294143999997,0.24418294143999997,37.26622382750269,-121.8364305500397,"PatientState(Location(""FIELD"", (37.26622382750269, -121.8364305500397), -1.0, FIELD), 252.85669868796717, UNKNOWN, LVO)"
2,0.24418294143999997,0.24418294143999997,37.26861004575568,-121.83806507248124,"PatientState(Location(""FIELD"", (37.26861004575568, -121.83806507248124), -1.0, FIELD), 200.23183762333724, UNKNOWN, LVO)"
3,0.32465816485360643,0.2611178610471841,37.26599157564379,-121.83734197526023,"PatientState(Location(""FIELD"", (37.26599157564379, -121.83734197526023), -1.0, FIELD), 144.4981534943553, UNKNOWN, LVO)"
4,0.3497923987881602,0.3456003018255823,37.267608582023186,-121.83597887925927,"PatientState(Location(""FIELD"", (37.267608582023186, -121.83597887925927), -1.0, FIELD), 35.19886808531702, UNKNOWN, LVO)"
5,0.3560212769648563,0.35184217397829554,37.26569289234773,-121.83595715044184,"PatientState(Location(""FIELD"", (37.26569289234773, -121.83595715044184), -1.0, FIELD), 9.705934473618026, UNKNOWN, MIMIC)"
