sample,reward_best,reward_CA,location_lat,location_lon,patient_state
1,0.24418294143999997,0.24418294143999997,37.399154072645544,-122.35860868111929,"PatientState(Location(""FIELD"", (37.399154072645544, -122.35860868111929), -1.0, FIELD), 219.99176360596445, UNKNOWN, HEMORRHAGIC)"
2,0.3263119874095795,0.26267124225732547,37.40233812102072,-122.36064423210877,"PatientState(Location(""FIELD"", (37.40233812102072, -122.36064423210877), -1.0, FIELD), 114.93942967963083, UNKNOWN, LVO)"
3,0.32948344715551464,0.26508419448340687,37.403181682135404,-122.35681345952062,"PatientState(Location(""FIELD"", (37.403181682135404, -122.35681345952062), -1.0, FIELD), 101.37832730382081, UNKNOWN, HEMORRHAGIC)"
4,0.3266137262070031,0.2629606222969998,37.40104864609388,-122.35980055062703,"PatientState(Location(""FIELD"", (37.40104864609388, -122.35980055062703), -1.0, FIELD), 113.48124752152093, UNKNOWN, LVO)"
5,0.317012010980612,0.2552166026991893,37.40072688948989,-122.35644913530055,"PatientState(Location(""FIELD"", (37.40072688948989, -122.35644913530055), -1.0, FIELD), 156.44081935199534, UNKNOWN, LVO)"
