sample,reward_best,reward_CA,location_lat,location_lon,patient_state
1,0.319352496282882,0.24418294143999997,37.78657393821364,-122.45772308348269,"PatientState(Location(""FIELD"", (37.78657393821364, -122.45772308348269), -1.0, FIELD), 139.92569732701492, UNKNOWN, MIMIC)"
2,0.24418294143999997,0.24418294143999997,37.78401918210737,-122.46054418877922,"PatientState(Location(""FIELD"", (37.78401918210737, -122.46054418877922), -1.0, FIELD), 261.198370299534, UNKNOWN, HEMORRHAGIC)"
3,0.24418294143999997,0.24418294143999997,37.78718900205046,-122.46037843859412,"PatientState(Location(""FIELD"", (37.78718900205046, -122.46037843859412), -1.0, FIELD), 224.1757982611229, UNKNOWN, LVO)"
4,0.3141952857950501,0.24418294143999997,37.7883622916786,-122.45872592316049,"PatientState(Location(""FIELD"", (37.7883622916786, -122.45872592316049), -1.0, FIELD), 162.47266500066505, UNKNOWN, LVO)"
5,0.33342112947669084,0.32196957814556754,37.788177959826456,-122.45921097478669,"PatientState(Location(""FIELD"", (37.788177959826456, -122.45921097478669), -1.0, FIELD), 77.56649903096277, UNKNOWN, HEMORRHAGIC)"
