sample,reward_best,reward_CA,location_lat,location_lon,patient_state
1,0.34786395471437614,0.34786395471437614,37.33154388670054,-121.85516298093013,"PatientState(Location(""FIELD"", (37.33154388670054, -121.85516298093013), -1.0, FIELD), 50.627506167135806, UNKNOWN, LVO)"
2,0.3367522752279705,0.3367522752279705,37.33274895421365,-121.85173019372488,"PatientState(Location(""FIELD"", (37.33274895421365, -121.85173019372488), -1.0, FIELD), 98.8963435624827, UNKNOWN, LVO)"
3,0.24418294143999997,0.24418294143999997,37.33043933654603,-121.85341526756064,"PatientState(Location(""FIELD"", (37.33043933654603, -121.85341526756064), -1.0, FIELD), 260.9593802127858, UNKNOWN, HEMORRHAGIC)"
4,0.24418294143999997,0.24418294143999997,37.33035236903927,-121.85564648026666,"PatientState(Location(""FIELD"", (37.33035236903927, -121.85564648026666), -1.0, FIELD), 218.0753623184989, UNKNOWN, HEMORRHAGIC)"
5,0.34013565429939,0.34013565429939,37.32976548873078,-121.85420103568956,"PatientState(Location(""FIELD"", (37.32976548873078, -121.85420103568956), -1.0, FIELD), 82.73765150009164, UNKNOWN, LVO)"
