sample,reward_best,reward_CA,location_lat,location_lon,patient_state
1,0.3513624171305603,0.3465525431249574,37.40668235574471,-121.95809944157635,"PatientState(Location(""FIELD"", (37.40668235574471, -121.95809944157635), -1.0, FIELD), 23.813079330424408, UNKNOWN, HEMORRHAGIC)"
2,0.3396576662286154,0.3348419169838674,37.404680455889256,-121.96055297865715,"PatientState(Location(""FIELD"", (37.404680455889256, -121.96055297865715), -1.0, FIELD), 75.02449813407078, UNKNOWN, LVO)"
3,0.3376241919794989,0.332808490635357,37.40452921756934,-121.95929959088748,"PatientState(Location(""FIELD"", (37.40452921756934, -121.95929959088748), -1.0, FIELD), 83.66472580561305, UNKNOWN, LVO)"
4,0.32855980630327686,0.2637172026079392,37.407187788164826,-121.95900444056035,"PatientState(Location(""FIELD"", (37.407187788164826, -121.95900444056035), -1.0, FIELD), 121.68688830542818, UNKNOWN, HEMORRHAGIC)"
5,0.3346689667991563,0.3298539037509999,37.40584181318384,-121.9589620599405,"PatientState(Location(""FIELD"", (37.40584181318384, -121.9589620599405), -1.0, FIELD), 95.85023693012835, UNKNOWN, NLVO)"
