sample,reward_best,reward_CA,location_lat,location_lon,patient_state
1,0.35511549587459984,0.35511549587459984,37.35543731927259,-121.83338930814979,"PatientState(Location(""FIELD"", (37.35543731927259, -121.83338930814979), -1.0, FIELD), 24.458783378853852, UNKNOWN, LVO)"
2,0.3339088417766553,0.3339088417766553,37.35491543383706,-121.83379226891789,"PatientState(Location(""FIELD"", (37.35491543383706, -121.83379226891789), -1.0, FIELD), 114.50429159843331, UNKNOWN, LVO)"
3,0.24418294143999997,0.24418294143999997,37.35622585527165,-121.83093797103852,"PatientState(Location(""FIELD"", (37.35622585527165, -121.83093797103852), -1.0, FIELD), 224.51587720317104, UNKNOWN, HEMORRHAGIC)"
4,0.24418294143999997,0.24418294143999997,37.356490775496745,-121.83425615109078,"PatientState(Location(""FIELD"", (37.356490775496745, -121.83425615109078), -1.0, FIELD), 245.97254623272255, UNKNOWN, LVO)"
5,0.3353497900016381,0.3353497900016381,37.35580067040414,-121.83470404307384,"PatientState(Location(""FIELD"", (37.35580067040414, -121.83470404307384), -1.0, FIELD), 106.65282824230096, UNKNOWN, LVO)"
