sample,reward_best,reward_CA,location_lat,location_lon,patient_state
1,0.2636667268219022,0.24418294143999997,37.97353177111507,-122.32172992268524,"PatientState(Location(""FIELD"", (37.97353177111507, -122.32172992268524), -1.0, FIELD), 94.90784097470375, UNKNOWN, NLVO)"
2,0.34341853859474686,0.33185665303404244,37.99339309322863,-122.2841761436973,"PatientState(Location(""FIELD"", (37.99339309322863, -122.2841761436973), -1.0, FIELD), 2.762936760783462, UNKNOWN, NLVO)"
3,0.3268798077000887,0.31581819672293693,37.97715440381823,-122.30235516185999,"PatientState(Location(""FIELD"", (37.97715440381823, -122.30235516185999), -1.0, FIELD), 74.79308418298343, UNKNOWN, HEMORRHAGIC)"
