sample,reward_best,reward_CA,location_lat,location_lon,patient_state
1,0.24418294143999997,0.24418294143999997,38.04137372531829,-121.89297476957236,"PatientState(Location(""FIELD"", (38.04137372531829, -121.89297476957236), -1.0, FIELD), 133.04734825252726, UNKNOWN, HEMORRHAGIC)"
2,0.24418294143999997,0.24418294143999997,38.03958292080839,-121.89131181568322,"PatientState(Location(""FIELD"", (38.03958292080839, -121.89131181568322), -1.0, FIELD), 181.7627545884421, UNKNOWN, LVO)"
3,0.24418294143999997,0.24418294143999997,38.04021823940428,-121.89482117124653,"PatientState(Location(""FIELD"", (38.04021823940428, -121.89482117124653), -1.0, FIELD), 263.14945801926706, UNKNOWN, LVO)"
4,0.24418294143999997,0.24418294143999997,38.0421961383353,-121.89475644608606,"PatientState(Location(""FIELD"", (38.0421961383353, -121.89475644608606), -1.0, FIELD), 111.62545955650906, UNKNOWN, HEMORRHAGIC)"
5,0.24418294143999997,0.24418294143999997,38.03950946491014,-121.89200583803033,"PatientState(Location(""FIELD"", (38.03950946491014, -121.89200583803033), -1.0, FIELD), 212.7720828767061, UNKNOWN, LVO)"
