sample,reward_best,reward_CA,location_lat,location_lon,patient_state
1,0.24418294143999997,0.24418294143999997,37.42619609077376,-122.38507329077387,"PatientState(Location(""FIELD"", (37.42619609077376, -122.38507329077387), -1.0, FIELD), 184.3096771971129, UNKNOWN, LVO)"
2,0.3390286897290876,0.33558650400404877,37.42838412771472,-122.38509464972023,"PatientState(Location(""FIELD"", (37.42838412771472, -122.38509464972023), -1.0, FIELD), 51.84067818311755, UNKNOWN, HEMORRHAGIC)"
3,0.3509709015022335,0.34756118831916705,37.42818746750527,-122.3818256903519,"PatientState(Location(""FIELD"", (37.42818746750527, -122.3818256903519), -1.0, FIELD), 0.15726431576621347, UNKNOWN, HEMORRHAGIC)"
4,0.3154678418892712,0.25617280877519333,37.42709614309195,-122.38515065408548,"PatientState(Location(""FIELD"", (37.42709614309195, -122.38515065408548), -1.0, FIELD), 155.708975014815, UNKNOWN, HEMORRHAGIC)"
5,0.24418294143999997,0.24418294143999997,37.42855222064017,-122.38453011902942,"PatientState(Location(""FIELD"", (37.42855222064017, -122.38453011902942), -1.0, FIELD), 246.74580068352404, UNKNOWN, LVO)"
