sample,reward_best,reward_CA,location_lat,location_lon,patient_state
1,0.33740711875710677,0.25986356100637575,37.888150231943875,-122.52255727369545,"PatientState(Location(""FIELD"", (37.888150231943875, -122.52255727369545), -1.0, FIELD), 35.51080261998858, UNKNOWN, HEMORRHAGIC)"
2,0.24418294143999997,0.24418294143999997,37.88637389745684,-122.52171635149452,"PatientState(Location(""FIELD"", (37.88637389745684, -122.52171635149452), -1.0, FIELD), 180.16881024109415, UNKNOWN, LVO)"
3,0.24418294143999997,0.24418294143999997,37.88718437884491,-122.52384534584381,"PatientState(Location(""FIELD"", (37.88718437884491, -122.52384534584381), -1.0, FIELD), 201.65182047863672, UNKNOWN, LVO)"
4,0.24418294143999997,0.24418294143999997,37.88842719106595,-122.52277643075513,"PatientState(Location(""FIELD"", (37.88842719106595, -122.52277643075513), -1.0, FIELD), 244.6165468700634, UNKNOWN, LVO)"
5,0.34453142616339505,0.26554324255399964,37.88563995328893,-122.5238835630772,"PatientState(Location(""FIELD"", (37.88563995328893, -122.5238835630772), -1.0, FIELD), 4.134744521911316, UNKNOWN, LVO)"
