sample,reward_best,reward_CA,location_lat,location_lon,patient_state
1,0.320565958737529,0.24418294143999997,37.855348008348216,-122.15847294405238,"PatientState(Location(""FIELD"", (37.855348008348216, -122.15847294405238), -1.0, FIELD), 119.94285275635231, UNKNOWN, LVO)"
2,0.34439278363919773,0.3297453711709877,37.85449730291626,-122.15705122290083,"PatientState(Location(""FIELD"", (37.85449730291626, -122.15705122290083), -1.0, FIELD), 15.885668507411507, UNKNOWN, LVO)"
3,0.31562111378654184,0.24418294143999997,37.854237434225,-122.1582072275531,"PatientState(Location(""FIELD"", (37.854237434225, -122.1582072275531), -1.0, FIELD), 141.70233001627363, UNKNOWN, MIMIC)"
4,0.33725526514369275,0.3227762492349841,37.85583962502776,-122.15919123849272,"PatientState(Location(""FIELD"", (37.85583962502776, -122.15919123849272), -1.0, FIELD), 46.414916352845474, UNKNOWN, HEMORRHAGIC)"
5,0.33309123846067723,0.318715230935695,37.857840426552,-122.15897733763207,"PatientState(Location(""FIELD"", (37.857840426552, -122.15897733763207), -1.0, FIELD), 66.12631001925226, UNKNOWN, MIMIC)"
