sample,reward_best,reward_CA,location_lat,location_lon,patient_state
1,0.3397439588198299,0.3397439588198299,37.44158023369182,-122.2075200089123,"PatientState(Location(""FIELD"", (37.44158023369182, -122.2075200089123), -1.0, FIELD), 83.61941834354951, UNKNOWN, HEMORRHAGIC)"
2,0.3145253646992411,0.3145253646992411,37.44122044268864,-122.20752915674612,"PatientState(Location(""FIELD"", (37.44122044268864, -122.20752915674612), -1.0, FIELD), 194.92980023291662, UNKNOWN, NLVO)"
3,0.33668269852936394,0.33668269852936394,37.441649354169286,-122.208808712616,"PatientState(Location(""FIELD"", (37.441649354169286, -122.208808712616), -1.0, FIELD), 96.35754328150372, UNKNOWN, LVO)"
4,0.3232037143852216,0.3232037143852216,37.440511671295184,-122.20922916316475,"PatientState(Location(""FIELD"", (37.440511671295184, -122.20922916316475), -1.0, FIELD), 155.21028378009964, UNKNOWN, LVO)"
5,0.3275803163885937,0.3275803163885937,37.43992706953102,-122.21021236162166,"PatientState(Location(""FIELD"", (37.43992706953102, -122.21021236162166), -1.0, FIELD), 136.3394855570897, UNKNOWN, LVO)"
