sample,reward_best,reward_CA,location_lat,location_lon,patient_state
1,0.24418294143999997,0.24418294143999997,37.826742671400005,-121.65328148264194,"PatientState(Location(""FIELD"", (37.826742671400005, -121.65328148264194), -1.0, FIELD), 132.14076058285764, UNKNOWN, LVO)"
2,0.24418294143999997,0.24418294143999997,37.82609256788634,-121.65229922571203,"PatientState(Location(""FIELD"", (37.82609256788634, -121.65229922571203), -1.0, FIELD), 167.39623953470758, UNKNOWN, LVO)"
3,0.24418294143999997,0.24418294143999997,37.826876841360296,-121.65302010071338,"PatientState(Location(""FIELD"", (37.826876841360296, -121.65302010071338), -1.0, FIELD), 102.3509918426173, UNKNOWN, LVO)"
4,0.24418294143999997,0.24418294143999997,37.82437268689054,-121.65544891667433,"PatientState(Location(""FIELD"", (37.82437268689054, -121.65544891667433), -1.0, FIELD), 147.42991748253084, UNKNOWN, HEMORRHAGIC)"
5,0.31640831212907466,0.24418294143999997,37.82432680225664,-121.6543088934577,"PatientState(Location(""FIELD"", (37.82432680225664, -121.6543088934577), -1.0, FIELD), 47.89659673792442, UNKNOWN, HEMORRHAGIC)"
