sample,reward_best,reward_CA,location_lat,location_lon,patient_state
1,0.24418294143999997,0.24418294143999997,38.01490819903345,-122.27532270494234,"PatientState(Location(""FIELD"", (38.01490819903345, -122.27532270494234), -1.0, FIELD), 218.181202805777, UNKNOWN, HEMORRHAGIC)"
2,0.2553185709944538,0.24418294143999997,38.016615577475086,-122.27208063396031,"PatientState(Location(""FIELD"", (38.016615577475086, -122.27208063396031), -1.0, FIELD), 133.83813849124746, UNKNOWN, HEMORRHAGIC)"
3,0.3355264470160865,0.3241827214125028,38.01711661976037,-122.27362984024764,"PatientState(Location(""FIELD"", (38.01711661976037, -122.27362984024764), -1.0, FIELD), 35.055059848945035, UNKNOWN, HEMORRHAGIC)"
4,0.24418294143999997,0.24418294143999997,38.01874975342847,-122.27125681303632,"PatientState(Location(""FIELD"", (38.01874975342847, -122.27125681303632), -1.0, FIELD), 161.32143274872578, UNKNOWN, HEMORRHAGIC)"
5,0.31608783844110605,0.25276904578894566,38.016828210318195,-122.27173958768938,"PatientState(Location(""FIELD"", (38.016828210318195, -122.27173958768938), -1.0, FIELD), 75.38387305604216, UNKNOWN, HEMORRHAGIC)"
