sample,reward_best,reward_CA,location_lat,location_lon,patient_state
1,0.3425879287007204,0.32632263300450454,37.68835006467039,-122.41249490400001,"PatientState(Location(""FIELD"", (37.68835006467039, -122.41249490400001), -1.0, FIELD), 55.38290190779641, UNKNOWN, HEMORRHAGIC)"
2,0.33631649901091015,0.32021684520951255,37.687032838731824,-122.41133643372356,"PatientState(Location(""FIELD"", (37.687032838731824, -122.41133643372356), -1.0, FIELD), 82.08007312090739, UNKNOWN, HEMORRHAGIC)"
3,0.3431884407762775,0.3269077461915047,37.68558476469057,-122.41316594689035,"PatientState(Location(""FIELD"", (37.68558476469057, -122.41316594689035), -1.0, FIELD), 51.85227103475193, UNKNOWN, MIMIC)"
4,0.3241374187691506,0.24418294143999997,37.6858181449919,-122.41502224148067,"PatientState(Location(""FIELD"", (37.6858181449919, -122.41502224148067), -1.0, FIELD), 134.25537977681486, UNKNOWN, LVO)"
5,0.24418294143999997,0.24418294143999997,37.684548802828026,-122.41494917145378,"PatientState(Location(""FIELD"", (37.684548802828026, -122.41494917145378), -1.0, FIELD), 240.50252255961516, UNKNOWN, LVO)"
