sample,reward_best,reward_CA,location_lat,location_lon,patient_state
1,0.31860406394672597,0.31860406394672597,37.43260393698923,-122.16232658751656,"PatientState(Location(""FIELD"", (37.43260393698923, -122.16232658751656), -1.0, FIELD), 181.50668275893673, UNKNOWN, LVO)"
2,0.32759436678384574,0.32759436678384574,37.4312819728446,-122.16267636254292,"PatientState(Location(""FIELD"", (37.4312819728446, -122.16267636254292), -1.0, FIELD), 142.1426885891083, UNKNOWN, MIMIC)"
3,0.32727288277710703,0.32727288277710703,37.43104255127128,-122.1646818048663,"PatientState(Location(""FIELD"", (37.43104255127128, -122.1646818048663), -1.0, FIELD), 143.49538024420494, UNKNOWN, HEMORRHAGIC)"
4,0.3298080852680935,0.3298080852680935,37.43154696242767,-122.16401777571527,"PatientState(Location(""FIELD"", (37.43154696242767, -122.16401777571527), -1.0, FIELD), 132.62576900415823, UNKNOWN, LVO)"
5,0.31525640991078274,0.31525640991078274,37.42998187332004,-122.16512245210637,"PatientState(Location(""FIELD"", (37.42998187332004, -122.16512245210637), -1.0, FIELD), 196.15279276878462, UNKNOWN, LVO)"
