sample,reward_best,reward_CA,location_lat,location_lon,patient_state
1,0.24418294143999997,0.24418294143999997,37.37311227852768,-121.69575855336849,"PatientState(Location(""FIELD"", (37.37311227852768, -121.69575855336849), -1.0, FIELD), 178.6417142613994, UNKNOWN, HEMORRHAGIC)"
2,0.24418294143999997,0.24418294143999997,37.368811571139325,-121.69091020281708,"PatientState(Location(""FIELD"", (37.368811571139325, -121.69091020281708), -1.0, FIELD), 206.81697870367182, UNKNOWN, LVO)"
3,0.24418294143999997,0.24418294143999997,37.3718679243186,-121.69184347274421,"PatientState(Location(""FIELD"", (37.3718679243186, -121.69184347274421), -1.0, FIELD), 168.71620582335132, UNKNOWN, LVO)"
4,0.3258989953314757,0.3258989953314757,37.36983396749225,-121.69460008327526,"PatientState(Location(""FIELD"", (37.36983396749225, -121.69460008327526), -1.0, FIELD), 103.68080139438177, UNKNOWN, HEMORRHAGIC)"
5,0.24418294143999997,0.24418294143999997,37.371782274487884,-121.69445656244874,"PatientState(Location(""FIELD"", (37.371782274487884, -121.69445656244874), -1.0, FIELD), 197.74861366198093, UNKNOWN, LVO)"
