sample,reward_best,reward_CA,location_lat,location_lon,patient_state
1,0.3160812378176546,0.24418294143999997,37.93880590271902,-121.58478156735917,"PatientState(Location(""FIELD"", (37.93880590271902, -121.58478156735917), -1.0, FIELD), 28.50967650796259, UNKNOWN, LVO)"
2,0.24418294143999997,0.24418294143999997,37.93933261894395,-121.58415280943056,"PatientState(Location(""FIELD"", (37.93933261894395, -121.58415280943056), -1.0, FIELD), 110.4246210360076, UNKNOWN, LVO)"
3,0.24418294143999997,0.24418294143999997,37.93941992618633,-121.5842274401882,"PatientState(Location(""FIELD"", (37.93941992618633, -121.5842274401882), -1.0, FIELD), 216.27727024896458, UNKNOWN, LVO)"
4,0.24418294143999997,0.24418294143999997,37.93921447010183,-121.58550251562684,"PatientState(Location(""FIELD"", (37.93921447010183, -121.58550251562684), -1.0, FIELD), 172.7293710868013, UNKNOWN, MIMIC)"
5,0.31645607614165727,0.24418294143999997,37.93966495741411,-121.58160962338077,"PatientState(Location(""FIELD"", (37.93966495741411, -121.58160962338077), -1.0, FIELD), 26.269507930594784, UNKNOWN, LVO)"
