sample,reward_best,reward_CA,location_lat,location_lon,patient_state
1,0.24418294143999997,0.24418294143999997,37.70205368382078,-122.13743091323063,"PatientState(Location(""FIELD"", (37.70205368382078, -122.13743091323063), -1.0, FIELD), 229.55015246340804, UNKNOWN, HEMORRHAGIC)"
2,0.3421155523179362,0.32470576515695915,37.70330073608953,-122.13674304107296,"PatientState(Location(""FIELD"", (37.70330073608953, -122.13674304107296), -1.0, FIELD), 49.952671603305, UNKNOWN, LVO)"
3,0.24418294143999997,0.24418294143999997,37.70198455002621,-122.14001003181637,"PatientState(Location(""FIELD"", (37.70198455002621, -122.14001003181637), -1.0, FIELD), 251.4736722154955, UNKNOWN, HEMORRHAGIC)"
4,0.3201013116873751,0.24418294143999997,37.703720678713076,-122.13952982545116,"PatientState(Location(""FIELD"", (37.703720678713076, -122.13952982545116), -1.0, FIELD), 145.9729367822685, UNKNOWN, LVO)"
5,0.24418294143999997,0.24418294143999997,37.701438272619,-122.13751045868588,"PatientState(Location(""FIELD"", (37.701438272619, -122.13751045868588), -1.0, FIELD), 247.68931754150617, UNKNOWN, HEMORRHAGIC)"
