sample,reward_best,reward_CA,location_lat,location_lon,patient_state
1,0.24418294143999997,0.24418294143999997,37.918754242300686,-121.72457132477979,"PatientState(Location(""FIELD"", (37.918754242300686, -121.72457132477979), -1.0, FIELD), 187.12505394953612, UNKNOWN, LVO)"
2,0.24418294143999997,0.24418294143999997,37.9164625702716,-121.72349779650783,"PatientState(Location(""FIELD"", (37.9164625702716, -121.72349779650783), -1.0, FIELD), 246.67116102252146, UNKNOWN, LVO)"
3,0.317770943323547,0.24418294143999997,37.916778950603046,-121.72423660119127,"PatientState(Location(""FIELD"", (37.916778950603046, -121.72423660119127), -1.0, FIELD), 39.17915225493449, UNKNOWN, HEMORRHAGIC)"
4,0.24418294143999997,0.24418294143999997,37.917618108436734,-121.72440069124173,"PatientState(Location(""FIELD"", (37.917618108436734, -121.72440069124173), -1.0, FIELD), 135.89728104418623, UNKNOWN, LVO)"
5,0.24418294143999997,0.24418294143999997,37.91450460094081,-121.72302453140658,"PatientState(Location(""FIELD"", (37.91450460094081, -121.72302453140658), -1.0, FIELD), 178.63716119723716, UNKNOWN, LVO)"
