sample,reward_best,reward_CA,location_lat,location_lon,patient_state
1,0.32898442969509994,0.32898442969509994,37.39218395957025,-122.24938352028121,"PatientState(Location(""FIELD"", (37.39218395957025, -122.24938352028121), -1.0, FIELD), 127.5216202944335, UNKNOWN, LVO)"
2,0.35741325692375975,0.35741325692375975,37.389296599913756,-122.24873752763358,"PatientState(Location(""FIELD"", (37.389296599913756, -122.24873752763358), -1.0, FIELD), 2.104803059226902, UNKNOWN, LVO)"
3,0.3218983607293925,0.3218983607293925,37.39183455217718,-122.24995490008182,"PatientState(Location(""FIELD"", (37.39183455217718, -122.24995490008182), -1.0, FIELD), 158.81234794065034, UNKNOWN, LVO)"
4,0.3144448706715652,0.3144448706715652,37.39325739292654,-122.2499119925852,"PatientState(Location(""FIELD"", (37.39325739292654, -122.2499119925852), -1.0, FIELD), 192.34294796361928, UNKNOWN, LVO)"
5,0.24418294143999997,0.24418294143999997,37.38971190342297,-122.24656217300642,"PatientState(Location(""FIELD"", (37.38971190342297, -122.24656217300642), -1.0, FIELD), 223.89996370099664, UNKNOWN, HEMORRHAGIC)"
