sample,reward_best,reward_CA,location_lat,location_lon,patient_state
1,0.3246781805164128,0.24418294143999997,37.65326686943899,-121.99085994173073,"PatientState(Location(""FIELD"", (37.65326686943899, -121.99085994173073), -1.0, FIELD), 115.83964474663837, UNKNOWN, LVO)"
2,0.31550253751386687,0.24418294143999997,37.65263618826829,-121.99243593665456,"PatientState(Location(""FIELD"", (37.65263618826829, -121.99243593665456), -1.0, FIELD), 156.58276806770584, UNKNOWN, HEMORRHAGIC)"
3,0.3231908973605286,0.24418294143999997,37.65211465138226,-121.99125254652994,"PatientState(Location(""FIELD"", (37.65211465138226, -121.99125254652994), -1.0, FIELD), 122.45211763667915, UNKNOWN, LVO)"
4,0.32614455863384495,0.24418294143999997,37.65233819139991,-121.99254820356536,"PatientState(Location(""FIELD"", (37.65233819139991, -121.99254820356536), -1.0, FIELD), 109.1726544836883, UNKNOWN, LVO)"
5,0.3508905658863555,0.3329168902897466,37.653122148572656,-121.99402062290179,"PatientState(Location(""FIELD"", (37.653122148572656, -121.99402062290179), -1.0, FIELD), 2.1408209894856958, UNKNOWN, LVO)"
