sample,reward_best,reward_CA,location_lat,location_lon,patient_state
1,0.24418294143999997,0.24418294143999997,38.00923920676842,-121.72129638540378,"PatientState(Location(""FIELD"", (38.00923920676842, -121.72129638540378), -1.0, FIELD), 112.45081346602267, UNKNOWN, HEMORRHAGIC)"
2,0.24418294143999997,0.24418294143999997,38.01318728623022,-121.7256249762734,"PatientState(Location(""FIELD"", (38.01318728623022, -121.7256249762734), -1.0, FIELD), 218.3418818000378, UNKNOWN, HEMORRHAGIC)"
3,0.3206652173335349,0.24418294143999997,38.008984529290004,-121.72573342555638,"PatientState(Location(""FIELD"", (38.008984529290004, -121.72573342555638), -1.0, FIELD), 27.283264159385666, UNKNOWN, HEMORRHAGIC)"
4,0.24418294143999997,0.24418294143999997,38.009199131696924,-121.72306209645915,"PatientState(Location(""FIELD"", (38.009199131696924, -121.72306209645915), -1.0, FIELD), 67.60704735373645, UNKNOWN, LVO)"
5,0.24418294143999997,0.24418294143999997,38.01063136270951,-121.72095515550852,"PatientState(Location(""FIELD"", (38.01063136270951, -121.72095515550852), -1.0, FIELD), 153.76701415837292, UNKNOWN, LVO)"
