sample,reward_best,reward_CA,location_lat,location_lon,patient_state
1,0.24418294143999997,0.24418294143999997,37.45193180359187,-121.63335317655586,"PatientState(Location(""FIELD"", (37.45193180359187, -121.63335317655586), -1.0, FIELD), 152.60310780874258, UNKNOWN, HEMORRHAGIC)"
2,0.24418294143999997,0.24418294143999997,37.45132342931306,-121.63218637850173,"PatientState(Location(""FIELD"", (37.45132342931306, -121.63218637850173), -1.0, FIELD), 233.48555742478877, UNKNOWN, LVO)"
3,0.24418294143999997,0.24418294143999997,37.45159651287949,-121.63543259718739,"PatientState(Location(""FIELD"", (37.45159651287949, -121.63543259718739), -1.0, FIELD), 139.38227063066338, UNKNOWN, MIMIC)"
4,0.24418294143999997,0.24418294143999997,37.45318370066664,-121.63137884978951,"PatientState(Location(""FIELD"", (37.45318370066664, -121.63137884978951), -1.0, FIELD), 221.6999490312116, UNKNOWN, HEMORRHAGIC)"
5,0.24418294143999997,0.24418294143999997,37.45341124679183,-121.63494436504634,"PatientState(Location(""FIELD"", (37.45341124679183, -121.63494436504634), -1.0, FIELD), 247.77511397404902, UNKNOWN, LVO)"
