sample,reward_best,reward_CA,location_lat,location_lon,patient_state
1,0.24418294143999997,0.24418294143999997,37.3275979203013,-122.17581737166539,"PatientState(Location(""FIELD"", (37.3275979203013, -122.17581737166539), -1.0, FIELD), 204.88701332166858, UNKNOWN, HEMORRHAGIC)"
2,0.24418294143999997,0.24418294143999997,37.323862254484915,-122.17736324477491,"PatientState(Location(""FIELD"", (37.323862254484915, -122.17736324477491), -1.0, FIELD), 185.97261572691292, UNKNOWN, LVO)"
3,0.33505073389076917,0.31901549263794804,37.32827526517319,-122.17980895524634,"PatientState(Location(""FIELD"", (37.32827526517319, -122.17980895524634), -1.0, FIELD), 84.13573936083269, UNKNOWN, HEMORRHAGIC)"
4,0.31674180789505285,0.24418294143999997,37.327674616321666,-122.18028922990527,"PatientState(Location(""FIELD"", (37.327674616321666, -122.18028922990527), -1.0, FIELD), 164.9372242083927, UNKNOWN, LVO)"
5,0.34155893073282895,0.32533979544263913,37.32382673816041,-122.17932056231548,"PatientState(Location(""FIELD"", (37.32382673816041, -122.17932056231548), -1.0, FIELD), 56.02244062321261, UNKNOWN, LVO)"
