sample,reward_best,reward_CA,location_lat,location_lon,patient_state
1,0.24418294143999997,0.24418294143999997,38.02669259947307,-121.67047570595933,"PatientState(Location(""FIELD"", (38.02669259947307, -121.67047570595933), -1.0, FIELD), 141.02064923650406, UNKNOWN, HEMORRHAGIC)"
2,0.24418294143999997,0.24418294143999997,38.02530164978936,-121.6685066907883,"PatientState(Location(""FIELD"", (38.02530164978936, -121.6685066907883), -1.0, FIELD), 194.95770660983692, UNKNOWN, LVO)"
3,0.24418294143999997,0.24418294143999997,38.02693807682412,-121.66790127149926,"PatientState(Location(""FIELD"", (38.02693807682412, -121.66790127149926), -1.0, FIELD), 158.16149188704566, UNKNOWN, HEMORRHAGIC)"
4,0.24418294143999997,0.24418294143999997,38.02806362600289,-121.66819540178649,"PatientState(Location(""FIELD"", (38.02806362600289, -121.66819540178649), -1.0, FIELD), 165.79236564976003, UNKNOWN, NLVO)"
5,0.24418294143999997,0.24418294143999997,38.024659852741905,-121.66781771226498,"PatientState(Location(""FIELD"", (38.024659852741905, -121.66781771226498), -1.0, FIELD), 51.39881373248999, UNKNOWN, LVO)"
