sample,reward_best,reward_CA,location_lat,location_lon,patient_state
1,0.35130784555367156,0.35130784555367156,37.34778867009896,-121.79429843449607,"PatientState(Location(""FIELD"", (37.34778867009896, -121.79429843449607), -1.0, FIELD), 32.16905758377786, UNKNOWN, LVO)"
2,0.34920745776545903,0.34920745776545903,37.32728369087136,-121.81810977760622,"PatientState(Location(""FIELD"", (37.32728369087136, -121.81810977760622), -1.0, FIELD), 42.722902730799355, UNKNOWN, LVO)"
3,0.3537364627264691,0.3537364627264691,37.344063519491094,-121.82679967270386,"PatientState(Location(""FIELD"", (37.344063519491094, -121.82679967270386), -1.0, FIELD), 27.425351603664872, UNKNOWN, NLVO)"
