sample,reward_best,reward_CA,location_lat,location_lon,patient_state
1,0.2532862584585424,0.24418294143999997,37.72911520829159,-122.45580550809822,"PatientState(Location(""FIELD"", (37.72911520829159, -122.45580550809822), -1.0, FIELD), 184.42347014668286, UNKNOWN, NLVO)"
2,0.25187263859696096,0.24418294143999997,37.73103991993597,-122.45981795219895,"PatientState(Location(""FIELD"", (37.73103991993597, -122.45981795219895), -1.0, FIELD), 191.83645830245982, UNKNOWN, HEMORRHAGIC)"
3,0.24418294143999997,0.24418294143999997,37.73153367449192,-122.45841426466089,"PatientState(Location(""FIELD"", (37.73153367449192, -122.45841426466089), -1.0, FIELD), 238.90346718769402, UNKNOWN, MIMIC)"
4,0.24418294143999997,0.24418294143999997,37.73046691148929,-122.46005364605178,"PatientState(Location(""FIELD"", (37.73046691148929, -122.46005364605178), -1.0, FIELD), 254.92840125078808, UNKNOWN, LVO)"
5,0.32997970287965944,0.31720561969609234,37.730685799976435,-122.45777745743963,"PatientState(Location(""FIELD"", (37.730685799976435, -122.45777745743963), -1.0, FIELD), 103.06240889322808, UNKNOWN, LVO)"
