sample,reward_best,reward_CA,location_lat,location_lon,patient_state
1,0.24418294143999997,0.24418294143999997,38.1610441683156,-122.1239615279773,"PatientState(Location(""FIELD"", (38.1610441683156, -122.1239615279773), -1.0, FIELD), 160.36044671784384, UNKNOWN, NLVO)"
2,0.24418294143999997,0.24418294143999997,38.16237937532269,-122.12525789038737,"PatientState(Location(""FIELD"", (38.16237937532269, -122.12525789038737), -1.0, FIELD), 108.2643170680325, UNKNOWN, HEMORRHAGIC)"
3,0.3158606602635661,0.24418294143999997,38.163447683219026,-122.12429742919613,"PatientState(Location(""FIELD"", (38.163447683219026, -122.12429742919613), -1.0, FIELD), 54.95928428411972, UNKNOWN, LVO)"
4,0.24418294143999997,0.24418294143999997,38.162779184554786,-122.12389705406424,"PatientState(Location(""FIELD"", (38.162779184554786, -122.12389705406424), -1.0, FIELD), 77.00146964766459, UNKNOWN, LVO)"
5,0.32375671973058684,0.32375671973058684,38.16146206417602,-122.1208429529899,"PatientState(Location(""FIELD"", (38.16146206417602, -122.1208429529899), -1.0, FIELD), 22.416849732256697, UNKNOWN, MIMIC)"
