sample,reward_best,reward_CA,location_lat,location_lon,patient_state
1,0.24418294143999997,0.24418294143999997,37.635297406501834,-122.05055502653643,"PatientState(Location(""FIELD"", (37.635297406501834, -122.05055502653643), -1.0, FIELD), 209.4550962875141, UNKNOWN, HEMORRHAGIC)"
2,0.24418294143999997,0.24418294143999997,37.6351519523318,-122.04879738597059,"PatientState(Location(""FIELD"", (37.6351519523318, -122.04879738597059), -1.0, FIELD), 189.690449179454, UNKNOWN, LVO)"
3,0.3419450058247689,0.32366733877810155,37.63625035642031,-122.04875341760264,"PatientState(Location(""FIELD"", (37.63625035642031, -122.04875341760264), -1.0, FIELD), 51.66133080349261, UNKNOWN, LVO)"
4,0.24418294143999997,0.24418294143999997,37.63574103242959,-122.0493405290328,"PatientState(Location(""FIELD"", (37.63574103242959, -122.0493405290328), -1.0, FIELD), 232.85757316328935, UNKNOWN, NLVO)"
5,0.24418294143999997,0.24418294143999997,37.63726525252585,-122.0484196102877,"PatientState(Location(""FIELD"", (37.63726525252585, -122.0484196102877), -1.0, FIELD), 259.22915644479383, UNKNOWN, NLVO)"
