sample,reward_best,reward_CA,location_lat,location_lon,patient_state
1,0.24418294143999997,0.24418294143999997,38.10803417672628,-121.98524456915034,"PatientState(Location(""FIELD"", (38.10803417672628, -121.98524456915034), -1.0, FIELD), 77.89951800675952, UNKNOWN, NLVO)"
2,0.24418294143999997,0.24418294143999997,38.10736995994107,-121.98557117097502,"PatientState(Location(""FIELD"", (38.10736995994107, -121.98557117097502), -1.0, FIELD), 27.319861231007394, UNKNOWN, NLVO)"
3,0.24418294143999997,0.24418294143999997,38.10839316629012,-121.98235212955166,"PatientState(Location(""FIELD"", (38.10839316629012, -121.98235212955166), -1.0, FIELD), 55.856917273920594, UNKNOWN, LVO)"
4,0.24418294143999997,0.24418294143999997,38.10862190455708,-121.98397020592084,"PatientState(Location(""FIELD"", (38.10862190455708, -121.98397020592084), -1.0, FIELD), 128.92169167690002, UNKNOWN, LVO)"
5,0.24418294143999997,0.24418294143999997,38.10402564488037,-121.98521674018176,"PatientState(Location(""FIELD"", (38.10402564488037, -121.98521674018176), -1.0, FIELD), 95.23900709278354, UNKNOWN, HEMORRHAGIC)"
