sample,reward_best,reward_CA,location_lat,location_lon,patient_state
1,0.24418294143999997,0.24418294143999997,38.13055301461939,-122.19413344293939,"PatientState(Location(""FIELD"", (38.13055301461939, -122.19413344293939), -1.0, FIELD), 184.45721331694926, UNKNOWN, NLVO)"
2,0.24418294143999997,0.24418294143999997,38.130377765359576,-122.19473330930172,"PatientState(Location(""FIELD"", (38.130377765359576, -122.19473330930172), -1.0, FIELD), 152.0807626467573, UNKNOWN, LVO)"
3,0.32938262452951583,0.24418294143999997,38.13267081105043,-122.19270724097224,"PatientState(Location(""FIELD"", (38.13267081105043, -122.19270724097224), -1.0, FIELD), 7.428609496821904, UNKNOWN, LVO)"
4,0.3288379387360994,0.24418294143999997,38.13210457073573,-122.19404210263573,"PatientState(Location(""FIELD"", (38.13210457073573, -122.19404210263573), -1.0, FIELD), 9.835594276932996, UNKNOWN, MIMIC)"
5,0.24418294143999997,0.24418294143999997,38.132497094685235,-122.19133212882552,"PatientState(Location(""FIELD"", (38.132497094685235, -122.19133212882552), -1.0, FIELD), 222.77069759808944, UNKNOWN, MIMIC)"
