sample,reward_best,reward_CA,location_lat,location_lon,patient_state
1,0.32604940403372473,0.24418294143999997,37.99468061279309,-121.73967634872919,"PatientState(Location(""FIELD"", (37.99468061279309, -121.73967634872919), -1.0, FIELD), 5.546401129420512, UNKNOWN, LVO)"
2,0.31789102583003154,0.24418294143999997,37.994946860798365,-121.73941680607454,"PatientState(Location(""FIELD"", (37.994946860798365, -121.73941680607454), -1.0, FIELD), 41.6631911748789, UNKNOWN, LVO)"
3,0.24418294143999997,0.24418294143999997,37.99659091160095,-121.7405952422762,"PatientState(Location(""FIELD"", (37.99659091160095, -121.7405952422762), -1.0, FIELD), 126.31891688526761, UNKNOWN, LVO)"
4,0.24418294143999997,0.24418294143999997,37.99439517462268,-121.73708125532396,"PatientState(Location(""FIELD"", (37.99439517462268, -121.73708125532396), -1.0, FIELD), 104.45026342670386, UNKNOWN, LVO)"
5,0.24418294143999997,0.24418294143999997,37.99874235560702,-121.73861425888894,"PatientState(Location(""FIELD"", (37.99874235560702, -121.73861425888894), -1.0, FIELD), 93.96801326948393, UNKNOWN, LVO)"
