sample,reward_best,reward_CA,location_lat,location_lon,patient_state
1,0.3502092766480638,0.3502092766480638,37.48527133895865,-122.1768948077113,"PatientState(Location(""FIELD"", (37.48527133895865, -122.1768948077113), -1.0, FIELD), 41.75267847719735, UNKNOWN, LVO)"
2,0.35489221569481705,0.35489221569481705,37.486697606299494,-122.17681512070796,"PatientState(Location(""FIELD"", (37.486697606299494, -122.17681512070796), -1.0, FIELD), 23.860654527097278, UNKNOWN, MIMIC)"
3,0.3305644906570915,0.3305644906570915,37.48439870423829,-122.17979455600512,"PatientState(Location(""FIELD"", (37.48439870423829, -122.17979455600512), -1.0, FIELD), 128.6610595277428, UNKNOWN, LVO)"
4,0.3273132249964622,0.3273132249964622,37.48448515944788,-122.17985816304932,"PatientState(Location(""FIELD"", (37.48448515944788, -122.17985816304932), -1.0, FIELD), 142.95285054555166, UNKNOWN, LVO)"
5,0.3586898654496582,0.3586898654496582,37.485112321621756,-122.17801313608135,"PatientState(Location(""FIELD"", (37.485112321621756, -122.17801313608135), -1.0, FIELD), 6.247934490589438, UNKNOWN, HEMORRHAGIC)"
