sample,reward_best,reward_CA,location_lat,location_lon,patient_state
1,0.32709435444442797,0.32709435444442797,37.33660036942397,-121.65574889203242,"PatientState(Location(""FIELD"", (37.33660036942397, -121.65574889203242), -1.0, FIELD), 112.61283431057207, UNKNOWN, LVO)"
2,0.34690609384104204,0.34690609384104204,37.33505862786706,-121.65543561784452,"PatientState(Location(""FIELD"", (37.33505862786706, -121.65543561784452), -1.0, FIELD), 27.160144864057482, UNKNOWN, NLVO)"
3,0.3435862492209798,0.3435862492209798,37.33468741191635,-121.65509538930527,"PatientState(Location(""FIELD"", (37.33468741191635, -121.65509538930527), -1.0, FIELD), 41.33847463062106, UNKNOWN, HEMORRHAGIC)"
4,0.34694402183658507,0.34694402183658507,37.33755185513292,-121.65510513619901,"PatientState(Location(""FIELD"", (37.33755185513292, -121.65510513619901), -1.0, FIELD), 26.738573683297062, UNKNOWN, LVO)"
5,0.3485576734621177,0.3485576734621177,37.3364019189434,-121.652017178937,"PatientState(Location(""FIELD"", (37.3364019189434, -121.652017178937), -1.0, FIELD), 19.426273283149726, UNKNOWN, MIMIC)"
