sample,reward_best,reward_CA,location_lat,location_lon,patient_state
1,0.24418294143999997,0.24418294143999997,38.01612176700368,-122.00970697271664,"PatientState(Location(""FIELD"", (38.01612176700368, -122.00970697271664), -1.0, FIELD), 194.2944342737746, UNKNOWN, HEMORRHAGIC)"
2,0.24418294143999997,0.24418294143999997,38.01516053456148,-122.01065136765176,"PatientState(Location(""FIELD"", (38.01516053456148, -122.01065136765176), -1.0, FIELD), 95.76984847472636, UNKNOWN, HEMORRHAGIC)"
3,0.24418294143999997,0.24418294143999997,38.01442897600285,-122.00799976445686,"PatientState(Location(""FIELD"", (38.01442897600285, -122.00799976445686), -1.0, FIELD), 83.01563058293397, UNKNOWN, LVO)"
4,0.24418294143999997,0.24418294143999997,38.01752964003907,-122.01043513150995,"PatientState(Location(""FIELD"", (38.01752964003907, -122.01043513150995), -1.0, FIELD), 243.56690450750528, UNKNOWN, LVO)"
5,0.32494782598019745,0.32494782598019745,38.01863798082235,-122.0062843211226,"PatientState(Location(""FIELD"", (38.01863798082235, -122.0062843211226), -1.0, FIELD), 22.131024633895674, UNKNOWN, HEMORRHAGIC)"
