sample,reward_best,reward_CA,location_lat,location_lon,patient_state
1,0.24418294143999997,0.24418294143999997,37.479075655153366,-122.20785485320884,"PatientState(Location(""FIELD"", (37.479075655153366, -122.20785485320884), -1.0, FIELD), 269.20554828091736, UNKNOWN, HEMORRHAGIC)"
2,0.24418294143999997,0.24418294143999997,37.48216739748906,-122.2059302024752,"PatientState(Location(""FIELD"", (37.48216739748906, -122.2059302024752), -1.0, FIELD), 250.41319950995506, UNKNOWN, LVO)"
3,0.36028826180826945,0.36028826180826945,37.482350319821784,-122.20934835706227,"PatientState(Location(""FIELD"", (37.482350319821784, -122.20934835706227), -1.0, FIELD), 2.999331723767058, UNKNOWN, LVO)"
4,0.35637903379156544,0.35637903379156544,37.48157825491238,-122.2105005838163,"PatientState(Location(""FIELD"", (37.48157825491238, -122.2105005838163), -1.0, FIELD), 19.221924698845626, UNKNOWN, LVO)"
5,0.3357809994630759,0.3357809994630759,37.47941315702532,-122.20856033564418,"PatientState(Location(""FIELD"", (37.47941315702532, -122.20856033564418), -1.0, FIELD), 105.89418330839352, UNKNOWN, LVO)"
