sample,reward_best,reward_CA,location_lat,location_lon,patient_state
1,0.24418294143999997,0.24418294143999997,38.101146704943346,-121.58552327740233,"PatientState(Location(""FIELD"", (38.101146704943346, -121.58552327740233), -1.0, FIELD), 80.06507403639768, UNKNOWN, NLVO)"
2,0.24418294143999997,0.24418294143999997,38.100164413917454,-121.58102602060471,"PatientState(Location(""FIELD"", (38.100164413917454, -121.58102602060471), -1.0, FIELD), 79.86261059674871, UNKNOWN, NLVO)"
3,0.24418294143999997,0.24418294143999997,38.103523366577114,-121.58196949652928,"PatientState(Location(""FIELD"", (38.103523366577114, -121.58196949652928), -1.0, FIELD), 227.78285574054416, UNKNOWN, LVO)"
4,0.24418294143999997,0.24418294143999997,38.10335064739476,-121.58246850035195,"PatientState(Location(""FIELD"", (38.10335064739476, -121.58246850035195), -1.0, FIELD), 226.9571647956942, UNKNOWN, HEMORRHAGIC)"
5,0.24418294143999997,0.24418294143999997,38.10217304725936,-121.58556924541293,"PatientState(Location(""FIELD"", (38.10217304725936, -121.58556924541293), -1.0, FIELD), 263.57481540556563, UNKNOWN, LVO)"
