sample,reward_best,reward_CA,location_lat,location_lon,patient_state
1,0.3187345001326153,0.3187345001326153,37.20105838702459,-122.18750502821817,"PatientState(Location(""FIELD"", (37.20105838702459, -122.18750502821817), -1.0, FIELD), 140.4798568623212, UNKNOWN, NLVO)"
2,0.24418294143999997,0.24418294143999997,37.202187848169714,-122.1905088638736,"PatientState(Location(""FIELD"", (37.202187848169714, -122.1905088638736), -1.0, FIELD), 186.0175354196165, UNKNOWN, MIMIC)"
3,0.33442593013936467,0.33442593013936467,37.202274373894504,-122.19066550294474,"PatientState(Location(""FIELD"", (37.202274373894504, -122.19066550294474), -1.0, FIELD), 70.68618648795885, UNKNOWN, HEMORRHAGIC)"
4,0.3351960307256649,0.3351960307256649,37.201237910466325,-122.19076693191181,"PatientState(Location(""FIELD"", (37.201237910466325, -122.19076693191181), -1.0, FIELD), 67.66506574431968, UNKNOWN, LVO)"
5,0.24418294143999997,0.24418294143999997,37.20009693332511,-122.18881667523979,"PatientState(Location(""FIELD"", (37.20009693332511, -122.18881667523979), -1.0, FIELD), 254.03263940669967, UNKNOWN, NLVO)"
