sample,reward_best,reward_CA,location_lat,location_lon,patient_state
1,0.33135913735591216,0.33135913735591216,37.31369010010481,-121.7997912489745,"PatientState(Location(""FIELD"", (37.31369010010481, -121.7997912489745), -1.0, FIELD), 117.09869403425802, UNKNOWN, LVO)"
2,0.35464050523160745,0.35464050523160745,37.31105312764659,-121.80003651632187,"PatientState(Location(""FIELD"", (37.31105312764659, -121.80003651632187), -1.0, FIELD), 17.24258841040133, UNKNOWN, LVO)"
3,0.24418294143999997,0.24418294143999997,37.31021267704143,-121.79786684276422,"PatientState(Location(""FIELD"", (37.31021267704143, -121.79786684276422), -1.0, FIELD), 249.5310250231122, UNKNOWN, MIMIC)"
4,0.24418294143999997,0.24418294143999997,37.31257903733149,-121.79595934091277,"PatientState(Location(""FIELD"", (37.31257903733149, -121.79595934091277), -1.0, FIELD), 212.42967834203264, UNKNOWN, MIMIC)"
5,0.33996966477537416,0.33996966477537416,37.31369196377794,-121.79987317797456,"PatientState(Location(""FIELD"", (37.31369196377794, -121.79987317797456), -1.0, FIELD), 79.74399297102651, UNKNOWN, HEMORRHAGIC)"
