sample,reward_best,reward_CA,location_lat,location_lon,patient_state
1,0.3401221605984121,0.33756926051641234,37.38707264075696,-122.0852170278018,"PatientState(Location(""FIELD"", (37.38707264075696, -122.0852170278018), -1.0, FIELD), 71.82574208757478, UNKNOWN, HEMORRHAGIC)"
2,0.3429325340571239,0.3402840465917266,37.386541363751874,-122.08224331693516,"PatientState(Location(""FIELD"", (37.386541363751874, -122.08224331693516), -1.0, FIELD), 61.25719828107431, UNKNOWN, LVO)"
3,0.24418294143999997,0.24418294143999997,37.38598751264984,-122.08121533091763,"PatientState(Location(""FIELD"", (37.38598751264984, -122.08121533091763), -1.0, FIELD), 214.20729496942522, UNKNOWN, LVO)"
4,0.326548901467413,0.2641462846443536,37.38383026738673,-122.08339097526466,"PatientState(Location(""FIELD"", (37.38383026738673, -122.08339097526466), -1.0, FIELD), 133.20355310754644, UNKNOWN, LVO)"
5,0.352471041450438,0.352471041450438,37.38686899765979,-122.0852619705548,"PatientState(Location(""FIELD"", (37.38686899765979, -122.0852619705548), -1.0, FIELD), 8.766265137837939, UNKNOWN, NLVO)"
