sample,reward_best,reward_CA,location_lat,location_lon,patient_state
1,0.24418294143999997,0.24418294143999997,37.8967988898723,-122.24047030291624,"PatientState(Location(""FIELD"", (37.8967988898723, -122.24047030291624), -1.0, FIELD), 182.66802644333026, UNKNOWN, NLVO)"
2,0.24418294143999997,0.24418294143999997,37.896866847661514,-122.24056083080582,"PatientState(Location(""FIELD"", (37.896866847661514, -122.24056083080582), -1.0, FIELD), 182.61197563502108, UNKNOWN, LVO)"
3,0.32137679037121997,0.24418294143999997,37.89682931996739,-122.24054884245004,"PatientState(Location(""FIELD"", (37.89682931996739, -122.24054884245004), -1.0, FIELD), 116.79703074063815, UNKNOWN, HEMORRHAGIC)"
4,0.3151065291738028,0.24418294143999997,37.89506408040944,-122.2382214739033,"PatientState(Location(""FIELD"", (37.89506408040944, -122.2382214739033), -1.0, FIELD), 145.311341051513, UNKNOWN, LVO)"
5,0.3298617164611164,0.3165097993122826,37.89583221481252,-122.24075493011745,"PatientState(Location(""FIELD"", (37.89583221481252, -122.24075493011745), -1.0, FIELD), 79.70250383352423, UNKNOWN, LVO)"
