sample,reward_best,reward_CA,location_lat,location_lon,patient_state
1,0.3525223632578181,0.33302148918248586,37.663455712295004,-121.89261060693701,"PatientState(Location(""FIELD"", (37.663455712295004, -121.89261060693701), -1.0, FIELD), 10.19109292038992, UNKNOWN, NLVO)"
2,0.342377218694419,0.3231954299926421,37.66336156243999,-121.89345397483724,"PatientState(Location(""FIELD"", (37.66336156243999, -121.89345397483724), -1.0, FIELD), 53.37830318531659, UNKNOWN, HEMORRHAGIC)"
3,0.3406567827068425,0.32153173814767233,37.66279346191158,-121.892879748415,"PatientState(Location(""FIELD"", (37.66279346191158, -121.892879748415), -1.0, FIELD), 60.76847835538939, UNKNOWN, NLVO)"
4,0.3399161306695019,0.3208157534912254,37.660997819903265,-121.89217969517969,"PatientState(Location(""FIELD"", (37.660997819903265, -121.89217969517969), -1.0, FIELD), 63.50286022823215, UNKNOWN, NLVO)"
5,0.3400240775844699,0.32092009626064594,37.66236025970112,-121.89111940139622,"PatientState(Location(""FIELD"", (37.66236025970112, -121.89111940139622), -1.0, FIELD), 63.49136205640972, UNKNOWN, MIMIC)"
