sample,reward_best,reward_CA,location_lat,location_lon,patient_state
1,0.345299683889862,0.32532183952388743,37.745685641843586,-121.63714520956782,"PatientState(Location(""FIELD"", (37.745685641843586, -121.63714520956782), -1.0, FIELD), 19.78849673375203, UNKNOWN, LVO)"
2,0.24418294143999997,0.24418294143999997,37.74777184273462,-121.63623073086937,"PatientState(Location(""FIELD"", (37.74777184273462, -121.63623073086937), -1.0, FIELD), 185.08733847255033, UNKNOWN, HEMORRHAGIC)"
3,0.323790532337818,0.24418294143999997,37.74819306655715,-121.63929035312853,"PatientState(Location(""FIELD"", (37.74819306655715, -121.63929035312853), -1.0, FIELD), 111.35299855659824, UNKNOWN, LVO)"
4,0.33740556800150195,0.31769743633409625,37.74554373732376,-121.6402629828119,"PatientState(Location(""FIELD"", (37.74554373732376, -121.6402629828119), -1.0, FIELD), 53.48657644699141, UNKNOWN, MIMIC)"
5,0.24418294143999997,0.24418294143999997,37.744424432301955,-121.63994467497402,"PatientState(Location(""FIELD"", (37.744424432301955, -121.63994467497402), -1.0, FIELD), 227.31284670102986, UNKNOWN, MIMIC)"
