sample,reward_best,reward_CA,location_lat,location_lon,patient_state
1,0.24418294143999997,0.24418294143999997,38.08779006878212,-121.9503935376604,"PatientState(Location(""FIELD"", (38.08779006878212, -121.9503935376604), -1.0, FIELD), 100.37937692671115, UNKNOWN, LVO)"
2,0.24418294143999997,0.24418294143999997,38.088700682880784,-121.95006045274273,"PatientState(Location(""FIELD"", (38.088700682880784, -121.95006045274273), -1.0, FIELD), 269.6550733579323, UNKNOWN, LVO)"
3,0.24418294143999997,0.24418294143999997,38.0845995940894,-121.94987708274915,"PatientState(Location(""FIELD"", (38.0845995940894, -121.94987708274915), -1.0, FIELD), 225.43325315573648, UNKNOWN, MIMIC)"
4,0.24418294143999997,0.24418294143999997,38.08647240384804,-121.94899863063252,"PatientState(Location(""FIELD"", (38.08647240384804, -121.94899863063252), -1.0, FIELD), 255.68283198628893, UNKNOWN, HEMORRHAGIC)"
5,0.24418294143999997,0.24418294143999997,38.08660543248966,-121.94581564454091,"PatientState(Location(""FIELD"", (38.08660543248966, -121.94581564454091), -1.0, FIELD), 235.02596505426823, UNKNOWN, HEMORRHAGIC)"
