sample,reward_best,reward_CA,location_lat,location_lon,patient_state
1,0.3451455986246066,0.32927492320188173,37.836211121400815,-122.01356902999974,"PatientState(Location(""FIELD"", (37.836211121400815, -122.01356902999974), -1.0, FIELD), 17.009912664330617, UNKNOWN, LVO)"
2,0.24418294143999997,0.24418294143999997,37.83665671157711,-122.01170125619454,"PatientState(Location(""FIELD"", (37.83665671157711, -122.01170125619454), -1.0, FIELD), 162.66984097952246, UNKNOWN, HEMORRHAGIC)"
3,0.24418294143999997,0.24418294143999997,37.83621852712338,-122.01530554426934,"PatientState(Location(""FIELD"", (37.83621852712338, -122.01530554426934), -1.0, FIELD), 218.42528230598046, UNKNOWN, HEMORRHAGIC)"
4,0.24418294143999997,0.24418294143999997,37.83625454551831,-122.01432481767604,"PatientState(Location(""FIELD"", (37.83625454551831, -122.01432481767604), -1.0, FIELD), 156.93195469582272, UNKNOWN, LVO)"
5,0.3470037657821705,0.33108723471147766,37.83780772156173,-122.01558276646837,"PatientState(Location(""FIELD"", (37.83780772156173, -122.01558276646837), -1.0, FIELD), 8.389086331036982, UNKNOWN, LVO)"
