sample,reward_best,reward_CA,location_lat,location_lon,patient_state
1,0.321627041528328,0.24418294143999997,37.61058911066394,-122.18735645910567,"PatientState(Location(""FIELD"", (37.61058911066394, -122.18735645910567), -1.0, FIELD), 155.99541499142717, UNKNOWN, LVO)"
2,0.24418294143999997,0.24418294143999997,37.61021003858865,-122.18858501045383,"PatientState(Location(""FIELD"", (37.61021003858865, -122.18858501045383), -1.0, FIELD), 261.88905631351315, UNKNOWN, LVO)"
3,0.3175859936851214,0.24418294143999997,37.608958393922926,-122.18919143803029,"PatientState(Location(""FIELD"", (37.608958393922926, -122.18919143803029), -1.0, FIELD), 174.17445978698908, UNKNOWN, LVO)"
4,0.35730611994512873,0.3299293720677147,37.610068730910314,-122.1860833862783,"PatientState(Location(""FIELD"", (37.610068730910314, -122.1860833862783), -1.0, FIELD), 2.0245032106199434, UNKNOWN, HEMORRHAGIC)"
5,0.3310403263183486,0.24418294143999997,37.608952241279745,-122.18795042093598,"PatientState(Location(""FIELD"", (37.608952241279745, -122.18795042093598), -1.0, FIELD), 114.56688785372094, UNKNOWN, MIMIC)"
