sample,reward_best,reward_CA,location_lat,location_lon,patient_state
1,0.24418294143999997,0.24418294143999997,37.56472886274271,-121.62240747682208,"PatientState(Location(""FIELD"", (37.56472886274271, -121.62240747682208), -1.0, FIELD), 195.82589612482036, UNKNOWN, HEMORRHAGIC)"
2,0.34118891003052443,0.31940998341627297,37.56557296213583,-121.62453304909806,"PatientState(Location(""FIELD"", (37.56557296213583, -121.62453304909806), -1.0, FIELD), 6.050563236867203, UNKNOWN, LVO)"
3,0.24418294143999997,0.24418294143999997,37.56404087621529,-121.62246004980646,"PatientState(Location(""FIELD"", (37.56404087621529, -121.62246004980646), -1.0, FIELD), 206.22019921260332, UNKNOWN, HEMORRHAGIC)"
4,0.3173097614757614,0.24418294143999997,37.56466032976101,-121.62207173762613,"PatientState(Location(""FIELD"", (37.56466032976101, -121.62207173762613), -1.0, FIELD), 108.63817322134366, UNKNOWN, HEMORRHAGIC)"
5,0.3137445188930889,0.24418294143999997,37.56645568216343,-121.62548897901065,"PatientState(Location(""FIELD"", (37.56645568216343, -121.62548897901065), -1.0, FIELD), 126.92846838287994, UNKNOWN, HEMORRHAGIC)"
