sample,reward_best,reward_CA,location_lat,location_lon,patient_state
1,0.24418294143999997,0.24418294143999997,37.42835702510959,-121.8633232270533,"PatientState(Location(""FIELD"", (37.42835702510959, -121.8633232270533), -1.0, FIELD), 204.582232483858, UNKNOWN, HEMORRHAGIC)"
2,0.33126947550047714,0.33126947550047714,37.424927390791865,-121.86123069847554,"PatientState(Location(""FIELD"", (37.424927390791865, -121.86123069847554), -1.0, FIELD), 120.03210139765727, UNKNOWN, LVO)"
3,0.24418294143999997,0.24418294143999997,37.424811002479544,-121.86145562457169,"PatientState(Location(""FIELD"", (37.424811002479544, -121.86145562457169), -1.0, FIELD), 268.2906261859405, UNKNOWN, NLVO)"
4,0.33559148451359616,0.33559148451359616,37.42740792301487,-121.8619174431509,"PatientState(Location(""FIELD"", (37.42740792301487, -121.8619174431509), -1.0, FIELD), 101.46267825024314, UNKNOWN, LVO)"
5,0.24418294143999997,0.24418294143999997,37.42599403536785,-121.86424865495111,"PatientState(Location(""FIELD"", (37.42599403536785, -121.86424865495111), -1.0, FIELD), 209.221580112351, UNKNOWN, MIMIC)"
