sample,reward_best,reward_CA,location_lat,location_lon,patient_state
1,0.32307466489856396,0.24418294143999997,37.7624213046923,-122.10574472820832,"PatientState(Location(""FIELD"", (37.7624213046923, -122.10574472820832), -1.0, FIELD), 119.56591759866726, UNKNOWN, HEMORRHAGIC)"
2,0.3419855945384226,0.326222922637932,37.76060454072532,-122.10250941763766,"PatientState(Location(""FIELD"", (37.76060454072532, -122.10250941763766), -1.0, FIELD), 37.47377124908362, UNKNOWN, LVO)"
3,0.3413817016543683,0.3256350780054143,37.75909118840831,-122.10275308774165,"PatientState(Location(""FIELD"", (37.75909118840831, -122.10275308774165), -1.0, FIELD), 40.13045362162687, UNKNOWN, HEMORRHAGIC)"
4,0.33776433651659266,0.32211549130299727,37.762902033357676,-122.10526848042069,"PatientState(Location(""FIELD"", (37.762902033357676, -122.10526848042069), -1.0, FIELD), 55.25401317723675, UNKNOWN, MIMIC)"
5,0.33476182244355474,0.3191963024714472,37.75890555580067,-122.10463340583323,"PatientState(Location(""FIELD"", (37.75890555580067, -122.10463340583323), -1.0, FIELD), 68.5835776950727, UNKNOWN, LVO)"
