sample,reward_best,reward_CA,location_lat,location_lon,patient_state
1,0.3175463768384149,0.2557293505376006,37.41403327816919,-122.00839356683426,"PatientState(Location(""FIELD"", (37.41403327816919, -122.00839356683426), -1.0, FIELD), 172.79373883647045, UNKNOWN, LVO)"
2,0.3468963588614704,0.3426664038469478,37.41427542986683,-122.01034471671605,"PatientState(Location(""FIELD"", (37.41427542986683, -122.01034471671605), -1.0, FIELD), 44.73328348771693, UNKNOWN, LVO)"
3,0.3299473861780022,0.26531792031119067,37.41574548923738,-122.0058918284274,"PatientState(Location(""FIELD"", (37.41574548923738, -122.0058918284274), -1.0, FIELD), 117.46894010358365, UNKNOWN, HEMORRHAGIC)"
4,0.24418294143999997,0.24418294143999997,37.41677909186385,-122.0092339171914,"PatientState(Location(""FIELD"", (37.41677909186385, -122.0092339171914), -1.0, FIELD), 205.0205122383557, UNKNOWN, LVO)"
5,0.32649029909639454,0.26253701279013625,37.41577994880644,-122.00630640238862,"PatientState(Location(""FIELD"", (37.41577994880644, -122.00630640238862), -1.0, FIELD), 132.71347017150518, UNKNOWN, HEMORRHAGIC)"
