sample,reward_best,reward_CA,location_lat,location_lon,patient_state
1,0.24418294143999997,0.24418294143999997,37.92154518190627,-122.32042548240727,"PatientState(Location(""FIELD"", (37.92154518190627, -122.32042548240727), -1.0, FIELD), 184.24084646304024, UNKNOWN, LVO)"
2,0.3308649145244832,0.31965428170296434,37.921256657126065,-122.320684416467,"PatientState(Location(""FIELD"", (37.921256657126065, -122.320684416467), -1.0, FIELD), 65.17611566990334, UNKNOWN, NLVO)"
3,0.34009136561377284,0.32591357916820307,37.920632812425524,-122.31684629733914,"PatientState(Location(""FIELD"", (37.920632812425524, -122.31684629733914), -1.0, FIELD), 37.39331966987763, UNKNOWN, HEMORRHAGIC)"
4,0.32022301430635286,0.24418294143999997,37.92246810876704,-122.31902140908409,"PatientState(Location(""FIELD"", (37.92246810876704, -122.31902140908409), -1.0, FIELD), 125.21344532012887, UNKNOWN, LVO)"
5,0.3413429555716493,0.3271368255944251,37.92157337950446,-122.31736793085521,"PatientState(Location(""FIELD"", (37.92157337950446, -122.31736793085521), -1.0, FIELD), 32.19692871418675, UNKNOWN, LVO)"
