sample,reward_best,reward_CA,location_lat,location_lon,patient_state
1,0.24418294143999997,0.24418294143999997,37.78387228867684,-121.65555936021912,"PatientState(Location(""FIELD"", (37.78387228867684, -121.65555936021912), -1.0, FIELD), 168.32617141321984, UNKNOWN, NLVO)"
2,0.24418294143999997,0.24418294143999997,37.784282939769305,-121.65240428161171,"PatientState(Location(""FIELD"", (37.784282939769305, -121.65240428161171), -1.0, FIELD), 150.3336659204116, UNKNOWN, LVO)"
3,0.24418294143999997,0.24418294143999997,37.78422122064201,-121.65185194284598,"PatientState(Location(""FIELD"", (37.78422122064201, -121.65185194284598), -1.0, FIELD), 221.86923062267462, UNKNOWN, LVO)"
4,0.24418294143999997,0.24418294143999997,37.78578610713596,-121.65446586829891,"PatientState(Location(""FIELD"", (37.78578610713596, -121.65446586829891), -1.0, FIELD), 219.89814172405386, UNKNOWN, LVO)"
5,0.24418294143999997,0.24418294143999997,37.787222733038554,-121.65113141577854,"PatientState(Location(""FIELD"", (37.787222733038554, -121.65113141577854), -1.0, FIELD), 184.13807742500384, UNKNOWN, HEMORRHAGIC)"
