sample,reward_best,reward_CA,location_lat,location_lon,patient_state
1,0.24418294143999997,0.24418294143999997,38.11808921050497,-122.25663272172548,"PatientState(Location(""FIELD"", (38.11808921050497, -122.25663272172548), -1.0, FIELD), 109.15694263860527, UNKNOWN, HEMORRHAGIC)"
2,0.31449136745195544,0.24418294143999997,38.115943382471926,-122.25817316669517,"PatientState(Location(""FIELD"", (38.115943382471926, -122.25817316669517), -1.0, FIELD), 70.4911087448484, UNKNOWN, MIMIC)"
3,0.24418294143999997,0.24418294143999997,38.11827523093685,-122.25995054531248,"PatientState(Location(""FIELD"", (38.11827523093685, -122.25995054531248), -1.0, FIELD), 183.41999169819061, UNKNOWN, LVO)"
4,0.24418294143999997,0.24418294143999997,38.11868655034716,-122.25776349175894,"PatientState(Location(""FIELD"", (38.11868655034716, -122.25776349175894), -1.0, FIELD), 196.59824212182298, UNKNOWN, LVO)"
5,0.24418294143999997,0.24418294143999997,38.11467002923512,-122.2559763051862,"PatientState(Location(""FIELD"", (38.11467002923512, -122.2559763051862), -1.0, FIELD), 149.5251328913361, UNKNOWN, LVO)"
