sample,reward_best,reward_CA,location_lat,location_lon,patient_state
1,0.24418294143999997,0.24418294143999997,38.11109843417053,-121.85671723917889,"PatientState(Location(""FIELD"", (38.11109843417053, -121.85671723917889), -1.0, FIELD), 207.3197285756615, UNKNOWN, LVO)"
2,0.24418294143999997,0.24418294143999997,38.112793691906354,-121.8561503404172,"PatientState(Location(""FIELD"", (38.112793691906354, -121.8561503404172), -1.0, FIELD), 103.87704295362319, UNKNOWN, MIMIC)"
3,0.24418294143999997,0.24418294143999997,38.11091877563661,-121.8600203419175,"PatientState(Location(""FIELD"", (38.11091877563661, -121.8600203419175), -1.0, FIELD), 83.00735083683563, UNKNOWN, MIMIC)"
4,0.24418294143999997,0.24418294143999997,38.11360125327346,-121.85852015439826,"PatientState(Location(""FIELD"", (38.11360125327346, -121.85852015439826), -1.0, FIELD), 188.51163157245128, UNKNOWN, LVO)"
5,0.24418294143999997,0.24418294143999997,38.109740792891074,-121.85734470468778,"PatientState(Location(""FIELD"", (38.109740792891074, -121.85734470468778), -1.0, FIELD), 67.43596191685215, UNKNOWN, HEMORRHAGIC)"
