sample,reward_best,reward_CA,location_lat,location_lon,patient_state
1,0.3262948028423952,0.24418294143999997,37.85663725648084,-121.99118269973602,"PatientState(Location(""FIELD"", (37.85663725648084, -121.99118269973602), -1.0, FIELD), 88.32352250384292, UNKNOWN, LVO)"
2,0.24418294143999997,0.24418294143999997,37.85471692231995,-121.99230797999482,"PatientState(Location(""FIELD"", (37.85471692231995, -121.99230797999482), -1.0, FIELD), 163.17340443399735, UNKNOWN, HEMORRHAGIC)"
3,0.32766283440132765,0.24418294143999997,37.85605266112167,-121.99250251012057,"PatientState(Location(""FIELD"", (37.85605266112167, -121.99250251012057), -1.0, FIELD), 82.55490768776848, UNKNOWN, MIMIC)"
4,0.3239533414322722,0.24418294143999997,37.856991138981215,-121.9937451136759,"PatientState(Location(""FIELD"", (37.856991138981215, -121.9937451136759), -1.0, FIELD), 95.28698352858346, UNKNOWN, HEMORRHAGIC)"
5,0.24418294143999997,0.24418294143999997,37.85524421830096,-121.99290843080874,"PatientState(Location(""FIELD"", (37.85524421830096, -121.99290843080874), -1.0, FIELD), 239.25425031629572, UNKNOWN, NLVO)"
