sample,reward_best,reward_CA,location_lat,location_lon,patient_state
1,0.3163355249435529,0.24418294143999997,38.143170889405994,-121.88174600090372,"PatientState(Location(""FIELD"", (38.143170889405994, -121.88174600090372), -1.0, FIELD), 20.41900288244447, UNKNOWN, HEMORRHAGIC)"
2,0.24418294143999997,0.24418294143999997,38.142596955810376,-121.8822081569879,"PatientState(Location(""FIELD"", (38.142596955810376, -121.8822081569879), -1.0, FIELD), 112.93261206874966, UNKNOWN, MIMIC)"
3,0.24418294143999997,0.24418294143999997,38.13898268236606,-121.88337843691977,"PatientState(Location(""FIELD"", (38.13898268236606, -121.88337843691977), -1.0, FIELD), 133.74631440635284, UNKNOWN, LVO)"
4,0.24418294143999997,0.24418294143999997,38.139642264283175,-121.88177235224576,"PatientState(Location(""FIELD"", (38.139642264283175, -121.88177235224576), -1.0, FIELD), 86.23357849712391, UNKNOWN, MIMIC)"
5,0.24418294143999997,0.24418294143999997,38.140707067610194,-121.88081292343622,"PatientState(Location(""FIELD"", (38.140707067610194, -121.88081292343622), -1.0, FIELD), 138.03445545431052, UNKNOWN, HEMORRHAGIC)"
