sample,reward_best,reward_CA,location_lat,location_lon,patient_state
1,0.3470787009472557,0.3470787009472557,37.30523763696644,-122.15930331941789,"PatientState(Location(""FIELD"", (37.30523763696644, -122.15930331941789), -1.0, FIELD), 31.366588718633363, UNKNOWN, NLVO)"
2,0.34504354170874224,0.34504354170874224,37.30566169781486,-122.15984277301905,"PatientState(Location(""FIELD"", (37.30566169781486, -122.15984277301905), -1.0, FIELD), 40.070872444435324, UNKNOWN, LVO)"
3,0.3427171601220622,0.3427171601220622,37.306985964359974,-122.16040889364379,"PatientState(Location(""FIELD"", (37.306985964359974, -122.16040889364379), -1.0, FIELD), 50.088776010801574, UNKNOWN, LVO)"
4,0.24418294143999997,0.24418294143999997,37.30416740023961,-122.15795566763329,"PatientState(Location(""FIELD"", (37.30416740023961, -122.15795566763329), -1.0, FIELD), 251.65655359474394, UNKNOWN, LVO)"
5,0.34695819959546836,0.34695819959546836,37.30630741798975,-122.15903641900131,"PatientState(Location(""FIELD"", (37.30630741798975, -122.15903641900131), -1.0, FIELD), 31.90317956058531, UNKNOWN, LVO)"
