sample,reward_best,reward_CA,location_lat,location_lon,patient_state
1,0.24418294143999997,0.24418294143999997,37.18683417800045,-122.0425895586734,"PatientState(Location(""FIELD"", (37.18683417800045, -122.0425895586734), -1.0, FIELD), 196.4150852806488, UNKNOWN, MIMIC)"
2,0.3409537844679302,0.3409537844679302,37.18645076043907,-122.04214398088465,"PatientState(Location(""FIELD"", (37.18645076043907, -122.04214398088465), -1.0, FIELD), 59.26959515016576, UNKNOWN, HEMORRHAGIC)"
3,0.34704554946878136,0.34704554946878136,37.18453516830215,-122.04332785832997,"PatientState(Location(""FIELD"", (37.18453516830215, -122.04332785832997), -1.0, FIELD), 33.38444994439379, UNKNOWN, LVO)"
4,0.3169955677327879,0.3169955677327879,37.18529697835935,-122.04239822982335,"PatientState(Location(""FIELD"", (37.18529697835935, -122.04239822982335), -1.0, FIELD), 164.61462208014675, UNKNOWN, NLVO)"
5,0.33084361277490565,0.33084361277490565,37.18517037726535,-122.04438820148295,"PatientState(Location(""FIELD"", (37.18517037726535, -122.04438820148295), -1.0, FIELD), 93.19690862054547, UNKNOWN, LVO)"
