sample,reward_best,reward_CA,location_lat,location_lon,patient_state
1,0.3144693005865477,0.24418294143999997,37.61074734410875,-121.85889195827599,"PatientState(Location(""FIELD"", (37.61074734410875, -121.85889195827599), -1.0, FIELD), 175.366059670249, UNKNOWN, NLVO)"
2,0.3224071633012268,0.24418294143999997,37.611453633781814,-121.85763414810074,"PatientState(Location(""FIELD"", (37.611453633781814, -121.85763414810074), -1.0, FIELD), 139.9450235608873, UNKNOWN, LVO)"
3,0.3366685835877501,0.3176780762470693,37.60991779911022,-121.85696534962099,"PatientState(Location(""FIELD"", (37.60991779911022, -121.85696534962099), -1.0, FIELD), 77.44531821751939, UNKNOWN, LVO)"
4,0.24418294143999997,0.24418294143999997,37.609838050088825,-121.85979366228368,"PatientState(Location(""FIELD"", (37.609838050088825, -121.85979366228368), -1.0, FIELD), 202.1371646334921, UNKNOWN, HEMORRHAGIC)"
5,0.24418294143999997,0.24418294143999997,37.612320136234096,-121.86074374596626,"PatientState(Location(""FIELD"", (37.612320136234096, -121.86074374596626), -1.0, FIELD), 211.41396335040608, UNKNOWN, LVO)"
