sample,reward_best,reward_CA,location_lat,location_lon,patient_state
1,0.336220395910706,0.336220395910706,37.208961778653546,-121.96208480853696,"PatientState(Location(""FIELD"", (37.208961778653546, -121.96208480853696), -1.0, FIELD), 90.05808387048896, UNKNOWN, NLVO)"
2,0.3437530289655352,0.3437530289655352,37.21162018343798,-121.96090153953149,"PatientState(Location(""FIELD"", (37.21162018343798, -121.96090153953149), -1.0, FIELD), 58.302809729781316, UNKNOWN, LVO)"
3,0.24418294143999997,0.24418294143999997,37.21118444442666,-121.96189172924464,"PatientState(Location(""FIELD"", (37.21118444442666, -121.96189172924464), -1.0, FIELD), 219.55758953727155, UNKNOWN, LVO)"
4,0.24418294143999997,0.24418294143999997,37.21108829138198,-121.96408426565553,"PatientState(Location(""FIELD"", (37.21108829138198, -121.96408426565553), -1.0, FIELD), 213.93284621474714, UNKNOWN, LVO)"
5,0.24418294143999997,0.24418294143999997,37.21078713400746,-121.9645187161047,"PatientState(Location(""FIELD"", (37.21078713400746, -121.9645187161047), -1.0, FIELD), 236.878180749097, UNKNOWN, LVO)"
