sample,reward_best,reward_CA,location_lat,location_lon,patient_state
1,0.3435262861030821,0.32135846838360466,37.682558129821835,-121.8156851831454,"PatientState(Location(""FIELD"", (37.682558129821835, -121.8156851831454), -1.0, FIELD), 37.05189351328296, UNKNOWN, LVO)"
2,0.24418294143999997,0.24418294143999997,37.67907208211083,-121.81337912231919,"PatientState(Location(""FIELD"", (37.67907208211083, -121.81337912231919), -1.0, FIELD), 204.43428107736273, UNKNOWN, HEMORRHAGIC)"
3,0.3381436807873768,0.3170403795873113,37.68205903471659,-121.81335861229658,"PatientState(Location(""FIELD"", (37.68205903471659, -121.81335861229658), -1.0, FIELD), 63.48016409622043, UNKNOWN, HEMORRHAGIC)"
4,0.3333152306674836,0.24418294143999997,37.680279931465854,-121.81172672667276,"PatientState(Location(""FIELD"", (37.680279931465854, -121.81172672667276), -1.0, FIELD), 85.19753619400787, UNKNOWN, LVO)"
5,0.24418294143999997,0.24418294143999997,37.68022736347518,-121.8126001799105,"PatientState(Location(""FIELD"", (37.68022736347518, -121.8126001799105), -1.0, FIELD), 212.30328555210136, UNKNOWN, LVO)"
