sample,reward_best,reward_CA,location_lat,location_lon,patient_state
1,0.24418294143999997,0.24418294143999997,37.22898943505758,-121.88315260219306,"PatientState(Location(""FIELD"", (37.22898943505758, -121.88315260219306), -1.0, FIELD), 201.78227095103665, UNKNOWN, HEMORRHAGIC)"
2,0.34223904516098747,0.34223904516098747,37.23200940149553,-121.88309077902186,"PatientState(Location(""FIELD"", (37.23200940149553, -121.88309077902186), -1.0, FIELD), 70.5577576746897, UNKNOWN, HEMORRHAGIC)"
3,0.24418294143999997,0.24418294143999997,37.2337260364515,-121.88317608250537,"PatientState(Location(""FIELD"", (37.2337260364515, -121.88317608250537), -1.0, FIELD), 217.30440820220082, UNKNOWN, HEMORRHAGIC)"
4,0.24418294143999997,0.24418294143999997,37.229255446219035,-121.88389067107856,"PatientState(Location(""FIELD"", (37.229255446219035, -121.88389067107856), -1.0, FIELD), 198.17291555258424, UNKNOWN, NLVO)"
5,0.3243650819649525,0.3243650819649525,37.22974674056881,-121.88382337570725,"PatientState(Location(""FIELD"", (37.22974674056881, -121.88382337570725), -1.0, FIELD), 147.32787183040833, UNKNOWN, HEMORRHAGIC)"
