sample,reward_best,reward_CA,location_lat,location_lon,patient_state
1,0.24418294143999997,0.24418294143999997,38.134339844534466,-121.77979851970339,"PatientState(Location(""FIELD"", (38.134339844534466, -121.77979851970339), -1.0, FIELD), 64.151379387209, UNKNOWN, HEMORRHAGIC)"
2,0.317645749829332,0.24418294143999997,38.1384896858675,-121.77879442804684,"PatientState(Location(""FIELD"", (38.1384896858675, -121.77879442804684), -1.0, FIELD), 11.563133601358809, UNKNOWN, LVO)"
3,0.24418294143999997,0.24418294143999997,38.1342029417742,-121.77952684312211,"PatientState(Location(""FIELD"", (38.1342029417742, -121.77952684312211), -1.0, FIELD), 161.4469007919036, UNKNOWN, NLVO)"
4,0.24418294143999997,0.24418294143999997,38.137525087619295,-121.77914127399471,"PatientState(Location(""FIELD"", (38.137525087619295, -121.77914127399471), -1.0, FIELD), 251.46359138641955, UNKNOWN, MIMIC)"
5,0.24418294143999997,0.24418294143999997,38.134285943938224,-121.77610421719884,"PatientState(Location(""FIELD"", (38.134285943938224, -121.77610421719884), -1.0, FIELD), 142.41272873263028, UNKNOWN, HEMORRHAGIC)"
