sample,reward_best,reward_CA,location_lat,location_lon,patient_state
1,0.24418294143999997,0.24418294143999997,37.44168985831133,-122.20512695134104,"PatientState(Location(""FIELD"", (37.44168985831133, -122.20512695134104), -1.0, FIELD), 265.23916340857227, UNKNOWN, LVO)"
2,0.3332342390365204,0.3332342390365204,37.442788985359094,-122.20454356543019,"PatientState(Location(""FIELD"", (37.442788985359094, -122.20454356543019), -1.0, FIELD), 112.47852827220012, UNKNOWN, MIMIC)"
3,0.3381197925316528,0.3381197925316528,37.44293311298223,-122.2032363325562,"PatientState(Location(""FIELD"", (37.44293311298223, -122.2032363325562), -1.0, FIELD), 90.94666981495554, UNKNOWN, MIMIC)"
4,0.24418294143999997,0.24418294143999997,37.44049077915706,-122.20320645698486,"PatientState(Location(""FIELD"", (37.44049077915706, -122.20320645698486), -1.0, FIELD), 241.5390413462905, UNKNOWN, LVO)"
5,0.3426960186568587,0.3426960186568587,37.43988411893265,-122.20365233632911,"PatientState(Location(""FIELD"", (37.43988411893265, -122.20365233632911), -1.0, FIELD), 73.04941994484511, UNKNOWN, LVO)"
