sample,reward_best,reward_CA,location_lat,location_lon,patient_state
1,0.3164669566699569,0.25557510486064944,37.1691335960187,-121.71372484898869,"PatientState(Location(""FIELD"", (37.1691335960187, -121.71372484898869), -1.0, FIELD), 170.29351064471697, UNKNOWN, NLVO)"
2,0.24418294143999997,0.24418294143999997,37.17293009664316,-121.71453446794601,"PatientState(Location(""FIELD"", (37.17293009664316, -121.71453446794601), -1.0, FIELD), 231.22191226756607, UNKNOWN, NLVO)"
3,0.3265291886824681,0.2636135266791469,37.1693568276821,-121.71531351645712,"PatientState(Location(""FIELD"", (37.1693568276821, -121.71531351645712), -1.0, FIELD), 126.23708746663561, UNKNOWN, MIMIC)"
4,0.25331001437707235,0.25331001437707235,37.171483538589314,-121.71130197161158,"PatientState(Location(""FIELD"", (37.171483538589314, -121.71130197161158), -1.0, FIELD), 184.47054982135495, UNKNOWN, HEMORRHAGIC)"
5,0.35063160813797456,0.3477351213753254,37.170487958365825,-121.71227673376858,"PatientState(Location(""FIELD"", (37.170487958365825, -121.71227673376858), -1.0, FIELD), 22.672780707988846, UNKNOWN, LVO)"
