sample,reward_best,reward_CA,location_lat,location_lon,patient_state
1,0.24418294143999997,0.24418294143999997,38.097241445638545,-121.91584807704909,"PatientState(Location(""FIELD"", (38.097241445638545, -121.91584807704909), -1.0, FIELD), 74.78561035304676, UNKNOWN, LVO)"
2,0.24418294143999997,0.24418294143999997,38.09473993050996,-121.91933772245484,"PatientState(Location(""FIELD"", (38.09473993050996, -121.91933772245484), -1.0, FIELD), 72.14072106933625, UNKNOWN, LVO)"
3,0.24418294143999997,0.24418294143999997,38.097334052053284,-121.91800905385352,"PatientState(Location(""FIELD"", (38.097334052053284, -121.91800905385352), -1.0, FIELD), 187.4343338971698, UNKNOWN, NLVO)"
4,0.24418294143999997,0.24418294143999997,38.095779151015925,-121.91773773945116,"PatientState(Location(""FIELD"", (38.095779151015925, -121.91773773945116), -1.0, FIELD), 49.46246525065279, UNKNOWN, HEMORRHAGIC)"
5,0.24418294143999997,0.24418294143999997,38.0963609209902,-121.91615398469648,"PatientState(Location(""FIELD"", (38.0963609209902, -121.91615398469648), -1.0, FIELD), 194.8847688872875, UNKNOWN, HEMORRHAGIC)"
