sample,reward_best,reward_CA,location_lat,location_lon,patient_state
1,0.24418294143999997,0.24418294143999997,37.63745463601342,-121.66989993323877,"PatientState(Location(""FIELD"", (37.63745463601342, -121.66989993323877), -1.0, FIELD), 248.67173947349144, UNKNOWN, HEMORRHAGIC)"
2,0.24418294143999997,0.24418294143999997,37.63473666855403,-121.66742737104276,"PatientState(Location(""FIELD"", (37.63473666855403, -121.66742737104276), -1.0, FIELD), 208.6716648105365, UNKNOWN, HEMORRHAGIC)"
3,0.24418294143999997,0.24418294143999997,37.634981336849414,-121.66917554507903,"PatientState(Location(""FIELD"", (37.634981336849414, -121.66917554507903), -1.0, FIELD), 251.46997472179424, UNKNOWN, LVO)"
4,0.24418294143999997,0.24418294143999997,37.637996628431665,-121.67033354821213,"PatientState(Location(""FIELD"", (37.637996628431665, -121.67033354821213), -1.0, FIELD), 236.57711586008625, UNKNOWN, HEMORRHAGIC)"
5,0.24418294143999997,0.24418294143999997,37.634746796631156,-121.66958191015684,"PatientState(Location(""FIELD"", (37.634746796631156, -121.66958191015684), -1.0, FIELD), 250.3559334823199, UNKNOWN, MIMIC)"
