sample,reward_best,reward_CA,location_lat,location_lon,patient_state
1,0.34746859112586903,0.3426559961753133,37.38248310277536,-121.95489223158029,"PatientState(Location(""FIELD"", (37.38248310277536, -121.95489223158029), -1.0, FIELD), 45.623208373356235, UNKNOWN, HEMORRHAGIC)"
2,0.3530392636916067,0.34823108404601333,37.381460949316455,-121.95170684502047,"PatientState(Location(""FIELD"", (37.381460949316455, -121.95170684502047), -1.0, FIELD), 23.06941871533862, UNKNOWN, LVO)"
3,0.3566984054944815,0.35189466066597735,37.38370989999125,-121.95395640531137,"PatientState(Location(""FIELD"", (37.38370989999125, -121.95395640531137), -1.0, FIELD), 7.138234866687748, UNKNOWN, HEMORRHAGIC)"
4,0.3464611175666373,0.34164751293280415,37.37966499564566,-121.95200094528954,"PatientState(Location(""FIELD"", (37.37966499564566, -121.95200094528954), -1.0, FIELD), 51.57807168029227, UNKNOWN, LVO)"
5,0.3452766093851236,0.34046276760179267,37.38288454985155,-121.95332797443847,"PatientState(Location(""FIELD"", (37.38288454985155, -121.95332797443847), -1.0, FIELD), 55.47203579054161, UNKNOWN, LVO)"
