sample,reward_best,reward_CA,location_lat,location_lon,patient_state
1,0.34401755806006,0.34401755806006,37.226791965804736,-121.94882759942578,"PatientState(Location(""FIELD"", (37.226791965804736, -121.94882759942578), -1.0, FIELD), 65.87738197917912, UNKNOWN, NLVO)"
2,0.34597211235850545,0.34597211235850545,37.22830815577053,-121.94587156252076,"PatientState(Location(""FIELD"", (37.22830815577053, -121.94587156252076), -1.0, FIELD), 57.40009004020531, UNKNOWN, HEMORRHAGIC)"
3,0.34692061005342606,0.34692061005342606,37.22650240609404,-121.94908713312101,"PatientState(Location(""FIELD"", (37.22650240609404, -121.94908713312101), -1.0, FIELD), 53.343305513068835, UNKNOWN, HEMORRHAGIC)"
4,0.3471981854496285,0.3471981854496285,37.22830288591847,-121.947137825764,"PatientState(Location(""FIELD"", (37.22830288591847, -121.947137825764), -1.0, FIELD), 51.829420155486, UNKNOWN, HEMORRHAGIC)"
5,0.24418294143999997,0.24418294143999997,37.22844953760934,-121.9460334825351,"PatientState(Location(""FIELD"", (37.22844953760934, -121.9460334825351), -1.0, FIELD), 246.70867253001174, UNKNOWN, LVO)"
