sample,reward_best,reward_CA,location_lat,location_lon,patient_state
1,0.24418294143999997,0.24418294143999997,38.145825379358655,-121.73484791344045,"PatientState(Location(""FIELD"", (38.145825379358655, -121.73484791344045), -1.0, FIELD), 44.763500462556784, UNKNOWN, MIMIC)"
2,0.24418294143999997,0.24418294143999997,38.14475777878559,-121.73416632472615,"PatientState(Location(""FIELD"", (38.14475777878559, -121.73416632472615), -1.0, FIELD), 171.5912240382065, UNKNOWN, HEMORRHAGIC)"
3,0.24418294143999997,0.24418294143999997,38.14624537675839,-121.73170809212523,"PatientState(Location(""FIELD"", (38.14624537675839, -121.73170809212523), -1.0, FIELD), 176.45798071623057, UNKNOWN, LVO)"
4,0.24418294143999997,0.24418294143999997,38.1458015534103,-121.73464919779418,"PatientState(Location(""FIELD"", (38.1458015534103, -121.73464919779418), -1.0, FIELD), 206.19845907077828, UNKNOWN, NLVO)"
5,0.24418294143999997,0.24418294143999997,38.14430781912221,-121.73358799244046,"PatientState(Location(""FIELD"", (38.14430781912221, -121.73358799244046), -1.0, FIELD), 44.11903260070981, UNKNOWN, HEMORRHAGIC)"
