sample,reward_best,reward_CA,location_lat,location_lon,patient_state
1,0.24418294143999997,0.24418294143999997,38.07691195513992,-121.87623036285177,"PatientState(Location(""FIELD"", (38.07691195513992, -121.87623036285177), -1.0, FIELD), 105.47347420325272, UNKNOWN, HEMORRHAGIC)"
2,0.24418294143999997,0.24418294143999997,38.078393246184895,-121.87857656019285,"PatientState(Location(""FIELD"", (38.078393246184895, -121.87857656019285), -1.0, FIELD), 254.86217095604943, UNKNOWN, NLVO)"
3,0.24418294143999997,0.24418294143999997,38.07749487641991,-121.87853522631049,"PatientState(Location(""FIELD"", (38.07749487641991, -121.87853522631049), -1.0, FIELD), 152.75810476269987, UNKNOWN, HEMORRHAGIC)"
4,0.24418294143999997,0.24418294143999997,38.07587591555566,-121.87948291948787,"PatientState(Location(""FIELD"", (38.07587591555566, -121.87948291948787), -1.0, FIELD), 127.57372785465911, UNKNOWN, LVO)"
5,0.24418294143999997,0.24418294143999997,38.075735807723234,-121.8783584771429,"PatientState(Location(""FIELD"", (38.075735807723234, -121.8783584771429), -1.0, FIELD), 83.59289309477796, UNKNOWN, LVO)"
