sample,reward_best,reward_CA,location_lat,location_lon,patient_state
1,0.24418294143999997,0.24418294143999997,37.432265918294796,-121.95523989979662,"PatientState(Location(""FIELD"", (37.432265918294796, -121.95523989979662), -1.0, FIELD), 249.75844088283498, UNKNOWN, MIMIC)"
2,0.33085600261479625,0.32611171501486125,37.42920233421068,-121.95187368446092,"PatientState(Location(""FIELD"", (37.42920233421068, -121.95187368446092), -1.0, FIELD), 113.71273214602286, UNKNOWN, NLVO)"
3,0.31487724550437685,0.25290952711870673,37.433431887846766,-121.95139703184886,"PatientState(Location(""FIELD"", (37.433431887846766, -121.95139703184886), -1.0, FIELD), 185.03633685950635, UNKNOWN, HEMORRHAGIC)"
4,0.3512439800754093,0.3465053284522184,37.429034582644924,-121.95451611857013,"PatientState(Location(""FIELD"", (37.429034582644924, -121.95451611857013), -1.0, FIELD), 25.877729171043406, UNKNOWN, LVO)"
5,0.24418294143999997,0.24418294143999997,37.430708665142376,-121.95165139450252,"PatientState(Location(""FIELD"", (37.430708665142376, -121.95165139450252), -1.0, FIELD), 219.5224153746479, UNKNOWN, HEMORRHAGIC)"
