sample,reward_best,reward_CA,location_lat,location_lon,patient_state
1,0.24418294143999997,0.24418294143999997,37.671924565427176,-122.15857119380429,"PatientState(Location(""FIELD"", (37.671924565427176, -122.15857119380429), -1.0, FIELD), 253.12455274649457, UNKNOWN, MIMIC)"
2,0.3152227323616045,0.24418294143999997,37.67233153353045,-122.15843064359434,"PatientState(Location(""FIELD"", (37.67233153353045, -122.15843064359434), -1.0, FIELD), 165.25282585490444, UNKNOWN, HEMORRHAGIC)"
3,0.3171389951907883,0.24418294143999997,37.67170452935456,-122.15858449859309,"PatientState(Location(""FIELD"", (37.67170452935456, -122.15858449859309), -1.0, FIELD), 159.4859546987376, UNKNOWN, LVO)"
4,0.24418294143999997,0.24418294143999997,37.671348582339775,-122.1569255082659,"PatientState(Location(""FIELD"", (37.671348582339775, -122.1569255082659), -1.0, FIELD), 212.50408847689886, UNKNOWN, LVO)"
5,0.3326018412041948,0.24418294143999997,37.670190435046784,-122.15637148454076,"PatientState(Location(""FIELD"", (37.670190435046784, -122.15637148454076), -1.0, FIELD), 91.8788449425119, UNKNOWN, MIMIC)"
