sample,reward_best,reward_CA,location_lat,location_lon,patient_state
1,0.24418294143999997,0.24418294143999997,37.8654193412578,-121.93570728994003,"PatientState(Location(""FIELD"", (37.8654193412578, -121.93570728994003), -1.0, FIELD), 172.4168790602884, UNKNOWN, MIMIC)"
2,0.32335775668483735,0.24418294143999997,37.86859887265387,-121.93574004636517,"PatientState(Location(""FIELD"", (37.86859887265387, -121.93574004636517), -1.0, FIELD), 82.79899690048924, UNKNOWN, NLVO)"
3,0.3339642988006343,0.31809176098127384,37.86597157419885,-121.9342640543113,"PatientState(Location(""FIELD"", (37.86597157419885, -121.9342640543113), -1.0, FIELD), 36.66475725727632, UNKNOWN, LVO)"
4,0.24418294143999997,0.24418294143999997,37.86750139472595,-121.93556360563159,"PatientState(Location(""FIELD"", (37.86750139472595, -121.93556360563159), -1.0, FIELD), 199.4757951550015, UNKNOWN, LVO)"
5,0.24418294143999997,0.24418294143999997,37.86750253452715,-121.93231856861696,"PatientState(Location(""FIELD"", (37.86750253452715, -121.93231856861696), -1.0, FIELD), 187.66368335835446, UNKNOWN, HEMORRHAGIC)"
