sample,reward_best,reward_CA,location_lat,location_lon,patient_state
1,0.3163247909949847,0.24418294143999997,37.870970813062314,-121.7009577658119,"PatientState(Location(""FIELD"", (37.870970813062314, -121.7009577658119), -1.0, FIELD), 34.2220126775536, UNKNOWN, HEMORRHAGIC)"
2,0.31534225073575545,0.24418294143999997,37.87349668856444,-121.70525008330759,"PatientState(Location(""FIELD"", (37.87349668856444, -121.70525008330759), -1.0, FIELD), 48.11152870049652, UNKNOWN, MIMIC)"
3,0.24418294143999997,0.24418294143999997,37.87104070029111,-121.7017085180421,"PatientState(Location(""FIELD"", (37.87104070029111, -121.7017085180421), -1.0, FIELD), 226.9998353015736, UNKNOWN, HEMORRHAGIC)"
4,0.24418294143999997,0.24418294143999997,37.87228042753696,-121.7029063296441,"PatientState(Location(""FIELD"", (37.87228042753696, -121.7029063296441), -1.0, FIELD), 79.03514663863092, UNKNOWN, HEMORRHAGIC)"
5,0.24418294143999997,0.24418294143999997,37.86922853518916,-121.70116662651351,"PatientState(Location(""FIELD"", (37.86922853518916, -121.70116662651351), -1.0, FIELD), 250.50986834088354, UNKNOWN, HEMORRHAGIC)"
