sample,reward_best,reward_CA,location_lat,location_lon,patient_state
1,0.34528050973248053,0.34528050973248053,37.29184539751728,-122.20987961977522,"PatientState(Location(""FIELD"", (37.29184539751728, -122.20987961977522), -1.0, FIELD), 33.35704588505608, UNKNOWN, HEMORRHAGIC)"
2,0.24418294143999997,0.24418294143999997,37.291192659562704,-122.20978624708326,"PatientState(Location(""FIELD"", (37.291192659562704, -122.20978624708326), -1.0, FIELD), 261.11278290471046, UNKNOWN, HEMORRHAGIC)"
3,0.31621865782138014,0.31621865782138014,37.293350577508065,-122.20916628858073,"PatientState(Location(""FIELD"", (37.293350577508065, -122.20916628858073), -1.0, FIELD), 160.71445021758046, UNKNOWN, LVO)"
4,0.24418294143999997,0.24418294143999997,37.29081760079423,-122.21023324603733,"PatientState(Location(""FIELD"", (37.29081760079423, -122.21023324603733), -1.0, FIELD), 264.244954805353, UNKNOWN, LVO)"
5,0.3179043392355282,0.3179043392355282,37.2897007632428,-122.20705490951278,"PatientState(Location(""FIELD"", (37.2897007632428, -122.20705490951278), -1.0, FIELD), 152.88774775997342, UNKNOWN, LVO)"
