sample,reward_best,reward_CA,location_lat,location_lon,patient_state
1,0.24418294143999997,0.24418294143999997,37.58507301660911,-122.47719708402353,"PatientState(Location(""FIELD"", (37.58507301660911, -122.47719708402353), -1.0, FIELD), 225.79569795610433, UNKNOWN, LVO)"
2,0.24418294143999997,0.24418294143999997,37.58496916034781,-122.47630115269438,"PatientState(Location(""FIELD"", (37.58496916034781, -122.47630115269438), -1.0, FIELD), 222.51943774328086, UNKNOWN, LVO)"
3,0.24418294143999997,0.24418294143999997,37.58534014155184,-122.47789749116085,"PatientState(Location(""FIELD"", (37.58534014155184, -122.47789749116085), -1.0, FIELD), 236.21075397061298, UNKNOWN, HEMORRHAGIC)"
4,0.3497760178402394,0.347178656117632,37.587430834454274,-122.47683705721737,"PatientState(Location(""FIELD"", (37.587430834454274, -122.47683705721737), -1.0, FIELD), 13.355023344772366, UNKNOWN, LVO)"
5,0.24418294143999997,0.24418294143999997,37.585379018104405,-122.48007361629226,"PatientState(Location(""FIELD"", (37.585379018104405, -122.48007361629226), -1.0, FIELD), 233.0542988532493, UNKNOWN, LVO)"
