sample,reward_best,reward_CA,location_lat,location_lon,patient_state
1,0.24418294143999997,0.24418294143999997,37.870022731948254,-122.29848259006165,"PatientState(Location(""FIELD"", (37.870022731948254, -122.29848259006165), -1.0, FIELD), 246.96515021210732, UNKNOWN, LVO)"
2,0.24418294143999997,0.24418294143999997,37.87081049336873,-122.29916884223202,"PatientState(Location(""FIELD"", (37.87081049336873, -122.29916884223202), -1.0, FIELD), 200.66316249269653, UNKNOWN, HEMORRHAGIC)"
3,0.32131510595865204,0.24418294143999997,37.8691593201489,-122.29904043755974,"PatientState(Location(""FIELD"", (37.8691593201489, -122.29904043755974), -1.0, FIELD), 121.6648597486207, UNKNOWN, NLVO)"
4,0.3141723347608274,0.24418294143999997,37.871835247204686,-122.30044562234208,"PatientState(Location(""FIELD"", (37.871835247204686, -122.30044562234208), -1.0, FIELD), 152.66127293864196, UNKNOWN, HEMORRHAGIC)"
5,0.33162211555151694,0.31844588886536496,37.87300993163745,-122.29587008103982,"PatientState(Location(""FIELD"", (37.87300993163745, -122.29587008103982), -1.0, FIELD), 74.6500730229887, UNKNOWN, LVO)"
