sample,reward_best,reward_CA,location_lat,location_lon,patient_state
1,0.3485433433555168,0.3301707533955377,37.58887320599459,-122.06965108651411,"PatientState(Location(""FIELD"", (37.58887320599459, -122.06965108651411), -1.0, FIELD), 29.95883846274594, UNKNOWN, LVO)"
2,0.33406189007458165,0.3161416663248448,37.58974526357636,-122.06859717980726,"PatientState(Location(""FIELD"", (37.58974526357636, -122.06859717980726), -1.0, FIELD), 91.92702245759935, UNKNOWN, LVO)"
3,0.3302737931439069,0.24418294143999997,37.593389154466415,-122.07068369506196,"PatientState(Location(""FIELD"", (37.593389154466415, -122.07068369506196), -1.0, FIELD), 108.3831445837622, UNKNOWN, MIMIC)"
4,0.3496361408788224,0.3312319132625255,37.59357660434618,-122.06904165351999,"PatientState(Location(""FIELD"", (37.59357660434618, -122.06904165351999), -1.0, FIELD), 24.928453974143046, UNKNOWN, LVO)"
5,0.24418294143999997,0.24418294143999997,37.59096458214496,-122.06653816262396,"PatientState(Location(""FIELD"", (37.59096458214496, -122.06653816262396), -1.0, FIELD), 267.68335606043587, UNKNOWN, LVO)"
