sample,reward_best,reward_CA,location_lat,location_lon,patient_state
1,0.24418294143999997,0.24418294143999997,37.88897848165958,-122.08245515130677,"PatientState(Location(""FIELD"", (37.88897848165958, -122.08245515130677), -1.0, FIELD), 258.62447640447954, UNKNOWN, LVO)"
2,0.24418294143999997,0.24418294143999997,37.889403116385346,-122.08515137331992,"PatientState(Location(""FIELD"", (37.889403116385346, -122.08515137331992), -1.0, FIELD), 218.6213007094059, UNKNOWN, LVO)"
3,0.31850788052969736,0.24418294143999997,37.89038227484381,-122.0843453282686,"PatientState(Location(""FIELD"", (37.89038227484381, -122.0843453282686), -1.0, FIELD), 126.28204599524004, UNKNOWN, HEMORRHAGIC)"
4,0.33225265046796076,0.31864327098435813,37.88981977742723,-122.08113983144473,"PatientState(Location(""FIELD"", (37.88981977742723, -122.08113983144473), -1.0, FIELD), 66.70320335428225, UNKNOWN, LVO)"
5,0.33282288854048503,0.3191993945037828,37.89256943223867,-122.08309967904044,"PatientState(Location(""FIELD"", (37.89256943223867, -122.08309967904044), -1.0, FIELD), 63.27874775716664, UNKNOWN, LVO)"
