sample,reward_best,reward_CA,location_lat,location_lon,patient_state
1,0.32989700723962256,0.24418294143999997,37.64652579848732,-121.64057854231139,"PatientState(Location(""FIELD"", (37.64652579848732, -121.64057854231139), -1.0, FIELD), 80.03459119612587, UNKNOWN, LVO)"
2,0.3305579388115475,0.24418294143999997,37.648572447750595,-121.63841906874868,"PatientState(Location(""FIELD"", (37.648572447750595, -121.63841906874868), -1.0, FIELD), 76.46472304711826, UNKNOWN, HEMORRHAGIC)"
3,0.24418294143999997,0.24418294143999997,37.646722828461776,-121.63656563496768,"PatientState(Location(""FIELD"", (37.646722828461776, -121.63656563496768), -1.0, FIELD), 239.17213890695606, UNKNOWN, LVO)"
4,0.3170505214293015,0.24418294143999997,37.6472528529698,-121.6386329552244,"PatientState(Location(""FIELD"", (37.6472528529698, -121.6386329552244), -1.0, FIELD), 136.9396479847658, UNKNOWN, HEMORRHAGIC)"
5,0.31514928138992443,0.24418294143999997,37.647825807110124,-121.6364297295248,"PatientState(Location(""FIELD"", (37.647825807110124, -121.6364297295248), -1.0, FIELD), 145.7137204845875, UNKNOWN, NLVO)"
