sample,reward_best,reward_CA,location_lat,location_lon,patient_state
1,0.24418294143999997,0.24418294143999997,38.00269970812849,-121.92214706100985,"PatientState(Location(""FIELD"", (38.00269970812849, -121.92214706100985), -1.0, FIELD), 153.6106512017073, UNKNOWN, LVO)"
2,0.24418294143999997,0.24418294143999997,38.002523863370484,-121.9233238143997,"PatientState(Location(""FIELD"", (38.002523863370484, -121.9233238143997), -1.0, FIELD), 145.63340340554083, UNKNOWN, HEMORRHAGIC)"
3,0.24418294143999997,0.24418294143999997,37.99886037497415,-121.92573159206161,"PatientState(Location(""FIELD"", (37.99886037497415, -121.92573159206161), -1.0, FIELD), 63.39920989930102, UNKNOWN, MIMIC)"
4,0.2527976315635085,0.24418294143999997,38.00170077896895,-121.92450242774628,"PatientState(Location(""FIELD"", (38.00170077896895, -121.92450242774628), -1.0, FIELD), 53.94117389439822, UNKNOWN, HEMORRHAGIC)"
5,0.24418294143999997,0.24418294143999997,38.00213715360528,-121.92164878679824,"PatientState(Location(""FIELD"", (38.00213715360528, -121.92164878679824), -1.0, FIELD), 183.7110808782012, UNKNOWN, LVO)"
