sample,reward_best,reward_CA,location_lat,location_lon,patient_state
1,0.3233840838804884,0.24418294143999997,37.78391617139859,-121.79771724570826,"PatientState(Location(""FIELD"", (37.78391617139859, -121.79771724570826), -1.0, FIELD), 112.83729403598842, UNKNOWN, HEMORRHAGIC)"
2,0.24418294143999997,0.24418294143999997,37.78563439249787,-121.79685951291319,"PatientState(Location(""FIELD"", (37.78563439249787, -121.79685951291319), -1.0, FIELD), 217.5607475252192, UNKNOWN, MIMIC)"
3,0.3374142710862971,0.31513454266968793,37.78615340207983,-121.79612995331368,"PatientState(Location(""FIELD"", (37.78615340207983, -121.79612995331368), -1.0, FIELD), 51.54894362275756, UNKNOWN, HEMORRHAGIC)"
4,0.24418294143999997,0.24418294143999997,37.78755781115049,-121.79892110066126,"PatientState(Location(""FIELD"", (37.78755781115049, -121.79892110066126), -1.0, FIELD), 170.93896042769214, UNKNOWN, LVO)"
5,0.34368138325528386,0.32116081212883396,37.78412714388504,-121.79750901919184,"PatientState(Location(""FIELD"", (37.78412714388504, -121.79750901919184), -1.0, FIELD), 24.48284187013406, UNKNOWN, LVO)"
