sample,reward_best,reward_CA,location_lat,location_lon,patient_state
1,0.34007776162196757,0.33843016320917013,37.4868317901646,-122.44424047914114,"PatientState(Location(""FIELD"", (37.4868317901646, -122.44424047914114), -1.0, FIELD), 53.308555891297594, UNKNOWN, HEMORRHAGIC)"
2,0.35116640047641223,0.35000716256074654,37.487975774902374,-122.44458487433799,"PatientState(Location(""FIELD"", (37.487975774902374, -122.44458487433799), -1.0, FIELD), 6.807818245336187, UNKNOWN, MIMIC)"
3,0.32074748242890916,0.2617744926122444,37.48737850756551,-122.4412210912658,"PatientState(Location(""FIELD"", (37.48737850756551, -122.4412210912658), -1.0, FIELD), 137.79899154068733, UNKNOWN, NLVO)"
4,0.25413711333666017,0.25413711333666017,37.486700943814554,-122.44364134260805,"PatientState(Location(""FIELD"", (37.486700943814554, -122.44364134260805), -1.0, FIELD), 180.59640070836198, UNKNOWN, LVO)"
5,0.24418294143999997,0.24418294143999997,37.48775551908697,-122.44188739475389,"PatientState(Location(""FIELD"", (37.48775551908697, -122.44188739475389), -1.0, FIELD), 220.5415895793905, UNKNOWN, HEMORRHAGIC)"
