sample,reward_best,reward_CA,location_lat,location_lon,patient_state
1,0.24418294143999997,0.24418294143999997,37.79496111006531,-121.67007527001442,"PatientState(Location(""FIELD"", (37.79496111006531, -121.67007527001442), -1.0, FIELD), 245.96075147057468, UNKNOWN, LVO)"
2,0.24418294143999997,0.24418294143999997,37.79473779738449,-121.66619097167174,"PatientState(Location(""FIELD"", (37.79473779738449, -121.66619097167174), -1.0, FIELD), 258.8897432997344, UNKNOWN, LVO)"
3,0.24418294143999997,0.24418294143999997,37.79651681889137,-121.66703555073093,"PatientState(Location(""FIELD"", (37.79651681889137, -121.66703555073093), -1.0, FIELD), 78.11094917534541, UNKNOWN, LVO)"
4,0.24418294143999997,0.24418294143999997,37.798151218761866,-121.66816783613599,"PatientState(Location(""FIELD"", (37.798151218761866, -121.66816783613599), -1.0, FIELD), 171.68909801334127, UNKNOWN, LVO)"
5,0.24418294143999997,0.24418294143999997,37.79561836709976,-121.66759632347319,"PatientState(Location(""FIELD"", (37.79561836709976, -121.66759632347319), -1.0, FIELD), 203.40806567222668, UNKNOWN, NLVO)"
