sample,reward_best,reward_CA,location_lat,location_lon,patient_state
1,0.24418294143999997,0.24418294143999997,37.3121612260791,-121.87855116767064,"PatientState(Location(""FIELD"", (37.3121612260791, -121.87855116767064), -1.0, FIELD), 233.70029485200254, UNKNOWN, LVO)"
2,0.3206438160465842,0.2575186185383988,37.309475999360444,-121.88072234747257,"PatientState(Location(""FIELD"", (37.309475999360444, -121.88072234747257), -1.0, FIELD), 164.59922250169652, UNKNOWN, HEMORRHAGIC)"
3,0.3326418456187784,0.3279292853509188,37.31318428662384,-121.88018880088451,"PatientState(Location(""FIELD"", (37.31318428662384, -121.88018880088451), -1.0, FIELD), 113.17779254896863, UNKNOWN, LVO)"
4,0.24418294143999997,0.24418294143999997,37.30890549855725,-121.8791596855877,"PatientState(Location(""FIELD"", (37.30890549855725, -121.8791596855877), -1.0, FIELD), 209.4507350215743, UNKNOWN, LVO)"
5,0.35087972140746926,0.3461755744269863,37.31345135429496,-121.87874510394082,"PatientState(Location(""FIELD"", (37.31345135429496, -121.87874510394082), -1.0, FIELD), 35.46341729909893, UNKNOWN, NLVO)"
