sample,reward_best,reward_CA,location_lat,location_lon,patient_state
1,0.34682957948569354,0.3420146878549711,37.303171721184164,-122.11624538089073,"PatientState(Location(""FIELD"", (37.303171721184164, -122.11624538089073), -1.0, FIELD), 15.592786386929623, UNKNOWN, LVO)"
2,0.32412112532989923,0.260431280535928,37.301410924836404,-122.11993388692756,"PatientState(Location(""FIELD"", (37.301410924836404, -122.11993388692756), -1.0, FIELD), 111.46750181037078, UNKNOWN, LVO)"
3,0.34664639940647723,0.34183090752336864,37.302120078542586,-122.11765822342588,"PatientState(Location(""FIELD"", (37.302120078542586, -122.11765822342588), -1.0, FIELD), 14.588342012630312, UNKNOWN, HEMORRHAGIC)"
4,0.33605669989084813,0.33123394844648996,37.30030102204867,-122.11811511007726,"PatientState(Location(""FIELD"", (37.30030102204867, -122.11811511007726), -1.0, FIELD), 60.25574536032173, UNKNOWN, HEMORRHAGIC)"
5,0.31435589726525515,0.2527046163770429,37.301143890560176,-122.1165005156973,"PatientState(Location(""FIELD"", (37.301143890560176, -122.1165005156973), -1.0, FIELD), 156.8610873596688, UNKNOWN, LVO)"
