sample,reward_best,reward_CA,location_lat,location_lon,patient_state
1,0.32164414198295344,0.24418294143999997,37.43684922347242,-121.58850992237898,"PatientState(Location(""FIELD"", (37.43684922347242, -121.58850992237898), -1.0, FIELD), 39.7376938264427, UNKNOWN, LVO)"
2,0.3262306848368029,0.24418294143999997,37.43829671332251,-121.5905843984105,"PatientState(Location(""FIELD"", (37.43829671332251, -121.5905843984105), -1.0, FIELD), 19.589546169917917, UNKNOWN, NLVO)"
3,0.24418294143999997,0.24418294143999997,37.436423026336364,-121.58791038620457,"PatientState(Location(""FIELD"", (37.436423026336364, -121.58791038620457), -1.0, FIELD), 94.4170799933227, UNKNOWN, HEMORRHAGIC)"
4,0.24418294143999997,0.24418294143999997,37.43798389121134,-121.58974573060169,"PatientState(Location(""FIELD"", (37.43798389121134, -121.58974573060169), -1.0, FIELD), 175.10464168510353, UNKNOWN, LVO)"
5,0.3275776462440538,0.24418294143999997,37.435967465209245,-121.58720634497621,"PatientState(Location(""FIELD"", (37.435967465209245, -121.58720634497621), -1.0, FIELD), 13.55789633064667, UNKNOWN, MIMIC)"
