sample,reward_best,reward_CA,location_lat,location_lon,patient_state
1,0.33523634382813144,0.31560531431565836,37.70114842596924,-121.74534765655078,"PatientState(Location(""FIELD"", (37.70114842596924, -121.74534765655078), -1.0, FIELD), 69.73177722765273, UNKNOWN, HEMORRHAGIC)"
2,0.32441812837926903,0.24418294143999997,37.699951883919226,-121.74238411743161,"PatientState(Location(""FIELD"", (37.699951883919226, -121.74238411743161), -1.0, FIELD), 118.06818039132742, UNKNOWN, HEMORRHAGIC)"
3,0.31522298786107333,0.24418294143999997,37.70116377446383,-121.74229768522214,"PatientState(Location(""FIELD"", (37.70116377446383, -121.74229768522214), -1.0, FIELD), 158.6616749238772, UNKNOWN, NLVO)"
4,0.24418294143999997,0.24418294143999997,37.69944239208999,-121.74188645426425,"PatientState(Location(""FIELD"", (37.69944239208999, -121.74188645426425), -1.0, FIELD), 222.4043003490219, UNKNOWN, HEMORRHAGIC)"
5,0.3301257619370903,0.24418294143999997,37.70214136341201,-121.74084960344692,"PatientState(Location(""FIELD"", (37.70214136341201, -121.74084960344692), -1.0, FIELD), 91.00784347114258, UNKNOWN, HEMORRHAGIC)"
