sample,reward_best,reward_CA,location_lat,location_lon,patient_state
1,0.24418294143999997,0.24418294143999997,37.94381902257694,-121.64261648496202,"PatientState(Location(""FIELD"", (37.94381902257694, -121.64261648496202), -1.0, FIELD), 209.05883424055344, UNKNOWN, LVO)"
2,0.3174604381927985,0.24418294143999997,37.94633273766259,-121.64472623688657,"PatientState(Location(""FIELD"", (37.94633273766259, -121.64472623688657), -1.0, FIELD), 30.66493073789618, UNKNOWN, HEMORRHAGIC)"
3,0.24418294143999997,0.24418294143999997,37.94595986473326,-121.64578511969584,"PatientState(Location(""FIELD"", (37.94595986473326, -121.64578511969584), -1.0, FIELD), 212.8292984384651, UNKNOWN, NLVO)"
4,0.24418294143999997,0.24418294143999997,37.945880360238796,-121.64347524979057,"PatientState(Location(""FIELD"", (37.945880360238796, -121.64347524979057), -1.0, FIELD), 177.51077844895354, UNKNOWN, LVO)"
5,0.24418294143999997,0.24418294143999997,37.94390397506622,-121.6412018323863,"PatientState(Location(""FIELD"", (37.94390397506622, -121.6412018323863), -1.0, FIELD), 161.00922642816045, UNKNOWN, NLVO)"
