sample,reward_best,reward_CA,location_lat,location_lon,patient_state
1,0.3266700880586368,0.24418294143999997,37.722143726891396,-121.7245443140661,"PatientState(Location(""FIELD"", (37.722143726891396, -121.7245443140661), -1.0, FIELD), 105.86792645507582, UNKNOWN, NLVO)"
2,0.3179412583220434,0.24418294143999997,37.72319893556848,-121.72551046172603,"PatientState(Location(""FIELD"", (37.72319893556848, -121.72551046172603), -1.0, FIELD), 144.33734831486723, UNKNOWN, NLVO)"
3,0.31515662920599413,0.24418294143999997,37.7206937084153,-121.72569373542868,"PatientState(Location(""FIELD"", (37.7206937084153, -121.72569373542868), -1.0, FIELD), 157.09394985850443, UNKNOWN, LVO)"
4,0.24418294143999997,0.24418294143999997,37.72269339268634,-121.72570934555702,"PatientState(Location(""FIELD"", (37.72269339268634, -121.72570934555702), -1.0, FIELD), 230.44788437678594, UNKNOWN, LVO)"
5,0.33307713537838607,0.24418294143999997,37.722743732795955,-121.724744915066,"PatientState(Location(""FIELD"", (37.722743732795955, -121.724744915066), -1.0, FIELD), 77.75440531070785, UNKNOWN, HEMORRHAGIC)"
