sample,reward_best,reward_CA,location_lat,location_lon,patient_state
1,0.24418294143999997,0.24418294143999997,37.94709343268783,-122.32705734104778,"PatientState(Location(""FIELD"", (37.94709343268783, -122.32705734104778), -1.0, FIELD), 257.3954939357445, UNKNOWN, NLVO)"
2,0.3369543105974826,0.32561279582284364,37.94823532375712,-122.32910744673865,"PatientState(Location(""FIELD"", (37.94823532375712, -122.32910744673865), -1.0, FIELD), 36.11422486803092, UNKNOWN, LVO)"
3,0.24418294143999997,0.24418294143999997,37.945640267283736,-122.32591762955923,"PatientState(Location(""FIELD"", (37.945640267283736, -122.32591762955923), -1.0, FIELD), 185.98017363093632, UNKNOWN, NLVO)"
4,0.24418294143999997,0.24418294143999997,37.94387529925919,-122.32968714881989,"PatientState(Location(""FIELD"", (37.94387529925919, -122.32968714881989), -1.0, FIELD), 260.82742741068546, UNKNOWN, NLVO)"
5,0.33182979676809254,0.32059135164239805,37.944167608098574,-122.32868244373222,"PatientState(Location(""FIELD"", (37.944167608098574, -122.32868244373222), -1.0, FIELD), 58.79913064569586, UNKNOWN, MIMIC)"
