sample,reward_best,reward_CA,location_lat,location_lon,patient_state
1,0.24418294143999997,0.24418294143999997,37.37659954897018,-122.37691432553271,"PatientState(Location(""FIELD"", (37.37659954897018, -122.37691432553271), -1.0, FIELD), 204.7542386436958, UNKNOWN, HEMORRHAGIC)"
2,0.25390999975186723,0.25390999975186723,37.37586414151158,-122.37839323418386,"PatientState(Location(""FIELD"", (37.37586414151158, -122.37839323418386), -1.0, FIELD), 168.3978080182208, UNKNOWN, HEMORRHAGIC)"
3,0.3185670347510383,0.2577209369490038,37.37570875232988,-122.37699920169104,"PatientState(Location(""FIELD"", (37.37570875232988, -122.37699920169104), -1.0, FIELD), 145.47402318110235, UNKNOWN, LVO)"
4,0.3236622225737806,0.26211165147695276,37.377205247681694,-122.38006737091482,"PatientState(Location(""FIELD"", (37.377205247681694, -122.38006737091482), -1.0, FIELD), 122.59138620748372, UNKNOWN, MIMIC)"
5,0.24418294143999997,0.24418294143999997,37.37698763861349,-122.37920117739522,"PatientState(Location(""FIELD"", (37.37698763861349, -122.37920117739522), -1.0, FIELD), 250.6226710206182, UNKNOWN, LVO)"
