sample,reward_best,reward_CA,location_lat,location_lon,patient_state
1,0.31724244061242945,0.24418294143999997,37.79588870739844,-122.42333538757056,"PatientState(Location(""FIELD"", (37.79588870739844, -122.42333538757056), -1.0, FIELD), 151.63016573569706, UNKNOWN, MIMIC)"
2,0.3174002200434615,0.24418294143999997,37.79767590769368,-122.42454687903816,"PatientState(Location(""FIELD"", (37.79767590769368, -122.42454687903816), -1.0, FIELD), 151.02578574007077, UNKNOWN, LVO)"
3,0.3156271424835432,0.24418294143999997,37.79629461792778,-122.42497691823544,"PatientState(Location(""FIELD"", (37.79629461792778, -122.42497691823544), -1.0, FIELD), 158.92686194818603, UNKNOWN, LVO)"
4,0.35214495821486763,0.34045842296273915,37.79431928157515,-122.42203870708414,"PatientState(Location(""FIELD"", (37.79431928157515, -122.42203870708414), -1.0, FIELD), 0.5945565156655253, UNKNOWN, LVO)"
5,0.3488061677985951,0.3371731840143727,37.79770390227842,-122.42539516383036,"PatientState(Location(""FIELD"", (37.79770390227842, -122.42539516383036), -1.0, FIELD), 13.96878652391255, UNKNOWN, LVO)"
