sample,reward_best,reward_CA,location_lat,location_lon,patient_state
1,0.24418294143999997,0.24418294143999997,37.89908266469677,-122.30482113770984,"PatientState(Location(""FIELD"", (37.89908266469677, -122.30482113770984), -1.0, FIELD), 199.9539309377884, UNKNOWN, NLVO)"
2,0.25321265102984924,0.24418294143999997,37.90071510972482,-122.30124361875973,"PatientState(Location(""FIELD"", (37.90071510972482, -122.30124361875973), -1.0, FIELD), 158.99075002760333, UNKNOWN, LVO)"
3,0.3461411637563342,0.3318273593816802,37.90091274017321,-122.30538753549614,"PatientState(Location(""FIELD"", (37.90091274017321, -122.30538753549614), -1.0, FIELD), 12.1690003973969, UNKNOWN, LVO)"
4,0.24418294143999997,0.24418294143999997,37.903718721014016,-122.30300551956637,"PatientState(Location(""FIELD"", (37.903718721014016, -122.30300551956637), -1.0, FIELD), 246.60976253336918, UNKNOWN, LVO)"
5,0.24418294143999997,0.24418294143999997,37.90059198181497,-122.30283346985763,"PatientState(Location(""FIELD"", (37.90059198181497, -122.30283346985763), -1.0, FIELD), 186.9719734102253, UNKNOWN, NLVO)"
