sample,reward_best,reward_CA,location_lat,location_lon,patient_state
1,0.24418294143999997,0.24418294143999997,38.10344076868688,-122.16255536329551,"PatientState(Location(""FIELD"", (38.10344076868688, -122.16255536329551), -1.0, FIELD), 210.75365547149627, UNKNOWN, HEMORRHAGIC)"
2,0.24418294143999997,0.24418294143999997,38.09880441924044,-122.16151620183327,"PatientState(Location(""FIELD"", (38.09880441924044, -122.16151620183327), -1.0, FIELD), 189.23425590344226, UNKNOWN, NLVO)"
3,0.3266581409684837,0.3254785927329367,38.101718167321245,-122.16309851954445,"PatientState(Location(""FIELD"", (38.101718167321245, -122.16309851954445), -1.0, FIELD), 16.438301978969786, UNKNOWN, LVO)"
4,0.24418294143999997,0.24418294143999997,38.10353529740557,-122.16330287611405,"PatientState(Location(""FIELD"", (38.10353529740557, -122.16330287611405), -1.0, FIELD), 267.70840634878635, UNKNOWN, LVO)"
5,0.24418294143999997,0.24418294143999997,38.103229026134244,-122.16484552661274,"PatientState(Location(""FIELD"", (38.103229026134244, -122.16484552661274), -1.0, FIELD), 119.09009603634901, UNKNOWN, LVO)"
