sample,reward_best,reward_CA,location_lat,location_lon,patient_state
1,0.24418294143999997,0.24418294143999997,38.105184706116816,-122.15828639579598,"PatientState(Location(""FIELD"", (38.105184706116816, -122.15828639579598), -1.0, FIELD), 103.50951129824196, UNKNOWN, LVO)"
2,0.3143499519284861,0.25278527071369744,38.10666829246336,-122.15914288316927,"PatientState(Location(""FIELD"", (38.10666829246336, -122.15914288316927), -1.0, FIELD), 63.75557828127586, UNKNOWN, MIMIC)"
3,0.32300645110158616,0.3219258965948937,38.10448313318023,-122.1606587330236,"PatientState(Location(""FIELD"", (38.10448313318023, -122.1606587330236), -1.0, FIELD), 31.575657639322447, UNKNOWN, NLVO)"
4,0.24418294143999997,0.24418294143999997,38.105173567129526,-122.15850526532284,"PatientState(Location(""FIELD"", (38.105173567129526, -122.15850526532284), -1.0, FIELD), 229.3281596352709, UNKNOWN, LVO)"
5,0.24418294143999997,0.24418294143999997,38.10821074382585,-122.15999692269133,"PatientState(Location(""FIELD"", (38.10821074382585, -122.15999692269133), -1.0, FIELD), 97.5829301439291, UNKNOWN, NLVO)"
