sample,reward_best,reward_CA,location_lat,location_lon,patient_state
1,0.34708515089647857,0.3430172299861039,37.342660767361,-122.06488724199254,"PatientState(Location(""FIELD"", (37.342660767361, -122.06488724199254), -1.0, FIELD), 46.21578539434982, UNKNOWN, LVO)"
2,0.24418294143999997,0.24418294143999997,37.34122081565236,-122.06164075094128,"PatientState(Location(""FIELD"", (37.34122081565236, -122.06164075094128), -1.0, FIELD), 230.73923946180332, UNKNOWN, LVO)"
3,0.35671463243798857,0.3519883654559399,37.3396647293486,-122.06478053297803,"PatientState(Location(""FIELD"", (37.3396647293486, -122.06478053297803), -1.0, FIELD), 6.056730191916397, UNKNOWN, LVO)"
4,0.34326985541844235,0.33929898003103254,37.34175787225449,-122.06564825868897,"PatientState(Location(""FIELD"", (37.34175787225449, -122.06564825868897), -1.0, FIELD), 62.973490063044196, UNKNOWN, HEMORRHAGIC)"
5,0.3233603732480249,0.26047426822290304,37.34132421499695,-122.0632910528467,"PatientState(Location(""FIELD"", (37.34132421499695, -122.0632910528467), -1.0, FIELD), 149.01073130460287, UNKNOWN, LVO)"
