sample,reward_best,reward_CA,location_lat,location_lon,patient_state
1,0.32051812425242454,0.24418294143999997,37.74403960296083,-121.65337454635167,"PatientState(Location(""FIELD"", (37.74403960296083, -121.65337454635167), -1.0, FIELD), 128.86604862231152, UNKNOWN, LVO)"
2,0.24418294143999997,0.24418294143999997,37.748378954542694,-121.65407882473508,"PatientState(Location(""FIELD"", (37.748378954542694, -121.65407882473508), -1.0, FIELD), 200.59700250772232, UNKNOWN, LVO)"
3,0.24418294143999997,0.24418294143999997,37.7471661292368,-121.6515361656259,"PatientState(Location(""FIELD"", (37.7471661292368, -121.6515361656259), -1.0, FIELD), 192.33049312708292, UNKNOWN, HEMORRHAGIC)"
4,0.32123276794784067,0.24418294143999997,37.744774438525425,-121.65329107845298,"PatientState(Location(""FIELD"", (37.744774438525425, -121.65329107845298), -1.0, FIELD), 125.70464831042052, UNKNOWN, HEMORRHAGIC)"
5,0.24418294143999997,0.24418294143999997,37.74683790282141,-121.65538698603672,"PatientState(Location(""FIELD"", (37.74683790282141, -121.65538698603672), -1.0, FIELD), 207.05676124854898, UNKNOWN, NLVO)"
