sample,reward_best,reward_CA,location_lat,location_lon,patient_state
1,0.33050284568474836,0.24418294143999997,37.516705717002445,-121.66351600705586,"PatientState(Location(""FIELD"", (37.516705717002445, -121.66351600705586), -1.0, FIELD), 47.242428485839426, UNKNOWN, NLVO)"
2,0.32074257346657603,0.24418294143999997,37.51762397794369,-121.66302392972177,"PatientState(Location(""FIELD"", (37.51762397794369, -121.66302392972177), -1.0, FIELD), 90.21419522592721, UNKNOWN, HEMORRHAGIC)"
3,0.24418294143999997,0.24418294143999997,37.51729074364237,-121.6615715847011,"PatientState(Location(""FIELD"", (37.51729074364237, -121.6615715847011), -1.0, FIELD), 223.66059077637556, UNKNOWN, MIMIC)"
4,0.33143329519216963,0.24418294143999997,37.51749436376522,-121.66279415166288,"PatientState(Location(""FIELD"", (37.51749436376522, -121.66279415166288), -1.0, FIELD), 43.05973824178148, UNKNOWN, HEMORRHAGIC)"
5,0.24418294143999997,0.24418294143999997,37.515930895996526,-121.66186647911071,"PatientState(Location(""FIELD"", (37.515930895996526, -121.66186647911071), -1.0, FIELD), 194.95591609589178, UNKNOWN, NLVO)"
