sample,reward_best,reward_CA,location_lat,location_lon,patient_state
1,0.3206118642173959,0.24418294143999997,37.54649963786235,-121.98443443341984,"PatientState(Location(""FIELD"", (37.54649963786235, -121.98443443341984), -1.0, FIELD), 153.3582730490077, UNKNOWN, HEMORRHAGIC)"
2,0.24418294143999997,0.24418294143999997,37.547220051362444,-121.98425764584861,"PatientState(Location(""FIELD"", (37.547220051362444, -121.98425764584861), -1.0, FIELD), 194.64056270630604, UNKNOWN, LVO)"
3,0.24418294143999997,0.24418294143999997,37.544156108374686,-121.98542170838833,"PatientState(Location(""FIELD"", (37.544156108374686, -121.98542170838833), -1.0, FIELD), 243.84627350322907, UNKNOWN, LVO)"
4,0.24418294143999997,0.24418294143999997,37.543884562159285,-121.98215191391877,"PatientState(Location(""FIELD"", (37.543884562159285, -121.98215191391877), -1.0, FIELD), 221.45399973033577, UNKNOWN, MIMIC)"
5,0.33930012195168724,0.32366492907772215,37.547455138826116,-121.98239884158572,"PatientState(Location(""FIELD"", (37.547455138826116, -121.98239884158572), -1.0, FIELD), 71.07034159756515, UNKNOWN, HEMORRHAGIC)"
