sample,reward_best,reward_CA,location_lat,location_lon,patient_state
1,0.24418294143999997,0.24418294143999997,37.967288926424466,-122.34137231496452,"PatientState(Location(""FIELD"", (37.967288926424466, -122.34137231496452), -1.0, FIELD), 246.7892282754148, UNKNOWN, LVO)"
2,0.3160362120374861,0.2527287411457601,37.964102384987704,-122.340901307777,"PatientState(Location(""FIELD"", (37.964102384987704, -122.340901307777), -1.0, FIELD), 83.3206602598898, UNKNOWN, LVO)"
3,0.33275759494220225,0.32149253693394114,37.967127245119954,-122.34159648031523,"PatientState(Location(""FIELD"", (37.967127245119954, -122.34159648031523), -1.0, FIELD), 49.9092145960979, UNKNOWN, MIMIC)"
4,0.24418294143999997,0.24418294143999997,37.96415612781452,-122.34217326853398,"PatientState(Location(""FIELD"", (37.96415612781452, -122.34217326853398), -1.0, FIELD), 243.1571612692596, UNKNOWN, LVO)"
5,0.3369902810494615,0.325605417544165,37.965868932955324,-122.34221888493303,"PatientState(Location(""FIELD"", (37.965868932955324, -122.34221888493303), -1.0, FIELD), 32.16009220811949, UNKNOWN, MIMIC)"
