sample,reward_best,reward_CA,location_lat,location_lon,patient_state
1,0.24418294143999997,0.24418294143999997,37.23108598935475,-122.03891436306236,"PatientState(Location(""FIELD"", (37.23108598935475, -122.03891436306236), -1.0, FIELD), 260.9150347398197, UNKNOWN, MIMIC)"
2,0.3178355292512611,0.3178355292512611,37.22895158531411,-122.03830679098974,"PatientState(Location(""FIELD"", (37.22895158531411, -122.03830679098974), -1.0, FIELD), 156.01605269870748, UNKNOWN, MIMIC)"
3,0.32436764922107963,0.32436764922107963,37.23065325588589,-122.0384894136133,"PatientState(Location(""FIELD"", (37.23065325588589, -122.0384894136133), -1.0, FIELD), 127.80317973568489, UNKNOWN, HEMORRHAGIC)"
4,0.24418294143999997,0.24418294143999997,37.23251142365833,-122.0366767703247,"PatientState(Location(""FIELD"", (37.23251142365833, -122.0366767703247), -1.0, FIELD), 235.6043224188141, UNKNOWN, HEMORRHAGIC)"
5,0.24418294143999997,0.24418294143999997,37.22955901429991,-122.03662348130567,"PatientState(Location(""FIELD"", (37.22955901429991, -122.03662348130567), -1.0, FIELD), 251.19914151366518, UNKNOWN, HEMORRHAGIC)"
