sample,reward_best,reward_CA,location_lat,location_lon,patient_state
1,0.24418294143999997,0.24418294143999997,37.99191782256931,-122.55416048761612,"PatientState(Location(""FIELD"", (37.99191782256931, -122.55416048761612), -1.0, FIELD), 206.3442325497044, UNKNOWN, LVO)"
2,0.2524354207184155,0.24418294143999997,37.99225727808568,-122.55435446627678,"PatientState(Location(""FIELD"", (37.99225727808568, -122.55435446627678), -1.0, FIELD), 146.23054960082126, UNKNOWN, NLVO)"
3,0.33842219410397667,0.26400949536948165,37.99189565959005,-122.55133927045651,"PatientState(Location(""FIELD"", (37.99189565959005, -122.55133927045651), -1.0, FIELD), 11.020117909143131, UNKNOWN, HEMORRHAGIC)"
4,0.2579161627589191,0.24418294143999997,37.98900459223953,-122.55398840596791,"PatientState(Location(""FIELD"", (37.98900459223953, -122.55398840596791), -1.0, FIELD), 115.71135720389887, UNKNOWN, HEMORRHAGIC)"
5,0.261049102560481,0.24418294143999997,37.992484543802675,-122.55100977365241,"PatientState(Location(""FIELD"", (37.992484543802675, -122.55100977365241), -1.0, FIELD), 93.53344743950748, UNKNOWN, HEMORRHAGIC)"
