sample,reward_best,reward_CA,location_lat,location_lon,patient_state
1,0.24418294143999997,0.24418294143999997,37.6936439441338,-121.71451895324269,"PatientState(Location(""FIELD"", (37.6936439441338, -121.71451895324269), -1.0, FIELD), 233.8716425879498, UNKNOWN, LVO)"
2,0.3251600864973871,0.24418294143999997,37.69020559595631,-121.71381639515253,"PatientState(Location(""FIELD"", (37.69020559595631, -121.71381639515253), -1.0, FIELD), 110.30800066427486, UNKNOWN, HEMORRHAGIC)"
3,0.3179846983410108,0.24418294143999997,37.6924238491537,-121.71372942223944,"PatientState(Location(""FIELD"", (37.6924238491537, -121.71372942223944), -1.0, FIELD), 142.3110837154916, UNKNOWN, LVO)"
4,0.3464939890489028,0.32640117441594935,37.69091173818999,-121.71252529208441,"PatientState(Location(""FIELD"", (37.69091173818999, -121.71252529208441), -1.0, FIELD), 17.78128035341927, UNKNOWN, LVO)"
5,0.24418294143999997,0.24418294143999997,37.6897315112923,-121.71475418752956,"PatientState(Location(""FIELD"", (37.6897315112923, -121.71475418752956), -1.0, FIELD), 236.9111120691258, UNKNOWN, HEMORRHAGIC)"
