sample,reward_best,reward_CA,location_lat,location_lon,patient_state
1,0.24418294143999997,0.24418294143999997,37.17386593085696,-122.06318790160998,"PatientState(Location(""FIELD"", (37.17386593085696, -122.06318790160998), -1.0, FIELD), 243.15689166778526, UNKNOWN, MIMIC)"
2,0.32015160122160996,0.32015160122160996,37.17852383118131,-122.0623322721746,"PatientState(Location(""FIELD"", (37.17852383118131, -122.0623322721746), -1.0, FIELD), 153.39528360365284, UNKNOWN, HEMORRHAGIC)"
3,0.32358593605430425,0.32358593605430425,37.176826822311554,-122.06334795965137,"PatientState(Location(""FIELD"", (37.176826822311554, -122.06334795965137), -1.0, FIELD), 138.3277195037846, UNKNOWN, LVO)"
4,0.24418294143999997,0.24418294143999997,37.1742416892892,-122.06218776038317,"PatientState(Location(""FIELD"", (37.1742416892892, -122.06218776038317), -1.0, FIELD), 250.7672009546563, UNKNOWN, HEMORRHAGIC)"
5,0.32027532356781396,0.32027532356781396,37.17415023656431,-122.06431010497572,"PatientState(Location(""FIELD"", (37.17415023656431, -122.06431010497572), -1.0, FIELD), 151.0018389927091, UNKNOWN, LVO)"
