sample,reward_best,reward_CA,location_lat,location_lon,patient_state
1,0.3154456028792215,0.24418294143999997,37.5587194442479,-121.9684570011383,"PatientState(Location(""FIELD"", (37.5587194442479, -121.9684570011383), -1.0, FIELD), 175.37077218786516, UNKNOWN, LVO)"
2,0.3299015849428738,0.3143886085136895,37.55409626711561,-121.96702393557223,"PatientState(Location(""FIELD"", (37.55409626711561, -121.96702393557223), -1.0, FIELD), 113.58454082722564, UNKNOWN, NLVO)"
3,0.3236252063219619,0.24418294143999997,37.5581621801171,-121.97032309882698,"PatientState(Location(""FIELD"", (37.5581621801171, -121.97032309882698), -1.0, FIELD), 139.29038670859106, UNKNOWN, NLVO)"
4,0.32839478661227356,0.30689476062615667,37.55837626909368,-121.97014269563114,"PatientState(Location(""FIELD"", (37.55837626909368, -121.97014269563114), -1.0, FIELD), 118.19151630568697, UNKNOWN, NLVO)"
5,0.24418294143999997,0.24418294143999997,37.55867713898188,-121.96841616484518,"PatientState(Location(""FIELD"", (37.55867713898188, -121.96841616484518), -1.0, FIELD), 240.20578945035018, UNKNOWN, HEMORRHAGIC)"
