sample,reward_best,reward_CA,location_lat,location_lon,patient_state
1,0.24418294143999997,0.24418294143999997,37.19962887086147,-121.81779795991582,"PatientState(Location(""FIELD"", (37.19962887086147, -121.81779795991582), -1.0, FIELD), 257.19984609034486, UNKNOWN, MIMIC)"
2,0.3254587903418459,0.26142206521491945,37.200395040583516,-121.82019625286759,"PatientState(Location(""FIELD"", (37.200395040583516, -121.82019625286759), -1.0, FIELD), 131.86705166263852, UNKNOWN, LVO)"
3,0.24418294143999997,0.24418294143999997,37.199248412621394,-121.81730845105692,"PatientState(Location(""FIELD"", (37.199248412621394, -121.81730845105692), -1.0, FIELD), 259.7726255566924, UNKNOWN, HEMORRHAGIC)"
4,0.3547274365692109,0.3501042266779914,37.201497587930874,-121.81789721143782,"PatientState(Location(""FIELD"", (37.201497587930874, -121.81789721143782), -1.0, FIELD), 4.664703710700171, UNKNOWN, HEMORRHAGIC)"
5,0.34935905256163746,0.3447280769880544,37.20180117285201,-121.81739711636034,"PatientState(Location(""FIELD"", (37.20180117285201, -121.81739711636034), -1.0, FIELD), 27.18269623313565, UNKNOWN, HEMORRHAGIC)"
