sample,reward_best,reward_CA,location_lat,location_lon,patient_state
1,0.31744921612348026,0.31744921612348026,37.28040835238746,-121.93384436776392,"PatientState(Location(""FIELD"", (37.28040835238746, -121.93384436776392), -1.0, FIELD), 182.70939479700624, UNKNOWN, NLVO)"
2,0.2517593217380943,0.2517593217380943,37.28213256371145,-121.93094662559673,"PatientState(Location(""FIELD"", (37.28213256371145, -121.93094662559673), -1.0, FIELD), 200.36277643658016, UNKNOWN, HEMORRHAGIC)"
3,0.3562239714674115,0.3509721236656837,37.280226227640235,-121.93284664161281,"PatientState(Location(""FIELD"", (37.280226227640235, -121.93284664161281), -1.0, FIELD), 15.36538377699875, UNKNOWN, LVO)"
4,0.24418294143999997,0.24418294143999997,37.279270361034186,-121.93349297885466,"PatientState(Location(""FIELD"", (37.279270361034186, -121.93349297885466), -1.0, FIELD), 226.31471751021732, UNKNOWN, HEMORRHAGIC)"
5,0.24418294143999997,0.24418294143999997,37.27956993881509,-121.93541304181875,"PatientState(Location(""FIELD"", (37.27956993881509, -121.93541304181875), -1.0, FIELD), 265.3248254036058, UNKNOWN, LVO)"
