sample,reward_best,reward_CA,location_lat,location_lon,patient_state
1,0.24418294143999997,0.24418294143999997,38.046981834062876,-121.73767281535734,"PatientState(Location(""FIELD"", (38.046981834062876, -121.73767281535734), -1.0, FIELD), 180.69389638075654, UNKNOWN, MIMIC)"
2,0.24418294143999997,0.24418294143999997,38.048110411038344,-121.74070026018336,"PatientState(Location(""FIELD"", (38.048110411038344, -121.74070026018336), -1.0, FIELD), 67.78665730888353, UNKNOWN, LVO)"
3,0.24418294143999997,0.24418294143999997,38.046952327147075,-121.73731626084283,"PatientState(Location(""FIELD"", (38.046952327147075, -121.73731626084283), -1.0, FIELD), 232.86396763485533, UNKNOWN, HEMORRHAGIC)"
4,0.24418294143999997,0.24418294143999997,38.045707350193155,-121.73603728028442,"PatientState(Location(""FIELD"", (38.045707350193155, -121.73603728028442), -1.0, FIELD), 105.20282386676783, UNKNOWN, HEMORRHAGIC)"
5,0.24418294143999997,0.24418294143999997,38.04519024239464,-121.73806556999823,"PatientState(Location(""FIELD"", (38.04519024239464, -121.73806556999823), -1.0, FIELD), 178.1730267357363, UNKNOWN, HEMORRHAGIC)"
