sample,reward_best,reward_CA,location_lat,location_lon,patient_state
1,0.2602575813039925,0.24418294143999997,37.92483886962389,-122.3801320455564,"PatientState(Location(""FIELD"", (37.92483886962389, -122.3801320455564), -1.0, FIELD), 115.87308845631696, UNKNOWN, NLVO)"
2,0.3304053997061766,0.31920806105394306,37.92589630668022,-122.37897578284196,"PatientState(Location(""FIELD"", (37.92589630668022, -122.37897578284196), -1.0, FIELD), 63.78038022891995, UNKNOWN, MIMIC)"
3,0.32699591093689423,0.31593061601998546,37.92757057979461,-122.37658111304484,"PatientState(Location(""FIELD"", (37.92757057979461, -122.37658111304484), -1.0, FIELD), 78.91624234169232, UNKNOWN, LVO)"
4,0.3160180403405578,0.2527148451705078,37.92646440196924,-122.37716484637434,"PatientState(Location(""FIELD"", (37.92646440196924, -122.37716484637434), -1.0, FIELD), 87.00891823613075, UNKNOWN, MIMIC)"
5,0.329937386087161,0.31878884188417755,37.92752764208299,-122.37727434097562,"PatientState(Location(""FIELD"", (37.92752764208299, -122.37727434097562), -1.0, FIELD), 66.29743455346636, UNKNOWN, LVO)"
