sample,reward_best,reward_CA,location_lat,location_lon,patient_state
1,0.3199736281541066,0.2570314861414597,37.28847720552198,-121.8314999009474,"PatientState(Location(""FIELD"", (37.28847720552198, -121.8314999009474), -1.0, FIELD), 165.17757697956444, UNKNOWN, NLVO)"
2,0.32726656418952943,0.26296513073922206,37.28494630460851,-121.8329146356243,"PatientState(Location(""FIELD"", (37.28494630460851, -121.8329146356243), -1.0, FIELD), 132.3181869605963, UNKNOWN, LVO)"
3,0.31793016622098236,0.255468752104754,37.28714244672776,-121.83463914909416,"PatientState(Location(""FIELD"", (37.28714244672776, -121.83463914909416), -1.0, FIELD), 172.72870689327155, UNKNOWN, NLVO)"
4,0.24418294143999997,0.24418294143999997,37.28805272640931,-121.83184922448626,"PatientState(Location(""FIELD"", (37.28805272640931, -121.83184922448626), -1.0, FIELD), 260.339585922278, UNKNOWN, LVO)"
5,0.31760449246725253,0.2552120786513136,37.28486342471217,-121.83486217257928,"PatientState(Location(""FIELD"", (37.28486342471217, -121.83486217257928), -1.0, FIELD), 174.60819655147506, UNKNOWN, LVO)"
