sample,reward_best,reward_CA,location_lat,location_lon,patient_state
1,0.3390267792241121,0.32695434753952446,37.76247575833717,-122.43078264408996,"PatientState(Location(""FIELD"", (37.76247575833717, -122.43078264408996), -1.0, FIELD), 59.94225087991366, UNKNOWN, HEMORRHAGIC)"
2,0.34623676880899495,0.33392650376620037,37.75983097882431,-122.42819485708611,"PatientState(Location(""FIELD"", (37.75983097882431, -122.42819485708611), -1.0, FIELD), 29.194611225169346, UNKNOWN, HEMORRHAGIC)"
3,0.3297121593740585,0.3177991324142314,37.76139480448295,-122.43014937482373,"PatientState(Location(""FIELD"", (37.76139480448295, -122.43014937482373), -1.0, FIELD), 101.0626956273976, UNKNOWN, LVO)"
4,0.3336878597801779,0.32152983831280446,37.75902978877479,-122.42808119248241,"PatientState(Location(""FIELD"", (37.75902978877479, -122.42808119248241), -1.0, FIELD), 83.24730917016846, UNKNOWN, MIMIC)"
5,0.24418294143999997,0.24418294143999997,37.76278856485219,-122.42793383618537,"PatientState(Location(""FIELD"", (37.76278856485219, -122.42793383618537), -1.0, FIELD), 232.7933505855175, UNKNOWN, LVO)"
