sample,reward_best,reward_CA,location_lat,location_lon,patient_state
1,0.3254965918263445,0.3254965918263445,37.440444847213534,-122.17985088589475,"PatientState(Location(""FIELD"", (37.440444847213534, -122.17985088589475), -1.0, FIELD), 148.1368130615019, UNKNOWN, MIMIC)"
2,0.24418294143999997,0.24418294143999997,37.44142599322013,-122.18037065495703,"PatientState(Location(""FIELD"", (37.44142599322013, -122.18037065495703), -1.0, FIELD), 221.62882708990787, UNKNOWN, LVO)"
3,0.34714503939010244,0.34714503939010244,37.44158856303892,-122.1770479365236,"PatientState(Location(""FIELD"", (37.44158856303892, -122.1770479365236), -1.0, FIELD), 56.00740277628996, UNKNOWN, LVO)"
4,0.3368064525783875,0.3368064525783875,37.4398584355446,-122.1798682065674,"PatientState(Location(""FIELD"", (37.4398584355446, -122.1798682065674), -1.0, FIELD), 98.70516550693878, UNKNOWN, HEMORRHAGIC)"
5,0.35431994126469385,0.35431994126469385,37.4432608746557,-122.1762763588191,"PatientState(Location(""FIELD"", (37.4432608746557, -122.1762763588191), -1.0, FIELD), 25.71008364836726, UNKNOWN, LVO)"
