sample,reward_best,reward_CA,location_lat,location_lon,patient_state
1,0.24418294143999997,0.24418294143999997,37.86617900526472,-122.03807231238652,"PatientState(Location(""FIELD"", (37.86617900526472, -122.03807231238652), -1.0, FIELD), 242.27908003653116, UNKNOWN, HEMORRHAGIC)"
2,0.31760700191000746,0.24418294143999997,37.865419720915085,-122.03880815229871,"PatientState(Location(""FIELD"", (37.865419720915085, -122.03880815229871), -1.0, FIELD), 135.79361364205266, UNKNOWN, HEMORRHAGIC)"
3,0.3380424601842475,0.32425391101773754,37.8680395466934,-122.038235488759,"PatientState(Location(""FIELD"", (37.8680395466934, -122.038235488759), -1.0, FIELD), 42.992359337016744, UNKNOWN, HEMORRHAGIC)"
4,0.3288023776085506,0.3152356635706209,37.865565569400246,-122.0366578058974,"PatientState(Location(""FIELD"", (37.865565569400246, -122.0366578058974), -1.0, FIELD), 82.98710922017791, UNKNOWN, HEMORRHAGIC)"
5,0.24418294143999997,0.24418294143999997,37.86392857217991,-122.04051264934616,"PatientState(Location(""FIELD"", (37.86392857217991, -122.04051264934616), -1.0, FIELD), 181.2391181669036, UNKNOWN, HEMORRHAGIC)"
