sample,reward_best,reward_CA,location_lat,location_lon,patient_state
1,0.24418294143999997,0.24418294143999997,37.19316298097363,-122.39550903364682,"PatientState(Location(""FIELD"", (37.19316298097363, -122.39550903364682), -1.0, FIELD), 177.139274361555, UNKNOWN, HEMORRHAGIC)"
2,0.24418294143999997,0.24418294143999997,37.189742170031586,-122.39487777894576,"PatientState(Location(""FIELD"", (37.189742170031586, -122.39487777894576), -1.0, FIELD), 207.34326962860325, UNKNOWN, HEMORRHAGIC)"
3,0.32296008139048216,0.26138576825549537,37.19150169932229,-122.3956107419529,"PatientState(Location(""FIELD"", (37.19150169932229, -122.3956107419529), -1.0, FIELD), 110.78918292104974, UNKNOWN, HEMORRHAGIC)"
4,0.24418294143999997,0.24418294143999997,37.18942057423597,-122.3913758494455,"PatientState(Location(""FIELD"", (37.18942057423597, -122.3913758494455), -1.0, FIELD), 207.926538545487, UNKNOWN, HEMORRHAGIC)"
5,0.24418294143999997,0.24418294143999997,37.18997757421291,-122.39563705005318,"PatientState(Location(""FIELD"", (37.18997757421291, -122.39563705005318), -1.0, FIELD), 269.4525166399606, UNKNOWN, HEMORRHAGIC)"
