sample,reward_best,reward_CA,location_lat,location_lon,patient_state
1,0.3319979300876271,0.24418294143999997,37.68415983264541,-121.87359989126527,"PatientState(Location(""FIELD"", (37.68415983264541, -121.87359989126527), -1.0, FIELD), 89.3095266119011, UNKNOWN, HEMORRHAGIC)"
2,0.24418294143999997,0.24418294143999997,37.68658554373905,-121.8751540881522,"PatientState(Location(""FIELD"", (37.68658554373905, -121.8751540881522), -1.0, FIELD), 209.29376798593754, UNKNOWN, HEMORRHAGIC)"
3,0.3257810458428526,0.24418294143999997,37.68752694001015,-121.87164279553164,"PatientState(Location(""FIELD"", (37.68752694001015, -121.87164279553164), -1.0, FIELD), 116.84290219090023, UNKNOWN, HEMORRHAGIC)"
4,0.24418294143999997,0.24418294143999997,37.685400147368924,-121.87294509399922,"PatientState(Location(""FIELD"", (37.685400147368924, -121.87294509399922), -1.0, FIELD), 188.1704683574459, UNKNOWN, HEMORRHAGIC)"
5,0.24418294143999997,0.24418294143999997,37.68601002295316,-121.87085665820375,"PatientState(Location(""FIELD"", (37.68601002295316, -121.87085665820375), -1.0, FIELD), 204.19861018339938, UNKNOWN, LVO)"
