sample,reward_best,reward_CA,location_lat,location_lon,patient_state
1,0.33024574883390545,0.24418294143999997,37.69000820622832,-122.03884814138111,"PatientState(Location(""FIELD"", (37.69000820622832, -122.03884814138111), -1.0, FIELD), 98.55090036358766, UNKNOWN, LVO)"
2,0.24418294143999997,0.24418294143999997,37.69189063847605,-122.04019867494742,"PatientState(Location(""FIELD"", (37.69189063847605, -122.04019867494742), -1.0, FIELD), 202.33631402895938, UNKNOWN, HEMORRHAGIC)"
3,0.31536838639136,0.24418294143999997,37.693005748038445,-122.03648122103995,"PatientState(Location(""FIELD"", (37.693005748038445, -122.03648122103995), -1.0, FIELD), 163.335139316322, UNKNOWN, HEMORRHAGIC)"
4,0.24418294143999997,0.24418294143999997,37.693770091236644,-122.04049903136344,"PatientState(Location(""FIELD"", (37.693770091236644, -122.04049903136344), -1.0, FIELD), 267.8899723784184, UNKNOWN, MIMIC)"
5,0.3377936740926464,0.3202823367614989,37.69331110772728,-122.03699633469691,"PatientState(Location(""FIELD"", (37.69331110772728, -122.03699633469691), -1.0, FIELD), 64.47723215583187, UNKNOWN, HEMORRHAGIC)"
