sample,reward_best,reward_CA,location_lat,location_lon,patient_state
1,0.3397095804578736,0.3397095804578736,37.39350282363943,-122.19811639332843,"PatientState(Location(""FIELD"", (37.39350282363943, -122.19811639332843), -1.0, FIELD), 80.14417999829686, UNKNOWN, LVO)"
2,0.3328206853662424,0.3328206853662424,37.39081566056856,-122.19748775582312,"PatientState(Location(""FIELD"", (37.39081566056856, -122.19748775582312), -1.0, FIELD), 110.98834843555063, UNKNOWN, HEMORRHAGIC)"
3,0.3508822175240782,0.3508822175240782,37.39043241779783,-122.19957901644847,"PatientState(Location(""FIELD"", (37.39043241779783, -122.19957901644847), -1.0, FIELD), 32.54284542814321, UNKNOWN, HEMORRHAGIC)"
4,0.3161088651472383,0.24418294143999997,37.38901298079807,-122.20052657283478,"PatientState(Location(""FIELD"", (37.38901298079807, -122.20052657283478), -1.0, FIELD), 181.32807548762327, UNKNOWN, MIMIC)"
5,0.3550220029633654,0.3550220029633654,37.39092388295304,-122.1990556503459,"PatientState(Location(""FIELD"", (37.39092388295304, -122.1990556503459), -1.0, FIELD), 15.184101716649137, UNKNOWN, MIMIC)"
