sample,reward_best,reward_CA,location_lat,location_lon,patient_state
1,0.3439042481956646,0.3312605755358111,37.74291626018133,-122.37274401929281,"PatientState(Location(""FIELD"", (37.74291626018133, -122.37274401929281), -1.0, FIELD), 39.84058637627708, UNKNOWN, LVO)"
2,0.31584844424918257,0.24418294143999997,37.741356674062985,-122.37526664174862,"PatientState(Location(""FIELD"", (37.741356674062985, -122.37526664174862), -1.0, FIELD), 163.1743632157874, UNKNOWN, LVO)"
3,0.24418294143999997,0.24418294143999997,37.738921392902235,-122.37266880683649,"PatientState(Location(""FIELD"", (37.738921392902235, -122.37266880683649), -1.0, FIELD), 208.7566941086248, UNKNOWN, NLVO)"
4,0.24418294143999997,0.24418294143999997,37.742671937540834,-122.37267029254592,"PatientState(Location(""FIELD"", (37.742671937540834, -122.37267029254592), -1.0, FIELD), 244.065445052754, UNKNOWN, HEMORRHAGIC)"
5,0.24418294143999997,0.24418294143999997,37.74197639747163,-122.37346874346531,"PatientState(Location(""FIELD"", (37.74197639747163, -122.37346874346531), -1.0, FIELD), 226.11231582811428, UNKNOWN, LVO)"
