sample,reward_best,reward_CA,location_lat,location_lon,patient_state
1,0.24418294143999997,0.24418294143999997,37.92221744895701,-121.63761202793378,"PatientState(Location(""FIELD"", (37.92221744895701, -121.63761202793378), -1.0, FIELD), 259.39011812260605, UNKNOWN, HEMORRHAGIC)"
2,0.24418294143999997,0.24418294143999997,37.92337180880909,-121.64004827624032,"PatientState(Location(""FIELD"", (37.92337180880909, -121.64004827624032), -1.0, FIELD), 254.85264617505445, UNKNOWN, NLVO)"
3,0.24418294143999997,0.24418294143999997,37.91943175572762,-121.63616568120781,"PatientState(Location(""FIELD"", (37.91943175572762, -121.63616568120781), -1.0, FIELD), 69.01637540547766, UNKNOWN, NLVO)"
4,0.24418294143999997,0.24418294143999997,37.921283912262865,-121.64064662994825,"PatientState(Location(""FIELD"", (37.921283912262865, -121.64064662994825), -1.0, FIELD), 228.30800111544133, UNKNOWN, NLVO)"
5,0.31514229450884157,0.24418294143999997,37.921041004105206,-121.63707769645112,"PatientState(Location(""FIELD"", (37.921041004105206, -121.63707769645112), -1.0, FIELD), 39.72519879494795, UNKNOWN, LVO)"
