sample,reward_best,reward_CA,location_lat,location_lon,patient_state
1,0.32088574960575833,0.24418294143999997,37.640425993741836,-121.77159017186008,"PatientState(Location(""FIELD"", (37.640425993741836, -121.77159017186008), -1.0, FIELD), 139.99807093055566, UNKNOWN, LVO)"
2,0.24418294143999997,0.24418294143999997,37.64028009582472,-121.77197374259957,"PatientState(Location(""FIELD"", (37.64028009582472, -121.77197374259957), -1.0, FIELD), 261.1934034039201, UNKNOWN, NLVO)"
3,0.24418294143999997,0.24418294143999997,37.640519991167835,-121.77561598275803,"PatientState(Location(""FIELD"", (37.640519991167835, -121.77561598275803), -1.0, FIELD), 194.0932300030626, UNKNOWN, LVO)"
4,0.24418294143999997,0.24418294143999997,37.639469903642144,-121.77506465865069,"PatientState(Location(""FIELD"", (37.639469903642144, -121.77506465865069), -1.0, FIELD), 214.47344174166616, UNKNOWN, LVO)"
5,0.24418294143999997,0.24418294143999997,37.643409910822896,-121.77555015613143,"PatientState(Location(""FIELD"", (37.643409910822896, -121.77555015613143), -1.0, FIELD), 217.80641681887076, UNKNOWN, HEMORRHAGIC)"
