sample,reward_best,reward_CA,location_lat,location_lon,patient_state
1,0.24418294143999997,0.24418294143999997,37.599559916354224,-121.73493324032431,"PatientState(Location(""FIELD"", (37.599559916354224, -121.73493324032431), -1.0, FIELD), 267.1964096660842, UNKNOWN, LVO)"
2,0.34612413898391636,0.32682143096108357,37.60156690540103,-121.73165203232493,"PatientState(Location(""FIELD"", (37.60156690540103, -121.73165203232493), -1.0, FIELD), 9.413277996048578, UNKNOWN, NLVO)"
3,0.24418294143999997,0.24418294143999997,37.60280015354511,-121.7351759566944,"PatientState(Location(""FIELD"", (37.60280015354511, -121.7351759566944), -1.0, FIELD), 163.19899464659318, UNKNOWN, HEMORRHAGIC)"
4,0.33010284399691764,0.24418294143999997,37.60089752694223,-121.73520934505403,"PatientState(Location(""FIELD"", (37.60089752694223, -121.73520934505403), -1.0, FIELD), 80.35985257663015, UNKNOWN, HEMORRHAGIC)"
5,0.3336622537298462,0.31477596250713347,37.60258471618061,-121.73572305984783,"PatientState(Location(""FIELD"", (37.60258471618061, -121.73572305984783), -1.0, FIELD), 64.94872814297338, UNKNOWN, HEMORRHAGIC)"
