sample,reward_best,reward_CA,location_lat,location_lon,patient_state
1,0.35208086882146916,0.35208086882146916,37.375541727372266,-122.25580556906638,"PatientState(Location(""FIELD"", (37.375541727372266, -122.25580556906638), -1.0, FIELD), 18.50218633641124, UNKNOWN, LVO)"
2,0.32589501703617035,0.32589501703617035,37.37826916837769,-122.25631142010667,"PatientState(Location(""FIELD"", (37.37826916837769, -122.25631142010667), -1.0, FIELD), 132.9600198331267, UNKNOWN, NLVO)"
3,0.31546273054687,0.31546273054687,37.37436038226202,-122.26008042797706,"PatientState(Location(""FIELD"", (37.37436038226202, -122.26008042797706), -1.0, FIELD), 179.46532161725477, UNKNOWN, LVO)"
4,0.3411810972031512,0.3411810972031512,37.37461043601193,-122.25695621164077,"PatientState(Location(""FIELD"", (37.37461043601193, -122.25695621164077), -1.0, FIELD), 65.66414099531922, UNKNOWN, LVO)"
5,0.24418294143999997,0.24418294143999997,37.375604134644774,-122.2563657124254,"PatientState(Location(""FIELD"", (37.375604134644774, -122.2563657124254), -1.0, FIELD), 262.6096934971592, UNKNOWN, LVO)"
