sample,reward_best,reward_CA,location_lat,location_lon,patient_state
1,0.24418294143999997,0.24418294143999997,38.00331816851477,-121.74424847844045,"PatientState(Location(""FIELD"", (38.00331816851477, -121.74424847844045), -1.0, FIELD), 115.52850743526633, UNKNOWN, NLVO)"
2,0.32014674641963514,0.24418294143999997,38.00107849744801,-121.74327107250505,"PatientState(Location(""FIELD"", (38.00107849744801, -121.74327107250505), -1.0, FIELD), 31.99109641518929, UNKNOWN, LVO)"
3,0.24418294143999997,0.24418294143999997,38.002805926311765,-121.74160517860135,"PatientState(Location(""FIELD"", (38.002805926311765, -121.74160517860135), -1.0, FIELD), 245.95507601989735, UNKNOWN, HEMORRHAGIC)"
4,0.24418294143999997,0.24418294143999997,38.00349431314112,-121.74563826765751,"PatientState(Location(""FIELD"", (38.00349431314112, -121.74563826765751), -1.0, FIELD), 136.90553544595488, UNKNOWN, LVO)"
5,0.24418294143999997,0.24418294143999997,37.99952596127026,-121.7430168259548,"PatientState(Location(""FIELD"", (37.99952596127026, -121.7430168259548), -1.0, FIELD), 254.66902010018535, UNKNOWN, HEMORRHAGIC)"
