sample,reward_best,reward_CA,location_lat,location_lon,patient_state
1,0.24418294143999997,0.24418294143999997,37.4481692595367,-121.66348716053697,"PatientState(Location(""FIELD"", (37.4481692595367, -121.66348716053697), -1.0, FIELD), 113.63643217145338, UNKNOWN, LVO)"
2,0.24418294143999997,0.24418294143999997,37.4454274853857,-121.66571533692861,"PatientState(Location(""FIELD"", (37.4454274853857, -121.66571533692861), -1.0, FIELD), 178.9759046647055, UNKNOWN, HEMORRHAGIC)"
3,0.3229253577358565,0.24418294143999997,37.446921204717974,-121.6629097126105,"PatientState(Location(""FIELD"", (37.446921204717974, -121.6629097126105), -1.0, FIELD), 55.50823070649787, UNKNOWN, LVO)"
4,0.31514977324812354,0.24418294143999997,37.44680531623131,-121.66331475555161,"PatientState(Location(""FIELD"", (37.44680531623131, -121.66331475555161), -1.0, FIELD), 90.26817117736279, UNKNOWN, HEMORRHAGIC)"
5,0.24418294143999997,0.24418294143999997,37.447981204551766,-121.66370912397647,"PatientState(Location(""FIELD"", (37.447981204551766, -121.66370912397647), -1.0, FIELD), 254.81956157661307, UNKNOWN, MIMIC)"
