sample,reward_best,reward_CA,location_lat,location_lon,patient_state
1,0.24418294143999997,0.24418294143999997,37.2158469005348,-122.07534173110835,"PatientState(Location(""FIELD"", (37.2158469005348, -122.07534173110835), -1.0, FIELD), 262.38757034011286, UNKNOWN, LVO)"
2,0.3300874761342161,0.3300874761342161,37.217927588665766,-122.07169541444374,"PatientState(Location(""FIELD"", (37.217927588665766, -122.07169541444374), -1.0, FIELD), 112.4404738569373, UNKNOWN, NLVO)"
3,0.3140459036028658,0.3140459036028658,37.214600236738356,-122.07200839649961,"PatientState(Location(""FIELD"", (37.214600236738356, -122.07200839649961), -1.0, FIELD), 184.0521100757334, UNKNOWN, LVO)"
4,0.24418294143999997,0.24418294143999997,37.21633613777624,-122.07331435967527,"PatientState(Location(""FIELD"", (37.21633613777624, -122.07331435967527), -1.0, FIELD), 194.45139502916243, UNKNOWN, HEMORRHAGIC)"
5,0.31676691640601756,0.31676691640601756,37.217990367626555,-122.07317820403273,"PatientState(Location(""FIELD"", (37.217990367626555, -122.07317820403273), -1.0, FIELD), 171.40447211295043, UNKNOWN, MIMIC)"
