sample,reward_best,reward_CA,location_lat,location_lon,patient_state
1,0.35301806628460314,0.3395870841733612,37.72561264657656,-122.42947501690823,"PatientState(Location(""FIELD"", (37.72561264657656, -122.42947501690823), -1.0, FIELD), 5.913923462580462, UNKNOWN, LVO)"
2,0.3538597895232275,0.34041393378722534,37.724900437106214,-122.42995498278106,"PatientState(Location(""FIELD"", (37.724900437106214, -122.42995498278106), -1.0, FIELD), 2.001838112798402, UNKNOWN, LVO)"
3,0.3513155089011198,0.3381388126164211,37.72705565005908,-122.43042627937596,"PatientState(Location(""FIELD"", (37.72705565005908, -122.43042627937596), -1.0, FIELD), 12.993287476363282, UNKNOWN, HEMORRHAGIC)"
4,0.24418294143999997,0.24418294143999997,37.725663977023714,-122.42951703317198,"PatientState(Location(""FIELD"", (37.725663977023714, -122.42951703317198), -1.0, FIELD), 194.21438467663418, UNKNOWN, HEMORRHAGIC)"
5,0.34094275724115014,0.32784252872383385,37.72678714637952,-122.43012223337075,"PatientState(Location(""FIELD"", (37.72678714637952, -122.43012223337075), -1.0, FIELD), 57.53033881647309, UNKNOWN, LVO)"
