sample,reward_best,reward_CA,location_lat,location_lon,patient_state
1,0.24418294143999997,0.24418294143999997,38.01741256378147,-121.75138110000508,"PatientState(Location(""FIELD"", (38.01741256378147, -121.75138110000508), -1.0, FIELD), 220.2966763031887, UNKNOWN, HEMORRHAGIC)"
2,0.24418294143999997,0.24418294143999997,38.014792192781805,-121.75105941245339,"PatientState(Location(""FIELD"", (38.014792192781805, -121.75105941245339), -1.0, FIELD), 125.16526280325579, UNKNOWN, HEMORRHAGIC)"
3,0.24418294143999997,0.24418294143999997,38.01693075660326,-121.75150995349613,"PatientState(Location(""FIELD"", (38.01693075660326, -121.75150995349613), -1.0, FIELD), 152.94578238208243, UNKNOWN, NLVO)"
4,0.24418294143999997,0.24418294143999997,38.017612931100274,-121.75193274093775,"PatientState(Location(""FIELD"", (38.017612931100274, -121.75193274093775), -1.0, FIELD), 266.35920579099775, UNKNOWN, NLVO)"
5,0.32392653904073637,0.24418294143999997,38.01878937377784,-121.75416959917831,"PatientState(Location(""FIELD"", (38.01878937377784, -121.75416959917831), -1.0, FIELD), 16.085366244397548, UNKNOWN, LVO)"
