sample,reward_best,reward_CA,location_lat,location_lon,patient_state
1,0.3284921459846466,0.24418294143999997,37.64307690445661,-121.76865061380227,"PatientState(Location(""FIELD"", (37.64307690445661, -121.76865061380227), -1.0, FIELD), 108.60063626084771, UNKNOWN, MIMIC)"
2,0.24418294143999997,0.24418294143999997,37.64036291681947,-121.76724175127335,"PatientState(Location(""FIELD"", (37.64036291681947, -121.76724175127335), -1.0, FIELD), 187.482625074504, UNKNOWN, LVO)"
3,0.3200341795912077,0.24418294143999997,37.64003053818115,-121.77062889022638,"PatientState(Location(""FIELD"", (37.64003053818115, -121.77062889022638), -1.0, FIELD), 143.6357517499837, UNKNOWN, LVO)"
4,0.3391621115518777,0.3200869952751611,37.64095336038174,-121.76784008730671,"PatientState(Location(""FIELD"", (37.64095336038174, -121.76784008730671), -1.0, FIELD), 58.8586712754733, UNKNOWN, HEMORRHAGIC)"
5,0.24418294143999997,0.24418294143999997,37.64169543839663,-121.76664786761302,"PatientState(Location(""FIELD"", (37.64169543839663, -121.76664786761302), -1.0, FIELD), 252.26772104077358, UNKNOWN, LVO)"
