sample,reward_best,reward_CA,location_lat,location_lon,patient_state
1,0.3151643862805466,0.24418294143999997,38.038489949207076,-121.74719404294248,"PatientState(Location(""FIELD"", (38.038489949207076, -121.74719404294248), -1.0, FIELD), 20.1146010424714, UNKNOWN, LVO)"
2,0.3149297751828746,0.24418294143999997,38.0375011815042,-121.74908641815988,"PatientState(Location(""FIELD"", (38.0375011815042, -121.74908641815988), -1.0, FIELD), 55.399270804860784, UNKNOWN, NLVO)"
3,0.24418294143999997,0.24418294143999997,38.034430908678175,-121.746484831156,"PatientState(Location(""FIELD"", (38.034430908678175, -121.746484831156), -1.0, FIELD), 125.35867186560307, UNKNOWN, LVO)"
4,0.24418294143999997,0.24418294143999997,38.03523663039842,-121.75074137958806,"PatientState(Location(""FIELD"", (38.03523663039842, -121.75074137958806), -1.0, FIELD), 40.3929144558603, UNKNOWN, HEMORRHAGIC)"
5,0.24418294143999997,0.24418294143999997,38.03558151950033,-121.74830040265321,"PatientState(Location(""FIELD"", (38.03558151950033, -121.74830040265321), -1.0, FIELD), 112.8025613320408, UNKNOWN, HEMORRHAGIC)"
