sample,reward_best,reward_CA,location_lat,location_lon,patient_state
1,0.3300967907113922,0.24418294143999997,37.59261169272295,-122.07359985723677,"PatientState(Location(""FIELD"", (37.59261169272295, -122.07359985723677), -1.0, FIELD), 108.36135657402318, UNKNOWN, LVO)"
2,0.24418294143999997,0.24418294143999997,37.59194203879187,-122.07146681471353,"PatientState(Location(""FIELD"", (37.59194203879187, -122.07146681471353), -1.0, FIELD), 225.29279916378263, UNKNOWN, HEMORRHAGIC)"
3,0.3241177767065564,0.24418294143999997,37.59146505689283,-122.07118108856247,"PatientState(Location(""FIELD"", (37.59146505689283, -122.07118108856247), -1.0, FIELD), 134.95399125215778, UNKNOWN, MIMIC)"
4,0.32002948802234793,0.24418294143999997,37.59083496511764,-122.07273709600598,"PatientState(Location(""FIELD"", (37.59083496511764, -122.07273709600598), -1.0, FIELD), 153.0483493511108, UNKNOWN, HEMORRHAGIC)"
5,0.3539443503520499,0.33541668264024355,37.591172921259435,-122.07315831414013,"PatientState(Location(""FIELD"", (37.591172921259435, -122.07315831414013), -1.0, FIELD), 6.415220520990248, UNKNOWN, LVO)"
