sample,reward_best,reward_CA,location_lat,location_lon,patient_state
1,0.3419199837856184,0.3372536264416186,37.38985251984381,-122.02363366057908,"PatientState(Location(""FIELD"", (37.38985251984381, -122.02363366057908), -1.0, FIELD), 66.51540960429551, UNKNOWN, HEMORRHAGIC)"
2,0.3433735107852627,0.3387089486950247,37.390259601812154,-122.02406147086307,"PatientState(Location(""FIELD"", (37.390259601812154, -122.02406147086307), -1.0, FIELD), 60.62616009856168, UNKNOWN, HEMORRHAGIC)"
3,0.3148898757663121,0.25315363963129217,37.39319407284305,-122.02222477862485,"PatientState(Location(""FIELD"", (37.39319407284305, -122.02222477862485), -1.0, FIELD), 185.68273578944414, UNKNOWN, LVO)"
4,0.3550328506421003,0.3505253151544988,37.38911488221342,-122.02277844643675,"PatientState(Location(""FIELD"", (37.38911488221342, -122.02277844643675), -1.0, FIELD), 10.10509166667963, UNKNOWN, LVO)"
5,0.34197648214438703,0.3372165118375199,37.392211990157094,-122.02442622655647,"PatientState(Location(""FIELD"", (37.392211990157094, -122.02442622655647), -1.0, FIELD), 67.26621837855322, UNKNOWN, LVO)"
