sample,reward_best,reward_CA,location_lat,location_lon,patient_state
1,0.34385722199851004,0.34385722199851004,37.173848525512156,-121.99714535272571,"PatientState(Location(""FIELD"", (37.173848525512156, -121.99714535272571), -1.0, FIELD), 61.22184388642986, UNKNOWN, NLVO)"
2,0.24418294143999997,0.24418294143999997,37.17741654393033,-121.99791664915128,"PatientState(Location(""FIELD"", (37.17741654393033, -121.99791664915128), -1.0, FIELD), 206.94911368134876, UNKNOWN, LVO)"
3,0.3169137431498918,0.3169137431498918,37.17613835193927,-122.0001316289258,"PatientState(Location(""FIELD"", (37.17613835193927, -122.0001316289258), -1.0, FIELD), 178.56858092910625, UNKNOWN, MIMIC)"
4,0.24418294143999997,0.24418294143999997,37.17834036046214,-122.00035957304331,"PatientState(Location(""FIELD"", (37.17834036046214, -122.00035957304331), -1.0, FIELD), 238.0604345406332, UNKNOWN, LVO)"
5,0.340191190623125,0.340191190623125,37.17505893950669,-121.99648801731111,"PatientState(Location(""FIELD"", (37.17505893950669, -121.99648801731111), -1.0, FIELD), 76.0785800067495, UNKNOWN, LVO)"
