sample,reward_best,reward_CA,location_lat,location_lon,patient_state
1,0.24418294143999997,0.24418294143999997,37.272848128377944,-122.40881267940347,"PatientState(Location(""FIELD"", (37.272848128377944, -122.40881267940347), -1.0, FIELD), 191.1632755528801, UNKNOWN, LVO)"
2,0.24418294143999997,0.24418294143999997,37.27225754574301,-122.40840602440784,"PatientState(Location(""FIELD"", (37.27225754574301, -122.40840602440784), -1.0, FIELD), 213.91394787739918, UNKNOWN, HEMORRHAGIC)"
3,0.24418294143999997,0.24418294143999997,37.27331446937697,-122.40836622267196,"PatientState(Location(""FIELD"", (37.27331446937697, -122.40836622267196), -1.0, FIELD), 227.40271941544637, UNKNOWN, MIMIC)"
4,0.24418294143999997,0.24418294143999997,37.27154798829748,-122.40673239654828,"PatientState(Location(""FIELD"", (37.27154798829748, -122.40673239654828), -1.0, FIELD), 238.66430288338393, UNKNOWN, MIMIC)"
5,0.34742983493462604,0.3430153834596796,37.270878188688535,-122.40854706655767,"PatientState(Location(""FIELD"", (37.270878188688535, -122.40854706655767), -1.0, FIELD), 12.074845290887888, UNKNOWN, LVO)"
