sample,reward_best,reward_CA,location_lat,location_lon,patient_state
1,0.24418294143999997,0.24418294143999997,37.97583023241054,-122.17920150643285,"PatientState(Location(""FIELD"", (37.97583023241054, -122.17920150643285), -1.0, FIELD), 221.06929092362867, UNKNOWN, LVO)"
2,0.24418294143999997,0.24418294143999997,37.97573702658677,-122.18047257801733,"PatientState(Location(""FIELD"", (37.97573702658677, -122.18047257801733), -1.0, FIELD), 206.03586870151943, UNKNOWN, HEMORRHAGIC)"
3,0.2535701830200828,0.24418294143999997,37.97571968943734,-122.18000581666517,"PatientState(Location(""FIELD"", (37.97571968943734, -122.18000581666517), -1.0, FIELD), 130.8176928560763, UNKNOWN, LVO)"
4,0.24418294143999997,0.24418294143999997,37.976252134442596,-122.18000726590387,"PatientState(Location(""FIELD"", (37.976252134442596, -122.18000726590387), -1.0, FIELD), 208.4166331639832, UNKNOWN, HEMORRHAGIC)"
5,0.24418294143999997,0.24418294143999997,37.97398490332859,-122.17764313369898,"PatientState(Location(""FIELD"", (37.97398490332859, -122.17764313369898), -1.0, FIELD), 149.83357408044876, UNKNOWN, HEMORRHAGIC)"
