sample,reward_best,reward_CA,location_lat,location_lon,patient_state
1,0.3377366385353735,0.3161035338460443,37.66464852892092,-121.9148152992863,"PatientState(Location(""FIELD"", (37.66464852892092, -121.9148152992863), -1.0, FIELD), 73.54871436645449, UNKNOWN, HEMORRHAGIC)"
2,0.3416607486102597,0.319989114854014,37.66710299080743,-121.91236664836897,"PatientState(Location(""FIELD"", (37.66710299080743, -121.91236664836897), -1.0, FIELD), 55.226811221696636, UNKNOWN, LVO)"
3,0.32635391591653967,0.24418294143999997,37.66842601695924,-121.91205607511321,"PatientState(Location(""FIELD"", (37.66842601695924, -121.91205607511321), -1.0, FIELD), 121.62126134079573, UNKNOWN, LVO)"
4,0.32624314146046135,0.24418294143999997,37.66719873362276,-121.91445150037246,"PatientState(Location(""FIELD"", (37.66719873362276, -121.91445150037246), -1.0, FIELD), 122.64462346056378, UNKNOWN, LVO)"
5,0.34248982721222593,0.3207872212772471,37.667023478759155,-121.91141203678073,"PatientState(Location(""FIELD"", (37.667023478759155, -121.91141203678073), -1.0, FIELD), 51.43028850351703, UNKNOWN, LVO)"
