sample,reward_best,reward_CA,location_lat,location_lon,patient_state
1,0.24418294143999997,0.24418294143999997,38.12268890126809,-121.95137136157659,"PatientState(Location(""FIELD"", (38.12268890126809, -121.95137136157659), -1.0, FIELD), 263.1210528380652, UNKNOWN, LVO)"
2,0.24418294143999997,0.24418294143999997,38.12034677005121,-121.95214975332048,"PatientState(Location(""FIELD"", (38.12034677005121, -121.95214975332048), -1.0, FIELD), 32.225614124796785, UNKNOWN, LVO)"
3,0.24418294143999997,0.24418294143999997,38.11960910006002,-121.95195438042789,"PatientState(Location(""FIELD"", (38.11960910006002, -121.95195438042789), -1.0, FIELD), 108.31495898121915, UNKNOWN, LVO)"
4,0.24418294143999997,0.24418294143999997,38.1204504147257,-121.95277531999446,"PatientState(Location(""FIELD"", (38.1204504147257, -121.95277531999446), -1.0, FIELD), 89.99105240296903, UNKNOWN, NLVO)"
5,0.24418294143999997,0.24418294143999997,38.12222100182075,-121.95417280221604,"PatientState(Location(""FIELD"", (38.12222100182075, -121.95417280221604), -1.0, FIELD), 85.13210144273613, UNKNOWN, LVO)"
