sample,reward_best,reward_CA,location_lat,location_lon,patient_state
1,0.2595074779999905,0.24418294143999997,37.93170742821681,-122.37921519468148,"PatientState(Location(""FIELD"", (37.93170742821681, -122.37921519468148), -1.0, FIELD), 111.66276489561606, UNKNOWN, HEMORRHAGIC)"
2,0.31624206998430976,0.25288947597433814,37.93290786743907,-122.37793241207271,"PatientState(Location(""FIELD"", (37.93290786743907, -122.37793241207271), -1.0, FIELD), 84.97989749123218, UNKNOWN, HEMORRHAGIC)"
3,0.32706833027176235,0.31600096986645426,37.92928886540001,-122.3800373163276,"PatientState(Location(""FIELD"", (37.92928886540001, -122.3800373163276), -1.0, FIELD), 78.23348760726257, UNKNOWN, NLVO)"
4,0.24418294143999997,0.24418294143999997,37.932495097241244,-122.37742021202884,"PatientState(Location(""FIELD"", (37.932495097241244, -122.37742021202884), -1.0, FIELD), 206.32475040146562, UNKNOWN, LVO)"
5,0.2534493156670639,0.24418294143999997,37.929371276273145,-122.37625824636761,"PatientState(Location(""FIELD"", (37.929371276273145, -122.37625824636761), -1.0, FIELD), 153.48355979202577, UNKNOWN, LVO)"
