sample,reward_best,reward_CA,location_lat,location_lon,patient_state
1,0.24418294143999997,0.24418294143999997,37.797472812696455,-121.8403452208046,"PatientState(Location(""FIELD"", (37.797472812696455, -121.8403452208046), -1.0, FIELD), 268.9990964397193, UNKNOWN, HEMORRHAGIC)"
2,0.24418294143999997,0.24418294143999997,37.79559018864437,-121.8405336964818,"PatientState(Location(""FIELD"", (37.79559018864437, -121.8405336964818), -1.0, FIELD), 268.13201645526084, UNKNOWN, MIMIC)"
3,0.3145544057777622,0.24418294143999997,37.79497871772227,-121.83974767122776,"PatientState(Location(""FIELD"", (37.79497871772227, -121.83974767122776), -1.0, FIELD), 148.7804633012467, UNKNOWN, LVO)"
4,0.24418294143999997,0.24418294143999997,37.79432288891618,-121.8387839932283,"PatientState(Location(""FIELD"", (37.79432288891618, -121.8387839932283), -1.0, FIELD), 218.51082969996048, UNKNOWN, MIMIC)"
5,0.32146000646627954,0.24418294143999997,37.79447905288962,-121.84003899714706,"PatientState(Location(""FIELD"", (37.79447905288962, -121.84003899714706), -1.0, FIELD), 117.6317709062618, UNKNOWN, HEMORRHAGIC)"
