sample,reward_best,reward_CA,location_lat,location_lon,patient_state
1,0.24418294143999997,0.24418294143999997,38.14963405342969,-122.18622127643921,"PatientState(Location(""FIELD"", (38.14963405342969, -122.18622127643921), -1.0, FIELD), 155.24527682503245, UNKNOWN, HEMORRHAGIC)"
2,0.24418294143999997,0.24418294143999997,38.15035806488771,-122.18740045626134,"PatientState(Location(""FIELD"", (38.15035806488771, -122.18740045626134), -1.0, FIELD), 87.46790555544003, UNKNOWN, HEMORRHAGIC)"
3,0.24418294143999997,0.24418294143999997,38.15378449961945,-122.18594281817853,"PatientState(Location(""FIELD"", (38.15378449961945, -122.18594281817853), -1.0, FIELD), 242.8851661678438, UNKNOWN, MIMIC)"
4,0.32083727760935987,0.24418294143999997,38.152284291943445,-122.18706282574885,"PatientState(Location(""FIELD"", (38.152284291943445, -122.18706282574885), -1.0, FIELD), 40.979157901474665, UNKNOWN, LVO)"
5,0.3159206074738878,0.24418294143999997,38.15242500337057,-122.18606318793015,"PatientState(Location(""FIELD"", (38.15242500337057, -122.18606318793015), -1.0, FIELD), 62.95144537774212, UNKNOWN, LVO)"
