sample,reward_best,reward_CA,location_lat,location_lon,patient_state
1,0.24418294143999997,0.24418294143999997,37.70882863822642,-121.60706546791651,"PatientState(Location(""FIELD"", (37.70882863822642, -121.60706546791651), -1.0, FIELD), 195.04188310370677, UNKNOWN, NLVO)"
2,0.24418294143999997,0.24418294143999997,37.71015135254686,-121.6103218118841,"PatientState(Location(""FIELD"", (37.71015135254686, -121.6103218118841), -1.0, FIELD), 173.29942221523828, UNKNOWN, LVO)"
3,0.3410602656232139,0.3212251623938054,37.711230644525024,-121.60817839920875,"PatientState(Location(""FIELD"", (37.711230644525024, -121.60817839920875), -1.0, FIELD), 25.460167356230162, UNKNOWN, NLVO)"
4,0.3303802226960295,0.24418294143999997,37.70942778336299,-121.60723052800861,"PatientState(Location(""FIELD"", (37.70942778336299, -121.60723052800861), -1.0, FIELD), 71.50566902886217, UNKNOWN, NLVO)"
5,0.24418294143999997,0.24418294143999997,37.711007230366995,-121.60596947992681,"PatientState(Location(""FIELD"", (37.711007230366995, -121.60596947992681), -1.0, FIELD), 230.93049662374384, UNKNOWN, LVO)"
