sample,reward_best,reward_CA,location_lat,location_lon,patient_state
1,0.32550007106550505,0.24418294143999997,37.959187102759394,-121.92003373334343,"PatientState(Location(""FIELD"", (37.959187102759394, -121.92003373334343), -1.0, FIELD), 17.931881888756923, UNKNOWN, NLVO)"
2,0.24418294143999997,0.24418294143999997,37.9600954154476,-121.92054801924594,"PatientState(Location(""FIELD"", (37.9600954154476, -121.92054801924594), -1.0, FIELD), 208.10790483361563, UNKNOWN, LVO)"
3,0.24418294143999997,0.24418294143999997,37.96197797735215,-121.91945357312184,"PatientState(Location(""FIELD"", (37.96197797735215, -121.91945357312184), -1.0, FIELD), 127.02970022665335, UNKNOWN, HEMORRHAGIC)"
4,0.3157827547203503,0.24418294143999997,37.96372762705407,-121.92021811094918,"PatientState(Location(""FIELD"", (37.96372762705407, -121.92021811094918), -1.0, FIELD), 60.4511646016788, UNKNOWN, NLVO)"
5,0.24418294143999997,0.24418294143999997,37.963138679882526,-121.91977847934233,"PatientState(Location(""FIELD"", (37.963138679882526, -121.91977847934233), -1.0, FIELD), 195.75030212110332, UNKNOWN, HEMORRHAGIC)"
