sample,reward_best,reward_CA,location_lat,location_lon,patient_state
1,0.24418294143999997,0.24418294143999997,37.304629294303034,-121.84522136121758,"PatientState(Location(""FIELD"", (37.304629294303034, -121.84522136121758), -1.0, FIELD), 203.8951576714036, UNKNOWN, HEMORRHAGIC)"
2,0.24418294143999997,0.24418294143999997,37.306561933007885,-121.84372237793129,"PatientState(Location(""FIELD"", (37.306561933007885, -121.84372237793129), -1.0, FIELD), 199.6859932451733, UNKNOWN, HEMORRHAGIC)"
3,0.3336440706850722,0.3336440706850722,37.304014634727224,-121.84516058607514,"PatientState(Location(""FIELD"", (37.304014634727224, -121.84516058607514), -1.0, FIELD), 106.33785053867672, UNKNOWN, MIMIC)"
4,0.3571487378795083,0.3571487378795083,37.30760415205596,-121.84404218421184,"PatientState(Location(""FIELD"", (37.30760415205596, -121.84404218421184), -1.0, FIELD), 6.336887536371059, UNKNOWN, LVO)"
5,0.3558461299014976,0.3558461299014976,37.30853053210039,-121.84449900824767,"PatientState(Location(""FIELD"", (37.30853053210039, -121.84449900824767), -1.0, FIELD), 12.04585267555045, UNKNOWN, LVO)"
