sample,reward_best,reward_CA,location_lat,location_lon,patient_state
1,0.35770322967965235,0.35770322967965235,37.43159126363522,-122.21112918532846,"PatientState(Location(""FIELD"", (37.43159126363522, -122.21112918532846), -1.0, FIELD), 7.672985637464906, UNKNOWN, HEMORRHAGIC)"
2,0.24418294143999997,0.24418294143999997,37.430005201065626,-122.21218053641148,"PatientState(Location(""FIELD"", (37.430005201065626, -122.21218053641148), -1.0, FIELD), 224.88341709400996, UNKNOWN, HEMORRHAGIC)"
3,0.346607005113476,0.346607005113476,37.43010978885077,-122.2127909141203,"PatientState(Location(""FIELD"", (37.43010978885077, -122.2127909141203), -1.0, FIELD), 54.57290120641988, UNKNOWN, HEMORRHAGIC)"
4,0.34974938037930575,0.34974938037930575,37.4307633301909,-122.2110212708557,"PatientState(Location(""FIELD"", (37.4307633301909, -122.2110212708557), -1.0, FIELD), 41.51969064409269, UNKNOWN, LVO)"
5,0.24418294143999997,0.24418294143999997,37.430629529858045,-122.21270860260557,"PatientState(Location(""FIELD"", (37.430629529858045, -122.21270860260557), -1.0, FIELD), 260.38753460852627, UNKNOWN, LVO)"
