sample,reward_best,reward_CA,location_lat,location_lon,patient_state
1,0.3229876355448095,0.24418294143999997,37.65641037130598,-121.9972820260173,"PatientState(Location(""FIELD"", (37.65641037130598, -121.9972820260173), -1.0, FIELD), 121.28528243318463, UNKNOWN, LVO)"
2,0.32832943467487585,0.24418294143999997,37.65527217413129,-121.99670832530069,"PatientState(Location(""FIELD"", (37.65527217413129, -121.99670832530069), -1.0, FIELD), 97.85688008198152, UNKNOWN, LVO)"
3,0.24418294143999997,0.24418294143999997,37.65609757572186,-121.99612021638038,"PatientState(Location(""FIELD"", (37.65609757572186, -121.99612021638038), -1.0, FIELD), 178.62456505719842, UNKNOWN, LVO)"
4,0.24418294143999997,0.24418294143999997,37.65629921984848,-121.99730872313081,"PatientState(Location(""FIELD"", (37.65629921984848, -121.99730872313081), -1.0, FIELD), 177.51674876598963, UNKNOWN, LVO)"
5,0.3201397366176111,0.24418294143999997,37.65705751025454,-121.99652374042982,"PatientState(Location(""FIELD"", (37.65705751025454, -121.99652374042982), -1.0, FIELD), 133.97987114409344, UNKNOWN, HEMORRHAGIC)"
