sample,reward_best,reward_CA,location_lat,location_lon,patient_state
1,0.31572039690908676,0.24418294143999997,37.77948996241804,-121.84501002134914,"PatientState(Location(""FIELD"", (37.77948996241804, -121.84501002134914), -1.0, FIELD), 152.8021730411332, UNKNOWN, LVO)"
2,0.33629734973646946,0.3149304213219075,37.77994757855263,-121.8429806222873,"PatientState(Location(""FIELD"", (37.77994757855263, -121.8429806222873), -1.0, FIELD), 61.77636086399254, UNKNOWN, LVO)"
3,0.24418294143999997,0.24418294143999997,37.78024336227674,-121.84205881150511,"PatientState(Location(""FIELD"", (37.78024336227674, -121.84205881150511), -1.0, FIELD), 201.48958622000973, UNKNOWN, LVO)"
4,0.32040995096776076,0.24418294143999997,37.77921219782192,-121.84269770489414,"PatientState(Location(""FIELD"", (37.77921219782192, -121.84269770489414), -1.0, FIELD), 131.57657809860876, UNKNOWN, NLVO)"
5,0.24418294143999997,0.24418294143999997,37.77915498624774,-121.84551648305998,"PatientState(Location(""FIELD"", (37.77915498624774, -121.84551648305998), -1.0, FIELD), 225.00531015483747, UNKNOWN, LVO)"
