sample,reward_best,reward_CA,location_lat,location_lon,patient_state
1,0.24418294143999997,0.24418294143999997,37.3449779847186,-122.0144689940384,"PatientState(Location(""FIELD"", (37.3449779847186, -122.0144689940384), -1.0, FIELD), 223.39128425712082, UNKNOWN, LVO)"
2,0.33000901877243627,0.33000901877243627,37.348747659971686,-122.01405656615722,"PatientState(Location(""FIELD"", (37.348747659971686, -122.01405656615722), -1.0, FIELD), 107.83339866587716, UNKNOWN, NLVO)"
3,0.3167604949377863,0.25658606460068256,37.348308399371916,-122.01148331203834,"PatientState(Location(""FIELD"", (37.348308399371916, -122.01148331203834), -1.0, FIELD), 176.88664109949912, UNKNOWN, LVO)"
4,0.3553755380845726,0.3553755380845726,37.347633710522985,-122.01138793175797,"PatientState(Location(""FIELD"", (37.347633710522985, -122.01138793175797), -1.0, FIELD), 0.7592588012812118, UNKNOWN, NLVO)"
5,0.24418294143999997,0.24418294143999997,37.34449537051158,-122.01087070026747,"PatientState(Location(""FIELD"", (37.34449537051158, -122.01087070026747), -1.0, FIELD), 224.01300648326762, UNKNOWN, MIMIC)"
