sample,reward_best,reward_CA,location_lat,location_lon,patient_state
1,0.2647657059731141,0.25173555175507645,38.00541317591486,-122.28679865451608,"PatientState(Location(""FIELD"", (38.00541317591486, -122.28679865451608), -1.0, FIELD), 85.32347940819791, UNKNOWN, LVO)"
2,0.25675689398329543,0.24418294143999997,38.00564012594066,-122.29018926545834,"PatientState(Location(""FIELD"", (38.00564012594066, -122.29018926545834), -1.0, FIELD), 130.78579271617872, UNKNOWN, NLVO)"
3,0.24418294143999997,0.24418294143999997,38.008499179234924,-122.28777830438078,"PatientState(Location(""FIELD"", (38.008499179234924, -122.28777830438078), -1.0, FIELD), 180.319914261049, UNKNOWN, HEMORRHAGIC)"
4,0.24418294143999997,0.24418294143999997,38.006578282439236,-122.28994175482491,"PatientState(Location(""FIELD"", (38.006578282439236, -122.28994175482491), -1.0, FIELD), 187.60874726438948, UNKNOWN, LVO)"
5,0.24418294143999997,0.24418294143999997,38.00489646341232,-122.28804721681817,"PatientState(Location(""FIELD"", (38.00489646341232, -122.28804721681817), -1.0, FIELD), 234.63318427222998, UNKNOWN, LVO)"
