sample,reward_best,reward_CA,location_lat,location_lon,patient_state
1,0.34383996156809826,0.34383996156809826,37.186800409205496,-122.11514151032766,"PatientState(Location(""FIELD"", (37.186800409205496, -122.11514151032766), -1.0, FIELD), 19.699050161867405, UNKNOWN, HEMORRHAGIC)"
2,0.24418294143999997,0.24418294143999997,37.18796249303659,-122.11105839720996,"PatientState(Location(""FIELD"", (37.18796249303659, -122.11105839720996), -1.0, FIELD), 211.0578007706848, UNKNOWN, LVO)"
3,0.3392286089427838,0.3392286089427838,37.18857140829717,-122.11135977635266,"PatientState(Location(""FIELD"", (37.18857140829717, -122.11135977635266), -1.0, FIELD), 38.40863496307436, UNKNOWN, HEMORRHAGIC)"
4,0.3326148361001238,0.3326148361001238,37.186309152136594,-122.11563742106341,"PatientState(Location(""FIELD"", (37.186309152136594, -122.11563742106341), -1.0, FIELD), 71.6305300960323, UNKNOWN, LVO)"
5,0.34419919450525494,0.34419919450525494,37.185228343646045,-122.11140578389791,"PatientState(Location(""FIELD"", (37.185228343646045, -122.11140578389791), -1.0, FIELD), 19.95197372286909, UNKNOWN, NLVO)"
