sample,reward_best,reward_CA,location_lat,location_lon,patient_state
1,0.33868099227415144,0.32694163127132814,37.85673179597004,-122.49546959887545,"PatientState(Location(""FIELD"", (37.85673179597004, -122.49546959887545), -1.0, FIELD), 40.102267438372586, UNKNOWN, HEMORRHAGIC)"
2,0.24418294143999997,0.24418294143999997,37.857777346379606,-122.49415502230197,"PatientState(Location(""FIELD"", (37.857777346379606, -122.49415502230197), -1.0, FIELD), 238.64875311014032, UNKNOWN, LVO)"
3,0.34013209315660453,0.3283665748048083,37.856987128146116,-122.49116878759429,"PatientState(Location(""FIELD"", (37.856987128146116, -122.49116878759429), -1.0, FIELD), 37.611315485127356, UNKNOWN, LVO)"
4,0.2522823869254114,0.24418294143999997,37.85730369300905,-122.49323742397603,"PatientState(Location(""FIELD"", (37.85730369300905, -122.49323742397603), -1.0, FIELD), 168.3806376067222, UNKNOWN, HEMORRHAGIC)"
5,0.32039817052156616,0.24418294143999997,37.854704485235246,-122.49315508274255,"PatientState(Location(""FIELD"", (37.854704485235246, -122.49315508274255), -1.0, FIELD), 119.86909707575506, UNKNOWN, LVO)"
