sample,reward_best,reward_CA,location_lat,location_lon,patient_state
1,0.24418294143999997,0.24418294143999997,37.69339026461983,-121.93574143825288,"PatientState(Location(""FIELD"", (37.69339026461983, -121.93574143825288), -1.0, FIELD), 258.6207240240555, UNKNOWN, LVO)"
2,0.24418294143999997,0.24418294143999997,37.691695522262364,-121.9352175854793,"PatientState(Location(""FIELD"", (37.691695522262364, -121.9352175854793), -1.0, FIELD), 268.12077910601073, UNKNOWN, LVO)"
3,0.33791193286925925,0.3175183101775269,37.69111424981407,-121.93389907038106,"PatientState(Location(""FIELD"", (37.69111424981407, -121.93389907038106), -1.0, FIELD), 69.16957735013338, UNKNOWN, LVO)"
4,0.32636185171704346,0.24418294143999997,37.6935224756991,-121.93299362457589,"PatientState(Location(""FIELD"", (37.6935224756991, -121.93299362457589), -1.0, FIELD), 120.66794592601515, UNKNOWN, HEMORRHAGIC)"
5,0.3186258126607934,0.24418294143999997,37.689754763365436,-121.93443043933846,"PatientState(Location(""FIELD"", (37.689754763365436, -121.93443043933846), -1.0, FIELD), 154.17438167694084, UNKNOWN, LVO)"
