sample,reward_best,reward_CA,location_lat,location_lon,patient_state
1,0.24418294143999997,0.24418294143999997,38.11300281682697,-121.94805532126587,"PatientState(Location(""FIELD"", (38.11300281682697, -121.94805532126587), -1.0, FIELD), 231.17456727918324, UNKNOWN, LVO)"
2,0.24418294143999997,0.24418294143999997,38.10923195516712,-121.94637644604389,"PatientState(Location(""FIELD"", (38.10923195516712, -121.94637644604389), -1.0, FIELD), 38.944172359111896, UNKNOWN, LVO)"
3,0.24418294143999997,0.24418294143999997,38.11334330606897,-121.94657131539721,"PatientState(Location(""FIELD"", (38.11334330606897, -121.94657131539721), -1.0, FIELD), 34.367979912245104, UNKNOWN, HEMORRHAGIC)"
4,0.24418294143999997,0.24418294143999997,38.10952705015755,-121.9499872356542,"PatientState(Location(""FIELD"", (38.10952705015755, -121.9499872356542), -1.0, FIELD), 109.2087013549766, UNKNOWN, HEMORRHAGIC)"
5,0.24418294143999997,0.24418294143999997,38.11039500920107,-121.94747757945808,"PatientState(Location(""FIELD"", (38.11039500920107, -121.94747757945808), -1.0, FIELD), 25.170612267924636, UNKNOWN, HEMORRHAGIC)"
