sample,reward_best,reward_CA,location_lat,location_lon,patient_state
1,0.24418294143999997,0.24418294143999997,37.927379549774756,-121.82606212386108,"PatientState(Location(""FIELD"", (37.927379549774756, -121.82606212386108), -1.0, FIELD), 110.72588248231713, UNKNOWN, MIMIC)"
2,0.24418294143999997,0.24418294143999997,37.925909678186464,-121.82628644779344,"PatientState(Location(""FIELD"", (37.925909678186464, -121.82628644779344), -1.0, FIELD), 224.00272789001514, UNKNOWN, LVO)"
3,0.24418294143999997,0.24418294143999997,37.92765050379093,-121.82921951896613,"PatientState(Location(""FIELD"", (37.92765050379093, -121.82921951896613), -1.0, FIELD), 124.30412402113218, UNKNOWN, HEMORRHAGIC)"
4,0.24418294143999997,0.24418294143999997,37.92609195186929,-121.8267793667217,"PatientState(Location(""FIELD"", (37.92609195186929, -121.8267793667217), -1.0, FIELD), 123.25046638719557, UNKNOWN, HEMORRHAGIC)"
5,0.24418294143999997,0.24418294143999997,37.92797741617535,-121.82988311660067,"PatientState(Location(""FIELD"", (37.92797741617535, -121.82988311660067), -1.0, FIELD), 80.57099134075914, UNKNOWN, HEMORRHAGIC)"
