sample,reward_best,reward_CA,location_lat,location_lon,patient_state
1,0.24418294143999997,0.24418294143999997,37.28962213304691,-121.59564744042297,"PatientState(Location(""FIELD"", (37.28962213304691, -121.59564744042297), -1.0, FIELD), 202.42561323767586, UNKNOWN, LVO)"
2,0.24418294143999997,0.24418294143999997,37.29188818808255,-121.59313898167473,"PatientState(Location(""FIELD"", (37.29188818808255, -121.59313898167473), -1.0, FIELD), 203.17262380804686, UNKNOWN, NLVO)"
3,0.33787141805463233,0.33787141805463233,37.29091971876554,-121.59109255725954,"PatientState(Location(""FIELD"", (37.29091971876554, -121.59109255725954), -1.0, FIELD), 33.80462795145162, UNKNOWN, MIMIC)"
4,0.32304505516519083,0.32304505516519083,37.290591744199766,-121.59099003911496,"PatientState(Location(""FIELD"", (37.290591744199766, -121.59099003911496), -1.0, FIELD), 98.6255820917495, UNKNOWN, LVO)"
5,0.32193268984343365,0.32193268984343365,37.2910071433777,-121.59171611820129,"PatientState(Location(""FIELD"", (37.2910071433777, -121.59171611820129), -1.0, FIELD), 103.85475100105243, UNKNOWN, HEMORRHAGIC)"
