sample,reward_best,reward_CA,location_lat,location_lon,patient_state
1,0.3303660652637262,0.3303660652637262,37.259895357541886,-121.97929150961686,"PatientState(Location(""FIELD"", (37.259895357541886, -121.97929150961686), -1.0, FIELD), 121.29929329745457, UNKNOWN, HEMORRHAGIC)"
2,0.24418294143999997,0.24418294143999997,37.261505005681286,-121.97985096939377,"PatientState(Location(""FIELD"", (37.261505005681286, -121.97985096939377), -1.0, FIELD), 245.62233259262086, UNKNOWN, MIMIC)"
3,0.346429634578943,0.346429634578943,37.26083520842504,-121.97931793291637,"PatientState(Location(""FIELD"", (37.26083520842504, -121.97931793291637), -1.0, FIELD), 52.205617282957796, UNKNOWN, HEMORRHAGIC)"
4,0.31588619520011113,0.31588619520011113,37.263236246811125,-121.97690665493492,"PatientState(Location(""FIELD"", (37.263236246811125, -121.97690665493492), -1.0, FIELD), 194.9261999486522, UNKNOWN, HEMORRHAGIC)"
5,0.31636356824066836,0.31636356824066836,37.26228518065524,-121.97743539769179,"PatientState(Location(""FIELD"", (37.26228518065524, -121.97743539769179), -1.0, FIELD), 182.68810507665435, UNKNOWN, LVO)"
