sample,reward_best,reward_CA,location_lat,location_lon,patient_state
1,0.24418294143999997,0.24418294143999997,37.581317145107406,-121.75308489922372,"PatientState(Location(""FIELD"", (37.581317145107406, -121.75308489922372), -1.0, FIELD), 199.86928380186217, UNKNOWN, LVO)"
2,0.32871387485922304,0.24418294143999997,37.57915087928783,-121.75256520612385,"PatientState(Location(""FIELD"", (37.57915087928783, -121.75256520612385), -1.0, FIELD), 80.69387608284222, UNKNOWN, MIMIC)"
3,0.24418294143999997,0.24418294143999997,37.57980246266005,-121.75138216593704,"PatientState(Location(""FIELD"", (37.57980246266005, -121.75138216593704), -1.0, FIELD), 207.81599608578344, UNKNOWN, HEMORRHAGIC)"
4,0.24418294143999997,0.24418294143999997,37.58082139370957,-121.7512916536202,"PatientState(Location(""FIELD"", (37.58082139370957, -121.7512916536202), -1.0, FIELD), 255.51491809388227, UNKNOWN, LVO)"
5,0.34144220834227995,0.3222911624959111,37.58216787261357,-121.75294200702065,"PatientState(Location(""FIELD"", (37.58216787261357, -121.75294200702065), -1.0, FIELD), 16.645503072668117, UNKNOWN, MIMIC)"
