sample,reward_best,reward_CA,location_lat,location_lon,patient_state
1,0.3306106307103891,0.31737905837306285,37.727671311492315,-122.41967588081715,"PatientState(Location(""FIELD"", (37.727671311492315, -122.41967588081715), -1.0, FIELD), 103.56087851064895, UNKNOWN, LVO)"
2,0.3467114200018859,0.3331376115382386,37.72429523086637,-122.41821277522045,"PatientState(Location(""FIELD"", (37.72429523086637, -122.41821277522045), -1.0, FIELD), 33.44292241336522, UNKNOWN, HEMORRHAGIC)"
3,0.3296822174248202,0.31647225210027474,37.72822159976132,-122.41971535708636,"PatientState(Location(""FIELD"", (37.72822159976132, -122.41971535708636), -1.0, FIELD), 107.91055534948283, UNKNOWN, HEMORRHAGIC)"
4,0.34680813654985243,0.3359530824773125,37.72595944937565,-122.41833880205925,"PatientState(Location(""FIELD"", (37.72595944937565, -122.41833880205925), -1.0, FIELD), 21.121100821755313, UNKNOWN, NLVO)"
5,0.24418294143999997,0.24418294143999997,37.726108813764846,-122.41812571925051,"PatientState(Location(""FIELD"", (37.726108813764846, -122.41812571925051), -1.0, FIELD), 219.00474542899113, UNKNOWN, LVO)"
