sample,reward_best,reward_CA,location_lat,location_lon,patient_state
1,0.24418294143999997,0.24418294143999997,37.892823942355555,-121.68269596247696,"PatientState(Location(""FIELD"", (37.892823942355555, -121.68269596247696), -1.0, FIELD), 215.21421779083502, UNKNOWN, NLVO)"
2,0.24418294143999997,0.24418294143999997,37.89059618077858,-121.68214376587872,"PatientState(Location(""FIELD"", (37.89059618077858, -121.68214376587872), -1.0, FIELD), 80.64541482480041, UNKNOWN, LVO)"
3,0.31946362149274904,0.24418294143999997,37.891353026707435,-121.68378636904863,"PatientState(Location(""FIELD"", (37.891353026707435, -121.68378636904863), -1.0, FIELD), 23.142615527844264, UNKNOWN, HEMORRHAGIC)"
4,0.24418294143999997,0.24418294143999997,37.89249319496657,-121.68267138968753,"PatientState(Location(""FIELD"", (37.89249319496657, -121.68267138968753), -1.0, FIELD), 156.29216055529588, UNKNOWN, HEMORRHAGIC)"
5,0.24418294143999997,0.24418294143999997,37.890330272866045,-121.68305282625067,"PatientState(Location(""FIELD"", (37.890330272866045, -121.68305282625067), -1.0, FIELD), 126.12483459816208, UNKNOWN, LVO)"
