sample,reward_best,reward_CA,location_lat,location_lon,patient_state
1,0.24418294143999997,0.24418294143999997,37.85811875482257,-121.98210987418608,"PatientState(Location(""FIELD"", (37.85811875482257, -121.98210987418608), -1.0, FIELD), 182.38766080955563, UNKNOWN, LVO)"
2,0.33583374904865976,0.32009565305904053,37.85707677881504,-121.98113144727486,"PatientState(Location(""FIELD"", (37.85707677881504, -121.98113144727486), -1.0, FIELD), 51.008815402809425, UNKNOWN, HEMORRHAGIC)"
3,0.24418294143999997,0.24418294143999997,37.85547463273065,-121.9831777347481,"PatientState(Location(""FIELD"", (37.85547463273065, -121.9831777347481), -1.0, FIELD), 207.3517042601957, UNKNOWN, HEMORRHAGIC)"
4,0.24418294143999997,0.24418294143999997,37.85561638052729,-121.98349782332825,"PatientState(Location(""FIELD"", (37.85561638052729, -121.98349782332825), -1.0, FIELD), 221.7530929181895, UNKNOWN, HEMORRHAGIC)"
5,0.24418294143999997,0.24418294143999997,37.858603489199446,-121.98451478894542,"PatientState(Location(""FIELD"", (37.858603489199446, -121.98451478894542), -1.0, FIELD), 202.52221243723918, UNKNOWN, NLVO)"
