sample,reward_best,reward_CA,location_lat,location_lon,patient_state
1,0.32552248783532345,0.24418294143999997,37.7943461037639,-121.80240874030706,"PatientState(Location(""FIELD"", (37.7943461037639, -121.80240874030706), -1.0, FIELD), 97.38248091379074, UNKNOWN, LVO)"
2,0.32761855390339434,0.24418294143999997,37.795165446601956,-121.80424905677602,"PatientState(Location(""FIELD"", (37.795165446601956, -121.80424905677602), -1.0, FIELD), 88.2263116011482, UNKNOWN, HEMORRHAGIC)"
3,0.24418294143999997,0.24418294143999997,37.79717905046092,-121.80207749893087,"PatientState(Location(""FIELD"", (37.79717905046092, -121.80207749893087), -1.0, FIELD), 223.96819814040472, UNKNOWN, NLVO)"
4,0.32201372059368133,0.24418294143999997,37.795400929060925,-121.80428038641364,"PatientState(Location(""FIELD"", (37.795400929060925, -121.80428038641364), -1.0, FIELD), 112.92626639725978, UNKNOWN, LVO)"
5,0.3263295134345277,0.24418294143999997,37.796119954674545,-121.80460113802283,"PatientState(Location(""FIELD"", (37.796119954674545, -121.80460113802283), -1.0, FIELD), 91.3888339803964, UNKNOWN, NLVO)"
