sample,reward_best,reward_CA,location_lat,location_lon,patient_state
1,0.3206576233638293,0.2575414222944645,37.36541602059242,-121.94516190940907,"PatientState(Location(""FIELD"", (37.36541602059242, -121.94516190940907), -1.0, FIELD), 164.67103034806874, UNKNOWN, HEMORRHAGIC)"
2,0.3565045542803344,0.35202469101335027,37.36506980808156,-121.94400780522662,"PatientState(Location(""FIELD"", (37.36506980808156, -121.94400780522662), -1.0, FIELD), 9.524409335111969, UNKNOWN, LVO)"
3,0.24418294143999997,0.24418294143999997,37.366360726611795,-121.94523761143026,"PatientState(Location(""FIELD"", (37.366360726611795, -121.94523761143026), -1.0, FIELD), 218.1591805556966, UNKNOWN, LVO)"
4,0.32261872420438165,0.25921334348961667,37.36439637658381,-121.94354056566989,"PatientState(Location(""FIELD"", (37.36439637658381, -121.94354056566989), -1.0, FIELD), 155.83401999359742, UNKNOWN, LVO)"
5,0.24418294143999997,0.24418294143999997,37.36714518990017,-121.9425338348144,"PatientState(Location(""FIELD"", (37.36714518990017, -121.9425338348144), -1.0, FIELD), 250.5813645762617, UNKNOWN, HEMORRHAGIC)"
