sample,reward_best,reward_CA,location_lat,location_lon,patient_state
1,0.24418294143999997,0.24418294143999997,38.06188777658754,-122.1834343924604,"PatientState(Location(""FIELD"", (38.06188777658754, -122.1834343924604), -1.0, FIELD), 203.5064516745851, UNKNOWN, LVO)"
2,0.2581370044192193,0.24418294143999997,38.06130877290355,-122.1837503265432,"PatientState(Location(""FIELD"", (38.06130877290355, -122.1837503265432), -1.0, FIELD), 109.85441164921912, UNKNOWN, LVO)"
3,0.24418294143999997,0.24418294143999997,38.06234915375057,-122.18337168335255,"PatientState(Location(""FIELD"", (38.06234915375057, -122.18337168335255), -1.0, FIELD), 128.66815622614143, UNKNOWN, LVO)"
4,0.3225217344305969,0.3210127054674201,38.06320797450887,-122.18156831466021,"PatientState(Location(""FIELD"", (38.06320797450887, -122.18156831466021), -1.0, FIELD), 39.39836868243654, UNKNOWN, LVO)"
5,0.24418294143999997,0.24418294143999997,38.061458611490586,-122.183538918487,"PatientState(Location(""FIELD"", (38.061458611490586, -122.183538918487), -1.0, FIELD), 104.43005877101298, UNKNOWN, NLVO)"
