sample,reward_best,reward_CA,location_lat,location_lon,patient_state
1,0.24418294143999997,0.24418294143999997,37.62924827590683,-121.67475669548897,"PatientState(Location(""FIELD"", (37.62924827590683, -121.67475669548897), -1.0, FIELD), 155.41196973032123, UNKNOWN, LVO)"
2,0.24418294143999997,0.24418294143999997,37.63110389677084,-121.67396609387444,"PatientState(Location(""FIELD"", (37.63110389677084, -121.67396609387444), -1.0, FIELD), 218.4756743285462, UNKNOWN, LVO)"
3,0.3363153408605919,0.31502062743074505,37.632859814706975,-121.6750411892256,"PatientState(Location(""FIELD"", (37.632859814706975, -121.6750411892256), -1.0, FIELD), 51.56509013796155, UNKNOWN, LVO)"
4,0.3150840003434537,0.24418294143999997,37.63032070825052,-121.67131612561037,"PatientState(Location(""FIELD"", (37.63032070825052, -121.67131612561037), -1.0, FIELD), 143.23785174906888, UNKNOWN, HEMORRHAGIC)"
5,0.24418294143999997,0.24418294143999997,37.62922957493151,-121.67255202373573,"PatientState(Location(""FIELD"", (37.62922957493151, -121.67255202373573), -1.0, FIELD), 220.34376193246217, UNKNOWN, LVO)"
