sample,reward_best,reward_CA,location_lat,location_lon,patient_state
1,0.330113508701105,0.3168749317452607,37.896908207077814,-122.00721633532054,"PatientState(Location(""FIELD"", (37.896908207077814, -122.00721633532054), -1.0, FIELD), 57.64149174641645, UNKNOWN, NLVO)"
2,0.3235956173159807,0.24418294143999997,37.89698035314171,-122.00778620553045,"PatientState(Location(""FIELD"", (37.89698035314171, -122.00778620553045), -1.0, FIELD), 86.34482238245444, UNKNOWN, NLVO)"
3,0.3321245475017526,0.3188382026121164,37.8953058542647,-122.01038830826468,"PatientState(Location(""FIELD"", (37.8953058542647, -122.01038830826468), -1.0, FIELD), 46.810377521852104, UNKNOWN, LVO)"
4,0.24418294143999997,0.24418294143999997,37.89820843820094,-122.0061414848201,"PatientState(Location(""FIELD"", (37.89820843820094, -122.0061414848201), -1.0, FIELD), 261.9165333554567, UNKNOWN, LVO)"
5,0.24418294143999997,0.24418294143999997,37.89819729102481,-122.00674886302976,"PatientState(Location(""FIELD"", (37.89819729102481, -122.00674886302976), -1.0, FIELD), 151.47617297807, UNKNOWN, LVO)"
