sample,reward_best,reward_CA,location_lat,location_lon,patient_state
1,0.24418294143999997,0.24418294143999997,38.098644988465075,-122.07505847271224,"PatientState(Location(""FIELD"", (38.098644988465075, -122.07505847271224), -1.0, FIELD), 195.78748152576568, UNKNOWN, MIMIC)"
2,0.24418294143999997,0.24418294143999997,38.096688360290784,-122.07383850149357,"PatientState(Location(""FIELD"", (38.096688360290784, -122.07383850149357), -1.0, FIELD), 113.42612059256099, UNKNOWN, LVO)"
3,0.31757196704119284,0.31757196704119284,38.09802264810461,-122.07280521041265,"PatientState(Location(""FIELD"", (38.09802264810461, -122.07280521041265), -1.0, FIELD), 41.170284051106194, UNKNOWN, HEMORRHAGIC)"
4,0.24418294143999997,0.24418294143999997,38.09870311652531,-122.07497514667565,"PatientState(Location(""FIELD"", (38.09870311652531, -122.07497514667565), -1.0, FIELD), 218.21429251357054, UNKNOWN, MIMIC)"
5,0.24418294143999997,0.24418294143999997,38.09756409763889,-122.07339152835486,"PatientState(Location(""FIELD"", (38.09756409763889, -122.07339152835486), -1.0, FIELD), 115.91103280150674, UNKNOWN, HEMORRHAGIC)"
