sample,reward_best,reward_CA,location_lat,location_lon,patient_state
1,0.24418294143999997,0.24418294143999997,38.051772965219925,-122.21218801852429,"PatientState(Location(""FIELD"", (38.051772965219925, -122.21218801852429), -1.0, FIELD), 156.24180544915947, UNKNOWN, LVO)"
2,0.24418294143999997,0.24418294143999997,38.050985563065,-122.21229967835791,"PatientState(Location(""FIELD"", (38.050985563065, -122.21229967835791), -1.0, FIELD), 220.60902660938152, UNKNOWN, HEMORRHAGIC)"
3,0.2612536605355227,0.24418294143999997,38.04949453976905,-122.2133717119818,"PatientState(Location(""FIELD"", (38.04949453976905, -122.2133717119818), -1.0, FIELD), 97.76907706396106, UNKNOWN, MIMIC)"
4,0.24418294143999997,0.24418294143999997,38.05327897892301,-122.21203402036963,"PatientState(Location(""FIELD"", (38.05327897892301, -122.21203402036963), -1.0, FIELD), 245.48728339273643, UNKNOWN, HEMORRHAGIC)"
5,0.32911502692190653,0.31541506820819015,38.051144967708,-122.21093970717308,"PatientState(Location(""FIELD"", (38.051144967708, -122.21093970717308), -1.0, FIELD), 56.72480124831968, UNKNOWN, LVO)"
