sample,reward_best,reward_CA,location_lat,location_lon,patient_state
1,0.3502343876938986,0.3465849567349109,37.27205375625271,-121.78333312454251,"PatientState(Location(""FIELD"", (37.27205375625271, -121.78333312454251), -1.0, FIELD), 32.01622397804048, UNKNOWN, HEMORRHAGIC)"
2,0.33979323938841777,0.33611872111186886,37.27292263323721,-121.78207622625814,"PatientState(Location(""FIELD"", (37.27292263323721, -121.78207622625814), -1.0, FIELD), 76.52047530215751, UNKNOWN, HEMORRHAGIC)"
3,0.24418294143999997,0.24418294143999997,37.27111524168436,-121.78359983017776,"PatientState(Location(""FIELD"", (37.27111524168436, -121.78359983017776), -1.0, FIELD), 241.49925410034865, UNKNOWN, NLVO)"
4,0.35693772208472235,0.3533079106942699,37.2702194378999,-121.78151173422587,"PatientState(Location(""FIELD"", (37.2702194378999, -121.78151173422587), -1.0, FIELD), 1.854654956291757, UNKNOWN, HEMORRHAGIC)"
5,0.32956092724334685,0.3258687136743565,37.27327532235642,-121.78498999069632,"PatientState(Location(""FIELD"", (37.27327532235642, -121.78498999069632), -1.0, FIELD), 121.07873623991141, UNKNOWN, LVO)"
