sample,reward_best,reward_CA,location_lat,location_lon,patient_state
1,0.24418294143999997,0.24418294143999997,37.60578681043238,-122.043621276039,"PatientState(Location(""FIELD"", (37.60578681043238, -122.043621276039), -1.0, FIELD), 206.26629015247877, UNKNOWN, HEMORRHAGIC)"
2,0.331812538074864,0.3143489160071389,37.6081130438347,-122.04502696580522,"PatientState(Location(""FIELD"", (37.6081130438347, -122.04502696580522), -1.0, FIELD), 98.48368568496936, UNKNOWN, HEMORRHAGIC)"
3,0.3515817696135679,0.3336475649177479,37.60633480759566,-122.04246071781027,"PatientState(Location(""FIELD"", (37.60633480759566, -122.04246071781027), -1.0, FIELD), 14.07150176494386, UNKNOWN, LVO)"
4,0.34400090521164634,0.32615548345536377,37.608693821836965,-122.04223053882497,"PatientState(Location(""FIELD"", (37.608693821836965, -122.04223053882497), -1.0, FIELD), 44.570303544329, UNKNOWN, LVO)"
5,0.3340174029904609,0.316824431664192,37.60387299335935,-122.041881604584,"PatientState(Location(""FIELD"", (37.60387299335935, -122.041881604584), -1.0, FIELD), 87.6354775530546, UNKNOWN, NLVO)"
