sample,reward_best,reward_CA,location_lat,location_lon,patient_state
1,0.334046715372666,0.3245932722508241,37.93345115562787,-122.05367448660587,"PatientState(Location(""FIELD"", (37.93345115562787, -122.05367448660587), -1.0, FIELD), 35.88559490749633, UNKNOWN, HEMORRHAGIC)"
2,0.3339944749569418,0.3247170089128129,37.932240226008986,-122.0536096022893,"PatientState(Location(""FIELD"", (37.932240226008986, -122.0536096022893), -1.0, FIELD), 36.05553846742323, UNKNOWN, LVO)"
3,0.24418294143999997,0.24418294143999997,37.93237890609955,-122.05555270384508,"PatientState(Location(""FIELD"", (37.93237890609955, -122.05555270384508), -1.0, FIELD), 185.0642537052698, UNKNOWN, HEMORRHAGIC)"
4,0.25302953199102063,0.24418294143999997,37.93340528522789,-122.05432344100377,"PatientState(Location(""FIELD"", (37.93340528522789, -122.05432344100377), -1.0, FIELD), 145.1502764493224, UNKNOWN, MIMIC)"
5,0.24418294143999997,0.24418294143999997,37.92957295153017,-122.0538591455941,"PatientState(Location(""FIELD"", (37.92957295153017, -122.0538591455941), -1.0, FIELD), 255.48943787562294, UNKNOWN, LVO)"
