sample,reward_best,reward_CA,location_lat,location_lon,patient_state
1,0.24418294143999997,0.24418294143999997,37.881388346227595,-122.09482880785188,"PatientState(Location(""FIELD"", (37.881388346227595, -122.09482880785188), -1.0, FIELD), 204.38896249904207, UNKNOWN, HEMORRHAGIC)"
2,0.34079598356729096,0.32617420719299245,37.88012759307596,-122.09150346923595,"PatientState(Location(""FIELD"", (37.88012759307596, -122.09150346923595), -1.0, FIELD), 24.528121730555082, UNKNOWN, NLVO)"
3,0.24418294143999997,0.24418294143999997,37.87896675200368,-122.09559267871232,"PatientState(Location(""FIELD"", (37.87896675200368, -122.09559267871232), -1.0, FIELD), 174.29424352147447, UNKNOWN, LVO)"
4,0.24418294143999997,0.24418294143999997,37.883319053163014,-122.09540744940666,"PatientState(Location(""FIELD"", (37.883319053163014, -122.09540744940666), -1.0, FIELD), 247.69864377947528, UNKNOWN, HEMORRHAGIC)"
5,0.24418294143999997,0.24418294143999997,37.87965728458565,-122.09159670099183,"PatientState(Location(""FIELD"", (37.87965728458565, -122.09159670099183), -1.0, FIELD), 195.9562431212506, UNKNOWN, LVO)"
