sample,reward_best,reward_CA,location_lat,location_lon,patient_state
1,0.24418294143999997,0.24418294143999997,37.54804173745586,-122.3184097477181,"PatientState(Location(""FIELD"", (37.54804173745586, -122.3184097477181), -1.0, FIELD), 209.85711112041093, UNKNOWN, LVO)"
2,0.347539850633264,0.3319554506203563,37.5477829679021,-122.31735998580378,"PatientState(Location(""FIELD"", (37.5477829679021, -122.31735998580378), -1.0, FIELD), 46.81657543641588, UNKNOWN, HEMORRHAGIC)"
3,0.35078430483319567,0.33519007836248693,37.54527355099762,-122.31923893534609,"PatientState(Location(""FIELD"", (37.54527355099762, -122.31923893534609), -1.0, FIELD), 33.662566130136135, UNKNOWN, HEMORRHAGIC)"
4,0.34244806263444866,0.32722273301832144,37.54475345146138,-122.31581056070114,"PatientState(Location(""FIELD"", (37.54475345146138, -122.31581056070114), -1.0, FIELD), 68.46275380570755, UNKNOWN, HEMORRHAGIC)"
5,0.3488896646246845,0.333554930895923,37.54382064150045,-122.31932614195787,"PatientState(Location(""FIELD"", (37.54382064150045, -122.31932614195787), -1.0, FIELD), 41.86743911118669, UNKNOWN, LVO)"
