sample,reward_best,reward_CA,location_lat,location_lon,patient_state
1,0.24418294143999997,0.24418294143999997,37.714505844351066,-121.66823374515951,"PatientState(Location(""FIELD"", (37.714505844351066, -121.66823374515951), -1.0, FIELD), 157.3912874792357, UNKNOWN, HEMORRHAGIC)"
2,0.24418294143999997,0.24418294143999997,37.715282992810614,-121.66786789421678,"PatientState(Location(""FIELD"", (37.715282992810614, -121.66786789421678), -1.0, FIELD), 236.91711631470812, UNKNOWN, NLVO)"
3,0.3428910161663201,0.32299367704221477,37.71654408610938,-121.66611399446116,"PatientState(Location(""FIELD"", (37.71654408610938, -121.66611399446116), -1.0, FIELD), 33.35181575264417, UNKNOWN, NLVO)"
4,0.32004217149087527,0.24418294143999997,37.71387068539435,-121.6674091214849,"PatientState(Location(""FIELD"", (37.71387068539435, -121.6674091214849), -1.0, FIELD), 124.21843051749457, UNKNOWN, LVO)"
5,0.3176499326364537,0.24418294143999997,37.714957627418066,-121.66881088566137,"PatientState(Location(""FIELD"", (37.714957627418066, -121.66881088566137), -1.0, FIELD), 133.38283500714812, UNKNOWN, LVO)"
