sample,reward_best,reward_CA,location_lat,location_lon,patient_state
1,0.24418294143999997,0.24418294143999997,38.00734614430215,-122.0660807880991,"PatientState(Location(""FIELD"", (38.00734614430215, -122.0660807880991), -1.0, FIELD), 168.0512086689365, UNKNOWN, NLVO)"
2,0.32707718351994736,0.32707718351994736,38.003819160701525,-122.06652510007896,"PatientState(Location(""FIELD"", (38.003819160701525, -122.06652510007896), -1.0, FIELD), 16.717904502597065, UNKNOWN, LVO)"
3,0.3208846151022598,0.3208846151022598,38.008402322362834,-122.06595482350544,"PatientState(Location(""FIELD"", (38.008402322362834, -122.06595482350544), -1.0, FIELD), 43.935004511356695, UNKNOWN, MIMIC)"
4,0.24418294143999997,0.24418294143999997,38.00393986599907,-122.06853010431102,"PatientState(Location(""FIELD"", (38.00393986599907, -122.06853010431102), -1.0, FIELD), 200.30761429211083, UNKNOWN, LVO)"
5,0.24418294143999997,0.24418294143999997,38.005156319994,-122.06914030026928,"PatientState(Location(""FIELD"", (38.005156319994, -122.06914030026928), -1.0, FIELD), 112.26481273779302, UNKNOWN, LVO)"
