sample,reward_best,reward_CA,location_lat,location_lon,patient_state
1,0.24418294143999997,0.24418294143999997,37.32168548562024,-122.25798162352623,"PatientState(Location(""FIELD"", (37.32168548562024, -122.25798162352623), -1.0, FIELD), 225.35848319548907, UNKNOWN, LVO)"
2,0.24418294143999997,0.24418294143999997,37.32312751576131,-122.26062646805494,"PatientState(Location(""FIELD"", (37.32312751576131, -122.26062646805494), -1.0, FIELD), 179.03472804150357, UNKNOWN, HEMORRHAGIC)"
3,0.24418294143999997,0.24418294143999997,37.31898984662413,-122.25946180973615,"PatientState(Location(""FIELD"", (37.31898984662413, -122.25946180973615), -1.0, FIELD), 201.52510770928083, UNKNOWN, HEMORRHAGIC)"
4,0.3310129652230616,0.3310129652230616,37.32201142560188,-122.25898180102692,"PatientState(Location(""FIELD"", (37.32201142560188, -122.25898180102692), -1.0, FIELD), 95.92149125520852, UNKNOWN, MIMIC)"
5,0.3439078516176756,0.3439078516176756,37.322949074551396,-122.25872818942551,"PatientState(Location(""FIELD"", (37.322949074551396, -122.25872818942551), -1.0, FIELD), 40.12516545207338, UNKNOWN, LVO)"
