sample,reward_best,reward_CA,location_lat,location_lon,patient_state
1,0.24418294143999997,0.24418294143999997,37.70965297401135,-121.97549480100969,"PatientState(Location(""FIELD"", (37.70965297401135, -121.97549480100969), -1.0, FIELD), 181.10458737360634, UNKNOWN, NLVO)"
2,0.24418294143999997,0.24418294143999997,37.709782369902264,-121.97272495745655,"PatientState(Location(""FIELD"", (37.709782369902264, -121.97272495745655), -1.0, FIELD), 185.59546749779253, UNKNOWN, MIMIC)"
3,0.31953657897131554,0.24418294143999997,37.709721412541256,-121.97463994872963,"PatientState(Location(""FIELD"", (37.709721412541256, -121.97463994872963), -1.0, FIELD), 141.39181746612536, UNKNOWN, MIMIC)"
4,0.24418294143999997,0.24418294143999997,37.70991038545701,-121.97186402490225,"PatientState(Location(""FIELD"", (37.70991038545701, -121.97186402490225), -1.0, FIELD), 244.8454122230986, UNKNOWN, LVO)"
5,0.3463993344558049,0.3279085018419937,37.70936783449058,-121.97347276539863,"PatientState(Location(""FIELD"", (37.70936783449058, -121.97347276539863), -1.0, FIELD), 24.429792986884703, UNKNOWN, HEMORRHAGIC)"
