sample,reward_best,reward_CA,location_lat,location_lon,patient_state
1,0.25363057193811067,0.24418294143999997,37.99035814706613,-122.06129058910106,"PatientState(Location(""FIELD"", (37.99035814706613, -122.06129058910106), -1.0, FIELD), 137.36516727451664, UNKNOWN, LVO)"
2,0.2627556630984643,0.24418294143999997,37.992771026430354,-122.06538742470059,"PatientState(Location(""FIELD"", (37.992771026430354, -122.06538742470059), -1.0, FIELD), 85.34256540175797, UNKNOWN, LVO)"
3,0.24418294143999997,0.24418294143999997,37.99094731891449,-122.0625590793079,"PatientState(Location(""FIELD"", (37.99094731891449, -122.0625590793079), -1.0, FIELD), 214.94465739013594, UNKNOWN, HEMORRHAGIC)"
4,0.25318535030391015,0.24418294143999997,37.98981139017603,-122.0651138166089,"PatientState(Location(""FIELD"", (37.98981139017603, -122.0651138166089), -1.0, FIELD), 139.45407704825053, UNKNOWN, HEMORRHAGIC)"
5,0.2617900370186167,0.24418294143999997,37.99273680517974,-122.0647115933189,"PatientState(Location(""FIELD"", (37.99273680517974, -122.0647115933189), -1.0, FIELD), 90.74162007652481, UNKNOWN, LVO)"
