sample,reward_best,reward_CA,location_lat,location_lon,patient_state
1,0.3514076255950196,0.3514076255950196,37.220867377244815,-122.04840448798656,"PatientState(Location(""FIELD"", (37.220867377244815, -122.04840448798656), -1.0, FIELD), 17.270078110829765, UNKNOWN, NLVO)"
2,0.321813756515099,0.321813756515099,37.22001958513309,-122.04602459627583,"PatientState(Location(""FIELD"", (37.22001958513309, -122.04602459627583), -1.0, FIELD), 144.8917999396696, UNKNOWN, HEMORRHAGIC)"
3,0.3475271029289102,0.3475271029289102,37.22278017552421,-122.04638303097622,"PatientState(Location(""FIELD"", (37.22278017552421, -122.04638303097622), -1.0, FIELD), 23.589164064301595, UNKNOWN, MIMIC)"
4,0.24418294143999997,0.24418294143999997,37.222144428559744,-122.04958170939483,"PatientState(Location(""FIELD"", (37.222144428559744, -122.04958170939483), -1.0, FIELD), 187.90562199072468, UNKNOWN, HEMORRHAGIC)"
5,0.31762714308174955,0.31762714308174955,37.22026768709369,-122.05007481910273,"PatientState(Location(""FIELD"", (37.22026768709369, -122.05007481910273), -1.0, FIELD), 164.75665820637332, UNKNOWN, NLVO)"
