sample,reward_best,reward_CA,location_lat,location_lon,patient_state
1,0.3450612077663921,0.3182196787611837,37.578419508998174,-122.26038693772303,"PatientState(Location(""FIELD"", (37.578419508998174, -122.26038693772303), -1.0, FIELD), 58.60373626378087, UNKNOWN, HEMORRHAGIC)"
2,0.24418294143999997,0.24418294143999997,37.57867377758124,-122.26028197755154,"PatientState(Location(""FIELD"", (37.57867377758124, -122.26028197755154), -1.0, FIELD), 204.41538256874867, UNKNOWN, HEMORRHAGIC)"
3,0.3245002996956253,0.24418294143999997,37.575663576204136,-122.25647704246387,"PatientState(Location(""FIELD"", (37.575663576204136, -122.25647704246387), -1.0, FIELD), 129.73801206124193, UNKNOWN, LVO)"
4,0.3514151699479589,0.3347193276043552,37.574561931138,-122.25683163654044,"PatientState(Location(""FIELD"", (37.574561931138, -122.25683163654044), -1.0, FIELD), 13.32314955350682, UNKNOWN, LVO)"
5,0.32009321131684376,0.24418294143999997,37.57528886200582,-122.25606963628819,"PatientState(Location(""FIELD"", (37.57528886200582, -122.25606963628819), -1.0, FIELD), 149.309071093307, UNKNOWN, NLVO)"
