sample,reward_best,reward_CA,location_lat,location_lon,patient_state
1,0.3384869817015841,0.3384869817015841,37.31347502043596,-122.2907954587911,"PatientState(Location(""FIELD"", (37.31347502043596, -122.2907954587911), -1.0, FIELD), 66.32623961301162, UNKNOWN, NLVO)"
2,0.32039273203476887,0.32039273203476887,37.31265905311131,-122.28995804836408,"PatientState(Location(""FIELD"", (37.31265905311131, -122.28995804836408), -1.0, FIELD), 145.78667639752058, UNKNOWN, NLVO)"
3,0.3490037069126302,0.3490037069126302,37.31350318064494,-122.28737847666828,"PatientState(Location(""FIELD"", (37.31350318064494, -122.28737847666828), -1.0, FIELD), 21.743076373830988, UNKNOWN, MIMIC)"
4,0.3540340598042275,0.3540340598042275,37.31034918446106,-122.28756790195146,"PatientState(Location(""FIELD"", (37.31034918446106, -122.28756790195146), -1.0, FIELD), 0.28526883013016535, UNKNOWN, MIMIC)"
5,0.33154870421241267,0.33154870421241267,37.309746362353316,-122.28975309303532,"PatientState(Location(""FIELD"", (37.309746362353316, -122.28975309303532), -1.0, FIELD), 96.65232839204495, UNKNOWN, HEMORRHAGIC)"
