sample,reward_best,reward_CA,location_lat,location_lon,patient_state
1,0.3165777733984255,0.24418294143999997,37.831019097296455,-122.07177013223556,"PatientState(Location(""FIELD"", (37.831019097296455, -122.07177013223556), -1.0, FIELD), 113.5673106628724, UNKNOWN, LVO)"
2,0.24418294143999997,0.24418294143999997,37.833632102653716,-122.07168108439497,"PatientState(Location(""FIELD"", (37.833632102653716, -122.07168108439497), -1.0, FIELD), 179.05401948530348, UNKNOWN, LVO)"
3,0.24418294143999997,0.24418294143999997,37.831322782677745,-122.07286176258616,"PatientState(Location(""FIELD"", (37.831322782677745, -122.07286176258616), -1.0, FIELD), 161.47744387525432, UNKNOWN, HEMORRHAGIC)"
4,0.24418294143999997,0.24418294143999997,37.82971908286764,-122.07315760805066,"PatientState(Location(""FIELD"", (37.82971908286764, -122.07315760805066), -1.0, FIELD), 197.83814097140348, UNKNOWN, LVO)"
5,0.24418294143999997,0.24418294143999997,37.82909575248057,-122.07518902256919,"PatientState(Location(""FIELD"", (37.82909575248057, -122.07518902256919), -1.0, FIELD), 148.29266996697226, UNKNOWN, HEMORRHAGIC)"
