sample,reward_best,reward_CA,location_lat,location_lon,patient_state
1,0.24418294143999997,0.24418294143999997,37.917449670108475,-121.85882370717852,"PatientState(Location(""FIELD"", (37.917449670108475, -121.85882370717852), -1.0, FIELD), 99.57618122100598, UNKNOWN, LVO)"
2,0.24418294143999997,0.24418294143999997,37.91668567639612,-121.85991772580013,"PatientState(Location(""FIELD"", (37.91668567639612, -121.85991772580013), -1.0, FIELD), 74.61402378722819, UNKNOWN, LVO)"
3,0.24418294143999997,0.24418294143999997,37.91509310041464,-121.85946264056018,"PatientState(Location(""FIELD"", (37.91509310041464, -121.85946264056018), -1.0, FIELD), 158.5056662401599, UNKNOWN, MIMIC)"
4,0.3163490765648259,0.24418294143999997,37.918767866861714,-121.86008410815305,"PatientState(Location(""FIELD"", (37.918767866861714, -121.86008410815305), -1.0, FIELD), 35.3966084173673, UNKNOWN, HEMORRHAGIC)"
5,0.31754103938599315,0.24418294143999997,37.91452382873414,-121.85853557773788,"PatientState(Location(""FIELD"", (37.91452382873414, -121.85853557773788), -1.0, FIELD), 30.488828035855416, UNKNOWN, LVO)"
