sample,reward_best,reward_CA,location_lat,location_lon,patient_state
1,0.3418522137481032,0.3418522137481032,37.236993099233054,-121.9002239214611,"PatientState(Location(""FIELD"", (37.236993099233054, -121.9002239214611), -1.0, FIELD), 76.89801403105275, UNKNOWN, HEMORRHAGIC)"
2,0.3489266337157776,0.3489266337157776,37.23575355590632,-121.89682116207513,"PatientState(Location(""FIELD"", (37.23575355590632, -121.89682116207513), -1.0, FIELD), 45.362081037054, UNKNOWN, NLVO)"
3,0.3311414343665754,0.3311414343665754,37.2383454661482,-121.8968726027567,"PatientState(Location(""FIELD"", (37.2383454661482, -121.8968726027567), -1.0, FIELD), 120.74663131529125, UNKNOWN, HEMORRHAGIC)"
4,0.35531230628718896,0.35531230628718896,37.23544959126322,-121.89680555819817,"PatientState(Location(""FIELD"", (37.23544959126322, -121.89680555819817), -1.0, FIELD), 18.25027864128446, UNKNOWN, LVO)"
5,0.35884179997232657,0.35884179997232657,37.23534632827815,-121.89744387834861,"PatientState(Location(""FIELD"", (37.23534632827815, -121.89744387834861), -1.0, FIELD), 3.519724647136578, UNKNOWN, LVO)"
