sample,reward_best,reward_CA,location_lat,location_lon,patient_state
1,0.32267749309931376,0.24418294143999997,37.670523291512495,-122.0636055618482,"PatientState(Location(""FIELD"", (37.670523291512495, -122.0636055618482), -1.0, FIELD), 135.09315165167578, UNKNOWN, NLVO)"
2,0.34661647024227105,0.3273682123269518,37.672877726682,-122.06305379393142,"PatientState(Location(""FIELD"", (37.672877726682, -122.06305379393142), -1.0, FIELD), 30.902561351545625, UNKNOWN, HEMORRHAGIC)"
3,0.32553498526424013,0.24418294143999997,37.67091131105413,-122.06162795986081,"PatientState(Location(""FIELD"", (37.67091131105413, -122.06162795986081), -1.0, FIELD), 122.23730611792442, UNKNOWN, HEMORRHAGIC)"
4,0.24418294143999997,0.24418294143999997,37.66888811945619,-122.06210373710732,"PatientState(Location(""FIELD"", (37.66888811945619, -122.06210373710732), -1.0, FIELD), 210.22355623792544, UNKNOWN, HEMORRHAGIC)"
5,0.3369445171889326,0.3180122574873637,37.673161345296194,-122.06331230520068,"PatientState(Location(""FIELD"", (37.673161345296194, -122.06331230520068), -1.0, FIELD), 72.20930263578445, UNKNOWN, LVO)"
