sample,reward_best,reward_CA,location_lat,location_lon,patient_state
1,0.24418294143999997,0.24418294143999997,38.0326096374364,-122.2319852862968,"PatientState(Location(""FIELD"", (38.0326096374364, -122.2319852862968), -1.0, FIELD), 189.82290475132237, UNKNOWN, HEMORRHAGIC)"
2,0.2546671218635891,0.24418294143999997,38.03064703421323,-122.23341064100657,"PatientState(Location(""FIELD"", (38.03064703421323, -122.23341064100657), -1.0, FIELD), 127.85261907870841, UNKNOWN, HEMORRHAGIC)"
3,0.24418294143999997,0.24418294143999997,38.02922073557706,-122.23478824336578,"PatientState(Location(""FIELD"", (38.02922073557706, -122.23478824336578), -1.0, FIELD), 163.77021513968847, UNKNOWN, LVO)"
4,0.2524698675057122,0.24418294143999997,38.03277286025864,-122.23440255213768,"PatientState(Location(""FIELD"", (38.03277286025864, -122.23440255213768), -1.0, FIELD), 140.57383060289612, UNKNOWN, LVO)"
5,0.24418294143999997,0.24418294143999997,38.03283627294061,-122.2344769494683,"PatientState(Location(""FIELD"", (38.03283627294061, -122.2344769494683), -1.0, FIELD), 265.28888885105647, UNKNOWN, LVO)"
