sample,reward_best,reward_CA,location_lat,location_lon,patient_state
1,0.24418294143999997,0.24418294143999997,38.13310669320505,-122.5496339447343,"PatientState(Location(""FIELD"", (38.13310669320505, -122.5496339447343), -1.0, FIELD), 157.72540117159036, UNKNOWN, MIMIC)"
2,0.24418294143999997,0.24418294143999997,38.133710426078785,-122.54709818680733,"PatientState(Location(""FIELD"", (38.133710426078785, -122.54709818680733), -1.0, FIELD), 73.36110379827622, UNKNOWN, LVO)"
3,0.24418294143999997,0.24418294143999997,38.13011135269372,-122.54600737160018,"PatientState(Location(""FIELD"", (38.13011135269372, -122.54600737160018), -1.0, FIELD), 191.42669077662472, UNKNOWN, LVO)"
4,0.24418294143999997,0.24418294143999997,38.13344665931652,-122.55013268078231,"PatientState(Location(""FIELD"", (38.13344665931652, -122.55013268078231), -1.0, FIELD), 250.8025887840768, UNKNOWN, MIMIC)"
5,0.24418294143999997,0.24418294143999997,38.131908527637705,-122.54733734837924,"PatientState(Location(""FIELD"", (38.131908527637705, -122.54733734837924), -1.0, FIELD), 172.78565740043769, UNKNOWN, MIMIC)"
