sample,reward_best,reward_CA,location_lat,location_lon,patient_state
1,0.3359954066622619,0.32410648855082846,38.04025918828504,-122.18645231448535,"PatientState(Location(""FIELD"", (38.04025918828504, -122.18645231448535), -1.0, FIELD), 21.15598356390567, UNKNOWN, NLVO)"
2,0.251682131547662,0.24418294143999997,38.04367887216326,-122.19051557918942,"PatientState(Location(""FIELD"", (38.04367887216326, -122.19051557918942), -1.0, FIELD), 149.19559324197542, UNKNOWN, LVO)"
3,0.3181311626733533,0.31589364792055785,38.040819163132916,-122.19056010680235,"PatientState(Location(""FIELD"", (38.040819163132916, -122.19056010680235), -1.0, FIELD), 59.38767624744036, UNKNOWN, LVO)"
4,0.24418294143999997,0.24418294143999997,38.043455356760205,-122.18945480153666,"PatientState(Location(""FIELD"", (38.043455356760205, -122.18945480153666), -1.0, FIELD), 246.45626506621107, UNKNOWN, NLVO)"
5,0.24418294143999997,0.24418294143999997,38.04165067076512,-122.18800770517295,"PatientState(Location(""FIELD"", (38.04165067076512, -122.18800770517295), -1.0, FIELD), 231.45251507760233, UNKNOWN, LVO)"
