sample,reward_best,reward_CA,location_lat,location_lon,patient_state
1,0.350303691734181,0.33302003239062483,37.60314432992981,-122.02347158164368,"PatientState(Location(""FIELD"", (37.60314432992981, -122.02347158164368), -1.0, FIELD), 19.209106633246414, UNKNOWN, MIMIC)"
2,0.3402703671213334,0.32330303780704817,37.60206484422931,-122.0213884835723,"PatientState(Location(""FIELD"", (37.60206484422931, -122.0213884835723), -1.0, FIELD), 62.64944626712268, UNKNOWN, LVO)"
3,0.3356904591366133,0.31872092533708907,37.59936469110959,-122.02353844194204,"PatientState(Location(""FIELD"", (37.59936469110959, -122.02353844194204), -1.0, FIELD), 82.23677728725193, UNKNOWN, LVO)"
4,0.3279333723366683,0.24418294143999997,37.60311846443622,-122.02504162217355,"PatientState(Location(""FIELD"", (37.60311846443622, -122.02504162217355), -1.0, FIELD), 115.84547284217679, UNKNOWN, LVO)"
5,0.3191957228976987,0.24418294143999997,37.599447623232614,-122.02398145821115,"PatientState(Location(""FIELD"", (37.599447623232614, -122.02398145821115), -1.0, FIELD), 154.78116765503393, UNKNOWN, HEMORRHAGIC)"
