sample,reward_best,reward_CA,location_lat,location_lon,patient_state
1,0.3508228246193559,0.3508228246193559,37.39830924626611,-121.82292413236597,"PatientState(Location(""FIELD"", (37.39830924626611, -121.82292413236597), -1.0, FIELD), 33.34773742792552, UNKNOWN, LVO)"
2,0.3577099558894813,0.3577099558894813,37.39386771825017,-121.82178155372056,"PatientState(Location(""FIELD"", (37.39386771825017, -121.82178155372056), -1.0, FIELD), 5.9347659290854615, UNKNOWN, LVO)"
3,0.34185283954171,0.34185283954171,37.39868298040884,-121.82374902220268,"PatientState(Location(""FIELD"", (37.39868298040884, -121.82374902220268), -1.0, FIELD), 71.8286606812749, UNKNOWN, LVO)"
4,0.3476278311553196,0.3476278311553196,37.39499029038795,-121.82236751141679,"PatientState(Location(""FIELD"", (37.39499029038795, -121.82236751141679), -1.0, FIELD), 48.530484331256204, UNKNOWN, LVO)"
5,0.3460306160675466,0.3460306160675466,37.394089895933874,-121.82247749864935,"PatientState(Location(""FIELD"", (37.394089895933874, -121.82247749864935), -1.0, FIELD), 55.33552134342636, UNKNOWN, LVO)"
