sample,reward_best,reward_CA,location_lat,location_lon,patient_state
1,0.3264301196070013,0.24418294143999997,38.08057055003066,-121.7239546587545,"PatientState(Location(""FIELD"", (38.08057055003066, -121.7239546587545), -1.0, FIELD), 0.5491702588009573, UNKNOWN, HEMORRHAGIC)"
2,0.24418294143999997,0.24418294143999997,38.0820118068378,-121.72117776055512,"PatientState(Location(""FIELD"", (38.0820118068378, -121.72117776055512), -1.0, FIELD), 177.8307128617014, UNKNOWN, LVO)"
3,0.24418294143999997,0.24418294143999997,38.082370326726235,-121.72261811761435,"PatientState(Location(""FIELD"", (38.082370326726235, -121.72261811761435), -1.0, FIELD), 206.67195005402112, UNKNOWN, HEMORRHAGIC)"
4,0.3178807367787872,0.24418294143999997,38.080948908825945,-121.72445929303524,"PatientState(Location(""FIELD"", (38.080948908825945, -121.72445929303524), -1.0, FIELD), 38.53758510705969, UNKNOWN, LVO)"
5,0.24418294143999997,0.24418294143999997,38.08070634813665,-121.72345051342742,"PatientState(Location(""FIELD"", (38.08070634813665, -121.72345051342742), -1.0, FIELD), 95.88292403604189, UNKNOWN, HEMORRHAGIC)"
