sample,reward_best,reward_CA,location_lat,location_lon,patient_state
1,0.24418294143999997,0.24418294143999997,38.00141837374752,-121.88564982022322,"PatientState(Location(""FIELD"", (38.00141837374752, -121.88564982022322), -1.0, FIELD), 196.5186542175328, UNKNOWN, LVO)"
2,0.24418294143999997,0.24418294143999997,38.00114187507686,-121.88364672520308,"PatientState(Location(""FIELD"", (38.00114187507686, -121.88364672520308), -1.0, FIELD), 217.76377174322752, UNKNOWN, LVO)"
3,0.3203172778468331,0.24418294143999997,38.002216281436155,-121.88248904211372,"PatientState(Location(""FIELD"", (38.002216281436155, -121.88248904211372), -1.0, FIELD), 40.18621616994464, UNKNOWN, LVO)"
4,0.32217006458007247,0.24418294143999997,38.00138038149748,-121.88401783200148,"PatientState(Location(""FIELD"", (38.00138038149748, -121.88401783200148), -1.0, FIELD), 32.126474646071436, UNKNOWN, HEMORRHAGIC)"
5,0.24418294143999997,0.24418294143999997,38.0007846109232,-121.88456764771946,"PatientState(Location(""FIELD"", (38.0007846109232, -121.88456764771946), -1.0, FIELD), 172.3133901371796, UNKNOWN, LVO)"
