sample,reward_best,reward_CA,location_lat,location_lon,patient_state
1,0.24418294143999997,0.24418294143999997,38.03130845154772,-121.99302301168542,"PatientState(Location(""FIELD"", (38.03130845154772, -121.99302301168542), -1.0, FIELD), 103.3460400254196, UNKNOWN, LVO)"
2,0.24418294143999997,0.24418294143999997,38.03364044631344,-121.99529924880433,"PatientState(Location(""FIELD"", (38.03364044631344, -121.99529924880433), -1.0, FIELD), 164.35657054670205, UNKNOWN, MIMIC)"
3,0.24418294143999997,0.24418294143999997,38.030469874115944,-121.99175430516736,"PatientState(Location(""FIELD"", (38.030469874115944, -121.99175430516736), -1.0, FIELD), 78.04459736429979, UNKNOWN, NLVO)"
4,0.24418294143999997,0.24418294143999997,38.03122448842249,-121.9945316406463,"PatientState(Location(""FIELD"", (38.03122448842249, -121.9945316406463), -1.0, FIELD), 227.48850412271668, UNKNOWN, NLVO)"
5,0.24418294143999997,0.24418294143999997,38.03241599143948,-121.99444939427136,"PatientState(Location(""FIELD"", (38.03241599143948, -121.99444939427136), -1.0, FIELD), 143.59575505962303, UNKNOWN, NLVO)"
