sample,reward_best,reward_CA,location_lat,location_lon,patient_state
1,0.33958860240876954,0.32771878690263484,38.03064732558821,-122.19289436220504,"PatientState(Location(""FIELD"", (38.03064732558821, -122.19289436220504), -1.0, FIELD), 7.807325673718829, UNKNOWN, LVO)"
2,0.2551626537916301,0.24418294143999997,38.03149117028761,-122.19112075982781,"PatientState(Location(""FIELD"", (38.03149117028761, -122.19112075982781), -1.0, FIELD), 129.72745141686275, UNKNOWN, LVO)"
3,0.24418294143999997,0.24418294143999997,38.03105096737518,-122.19180401192735,"PatientState(Location(""FIELD"", (38.03105096737518, -122.19180401192735), -1.0, FIELD), 152.9617713206996, UNKNOWN, HEMORRHAGIC)"
4,0.24418294143999997,0.24418294143999997,38.03236047031862,-122.19136488766362,"PatientState(Location(""FIELD"", (38.03236047031862, -122.19136488766362), -1.0, FIELD), 163.96122631824963, UNKNOWN, MIMIC)"
5,0.24418294143999997,0.24418294143999997,38.030280034512785,-122.19155175039097,"PatientState(Location(""FIELD"", (38.030280034512785, -122.19155175039097), -1.0, FIELD), 245.82742918502055, UNKNOWN, LVO)"
