sample,reward_best,reward_CA,location_lat,location_lon,patient_state
1,0.24418294143999997,0.24418294143999997,37.76555053110307,-122.40236484835539,"PatientState(Location(""FIELD"", (37.76555053110307, -122.40236484835539), -1.0, FIELD), 192.59207111547275, UNKNOWN, NLVO)"
2,0.3318414512886546,0.32010926551612084,37.763934287169626,-122.40156698486226,"PatientState(Location(""FIELD"", (37.763934287169626, -122.40156698486226), -1.0, FIELD), 94.10580766605308, UNKNOWN, LVO)"
3,0.33974445249148694,0.3278687655837715,37.765510876186056,-122.402600398019,"PatientState(Location(""FIELD"", (37.765510876186056, -122.402600398019), -1.0, FIELD), 60.228958432839185, UNKNOWN, HEMORRHAGIC)"
4,0.3401708002054206,0.32828722351195233,37.765176122302414,-122.40141103947201,"PatientState(Location(""FIELD"", (37.765176122302414, -122.40141103947201), -1.0, FIELD), 58.41635373810183, UNKNOWN, HEMORRHAGIC)"
5,0.33226956138683955,0.3205374942463382,37.767955878952485,-122.40115966116932,"PatientState(Location(""FIELD"", (37.767955878952485, -122.40115966116932), -1.0, FIELD), 92.46610652315526, UNKNOWN, HEMORRHAGIC)"
