sample,reward_best,reward_CA,location_lat,location_lon,patient_state
1,0.33349357166249927,0.33349357166249927,37.29959652889831,-121.64101627924191,"PatientState(Location(""FIELD"", (37.29959652889831, -121.64101627924191), -1.0, FIELD), 74.86283228464467, UNKNOWN, HEMORRHAGIC)"
2,0.24418294143999997,0.24418294143999997,37.301742146736515,-121.64564497475855,"PatientState(Location(""FIELD"", (37.301742146736515, -121.64564497475855), -1.0, FIELD), 268.32142532398376, UNKNOWN, HEMORRHAGIC)"
3,0.31874962802443385,0.31874962802443385,37.3018459357332,-121.64087597023419,"PatientState(Location(""FIELD"", (37.3018459357332, -121.64087597023419), -1.0, FIELD), 141.3171936022024, UNKNOWN, LVO)"
4,0.3154493370404789,0.3154493370404789,37.303086766024144,-121.64188785490038,"PatientState(Location(""FIELD"", (37.303086766024144, -121.64188785490038), -1.0, FIELD), 156.3772922482549, UNKNOWN, LVO)"
5,0.3281401764721532,0.3281401764721532,37.29923229494134,-121.64498759543314,"PatientState(Location(""FIELD"", (37.29923229494134, -121.64498759543314), -1.0, FIELD), 98.80497348327529, UNKNOWN, HEMORRHAGIC)"
