sample,reward_best,reward_CA,location_lat,location_lon,patient_state
1,0.35137097002036044,0.336580611653994,37.39832750637638,-122.13344397787,"PatientState(Location(""FIELD"", (37.39832750637638, -122.13344397787), -1.0, FIELD), 30.2335468873583, UNKNOWN, LVO)"
2,0.24418294143999997,0.24418294143999997,37.39757912962748,-122.13119246820365,"PatientState(Location(""FIELD"", (37.39757912962748, -122.13119246820365), -1.0, FIELD), 194.66096889139826, UNKNOWN, MIMIC)"
3,0.34581717742228335,0.3311192904844845,37.39655798036967,-122.13490965778226,"PatientState(Location(""FIELD"", (37.39655798036967, -122.13490965778226), -1.0, FIELD), 53.08112751162628, UNKNOWN, LVO)"
4,0.32174475550826653,0.24418294143999997,37.39711149347081,-122.1347453036542,"PatientState(Location(""FIELD"", (37.39711149347081, -122.1347453036542), -1.0, FIELD), 157.99193125341327, UNKNOWN, LVO)"
5,0.24418294143999997,0.24418294143999997,37.3944433593888,-122.133860873278,"PatientState(Location(""FIELD"", (37.3944433593888, -122.133860873278), -1.0, FIELD), 268.23117769218857, UNKNOWN, LVO)"
