sample,reward_best,reward_CA,location_lat,location_lon,patient_state
1,0.335134868709445,0.33174351476969643,37.45293408474734,-122.44435498090047,"PatientState(Location(""FIELD"", (37.45293408474734, -122.44435498090047), -1.0, FIELD), 77.9021926649669, UNKNOWN, LVO)"
2,0.24418294143999997,0.24418294143999997,37.45081257554504,-122.44177125559646,"PatientState(Location(""FIELD"", (37.45081257554504, -122.44177125559646), -1.0, FIELD), 205.17419321309362, UNKNOWN, HEMORRHAGIC)"
3,0.31561592215851614,0.25634697967818043,37.45331843800311,-122.44286007216607,"PatientState(Location(""FIELD"", (37.45331843800311, -122.44286007216607), -1.0, FIELD), 164.30736409816208, UNKNOWN, HEMORRHAGIC)"
4,0.24418294143999997,0.24418294143999997,37.4537239186519,-122.44561002851201,"PatientState(Location(""FIELD"", (37.4537239186519, -122.44561002851201), -1.0, FIELD), 256.78310198545086, UNKNOWN, LVO)"
5,0.3344055517730471,0.2715486589016682,37.453641900966566,-122.44274956221611,"PatientState(Location(""FIELD"", (37.453641900966566, -122.44274956221611), -1.0, FIELD), 81.24641318853949, UNKNOWN, HEMORRHAGIC)"
