sample,reward_best,reward_CA,location_lat,location_lon,patient_state
1,0.31871313342622765,0.24418294143999997,38.053556017138966,-121.6943390178204,"PatientState(Location(""FIELD"", (38.053556017138966, -121.6943390178204), -1.0, FIELD), 29.117612576089517, UNKNOWN, LVO)"
2,0.24418294143999997,0.24418294143999997,38.05181400757752,-121.69516313897714,"PatientState(Location(""FIELD"", (38.05181400757752, -121.69516313897714), -1.0, FIELD), 215.5739119702855, UNKNOWN, NLVO)"
3,0.24418294143999997,0.24418294143999997,38.05146879761018,-121.69274779829237,"PatientState(Location(""FIELD"", (38.05146879761018, -121.69274779829237), -1.0, FIELD), 64.32517989581866, UNKNOWN, LVO)"
4,0.24418294143999997,0.24418294143999997,38.05003456346851,-121.69461348835043,"PatientState(Location(""FIELD"", (38.05003456346851, -121.69461348835043), -1.0, FIELD), 98.44868227873852, UNKNOWN, LVO)"
5,0.24418294143999997,0.24418294143999997,38.05373023534315,-121.69193928418701,"PatientState(Location(""FIELD"", (38.05373023534315, -121.69193928418701), -1.0, FIELD), 234.32595198253276, UNKNOWN, HEMORRHAGIC)"
