sample,reward_best,reward_CA,location_lat,location_lon,patient_state
1,0.3243820493986152,0.3243820493986152,37.356454091836184,-122.26133654463172,"PatientState(Location(""FIELD"", (37.356454091836184, -122.26133654463172), -1.0, FIELD), 133.69780085291308, UNKNOWN, LVO)"
2,0.3212161575210739,0.3212161575210739,37.354857562782,-122.26468388817298,"PatientState(Location(""FIELD"", (37.354857562782, -122.26468388817298), -1.0, FIELD), 150.3785820911928, UNKNOWN, LVO)"
3,0.24418294143999997,0.24418294143999997,37.35737636246636,-122.26541415688902,"PatientState(Location(""FIELD"", (37.35737636246636, -122.26541415688902), -1.0, FIELD), 254.42607003274406, UNKNOWN, LVO)"
4,0.34830146049473903,0.34830146049473903,37.35568387826826,-122.26374446239811,"PatientState(Location(""FIELD"", (37.35568387826826, -122.26374446239811), -1.0, FIELD), 32.686959487926856, UNKNOWN, LVO)"
5,0.32676835060278203,0.32676835060278203,37.35756881346772,-122.26397839465352,"PatientState(Location(""FIELD"", (37.35756881346772, -122.26397839465352), -1.0, FIELD), 125.53339251756239, UNKNOWN, LVO)"
