sample,reward_best,reward_CA,location_lat,location_lon,patient_state
1,0.3202201561464306,0.24418294143999997,37.82019456284522,-122.22820219897585,"PatientState(Location(""FIELD"", (37.82019456284522, -122.22820219897585), -1.0, FIELD), 131.00119196283458, UNKNOWN, LVO)"
2,0.3152417673383166,0.24418294143999997,37.820719706292024,-122.22697517850396,"PatientState(Location(""FIELD"", (37.820719706292024, -122.22697517850396), -1.0, FIELD), 153.03208194717084, UNKNOWN, LVO)"
3,0.24418294143999997,0.24418294143999997,37.81928651481859,-122.22758501930822,"PatientState(Location(""FIELD"", (37.81928651481859, -122.22758501930822), -1.0, FIELD), 254.95531461376117, UNKNOWN, HEMORRHAGIC)"
4,0.33642433006236633,0.32699845625518603,37.82290467324321,-122.22850995529105,"PatientState(Location(""FIELD"", (37.82290467324321, -122.22850995529105), -1.0, FIELD), 41.11023308217107, UNKNOWN, NLVO)"
5,0.3457589093179891,0.33210857856494425,37.82256998834029,-122.23007006447753,"PatientState(Location(""FIELD"", (37.82256998834029, -122.23007006447753), -1.0, FIELD), 19.171437962008863, UNKNOWN, LVO)"
