sample,reward_best,reward_CA,location_lat,location_lon,patient_state
1,0.24418294143999997,0.24418294143999997,38.165267234434445,-122.56765710376871,"PatientState(Location(""FIELD"", (38.165267234434445, -122.56765710376871), -1.0, FIELD), 218.05799851849653, UNKNOWN, LVO)"
2,0.24418294143999997,0.24418294143999997,38.16673995844137,-122.57059423968144,"PatientState(Location(""FIELD"", (38.16673995844137, -122.57059423968144), -1.0, FIELD), 211.38176487214437, UNKNOWN, LVO)"
3,0.3236136860736067,0.2594957516745735,38.16471513608557,-122.56853674216715,"PatientState(Location(""FIELD"", (38.16471513608557, -122.56853674216715), -1.0, FIELD), 27.10642187675487, UNKNOWN, HEMORRHAGIC)"
4,0.3283280851767221,0.26325335999869065,38.16529577355815,-122.57063673858613,"PatientState(Location(""FIELD"", (38.16529577355815, -122.57063673858613), -1.0, FIELD), 6.738373497212486, UNKNOWN, HEMORRHAGIC)"
5,0.24418294143999997,0.24418294143999997,38.167976543426896,-122.56960143082617,"PatientState(Location(""FIELD"", (38.167976543426896, -122.56960143082617), -1.0, FIELD), 122.09680045742573, UNKNOWN, HEMORRHAGIC)"
