sample,reward_best,reward_CA,location_lat,location_lon,patient_state
1,0.3285403677224107,0.24418294143999997,37.70120099191134,-121.86011686032134,"PatientState(Location(""FIELD"", (37.70120099191134, -121.86011686032134), -1.0, FIELD), 105.55556838409963, UNKNOWN, HEMORRHAGIC)"
2,0.35287204518165394,0.3326515340392319,37.70301434941766,-121.85758745932482,"PatientState(Location(""FIELD"", (37.70301434941766, -121.85758745932482), -1.0, FIELD), 0.6388943008454107, UNKNOWN, LVO)"
3,0.3432186304087057,0.3233102497163365,37.70231648141386,-121.85828192664694,"PatientState(Location(""FIELD"", (37.70231648141386, -121.85828192664694), -1.0, FIELD), 41.661266598919326, UNKNOWN, HEMORRHAGIC)"
4,0.24418294143999997,0.24418294143999997,37.70107312784488,-121.8567696229383,"PatientState(Location(""FIELD"", (37.70107312784488, -121.8567696229383), -1.0, FIELD), 226.65817358331446, UNKNOWN, LVO)"
5,0.24418294143999997,0.24418294143999997,37.703641331131124,-121.85992994970526,"PatientState(Location(""FIELD"", (37.703641331131124, -121.85992994970526), -1.0, FIELD), 191.36912977411706, UNKNOWN, HEMORRHAGIC)"
