sample,reward_best,reward_CA,location_lat,location_lon,patient_state
1,0.24418294143999997,0.24418294143999997,38.158994940556475,-121.79466723536801,"PatientState(Location(""FIELD"", (38.158994940556475, -121.79466723536801), -1.0, FIELD), 183.46711266475413, UNKNOWN, HEMORRHAGIC)"
2,0.24418294143999997,0.24418294143999997,38.16128139338117,-121.7917722288487,"PatientState(Location(""FIELD"", (38.16128139338117, -121.7917722288487), -1.0, FIELD), 129.43843114941208, UNKNOWN, LVO)"
3,0.24418294143999997,0.24418294143999997,38.161654248189116,-121.79340829979246,"PatientState(Location(""FIELD"", (38.161654248189116, -121.79340829979246), -1.0, FIELD), 70.87792892381988, UNKNOWN, HEMORRHAGIC)"
4,0.24418294143999997,0.24418294143999997,38.1618601649061,-121.79345036143349,"PatientState(Location(""FIELD"", (38.1618601649061, -121.79345036143349), -1.0, FIELD), 183.16700913550505, UNKNOWN, NLVO)"
5,0.24418294143999997,0.24418294143999997,38.163251546425606,-121.79571065156428,"PatientState(Location(""FIELD"", (38.163251546425606, -121.79571065156428), -1.0, FIELD), 202.41562121363836, UNKNOWN, HEMORRHAGIC)"
