sample,reward_best,reward_CA,location_lat,location_lon,patient_state
1,0.24418294143999997,0.24418294143999997,37.8859378012522,-122.13615411005755,"PatientState(Location(""FIELD"", (37.8859378012522, -122.13615411005755), -1.0, FIELD), 186.29898704810552, UNKNOWN, NLVO)"
2,0.24418294143999997,0.24418294143999997,37.887191520291516,-122.13626227423745,"PatientState(Location(""FIELD"", (37.887191520291516, -122.13626227423745), -1.0, FIELD), 259.59343617782685, UNKNOWN, MIMIC)"
3,0.3208411484732885,0.24418294143999997,37.88542914621193,-122.13720830787709,"PatientState(Location(""FIELD"", (37.88542914621193, -122.13720830787709), -1.0, FIELD), 120.49839831706176, UNKNOWN, MIMIC)"
4,0.32833962093477775,0.24418294143999997,37.888565470814164,-122.13953919950575,"PatientState(Location(""FIELD"", (37.888565470814164, -122.13953919950575), -1.0, FIELD), 88.99213906503773, UNKNOWN, HEMORRHAGIC)"
5,0.32904224446870306,0.25173159906757514,37.885435827792364,-122.13868396586284,"PatientState(Location(""FIELD"", (37.885435827792364, -122.13868396586284), -1.0, FIELD), 83.32632402917594, UNKNOWN, LVO)"
