sample,reward_best,reward_CA,location_lat,location_lon,patient_state
1,0.24418294143999997,0.24418294143999997,37.4204593937454,-121.89205381726927,"PatientState(Location(""FIELD"", (37.4204593937454, -121.89205381726927), -1.0, FIELD), 247.78687966523114, UNKNOWN, LVO)"
2,0.331312582437487,0.331312582437487,37.42115213801641,-121.89200563718528,"PatientState(Location(""FIELD"", (37.42115213801641, -121.89200563718528), -1.0, FIELD), 121.75042230894913, UNKNOWN, LVO)"
3,0.3525280997678518,0.3525280997678518,37.4188922519248,-121.8953544234243,"PatientState(Location(""FIELD"", (37.4188922519248, -121.8953544234243), -1.0, FIELD), 29.89518703094112, UNKNOWN, HEMORRHAGIC)"
4,0.24418294143999997,0.24418294143999997,37.42027994048847,-121.89303187961139,"PatientState(Location(""FIELD"", (37.42027994048847, -121.89303187961139), -1.0, FIELD), 231.35588548563177, UNKNOWN, LVO)"
5,0.3149071038378914,0.3149071038378914,37.42319114213187,-121.89386978294871,"PatientState(Location(""FIELD"", (37.42319114213187, -121.89386978294871), -1.0, FIELD), 193.55174454120385, UNKNOWN, LVO)"
