sample,reward_best,reward_CA,location_lat,location_lon,patient_state
1,0.24418294143999997,0.24418294143999997,37.90120603479487,-121.91246048164501,"PatientState(Location(""FIELD"", (37.90120603479487, -121.91246048164501), -1.0, FIELD), 170.79860498229976, UNKNOWN, LVO)"
2,0.24418294143999997,0.24418294143999997,37.89915365749104,-121.91125727648176,"PatientState(Location(""FIELD"", (37.89915365749104, -121.91125727648176), -1.0, FIELD), 104.45746293528626, UNKNOWN, LVO)"
3,0.24418294143999997,0.24418294143999997,37.90057906220179,-121.91196760348797,"PatientState(Location(""FIELD"", (37.90057906220179, -121.91196760348797), -1.0, FIELD), 155.18454180975482, UNKNOWN, HEMORRHAGIC)"
4,0.24418294143999997,0.24418294143999997,37.90180953760408,-121.9113794810331,"PatientState(Location(""FIELD"", (37.90180953760408, -121.9113794810331), -1.0, FIELD), 88.60097114965525, UNKNOWN, LVO)"
5,0.24418294143999997,0.24418294143999997,37.90342105504576,-121.91080587576695,"PatientState(Location(""FIELD"", (37.90342105504576, -121.91080587576695), -1.0, FIELD), 139.95715080092472, UNKNOWN, HEMORRHAGIC)"
