sample,reward_best,reward_CA,location_lat,location_lon,patient_state
1,0.24418294143999997,0.24418294143999997,37.64602158875364,-121.58248407389686,"PatientState(Location(""FIELD"", (37.64602158875364, -121.58248407389686), -1.0, FIELD), 196.19277231485154, UNKNOWN, HEMORRHAGIC)"
2,0.33009369026221314,0.24418294143999997,37.64516621625555,-121.58200799420428,"PatientState(Location(""FIELD"", (37.64516621625555, -121.58200799420428), -1.0, FIELD), 71.5182651737566, UNKNOWN, HEMORRHAGIC)"
3,0.3344583096468809,0.24418294143999997,37.64877199289938,-121.58579102032387,"PatientState(Location(""FIELD"", (37.64877199289938, -121.58579102032387), -1.0, FIELD), 56.39381168795165, UNKNOWN, LVO)"
4,0.3180619143509345,0.24418294143999997,37.64386466441242,-121.58221496399045,"PatientState(Location(""FIELD"", (37.64386466441242, -121.58221496399045), -1.0, FIELD), 124.79855475258749, UNKNOWN, LVO)"
5,0.24418294143999997,0.24418294143999997,37.643842780327084,-121.58427091030322,"PatientState(Location(""FIELD"", (37.643842780327084, -121.58427091030322), -1.0, FIELD), 148.6910129286055, UNKNOWN, HEMORRHAGIC)"
