sample,reward_best,reward_CA,location_lat,location_lon,patient_state
1,0.24418294143999997,0.24418294143999997,37.77946725840853,-121.62933970320756,"PatientState(Location(""FIELD"", (37.77946725840853, -121.62933970320756), -1.0, FIELD), 98.61966364513216, UNKNOWN, LVO)"
2,0.24418294143999997,0.24418294143999997,37.77882971673263,-121.62623416776768,"PatientState(Location(""FIELD"", (37.77882971673263, -121.62623416776768), -1.0, FIELD), 148.44353231962, UNKNOWN, HEMORRHAGIC)"
3,0.24418294143999997,0.24418294143999997,37.78267536408292,-121.62842659718588,"PatientState(Location(""FIELD"", (37.78267536408292, -121.62842659718588), -1.0, FIELD), 196.75376764722694, UNKNOWN, LVO)"
4,0.3165342313216822,0.24418294143999997,37.779743589023745,-121.62815624167071,"PatientState(Location(""FIELD"", (37.779743589023745, -121.62815624167071), -1.0, FIELD), 44.33072768021849, UNKNOWN, HEMORRHAGIC)"
5,0.24418294143999997,0.24418294143999997,37.781367418626125,-121.62694798996296,"PatientState(Location(""FIELD"", (37.781367418626125, -121.62694798996296), -1.0, FIELD), 209.58686769752484, UNKNOWN, LVO)"
