sample,reward_best,reward_CA,location_lat,location_lon,patient_state
1,0.3365113898807451,0.32380319936470603,37.75509558724482,-122.44856526159921,"PatientState(Location(""FIELD"", (37.75509558724482, -122.44856526159921), -1.0, FIELD), 69.23262544629885, UNKNOWN, HEMORRHAGIC)"
2,0.3396631222923844,0.3271337396073,37.75610041531201,-122.4504804052213,"PatientState(Location(""FIELD"", (37.75610041531201, -122.4504804052213), -1.0, FIELD), 54.882658676577535, UNKNOWN, HEMORRHAGIC)"
3,0.25316038167163096,0.24418294143999997,37.756052513797,-122.45059372878787,"PatientState(Location(""FIELD"", (37.756052513797, -122.45059372878787), -1.0, FIELD), 179.10903991606264, UNKNOWN, LVO)"
4,0.3430842038890949,0.3310281090753299,37.75724694871819,-122.45028257385046,"PatientState(Location(""FIELD"", (37.75724694871819, -122.45028257385046), -1.0, FIELD), 39.22722043162633, UNKNOWN, HEMORRHAGIC)"
5,0.24418294143999997,0.24418294143999997,37.756127931214024,-122.44849288574073,"PatientState(Location(""FIELD"", (37.756127931214024, -122.44849288574073), -1.0, FIELD), 231.92231864413324, UNKNOWN, HEMORRHAGIC)"
