sample,reward_best,reward_CA,location_lat,location_lon,patient_state
1,0.24418294143999997,0.24418294143999997,37.41948633499466,-121.7596067814048,"PatientState(Location(""FIELD"", (37.41948633499466, -121.7596067814048), -1.0, FIELD), 261.9502677663233, UNKNOWN, HEMORRHAGIC)"
2,0.3288251604767327,0.3288251604767327,37.42159464294714,-121.75909035445471,"PatientState(Location(""FIELD"", (37.42159464294714, -121.75909035445471), -1.0, FIELD), 106.26045983351607, UNKNOWN, LVO)"
3,0.33923285265678393,0.33923285265678393,37.42230457336313,-121.75826591375197,"PatientState(Location(""FIELD"", (37.42230457336313, -121.75826591375197), -1.0, FIELD), 60.82867260376962, UNKNOWN, LVO)"
4,0.24418294143999997,0.24418294143999997,37.41895821503297,-121.7569789101182,"PatientState(Location(""FIELD"", (37.41895821503297, -121.7569789101182), -1.0, FIELD), 229.93664664409832, UNKNOWN, MIMIC)"
5,0.24418294143999997,0.24418294143999997,37.42176615914359,-121.75804869631332,"PatientState(Location(""FIELD"", (37.42176615914359, -121.75804869631332), -1.0, FIELD), 260.28285256804645, UNKNOWN, HEMORRHAGIC)"
