sample,reward_best,reward_CA,location_lat,location_lon,patient_state
1,0.3322748934083111,0.3068806249523836,37.60435972219458,-121.76512792271897,"PatientState(Location(""FIELD"", (37.60435972219458, -121.76512792271897), -1.0, FIELD), 75.03118263614431, UNKNOWN, HEMORRHAGIC)"
2,0.24418294143999997,0.24418294143999997,37.60595377287845,-121.76576563251434,"PatientState(Location(""FIELD"", (37.60595377287845, -121.76576563251434), -1.0, FIELD), 158.68631975495592, UNKNOWN, MIMIC)"
3,0.34084162657090367,0.32171007352655123,37.604112838853496,-121.76550005001579,"PatientState(Location(""FIELD"", (37.604112838853496, -121.76550005001579), -1.0, FIELD), 37.88851097351858, UNKNOWN, LVO)"
4,0.34800967526813675,0.3286474857580071,37.60825568381227,-121.76541369101939,"PatientState(Location(""FIELD"", (37.60825568381227, -121.76541369101939), -1.0, FIELD), 8.464344792551215, UNKNOWN, LVO)"
5,0.24418294143999997,0.24418294143999997,37.60380659494,-121.7609303864176,"PatientState(Location(""FIELD"", (37.60380659494, -121.7609303864176), -1.0, FIELD), 223.5576737848704, UNKNOWN, HEMORRHAGIC)"
