sample,reward_best,reward_CA,location_lat,location_lon,patient_state
1,0.24418294143999997,0.24418294143999997,37.787153175264564,-122.2211861849154,"PatientState(Location(""FIELD"", (37.787153175264564, -122.2211861849154), -1.0, FIELD), 221.3615372184233, UNKNOWN, LVO)"
2,0.3295917470361433,0.3148542451322336,37.78497208167805,-122.22261600861246,"PatientState(Location(""FIELD"", (37.78497208167805, -122.22261600861246), -1.0, FIELD), 98.89366777948526, UNKNOWN, LVO)"
3,0.3304103261983352,0.3157934502006362,37.78609746151834,-122.22514222209313,"PatientState(Location(""FIELD"", (37.78609746151834, -122.22514222209313), -1.0, FIELD), 94.4155979749866, UNKNOWN, NLVO)"
4,0.3220315241327161,0.24418294143999997,37.785643620462615,-122.224104142955,"PatientState(Location(""FIELD"", (37.785643620462615, -122.224104142955), -1.0, FIELD), 131.79214385951792, UNKNOWN, LVO)"
5,0.3347973164073066,0.3199803624631781,37.78559170841822,-122.22491152120031,"PatientState(Location(""FIELD"", (37.78559170841822, -122.22491152120031), -1.0, FIELD), 75.47775690566986, UNKNOWN, LVO)"
