sample,reward_best,reward_CA,location_lat,location_lon,patient_state
1,0.3437081570951971,0.32682636149956806,37.60859225082978,-122.01348782775408,"PatientState(Location(""FIELD"", (37.60859225082978, -122.01348782775408), -1.0, FIELD), 45.55822524556994, UNKNOWN, LVO)"
2,0.24418294143999997,0.24418294143999997,37.60563116128756,-122.01322179608609,"PatientState(Location(""FIELD"", (37.60563116128756, -122.01322179608609), -1.0, FIELD), 190.07499353295373, UNKNOWN, HEMORRHAGIC)"
3,0.33197388387457566,0.31543892382515576,37.60839272178696,-122.0129919200608,"PatientState(Location(""FIELD"", (37.60839272178696, -122.0129919200608), -1.0, FIELD), 96.26779693422921, UNKNOWN, LVO)"
4,0.3284038115122402,0.24418294143999997,37.60607686200063,-122.01530339656135,"PatientState(Location(""FIELD"", (37.60607686200063, -122.01530339656135), -1.0, FIELD), 111.89688094915876, UNKNOWN, LVO)"
5,0.24418294143999997,0.24418294143999997,37.60426304936659,-122.01252759094214,"PatientState(Location(""FIELD"", (37.60426304936659, -122.01252759094214), -1.0, FIELD), 179.77662091380267, UNKNOWN, HEMORRHAGIC)"
