sample,reward_best,reward_CA,location_lat,location_lon,patient_state
1,0.25261059371525635,0.24418294143999997,38.168731430700134,-122.12821902864492,"PatientState(Location(""FIELD"", (38.168731430700134, -122.12821902864492), -1.0, FIELD), 61.81204094083558, UNKNOWN, HEMORRHAGIC)"
2,0.24418294143999997,0.24418294143999997,38.16384973045152,-122.12951649847362,"PatientState(Location(""FIELD"", (38.16384973045152, -122.12951649847362), -1.0, FIELD), 163.44895658594243, UNKNOWN, NLVO)"
3,0.24418294143999997,0.24418294143999997,38.165326446666455,-122.13058239913423,"PatientState(Location(""FIELD"", (38.165326446666455, -122.13058239913423), -1.0, FIELD), 238.464069461763, UNKNOWN, HEMORRHAGIC)"
4,0.24418294143999997,0.24418294143999997,38.16796155014724,-122.12662827814796,"PatientState(Location(""FIELD"", (38.16796155014724, -122.12662827814796), -1.0, FIELD), 234.10773599224305, UNKNOWN, LVO)"
5,0.24418294143999997,0.24418294143999997,38.16819170429262,-122.13022526332334,"PatientState(Location(""FIELD"", (38.16819170429262, -122.13022526332334), -1.0, FIELD), 213.64244475554722, UNKNOWN, LVO)"
