sample,reward_best,reward_CA,location_lat,location_lon,patient_state
1,0.24418294143999997,0.24418294143999997,37.99374033784569,-121.73496052634529,"PatientState(Location(""FIELD"", (37.99374033784569, -121.73496052634529), -1.0, FIELD), 155.3235269484339, UNKNOWN, LVO)"
2,0.24418294143999997,0.24418294143999997,37.99093946542382,-121.73269204931016,"PatientState(Location(""FIELD"", (37.99093946542382, -121.73269204931016), -1.0, FIELD), 253.65287968514932, UNKNOWN, HEMORRHAGIC)"
3,0.31556847059998416,0.24418294143999997,37.99035550116638,-121.73162318115843,"PatientState(Location(""FIELD"", (37.99035550116638, -121.73162318115843), -1.0, FIELD), 52.46807011995358, UNKNOWN, LVO)"
4,0.24418294143999997,0.24418294143999997,37.98919524607014,-121.73352239566427,"PatientState(Location(""FIELD"", (37.98919524607014, -121.73352239566427), -1.0, FIELD), 158.39569383807, UNKNOWN, HEMORRHAGIC)"
5,0.24418294143999997,0.24418294143999997,37.98988894605318,-121.73383995491652,"PatientState(Location(""FIELD"", (37.98988894605318, -121.73383995491652), -1.0, FIELD), 204.43818873707917, UNKNOWN, HEMORRHAGIC)"
