sample,reward_best,reward_CA,location_lat,location_lon,patient_state
1,0.3487417389317152,0.3309099925925947,37.715250761099284,-122.20737853371067,"PatientState(Location(""FIELD"", (37.715250761099284, -122.20737853371067), -1.0, FIELD), 18.6158327418175, UNKNOWN, LVO)"
2,0.24418294143999997,0.24418294143999997,37.71854746408927,-122.20800118827673,"PatientState(Location(""FIELD"", (37.71854746408927, -122.20800118827673), -1.0, FIELD), 220.10352832283868, UNKNOWN, LVO)"
3,0.24418294143999997,0.24418294143999997,37.71826874731777,-122.20775767273594,"PatientState(Location(""FIELD"", (37.71826874731777, -122.20775767273594), -1.0, FIELD), 180.34046323699866, UNKNOWN, HEMORRHAGIC)"
4,0.3203458304152464,0.24418294143999997,37.71677927278158,-122.20979621777333,"PatientState(Location(""FIELD"", (37.71677927278158, -122.20979621777333), -1.0, FIELD), 142.2974516362353, UNKNOWN, LVO)"
5,0.3413228288821195,0.32370404957421417,37.714735128740024,-122.2064484288287,"PatientState(Location(""FIELD"", (37.714735128740024, -122.2064484288287), -1.0, FIELD), 49.855075055931835, UNKNOWN, LVO)"
