sample,reward_best,reward_CA,location_lat,location_lon,patient_state
1,0.24418294143999997,0.24418294143999997,38.1046065483886,-121.8391301086281,"PatientState(Location(""FIELD"", (38.1046065483886, -121.8391301086281), -1.0, FIELD), 49.21294153524143, UNKNOWN, LVO)"
2,0.24418294143999997,0.24418294143999997,38.10426312299239,-121.83831462072007,"PatientState(Location(""FIELD"", (38.10426312299239, -121.83831462072007), -1.0, FIELD), 208.17153247899392, UNKNOWN, LVO)"
3,0.24418294143999997,0.24418294143999997,38.10694461522854,-121.83887502630837,"PatientState(Location(""FIELD"", (38.10694461522854, -121.83887502630837), -1.0, FIELD), 117.61472150351312, UNKNOWN, LVO)"
4,0.24418294143999997,0.24418294143999997,38.108757805508795,-121.83823497561089,"PatientState(Location(""FIELD"", (38.108757805508795, -121.83823497561089), -1.0, FIELD), 267.92584968004104, UNKNOWN, HEMORRHAGIC)"
5,0.24418294143999997,0.24418294143999997,38.10833200859579,-121.83862717778078,"PatientState(Location(""FIELD"", (38.10833200859579, -121.83862717778078), -1.0, FIELD), 167.76055190799534, UNKNOWN, HEMORRHAGIC)"
