sample,reward_best,reward_CA,location_lat,location_lon,patient_state
1,0.24418294143999997,0.24418294143999997,37.637647872786474,-121.97239314030945,"PatientState(Location(""FIELD"", (37.637647872786474, -121.97239314030945), -1.0, FIELD), 267.52504118421746, UNKNOWN, HEMORRHAGIC)"
2,0.34355177776826856,0.3277845417227571,37.63673088090314,-121.9747082575445,"PatientState(Location(""FIELD"", (37.63673088090314, -121.9747082575445), -1.0, FIELD), 30.654406147048963, UNKNOWN, LVO)"
3,0.3192624983853174,0.24418294143999997,37.63693990743051,-121.97555624709804,"PatientState(Location(""FIELD"", (37.63693990743051, -121.97555624709804), -1.0, FIELD), 136.8827853702646, UNKNOWN, MIMIC)"
4,0.32136356315726766,0.24418294143999997,37.63703269861695,-121.97191801321081,"PatientState(Location(""FIELD"", (37.63703269861695, -121.97191801321081), -1.0, FIELD), 126.65922242768009, UNKNOWN, HEMORRHAGIC)"
5,0.24418294143999997,0.24418294143999997,37.63776049875751,-121.97541254799582,"PatientState(Location(""FIELD"", (37.63776049875751, -121.97541254799582), -1.0, FIELD), 194.36537257291846, UNKNOWN, NLVO)"
