sample,reward_best,reward_CA,location_lat,location_lon,patient_state
1,0.24418294143999997,0.24418294143999997,37.86710087952684,-121.67052106530733,"PatientState(Location(""FIELD"", (37.86710087952684, -121.67052106530733), -1.0, FIELD), 154.54017080285027, UNKNOWN, HEMORRHAGIC)"
2,0.24418294143999997,0.24418294143999997,37.864350330640846,-121.66983734697875,"PatientState(Location(""FIELD"", (37.864350330640846, -121.66983734697875), -1.0, FIELD), 142.1787919523601, UNKNOWN, NLVO)"
3,0.24418294143999997,0.24418294143999997,37.865310528730895,-121.66607081290748,"PatientState(Location(""FIELD"", (37.865310528730895, -121.66607081290748), -1.0, FIELD), 118.56171844043499, UNKNOWN, LVO)"
4,0.24418294143999997,0.24418294143999997,37.86526059344456,-121.66864414888353,"PatientState(Location(""FIELD"", (37.86526059344456, -121.66864414888353), -1.0, FIELD), 78.75770814514807, UNKNOWN, NLVO)"
5,0.24418294143999997,0.24418294143999997,37.86775818524743,-121.66775923759653,"PatientState(Location(""FIELD"", (37.86775818524743, -121.66775923759653), -1.0, FIELD), 148.07933304235263, UNKNOWN, LVO)"
