sample,reward_best,reward_CA,location_lat,location_lon,patient_state
1,0.2554940756795931,0.24418294143999997,37.95496390773637,-122.49565020954226,"PatientState(Location(""FIELD"", (37.95496390773637, -122.49565020954226), -1.0, FIELD), 133.0549733181054, UNKNOWN, HEMORRHAGIC)"
2,0.24418294143999997,0.24418294143999997,37.95860903148443,-122.4952412936216,"PatientState(Location(""FIELD"", (37.95860903148443, -122.4952412936216), -1.0, FIELD), 247.38320313043022, UNKNOWN, MIMIC)"
3,0.32677303372063843,0.25481430170326486,37.95730600890676,-122.49511294025189,"PatientState(Location(""FIELD"", (37.95730600890676, -122.49511294025189), -1.0, FIELD), 67.94429440913662, UNKNOWN, MIMIC)"
4,0.34271487700469033,0.2667242709862244,37.95456705057092,-122.49332065000351,"PatientState(Location(""FIELD"", (37.95456705057092, -122.49332065000351), -1.0, FIELD), 0.33293005235490725, UNKNOWN, NLVO)"
5,0.335648168434069,0.2612301727750309,37.95399146946041,-122.49350429157683,"PatientState(Location(""FIELD"", (37.95399146946041, -122.49350429157683), -1.0, FIELD), 30.67222547176366, UNKNOWN, LVO)"
