sample,reward_best,reward_CA,location_lat,location_lon,patient_state
1,0.24418294143999997,0.24418294143999997,37.265854428898336,-122.07086005710259,"PatientState(Location(""FIELD"", (37.265854428898336, -122.07086005710259), -1.0, FIELD), 259.59312380332165, UNKNOWN, HEMORRHAGIC)"
2,0.24418294143999997,0.24418294143999997,37.2642203849411,-122.07476735995203,"PatientState(Location(""FIELD"", (37.2642203849411, -122.07476735995203), -1.0, FIELD), 193.8481973681517, UNKNOWN, HEMORRHAGIC)"
3,0.24418294143999997,0.24418294143999997,37.26429879349153,-122.07535516634015,"PatientState(Location(""FIELD"", (37.26429879349153, -122.07535516634015), -1.0, FIELD), 246.32902407339503, UNKNOWN, LVO)"
4,0.33362959733144026,0.33362959733144026,37.26648060378458,-122.07412193507757,"PatientState(Location(""FIELD"", (37.26648060378458, -122.07412193507757), -1.0, FIELD), 92.84249886867735, UNKNOWN, LVO)"
5,0.24418294143999997,0.24418294143999997,37.266002433164495,-122.07315526975911,"PatientState(Location(""FIELD"", (37.266002433164495, -122.07315526975911), -1.0, FIELD), 243.3011116589881, UNKNOWN, LVO)"
