sample,reward_best,reward_CA,location_lat,location_lon,patient_state
1,0.3532790197629391,0.3501234354432972,37.231914717836815,-121.69560766334993,"PatientState(Location(""FIELD"", (37.231914717836815, -121.69560766334993), -1.0, FIELD), 11.503915276810561, UNKNOWN, HEMORRHAGIC)"
2,0.3270047925634905,0.26378973326703653,37.23290199925448,-121.6917939588722,"PatientState(Location(""FIELD"", (37.23290199925448, -121.6917939588722), -1.0, FIELD), 124.28713487358905, UNKNOWN, HEMORRHAGIC)"
3,0.32823427631478025,0.2647816821808904,37.23299297755068,-121.6927227223676,"PatientState(Location(""FIELD"", (37.23299297755068, -121.6927227223676), -1.0, FIELD), 118.97821634467856, UNKNOWN, HEMORRHAGIC)"
4,0.24418294143999997,0.24418294143999997,37.23205180154325,-121.69378753624993,"PatientState(Location(""FIELD"", (37.23205180154325, -121.69378753624993), -1.0, FIELD), 214.59826376425949, UNKNOWN, NLVO)"
5,0.31471104032839264,0.25398878336182695,37.23247860777775,-121.69528430063707,"PatientState(Location(""FIELD"", (37.23247860777775, -121.69528430063707), -1.0, FIELD), 179.41735751935616, UNKNOWN, LVO)"
