sample,reward_best,reward_CA,location_lat,location_lon,patient_state
1,0.3463294322115419,0.3463294322115419,37.50295910489975,-122.12023582059123,"PatientState(Location(""FIELD"", (37.50295910489975, -122.12023582059123), -1.0, FIELD), 41.44948985706528, UNKNOWN, HEMORRHAGIC)"
2,0.24418294143999997,0.24418294143999997,37.50362153218555,-122.11777696716238,"PatientState(Location(""FIELD"", (37.50362153218555, -122.11777696716238), -1.0, FIELD), 257.6714817525889, UNKNOWN, LVO)"
3,0.24418294143999997,0.24418294143999997,37.503373792249256,-122.12031930508242,"PatientState(Location(""FIELD"", (37.503373792249256, -122.12031930508242), -1.0, FIELD), 251.41627559222707, UNKNOWN, LVO)"
4,0.33532498081030127,0.33532498081030127,37.50166429312821,-122.1184412767781,"PatientState(Location(""FIELD"", (37.50166429312821, -122.1184412767781), -1.0, FIELD), 88.79880923879224, UNKNOWN, MIMIC)"
5,0.24418294143999997,0.24418294143999997,37.50165322622216,-122.11931096916973,"PatientState(Location(""FIELD"", (37.50165322622216, -122.11931096916973), -1.0, FIELD), 191.19345284712918, UNKNOWN, LVO)"
