sample,reward_best,reward_CA,location_lat,location_lon,patient_state
1,0.33540442498621736,0.3164574448711296,37.58269496794924,-121.78748468355012,"PatientState(Location(""FIELD"", (37.58269496794924, -121.78748468355012), -1.0, FIELD), 64.06911493163568, UNKNOWN, MIMIC)"
2,0.24418294143999997,0.24418294143999997,37.583436324053025,-121.78688782397224,"PatientState(Location(""FIELD"", (37.583436324053025, -121.78688782397224), -1.0, FIELD), 236.95565657693788, UNKNOWN, MIMIC)"
3,0.3330502937385619,0.31418551460028116,37.58073615394019,-121.79022140396245,"PatientState(Location(""FIELD"", (37.58073615394019, -121.79022140396245), -1.0, FIELD), 73.66132323487079, UNKNOWN, LVO)"
4,0.3384587638449557,0.3194073462025536,37.58266160615857,-121.78614432981563,"PatientState(Location(""FIELD"", (37.58266160615857, -121.78614432981563), -1.0, FIELD), 50.67971017233855, UNKNOWN, LVO)"
5,0.3459395539578435,0.3266427178889349,37.5803120680005,-121.79066598832789,"PatientState(Location(""FIELD"", (37.5803120680005, -121.79066598832789), -1.0, FIELD), 18.073989203706663, UNKNOWN, HEMORRHAGIC)"
