sample,reward_best,reward_CA,location_lat,location_lon,patient_state
1,0.24418294143999997,0.24418294143999997,37.64393454651096,-121.65099437670011,"PatientState(Location(""FIELD"", (37.64393454651096, -121.65099437670011), -1.0, FIELD), 179.66244966216973, UNKNOWN, NLVO)"
2,0.31454801293096746,0.24418294143999997,37.643953895183785,-121.65303510580918,"PatientState(Location(""FIELD"", (37.643953895183785, -121.65303510580918), -1.0, FIELD), 153.1643006023779, UNKNOWN, HEMORRHAGIC)"
3,0.24418294143999997,0.24418294143999997,37.648357727305076,-121.65328669965737,"PatientState(Location(""FIELD"", (37.648357727305076, -121.65328669965737), -1.0, FIELD), 260.3466468465284, UNKNOWN, HEMORRHAGIC)"
4,0.3357442037107346,0.3144716646969905,37.64850587721624,-121.65457194121964,"PatientState(Location(""FIELD"", (37.64850587721624, -121.65457194121964), -1.0, FIELD), 61.132060361375416, UNKNOWN, HEMORRHAGIC)"
5,0.24418294143999997,0.24418294143999997,37.6466456386606,-121.65549374633164,"PatientState(Location(""FIELD"", (37.6466456386606, -121.65549374633164), -1.0, FIELD), 174.87608391684262, UNKNOWN, LVO)"
