sample,reward_best,reward_CA,location_lat,location_lon,patient_state
1,0.25179130968705593,0.25179130968705593,37.39626559042563,-122.08978910820497,"PatientState(Location(""FIELD"", (37.39626559042563, -122.08978910820497), -1.0, FIELD), 198.55293949711893, UNKNOWN, LVO)"
2,0.3354532486976729,0.33211490658163634,37.39789553520609,-122.0872609060994,"PatientState(Location(""FIELD"", (37.39789553520609, -122.0872609060994), -1.0, FIELD), 92.7139669400778, UNKNOWN, LVO)"
3,0.3334879761927415,0.33020794743873016,37.39696058858086,-122.08806525677605,"PatientState(Location(""FIELD"", (37.39696058858086, -122.08806525677605), -1.0, FIELD), 101.43052072933482, UNKNOWN, LVO)"
4,0.33798217661660207,0.33480996777914,37.396261291896934,-122.0871533186132,"PatientState(Location(""FIELD"", (37.396261291896934, -122.0871533186132), -1.0, FIELD), 81.78443911819238, UNKNOWN, LVO)"
5,0.32302828845932136,0.26092081822164753,37.3945364111524,-122.08816676213748,"PatientState(Location(""FIELD"", (37.3945364111524, -122.08816676213748), -1.0, FIELD), 147.85995250093015, UNKNOWN, HEMORRHAGIC)"
