sample,reward_best,reward_CA,location_lat,location_lon,patient_state
1,0.24418294143999997,0.24418294143999997,37.24821662679604,-122.41820380581579,"PatientState(Location(""FIELD"", (37.24821662679604, -122.41820380581579), -1.0, FIELD), 179.94049519237237, UNKNOWN, NLVO)"
2,0.32070283187263293,0.2595762743713963,37.24583528551686,-122.41973503414889,"PatientState(Location(""FIELD"", (37.24583528551686, -122.41973503414889), -1.0, FIELD), 125.87292586792604, UNKNOWN, MIMIC)"
3,0.24418294143999997,0.24418294143999997,37.244308837714364,-122.41676132398071,"PatientState(Location(""FIELD"", (37.244308837714364, -122.41676132398071), -1.0, FIELD), 170.81757081626526, UNKNOWN, HEMORRHAGIC)"
4,0.33246244235746436,0.26907989291309836,37.247080237387785,-122.41973138743506,"PatientState(Location(""FIELD"", (37.247080237387785, -122.41973138743506), -1.0, FIELD), 74.14493471596802, UNKNOWN, LVO)"
5,0.3178445012197184,0.2572949121713606,37.24714446639465,-122.41849968154175,"PatientState(Location(""FIELD"", (37.24714446639465, -122.41849968154175), -1.0, FIELD), 138.75418448566757, UNKNOWN, LVO)"
