sample,reward_best,reward_CA,location_lat,location_lon,patient_state
1,0.24418294143999997,0.24418294143999997,37.87956312675211,-121.9275617621029,"PatientState(Location(""FIELD"", (37.87956312675211, -121.9275617621029), -1.0, FIELD), 180.62857763648327, UNKNOWN, LVO)"
2,0.24418294143999997,0.24418294143999997,37.878874304566615,-121.93066437818597,"PatientState(Location(""FIELD"", (37.878874304566615, -121.93066437818597), -1.0, FIELD), 163.46733129463485, UNKNOWN, LVO)"
3,0.24418294143999997,0.24418294143999997,37.87907261062242,-121.92694974536764,"PatientState(Location(""FIELD"", (37.87907261062242, -121.92694974536764), -1.0, FIELD), 100.35188580801075, UNKNOWN, HEMORRHAGIC)"
4,0.24418294143999997,0.24418294143999997,37.879462210515186,-121.92784418258728,"PatientState(Location(""FIELD"", (37.879462210515186, -121.92784418258728), -1.0, FIELD), 132.0565045894897, UNKNOWN, LVO)"
5,0.24418294143999997,0.24418294143999997,37.881510629697175,-121.93044871055149,"PatientState(Location(""FIELD"", (37.881510629697175, -121.93044871055149), -1.0, FIELD), 211.88266695186562, UNKNOWN, LVO)"
