sample,reward_best,reward_CA,location_lat,location_lon,patient_state
1,0.24418294143999997,0.24418294143999997,37.95509134733674,-121.68015780120066,"PatientState(Location(""FIELD"", (37.95509134733674, -121.68015780120066), -1.0, FIELD), 177.84050935482253, UNKNOWN, HEMORRHAGIC)"
2,0.3200816221717017,0.24418294143999997,37.958266287599564,-121.67636728324374,"PatientState(Location(""FIELD"", (37.958266287599564, -121.67636728324374), -1.0, FIELD), 24.041353918718706, UNKNOWN, NLVO)"
3,0.24418294143999997,0.24418294143999997,37.955102721515786,-121.67810898063902,"PatientState(Location(""FIELD"", (37.955102721515786, -121.67810898063902), -1.0, FIELD), 76.89656979057759, UNKNOWN, LVO)"
4,0.24418294143999997,0.24418294143999997,37.957081619556675,-121.6793049683087,"PatientState(Location(""FIELD"", (37.957081619556675, -121.6793049683087), -1.0, FIELD), 117.71804403948047, UNKNOWN, NLVO)"
5,0.24418294143999997,0.24418294143999997,37.95653541952506,-121.67631250252803,"PatientState(Location(""FIELD"", (37.95653541952506, -121.67631250252803), -1.0, FIELD), 152.41092050115145, UNKNOWN, LVO)"
