sample,reward_best,reward_CA,location_lat,location_lon,patient_state
1,0.24418294143999997,0.24418294143999997,37.73594844404209,-121.62286664968582,"PatientState(Location(""FIELD"", (37.73594844404209, -121.62286664968582), -1.0, FIELD), 256.3720197983939, UNKNOWN, LVO)"
2,0.3335593163975522,0.24418294143999997,37.73750503466015,-121.62492890561106,"PatientState(Location(""FIELD"", (37.73750503466015, -121.62492890561106), -1.0, FIELD), 58.44501940144882, UNKNOWN, MIMIC)"
3,0.34615923788075553,0.24418294143999997,37.738097646449646,-121.62135800500971,"PatientState(Location(""FIELD"", (37.738097646449646, -121.62135800500971), -1.0, FIELD), 7.135249334555712, UNKNOWN, MIMIC)"
4,0.24418294143999997,0.24418294143999997,37.73466857761704,-121.62466492955271,"PatientState(Location(""FIELD"", (37.73466857761704, -121.62466492955271), -1.0, FIELD), 232.28985667632645, UNKNOWN, LVO)"
5,0.3481071974316261,0.24418294143999997,37.73649454107033,-121.62408790052217,"PatientState(Location(""FIELD"", (37.73649454107033, -121.62408790052217), -1.0, FIELD), 1.0212717478375366, UNKNOWN, HEMORRHAGIC)"
