sample,reward_best,reward_CA,location_lat,location_lon,patient_state
1,0.3394972613796642,0.3232069487704529,37.748742368842706,-122.15250933858931,"PatientState(Location(""FIELD"", (37.748742368842706, -122.15250933858931), -1.0, FIELD), 57.168989111121554, UNKNOWN, LVO)"
2,0.34387249162387756,0.32765711524477276,37.74519891670722,-122.15214321135248,"PatientState(Location(""FIELD"", (37.74519891670722, -122.15214321135248), -1.0, FIELD), 37.85649303411029, UNKNOWN, LVO)"
3,0.33488915026402805,0.31892474468962256,37.74411447625735,-122.15452650993832,"PatientState(Location(""FIELD"", (37.74411447625735, -122.15452650993832), -1.0, FIELD), 75.70228880214411, UNKNOWN, LVO)"
4,0.3158802489915429,0.24418294143999997,37.746736614744435,-122.15350705824704,"PatientState(Location(""FIELD"", (37.746736614744435, -122.15350705824704), -1.0, FIELD), 160.16128258007404, UNKNOWN, LVO)"
5,0.3168184633205606,0.24418294143999997,37.745832837539055,-122.15447049143245,"PatientState(Location(""FIELD"", (37.745832837539055, -122.15447049143245), -1.0, FIELD), 155.46634719098523, UNKNOWN, LVO)"
