sample,reward_best,reward_CA,location_lat,location_lon,patient_state
1,0.3476972952139653,0.343616412616896,37.330983969300306,-122.01498160568303,"PatientState(Location(""FIELD"", (37.330983969300306, -122.01498160568303), -1.0, FIELD), 46.189896159164064, UNKNOWN, HEMORRHAGIC)"
2,0.24418294143999997,0.24418294143999997,37.32957970693664,-122.01380227438533,"PatientState(Location(""FIELD"", (37.32957970693664, -122.01380227438533), -1.0, FIELD), 258.3795066280248, UNKNOWN, HEMORRHAGIC)"
3,0.3199320897397321,0.25855808184760626,37.33113226554451,-122.01100826364247,"PatientState(Location(""FIELD"", (37.33113226554451, -122.01100826364247), -1.0, FIELD), 165.2395915307436, UNKNOWN, LVO)"
4,0.31592567138549793,0.2544833338275431,37.331372977988416,-122.01399191640584,"PatientState(Location(""FIELD"", (37.331372977988416, -122.01399191640584), -1.0, FIELD), 184.061956038203, UNKNOWN, LVO)"
5,0.31440389598541085,0.25416983522174513,37.3329968356557,-122.01120720189546,"PatientState(Location(""FIELD"", (37.3329968356557, -122.01120720189546), -1.0, FIELD), 190.1544946119591, UNKNOWN, HEMORRHAGIC)"
