sample,reward_best,reward_CA,location_lat,location_lon,patient_state
1,0.24418294143999997,0.24418294143999997,37.9741747980421,-121.98482323256555,"PatientState(Location(""FIELD"", (37.9741747980421, -121.98482323256555), -1.0, FIELD), 174.13616037905385, UNKNOWN, NLVO)"
2,0.24418294143999997,0.24418294143999997,37.975528581072446,-121.98499746820926,"PatientState(Location(""FIELD"", (37.975528581072446, -121.98499746820926), -1.0, FIELD), 153.3012997369184, UNKNOWN, HEMORRHAGIC)"
3,0.24418294143999997,0.24418294143999997,37.97710490013388,-121.98420361171421,"PatientState(Location(""FIELD"", (37.97710490013388, -121.98420361171421), -1.0, FIELD), 189.81100816571552, UNKNOWN, HEMORRHAGIC)"
4,0.24418294143999997,0.24418294143999997,37.97494087348023,-121.98114288593995,"PatientState(Location(""FIELD"", (37.97494087348023, -121.98114288593995), -1.0, FIELD), 223.0802970324333, UNKNOWN, NLVO)"
5,0.31950741321374015,0.31950741321374015,37.97837693081016,-121.98372779234313,"PatientState(Location(""FIELD"", (37.97837693081016, -121.98372779234313), -1.0, FIELD), 47.517195822153724, UNKNOWN, LVO)"
