sample,reward_best,reward_CA,location_lat,location_lon,patient_state
1,0.24418294143999997,0.24418294143999997,37.848526035631586,-122.48774896923223,"PatientState(Location(""FIELD"", (37.848526035631586, -122.48774896923223), -1.0, FIELD), 204.52053953479063, UNKNOWN, HEMORRHAGIC)"
2,0.24418294143999997,0.24418294143999997,37.84527742845256,-122.48685002016532,"PatientState(Location(""FIELD"", (37.84527742845256, -122.48685002016532), -1.0, FIELD), 216.02855757961862, UNKNOWN, LVO)"
3,0.3349516180392579,0.3232810757560074,37.844132971041944,-122.4869406482709,"PatientState(Location(""FIELD"", (37.844132971041944, -122.4869406482709), -1.0, FIELD), 63.5760490687482, UNKNOWN, HEMORRHAGIC)"
4,0.24418294143999997,0.24418294143999997,37.847749488990885,-122.48661067981342,"PatientState(Location(""FIELD"", (37.847749488990885, -122.48661067981342), -1.0, FIELD), 197.8444075337767, UNKNOWN, LVO)"
5,0.32974733112542365,0.31817671189500407,37.84476076635527,-122.48642741904558,"PatientState(Location(""FIELD"", (37.84476076635527, -122.48642741904558), -1.0, FIELD), 86.21526336751958, UNKNOWN, HEMORRHAGIC)"
