sample,reward_best,reward_CA,location_lat,location_lon,patient_state
1,0.24418294143999997,0.24418294143999997,37.81411863106927,-122.35933285379204,"PatientState(Location(""FIELD"", (37.81411863106927, -122.35933285379204), -1.0, FIELD), 215.99057391301764, UNKNOWN, MIMIC)"
2,0.24418294143999997,0.24418294143999997,37.815739636957204,-122.35804315702815,"PatientState(Location(""FIELD"", (37.815739636957204, -122.35804315702815), -1.0, FIELD), 216.2450479753485, UNKNOWN, LVO)"
3,0.25390884120011636,0.24418294143999997,37.81790833132919,-122.35818034313688,"PatientState(Location(""FIELD"", (37.81790833132919, -122.35818034313688), -1.0, FIELD), 170.75443338866336, UNKNOWN, HEMORRHAGIC)"
4,0.32654390553704077,0.25213729626212245,37.8149114788283,-122.35729295102342,"PatientState(Location(""FIELD"", (37.8149114788283, -122.35729295102342), -1.0, FIELD), 104.54723488167623, UNKNOWN, HEMORRHAGIC)"
5,0.333307221115887,0.31986347129823767,37.815508938679216,-122.35786879605305,"PatientState(Location(""FIELD"", (37.815508938679216, -122.35786879605305), -1.0, FIELD), 74.92074302477408, UNKNOWN, LVO)"
