sample,reward_best,reward_CA,location_lat,location_lon,patient_state
1,0.24418294143999997,0.24418294143999997,38.08639827695086,-122.25076469501485,"PatientState(Location(""FIELD"", (38.08639827695086, -122.25076469501485), -1.0, FIELD), 183.24464337081633, UNKNOWN, HEMORRHAGIC)"
2,0.24418294143999997,0.24418294143999997,38.08392940821487,-122.24958161509288,"PatientState(Location(""FIELD"", (38.08392940821487, -122.24958161509288), -1.0, FIELD), 134.3056752595843, UNKNOWN, MIMIC)"
3,0.24418294143999997,0.24418294143999997,38.08667659123687,-122.24593366220171,"PatientState(Location(""FIELD"", (38.08667659123687, -122.24593366220171), -1.0, FIELD), 96.92367693187221, UNKNOWN, LVO)"
4,0.32611940235298664,0.32287122574509836,38.0887637634159,-122.24581343838928,"PatientState(Location(""FIELD"", (38.0887637634159, -122.24581343838928), -1.0, FIELD), 27.435912025315865, UNKNOWN, HEMORRHAGIC)"
5,0.24418294143999997,0.24418294143999997,38.08703146380586,-122.24594428465441,"PatientState(Location(""FIELD"", (38.08703146380586, -122.24594428465441), -1.0, FIELD), 98.969700164898, UNKNOWN, LVO)"
