sample,reward_best,reward_CA,location_lat,location_lon,patient_state
1,0.3406547398787817,0.24418294143999997,37.78851033714333,-121.75127051917126,"PatientState(Location(""FIELD"", (37.78851033714333, -121.75127051917126), -1.0, FIELD), 33.83059869106019, UNKNOWN, MIMIC)"
2,0.33366867027761005,0.24418294143999997,37.783897733312564,-121.75117713013485,"PatientState(Location(""FIELD"", (37.783897733312564, -121.75117713013485), -1.0, FIELD), 64.70747418603368, UNKNOWN, LVO)"
3,0.3255409675082356,0.24418294143999997,37.78680801066901,-121.751350910128,"PatientState(Location(""FIELD"", (37.78680801066901, -121.751350910128), -1.0, FIELD), 99.92256227750991, UNKNOWN, LVO)"
4,0.24418294143999997,0.24418294143999997,37.786512401445854,-121.75257973913499,"PatientState(Location(""FIELD"", (37.786512401445854, -121.75257973913499), -1.0, FIELD), 180.72652481680717, UNKNOWN, HEMORRHAGIC)"
5,0.32437274212721023,0.24418294143999997,37.78688153211354,-121.75276549993303,"PatientState(Location(""FIELD"", (37.78688153211354, -121.75276549993303), -1.0, FIELD), 105.03397979342992, UNKNOWN, MIMIC)"
