sample,reward_best,reward_CA,location_lat,location_lon,patient_state
1,0.24418294143999997,0.24418294143999997,38.00767189917775,-121.80775695670175,"PatientState(Location(""FIELD"", (38.00767189917775, -121.80775695670175), -1.0, FIELD), 202.272666726236, UNKNOWN, NLVO)"
2,0.32497319571431393,0.24418294143999997,38.00405426849571,-121.80626012637667,"PatientState(Location(""FIELD"", (38.00405426849571, -121.80626012637667), -1.0, FIELD), 16.598993864307367, UNKNOWN, NLVO)"
3,0.24418294143999997,0.24418294143999997,38.004939313525135,-121.809157164445,"PatientState(Location(""FIELD"", (38.004939313525135, -121.809157164445), -1.0, FIELD), 115.29559026200188, UNKNOWN, HEMORRHAGIC)"
4,0.24418294143999997,0.24418294143999997,38.00571021764243,-121.8075206189255,"PatientState(Location(""FIELD"", (38.00571021764243, -121.8075206189255), -1.0, FIELD), 72.22199239004931, UNKNOWN, HEMORRHAGIC)"
5,0.24418294143999997,0.24418294143999997,38.00614139076987,-121.80762595014187,"PatientState(Location(""FIELD"", (38.00614139076987, -121.80762595014187), -1.0, FIELD), 127.31458972315333, UNKNOWN, HEMORRHAGIC)"
