sample,reward_best,reward_CA,location_lat,location_lon,patient_state
1,0.24418294143999997,0.24418294143999997,37.77660575543225,-121.64458490052468,"PatientState(Location(""FIELD"", (37.77660575543225, -121.64458490052468), -1.0, FIELD), 150.86802068520103, UNKNOWN, MIMIC)"
2,0.24418294143999997,0.24418294143999997,37.77658710466653,-121.64477425746645,"PatientState(Location(""FIELD"", (37.77658710466653, -121.64477425746645), -1.0, FIELD), 241.6864226879771, UNKNOWN, HEMORRHAGIC)"
3,0.3236516896511333,0.24418294143999997,37.774917514919004,-121.6419606388469,"PatientState(Location(""FIELD"", (37.774917514919004, -121.6419606388469), -1.0, FIELD), 90.91305115285786, UNKNOWN, LVO)"
4,0.32108185054676724,0.24418294143999997,37.77394637320298,-121.64384896310061,"PatientState(Location(""FIELD"", (37.77394637320298, -121.64384896310061), -1.0, FIELD), 102.32647602633358, UNKNOWN, HEMORRHAGIC)"
5,0.24418294143999997,0.24418294143999997,37.77565448813689,-121.64120898819768,"PatientState(Location(""FIELD"", (37.77565448813689, -121.64120898819768), -1.0, FIELD), 257.48544970009146, UNKNOWN, LVO)"
