sample,reward_best,reward_CA,location_lat,location_lon,patient_state
1,0.24418294143999997,0.24418294143999997,37.92352351159469,-121.89040406592171,"PatientState(Location(""FIELD"", (37.92352351159469, -121.89040406592171), -1.0, FIELD), 265.4318733694205, UNKNOWN, LVO)"
2,0.24418294143999997,0.24418294143999997,37.922486011955634,-121.88762676282424,"PatientState(Location(""FIELD"", (37.922486011955634, -121.88762676282424), -1.0, FIELD), 226.30806071978148, UNKNOWN, LVO)"
3,0.31876772366501777,0.31876772366501777,37.92216598952541,-121.88755738977932,"PatientState(Location(""FIELD"", (37.92216598952541, -121.88755738977932), -1.0, FIELD), 28.918645935776254, UNKNOWN, LVO)"
4,0.24418294143999997,0.24418294143999997,37.923477391477675,-121.88771866253174,"PatientState(Location(""FIELD"", (37.923477391477675, -121.88771866253174), -1.0, FIELD), 187.25415484952865, UNKNOWN, LVO)"
5,0.24418294143999997,0.24418294143999997,37.922236585179895,-121.88645867303995,"PatientState(Location(""FIELD"", (37.922236585179895, -121.88645867303995), -1.0, FIELD), 163.4262273939427, UNKNOWN, NLVO)"
