sample,reward_best,reward_CA,location_lat,location_lon,patient_state
1,0.24418294143999997,0.24418294143999997,38.00086413479727,-122.12388008872237,"PatientState(Location(""FIELD"", (38.00086413479727, -122.12388008872237), -1.0, FIELD), 228.83952148842243, UNKNOWN, HEMORRHAGIC)"
2,0.24418294143999997,0.24418294143999997,38.00217462035921,-122.12309298583817,"PatientState(Location(""FIELD"", (38.00217462035921, -122.12309298583817), -1.0, FIELD), 160.21758921562562, UNKNOWN, NLVO)"
3,0.24418294143999997,0.24418294143999997,38.00136916419535,-122.12310167384193,"PatientState(Location(""FIELD"", (38.00136916419535, -122.12310167384193), -1.0, FIELD), 156.99879019790677, UNKNOWN, LVO)"
4,0.24418294143999997,0.24418294143999997,38.00185705480486,-122.12310449638177,"PatientState(Location(""FIELD"", (38.00185705480486, -122.12310449638177), -1.0, FIELD), 250.010227865064, UNKNOWN, LVO)"
5,0.24418294143999997,0.24418294143999997,38.001760055605985,-122.12490011480261,"PatientState(Location(""FIELD"", (38.001760055605985, -122.12490011480261), -1.0, FIELD), 232.21476555674064, UNKNOWN, MIMIC)"
