sample,reward_best,reward_CA,location_lat,location_lon,patient_state
1,0.24418294143999997,0.24418294143999997,38.13898961506439,-122.20669868480984,"PatientState(Location(""FIELD"", (38.13898961506439, -122.20669868480984), -1.0, FIELD), 224.4643768090655, UNKNOWN, LVO)"
2,0.24418294143999997,0.24418294143999997,38.1410884109044,-122.2102581382386,"PatientState(Location(""FIELD"", (38.1410884109044, -122.2102581382386), -1.0, FIELD), 226.7007316924703, UNKNOWN, LVO)"
3,0.3240175663321024,0.24418294143999997,38.14130631400754,-122.21010156700771,"PatientState(Location(""FIELD"", (38.14130631400754, -122.21010156700771), -1.0, FIELD), 32.033565384450156, UNKNOWN, HEMORRHAGIC)"
4,0.24418294143999997,0.24418294143999997,38.141135517760894,-122.20972611079839,"PatientState(Location(""FIELD"", (38.141135517760894, -122.20972611079839), -1.0, FIELD), 122.05137822272258, UNKNOWN, HEMORRHAGIC)"
5,0.24418294143999997,0.24418294143999997,38.140387298868355,-122.2103995700939,"PatientState(Location(""FIELD"", (38.140387298868355, -122.2103995700939), -1.0, FIELD), 166.5101431794769, UNKNOWN, LVO)"
