sample,reward_best,reward_CA,location_lat,location_lon,patient_state
1,0.3513285388086125,0.331863852472984,37.65675373841577,-121.74737026014951,"PatientState(Location(""FIELD"", (37.65675373841577, -121.74737026014951), -1.0, FIELD), 5.808136392414323, UNKNOWN, MIMIC)"
2,0.31766919490962015,0.24418294143999997,37.647971920683766,-121.7494784213771,"PatientState(Location(""FIELD"", (37.647971920683766, -121.7494784213771), -1.0, FIELD), 154.09316018503216, UNKNOWN, NLVO)"
3,0.3385373141239719,0.31948324331369177,37.6564117795952,-121.74505833034063,"PatientState(Location(""FIELD"", (37.6564117795952, -121.74505833034063), -1.0, FIELD), 54.777324247841676, UNKNOWN, LVO)"
