sample,reward_best,reward_CA,location_lat,location_lon,patient_state
1,0.24418294143999997,0.24418294143999997,37.87051511010798,-121.99209033621067,"PatientState(Location(""FIELD"", (37.87051511010798, -121.99209033621067), -1.0, FIELD), 263.5794165787746, UNKNOWN, HEMORRHAGIC)"
2,0.24418294143999997,0.24418294143999997,37.869694764507265,-121.99445710789635,"PatientState(Location(""FIELD"", (37.869694764507265, -121.99445710789635), -1.0, FIELD), 190.64957905027808, UNKNOWN, LVO)"
3,0.24418294143999997,0.24418294143999997,37.869718027704124,-121.99395039806112,"PatientState(Location(""FIELD"", (37.869718027704124, -121.99395039806112), -1.0, FIELD), 267.30536043470556, UNKNOWN, MIMIC)"
4,0.33584120672919054,0.3212356897423214,37.870732061441714,-121.99511016893698,"PatientState(Location(""FIELD"", (37.870732061441714, -121.99511016893698), -1.0, FIELD), 44.916483493295736, UNKNOWN, MIMIC)"
5,0.24418294143999997,0.24418294143999997,37.86994414691772,-121.99422521305725,"PatientState(Location(""FIELD"", (37.86994414691772, -121.99422521305725), -1.0, FIELD), 146.61490800124133, UNKNOWN, HEMORRHAGIC)"
