sample,reward_best,reward_CA,location_lat,location_lon,patient_state
1,0.24418294143999997,0.24418294143999997,37.95164970594327,-122.04612622846271,"PatientState(Location(""FIELD"", (37.95164970594327, -122.04612622846271), -1.0, FIELD), 186.18376065374125, UNKNOWN, LVO)"
2,0.25696370431403126,0.24418294143999997,37.95328335210585,-122.04915199725093,"PatientState(Location(""FIELD"", (37.95328335210585, -122.04915199725093), -1.0, FIELD), 120.12289549394791, UNKNOWN, LVO)"
3,0.25749745872471025,0.24418294143999997,37.94902392413186,-122.05060070191938,"PatientState(Location(""FIELD"", (37.94902392413186, -122.05060070191938), -1.0, FIELD), 118.67485200315254, UNKNOWN, LVO)"
4,0.34152189035815683,0.3318390650948666,37.95224355193384,-122.05014264650806,"PatientState(Location(""FIELD"", (37.95224355193384, -122.05014264650806), -1.0, FIELD), 1.7611465497088241, UNKNOWN, LVO)"
5,0.24418294143999997,0.24418294143999997,37.951278921714135,-122.04754122663866,"PatientState(Location(""FIELD"", (37.951278921714135, -122.04754122663866), -1.0, FIELD), 236.07853857516378, UNKNOWN, NLVO)"
