sample,reward_best,reward_CA,location_lat,location_lon,patient_state
1,0.31587024844087197,0.24418294143999997,37.87368381452218,-122.07028985670097,"PatientState(Location(""FIELD"", (37.87368381452218, -122.07028985670097), -1.0, FIELD), 137.41293792479885, UNKNOWN, LVO)"
2,0.24418294143999997,0.24418294143999997,37.87355714199041,-122.06775372893486,"PatientState(Location(""FIELD"", (37.87355714199041, -122.06775372893486), -1.0, FIELD), 244.67232520250798, UNKNOWN, MIMIC)"
3,0.31939365172577006,0.24418294143999997,37.87147878825688,-122.06763703153996,"PatientState(Location(""FIELD"", (37.87147878825688, -122.06763703153996), -1.0, FIELD), 123.26851556791277, UNKNOWN, HEMORRHAGIC)"
4,0.24418294143999997,0.24418294143999997,37.87220744427624,-122.0664265030227,"PatientState(Location(""FIELD"", (37.87220744427624, -122.0664265030227), -1.0, FIELD), 156.85210562251353, UNKNOWN, HEMORRHAGIC)"
5,0.24418294143999997,0.24418294143999997,37.87296249943971,-122.06912482276272,"PatientState(Location(""FIELD"", (37.87296249943971, -122.06912482276272), -1.0, FIELD), 189.43803998176907, UNKNOWN, NLVO)"
