sample,reward_best,reward_CA,location_lat,location_lon,patient_state
1,0.3524684738329348,0.34786147274887524,37.37456477521417,-121.9003482466671,"PatientState(Location(""FIELD"", (37.37456477521417, -121.9003482466671), -1.0, FIELD), 27.88047516911201, UNKNOWN, LVO)"
2,0.3202383195458971,0.25711918609118545,37.375128379532605,-121.89580986932584,"PatientState(Location(""FIELD"", (37.375128379532605, -121.89580986932584), -1.0, FIELD), 168.0851891825246, UNKNOWN, LVO)"
3,0.3505643558162168,0.34554316224035936,37.377575244273665,-121.89904873826589,"PatientState(Location(""FIELD"", (37.377575244273665, -121.89904873826589), -1.0, FIELD), 36.83606551357033, UNKNOWN, HEMORRHAGIC)"
4,0.32505536719550904,0.260749415419528,37.37748394441594,-121.9002668407337,"PatientState(Location(""FIELD"", (37.37748394441594, -121.9002668407337), -1.0, FIELD), 146.1190202975912, UNKNOWN, LVO)"
5,0.33324083980131564,0.3280362372925127,37.37818034612299,-121.89594546297671,"PatientState(Location(""FIELD"", (37.37818034612299, -121.89594546297671), -1.0, FIELD), 112.17978497978808, UNKNOWN, LVO)"
