sample,reward_best,reward_CA,location_lat,location_lon,patient_state
1,0.33792217689486326,0.323610551453034,37.75566291906115,-122.2604981951714,"PatientState(Location(""FIELD"", (37.75566291906115, -122.2604981951714), -1.0, FIELD), 59.90365160800939, UNKNOWN, HEMORRHAGIC)"
2,0.24418294143999997,0.24418294143999997,37.757269581582754,-122.257285287231,"PatientState(Location(""FIELD"", (37.757269581582754, -122.257285287231), -1.0, FIELD), 204.42880686611247, UNKNOWN, LVO)"
3,0.34814306220473157,0.3335871786369683,37.756519192785845,-122.25776680397702,"PatientState(Location(""FIELD"", (37.756519192785845, -122.25776680397702), -1.0, FIELD), 16.335428672075516, UNKNOWN, HEMORRHAGIC)"
4,0.3397677988819617,0.32541055144451564,37.75649045844569,-122.25885036365199,"PatientState(Location(""FIELD"", (37.75649045844569, -122.25885036365199), -1.0, FIELD), 52.063391683768565, UNKNOWN, LVO)"
5,0.3315316346557176,0.31735909904597037,37.75505011351403,-122.25731995881087,"PatientState(Location(""FIELD"", (37.75505011351403, -122.25731995881087), -1.0, FIELD), 88.0452106922393, UNKNOWN, HEMORRHAGIC)"
