sample,reward_best,reward_CA,location_lat,location_lon,patient_state
1,0.3402595852529513,0.33641787360644665,37.350621274866796,-121.92226454049491,"PatientState(Location(""FIELD"", (37.350621274866796, -121.92226454049491), -1.0, FIELD), 78.89251892591628, UNKNOWN, HEMORRHAGIC)"
2,0.24418294143999997,0.24418294143999997,37.350529919007236,-121.9240017466382,"PatientState(Location(""FIELD"", (37.350529919007236, -121.9240017466382), -1.0, FIELD), 207.49104493616971, UNKNOWN, NLVO)"
3,0.3184804740589293,0.25643208992785926,37.34886248296895,-121.92554949713326,"PatientState(Location(""FIELD"", (37.34886248296895, -121.92554949713326), -1.0, FIELD), 174.87968861480044, UNKNOWN, LVO)"
4,0.342407613640877,0.338569760987361,37.352343230712435,-121.92178675701852,"PatientState(Location(""FIELD"", (37.352343230712435, -121.92178675701852), -1.0, FIELD), 70.50292094888472, UNKNOWN, LVO)"
5,0.24418294143999997,0.24418294143999997,37.35234525029431,-121.92121150018333,"PatientState(Location(""FIELD"", (37.35234525029431, -121.92121150018333), -1.0, FIELD), 264.57352449820667, UNKNOWN, NLVO)"
