sample,reward_best,reward_CA,location_lat,location_lon,patient_state
1,0.24418294143999997,0.24418294143999997,37.84408182551001,-122.47574163674214,"PatientState(Location(""FIELD"", (37.84408182551001, -122.47574163674214), -1.0, FIELD), 200.11412965567632, UNKNOWN, LVO)"
2,0.31963039301408663,0.24418294143999997,37.84448911144266,-122.47405804581035,"PatientState(Location(""FIELD"", (37.84448911144266, -122.47405804581035), -1.0, FIELD), 129.2712409702824, UNKNOWN, LVO)"
3,0.32416117342711104,0.25188583656175617,37.84641276367432,-122.47444046154132,"PatientState(Location(""FIELD"", (37.84641276367432, -122.47444046154132), -1.0, FIELD), 108.92356835200874, UNKNOWN, LVO)"
4,0.24418294143999997,0.24418294143999997,37.84458124301788,-122.47577431777175,"PatientState(Location(""FIELD"", (37.84458124301788, -122.47577431777175), -1.0, FIELD), 229.03004525308407, UNKNOWN, LVO)"
5,0.24418294143999997,0.24418294143999997,37.84693097590257,-122.47411477081424,"PatientState(Location(""FIELD"", (37.84693097590257, -122.47411477081424), -1.0, FIELD), 209.1371241332028, UNKNOWN, HEMORRHAGIC)"
