sample,reward_best,reward_CA,location_lat,location_lon,patient_state
1,0.33427078137991173,0.31807673570363115,37.74064599169961,-122.14735388803278,"PatientState(Location(""FIELD"", (37.74064599169961, -122.14735388803278), -1.0, FIELD), 80.30550708608423, UNKNOWN, LVO)"
2,0.24418294143999997,0.24418294143999997,37.739986915820175,-122.14833662272991,"PatientState(Location(""FIELD"", (37.739986915820175, -122.14833662272991), -1.0, FIELD), 265.5221835474217, UNKNOWN, HEMORRHAGIC)"
3,0.24418294143999997,0.24418294143999997,37.73917431133726,-122.1490430615111,"PatientState(Location(""FIELD"", (37.73917431133726, -122.1490430615111), -1.0, FIELD), 187.04225933771735, UNKNOWN, NLVO)"
4,0.34566638714415765,0.32925606366082816,37.741928138334835,-122.15051778988975,"PatientState(Location(""FIELD"", (37.741928138334835, -122.15051778988975), -1.0, FIELD), 30.28296368528996, UNKNOWN, HEMORRHAGIC)"
5,0.328418821350242,0.24418294143999997,37.742771860718065,-122.14720694799186,"PatientState(Location(""FIELD"", (37.742771860718065, -122.14720694799186), -1.0, FIELD), 106.1159625017919, UNKNOWN, HEMORRHAGIC)"
