sample,reward_best,reward_CA,location_lat,location_lon,patient_state
1,0.34022369326511154,0.3249049576440097,37.842414069436224,-122.11079126695292,"PatientState(Location(""FIELD"", (37.842414069436224, -122.11079126695292), -1.0, FIELD), 28.132006577903457, UNKNOWN, HEMORRHAGIC)"
2,0.3338070183929413,0.3186554239269763,37.84047821851927,-122.11021922286639,"PatientState(Location(""FIELD"", (37.84047821851927, -122.11021922286639), -1.0, FIELD), 54.75554807163473, UNKNOWN, HEMORRHAGIC)"
3,0.24418294143999997,0.24418294143999997,37.84336486474538,-122.1074464542965,"PatientState(Location(""FIELD"", (37.84336486474538, -122.1074464542965), -1.0, FIELD), 212.34320496630917, UNKNOWN, NLVO)"
4,0.24418294143999997,0.24418294143999997,37.84128670123626,-122.10943752553348,"PatientState(Location(""FIELD"", (37.84128670123626, -122.10943752553348), -1.0, FIELD), 221.36486703059282, UNKNOWN, HEMORRHAGIC)"
5,0.24418294143999997,0.24418294143999997,37.839293009198215,-122.1079212280284,"PatientState(Location(""FIELD"", (37.839293009198215, -122.1079212280284), -1.0, FIELD), 235.63118209682324, UNKNOWN, LVO)"
