sample,reward_best,reward_CA,location_lat,location_lon,patient_state
1,0.24418294143999997,0.24418294143999997,37.89596872157283,-122.0009694704431,"PatientState(Location(""FIELD"", (37.89596872157283, -122.0009694704431), -1.0, FIELD), 141.63082420351213, UNKNOWN, LVO)"
2,0.3163350698441921,0.24418294143999997,37.89707296855421,-122.0040018569029,"PatientState(Location(""FIELD"", (37.89707296855421, -122.0040018569029), -1.0, FIELD), 119.95785153922328, UNKNOWN, NLVO)"
3,0.24418294143999997,0.24418294143999997,37.89678297493817,-122.00197817934696,"PatientState(Location(""FIELD"", (37.89678297493817, -122.00197817934696), -1.0, FIELD), 157.60127698901434, UNKNOWN, HEMORRHAGIC)"
4,0.24418294143999997,0.24418294143999997,37.89661563436555,-122.00239280149789,"PatientState(Location(""FIELD"", (37.89661563436555, -122.00239280149789), -1.0, FIELD), 164.53100341204396, UNKNOWN, HEMORRHAGIC)"
5,0.31687685855745557,0.24418294143999997,37.89747287760447,-122.00257930498555,"PatientState(Location(""FIELD"", (37.89747287760447, -122.00257930498555), -1.0, FIELD), 120.3941674288211, UNKNOWN, LVO)"
