sample,reward_best,reward_CA,location_lat,location_lon,patient_state
1,0.24418294143999997,0.24418294143999997,38.01170375949581,-122.13331138893302,"PatientState(Location(""FIELD"", (38.01170375949581, -122.13331138893302), -1.0, FIELD), 242.1342222779093, UNKNOWN, LVO)"
2,0.3323507205353507,0.32181696225991946,38.010020490610394,-122.13500626201743,"PatientState(Location(""FIELD"", (38.010020490610394, -122.13500626201743), -1.0, FIELD), 37.59952450704439, UNKNOWN, HEMORRHAGIC)"
3,0.24418294143999997,0.24418294143999997,38.00956814273554,-122.13465889884364,"PatientState(Location(""FIELD"", (38.00956814273554, -122.13465889884364), -1.0, FIELD), 239.0368760102495, UNKNOWN, LVO)"
4,0.26181416777215094,0.24418294143999997,38.008944443888765,-122.13096754302704,"PatientState(Location(""FIELD"", (38.008944443888765, -122.13096754302704), -1.0, FIELD), 90.40858586743809, UNKNOWN, LVO)"
5,0.24418294143999997,0.24418294143999997,38.010035919649695,-122.13331150787447,"PatientState(Location(""FIELD"", (38.010035919649695, -122.13331150787447), -1.0, FIELD), 175.04437774774212, UNKNOWN, HEMORRHAGIC)"
