sample,reward_best,reward_CA,location_lat,location_lon,patient_state
1,0.24418294143999997,0.24418294143999997,37.77571327073798,-122.15887741764948,"PatientState(Location(""FIELD"", (37.77571327073798, -122.15887741764948), -1.0, FIELD), 267.1830731378133, UNKNOWN, MIMIC)"
2,0.32560371077449474,0.24418294143999997,37.77699619215768,-122.15800033512598,"PatientState(Location(""FIELD"", (37.77699619215768, -122.15800033512598), -1.0, FIELD), 115.137246610794, UNKNOWN, HEMORRHAGIC)"
3,0.33205748193628837,0.31723362254600057,37.77870068376595,-122.16045221913538,"PatientState(Location(""FIELD"", (37.77870068376595, -122.16045221913538), -1.0, FIELD), 84.44632959717087, UNKNOWN, NLVO)"
4,0.24418294143999997,0.24418294143999997,37.77442047705507,-122.15976679491142,"PatientState(Location(""FIELD"", (37.77442047705507, -122.15976679491142), -1.0, FIELD), 248.64393870718308, UNKNOWN, LVO)"
5,0.3296418818209664,0.3146674308095896,37.778209765127784,-122.15951168949591,"PatientState(Location(""FIELD"", (37.778209765127784, -122.15951168949591), -1.0, FIELD), 96.97230009139489, UNKNOWN, LVO)"
