sample,reward_best,reward_CA,location_lat,location_lon,patient_state
1,0.24418294143999997,0.24418294143999997,38.08384553471279,-121.90687400030238,"PatientState(Location(""FIELD"", (38.08384553471279, -121.90687400030238), -1.0, FIELD), 89.19146964581792, UNKNOWN, LVO)"
2,0.24418294143999997,0.24418294143999997,38.08570185359252,-121.90622596347198,"PatientState(Location(""FIELD"", (38.08570185359252, -121.90622596347198), -1.0, FIELD), 100.73118694232181, UNKNOWN, HEMORRHAGIC)"
3,0.24418294143999997,0.24418294143999997,38.08566878391657,-121.90649905262964,"PatientState(Location(""FIELD"", (38.08566878391657, -121.90649905262964), -1.0, FIELD), 117.54819995234207, UNKNOWN, LVO)"
4,0.24418294143999997,0.24418294143999997,38.087780798376016,-121.90996657870926,"PatientState(Location(""FIELD"", (38.087780798376016, -121.90996657870926), -1.0, FIELD), 67.0436373974314, UNKNOWN, HEMORRHAGIC)"
5,0.24418294143999997,0.24418294143999997,38.08856312272129,-121.90901759298576,"PatientState(Location(""FIELD"", (38.08856312272129, -121.90901759298576), -1.0, FIELD), 193.77487077664762, UNKNOWN, LVO)"
