sample,reward_best,reward_CA,location_lat,location_lon,patient_state
1,0.3150947116114822,0.24418294143999997,37.92778743529256,-121.66409068982232,"PatientState(Location(""FIELD"", (37.92778743529256, -121.66409068982232), -1.0, FIELD), 42.46012820977345, UNKNOWN, LVO)"
2,0.24418294143999997,0.24418294143999997,37.92479685143246,-121.66140366216237,"PatientState(Location(""FIELD"", (37.92479685143246, -121.66140366216237), -1.0, FIELD), 231.84677851379675, UNKNOWN, HEMORRHAGIC)"
3,0.24418294143999997,0.24418294143999997,37.92518223618478,-121.66310965133007,"PatientState(Location(""FIELD"", (37.92518223618478, -121.66310965133007), -1.0, FIELD), 209.632637308196, UNKNOWN, HEMORRHAGIC)"
4,0.24418294143999997,0.24418294143999997,37.92803948865386,-121.66178419446534,"PatientState(Location(""FIELD"", (37.92803948865386, -121.66178419446534), -1.0, FIELD), 77.60818961253635, UNKNOWN, NLVO)"
5,0.24418294143999997,0.24418294143999997,37.92457911285799,-121.66561260335068,"PatientState(Location(""FIELD"", (37.92457911285799, -121.66561260335068), -1.0, FIELD), 130.90779164634378, UNKNOWN, HEMORRHAGIC)"
