sample,reward_best,reward_CA,location_lat,location_lon,patient_state
1,0.3464969023532186,0.3418292587932405,37.40806922618948,-121.91336578331598,"PatientState(Location(""FIELD"", (37.40806922618948, -121.91336578331598), -1.0, FIELD), 50.82719517752146, UNKNOWN, LVO)"
2,0.3187728312636341,0.25603272374909947,37.405125458838654,-121.91398667872316,"PatientState(Location(""FIELD"", (37.405125458838654, -121.91398667872316), -1.0, FIELD), 172.50174861980116, UNKNOWN, LVO)"
3,0.24418294143999997,0.24418294143999997,37.40674746503588,-121.91207858850036,"PatientState(Location(""FIELD"", (37.40674746503588, -121.91207858850036), -1.0, FIELD), 199.4438027562725, UNKNOWN, HEMORRHAGIC)"
4,0.31658795905843373,0.25430988132565885,37.40753017248262,-121.91410425096318,"PatientState(Location(""FIELD"", (37.40753017248262, -121.91410425096318), -1.0, FIELD), 181.61322179596766, UNKNOWN, LVO)"
5,0.24418294143999997,0.24418294143999997,37.40598777451024,-121.91579194428206,"PatientState(Location(""FIELD"", (37.40598777451024, -121.91579194428206), -1.0, FIELD), 214.0896531746685, UNKNOWN, NLVO)"
