sample,reward_best,reward_CA,location_lat,location_lon,patient_state
1,0.24418294143999997,0.24418294143999997,37.78151893355141,-121.98277654860152,"PatientState(Location(""FIELD"", (37.78151893355141, -121.98277654860152), -1.0, FIELD), 181.77075360198066, UNKNOWN, LVO)"
2,0.32026248143775377,0.24418294143999997,37.78296448499407,-121.98256793298704,"PatientState(Location(""FIELD"", (37.78296448499407, -121.98256793298704), -1.0, FIELD), 141.52910622470185, UNKNOWN, MIMIC)"
3,0.3231481951188858,0.24418294143999997,37.779444912884664,-121.9808651959977,"PatientState(Location(""FIELD"", (37.779444912884664, -121.9808651959977), -1.0, FIELD), 129.10314658002295, UNKNOWN, LVO)"
4,0.24418294143999997,0.24418294143999997,37.78097519851543,-121.98321765847365,"PatientState(Location(""FIELD"", (37.78097519851543, -121.98321765847365), -1.0, FIELD), 242.1915264860978, UNKNOWN, HEMORRHAGIC)"
5,0.3246240006548375,0.24418294143999997,37.783133246129225,-121.98438617509842,"PatientState(Location(""FIELD"", (37.783133246129225, -121.98438617509842), -1.0, FIELD), 120.83423436237138, UNKNOWN, LVO)"
