sample,reward_best,reward_CA,location_lat,location_lon,patient_state
1,0.24418294143999997,0.24418294143999997,37.457639619457204,-121.60435696049196,"PatientState(Location(""FIELD"", (37.457639619457204, -121.60435696049196), -1.0, FIELD), 233.6604625193454, UNKNOWN, HEMORRHAGIC)"
2,0.3241201495716072,0.24418294143999997,37.44429731080261,-121.59122157200083,"PatientState(Location(""FIELD"", (37.44429731080261, -121.59122157200083), -1.0, FIELD), 32.29182102217213, UNKNOWN, HEMORRHAGIC)"
3,0.24418294143999997,0.24418294143999997,37.46338012686713,-121.58383218607048,"PatientState(Location(""FIELD"", (37.46338012686713, -121.58383218607048), -1.0, FIELD), 215.0406812273987, UNKNOWN, HEMORRHAGIC)"
