sample,reward_best,reward_CA,location_lat,location_lon,patient_state
1,0.25912893973082324,0.24418294143999997,38.049953131358784,-122.16276856720292,"PatientState(Location(""FIELD"", (38.049953131358784, -122.16276856720292), -1.0, FIELD), 101.08325128989685, UNKNOWN, NLVO)"
2,0.3331302171096815,0.32315995571947426,38.049165082822825,-122.16294880387923,"PatientState(Location(""FIELD"", (38.049165082822825, -122.16294880387923), -1.0, FIELD), 30.199559752252608, UNKNOWN, HEMORRHAGIC)"
3,0.3372435355907508,0.32691572898875726,38.05213465834537,-122.16248976107366,"PatientState(Location(""FIELD"", (38.05213465834537, -122.16248976107366), -1.0, FIELD), 13.813201011493843, UNKNOWN, LVO)"
4,0.24418294143999997,0.24418294143999997,38.052262685764184,-122.1613097339646,"PatientState(Location(""FIELD"", (38.052262685764184, -122.1613097339646), -1.0, FIELD), 258.31512963803294, UNKNOWN, LVO)"
5,0.24418294143999997,0.24418294143999997,38.04950259348176,-122.16115915033576,"PatientState(Location(""FIELD"", (38.04950259348176, -122.16115915033576), -1.0, FIELD), 158.23835417214204, UNKNOWN, LVO)"
