sample,reward_best,reward_CA,location_lat,location_lon,patient_state
1,0.35484757102389247,0.3503245262520962,37.42313413683485,-121.98044625842314,"PatientState(Location(""FIELD"", (37.42313413683485, -121.98044625842314), -1.0, FIELD), 9.393682195919, UNKNOWN, LVO)"
2,0.3246107672516171,0.2611131104975596,37.42197490153891,-121.98030602076511,"PatientState(Location(""FIELD"", (37.42197490153891, -121.98030602076511), -1.0, FIELD), 139.76609102671432, UNKNOWN, LVO)"
3,0.35219753782415725,0.34766857762562997,37.423218047125765,-121.97955124874727,"PatientState(Location(""FIELD"", (37.423218047125765, -121.97955124874727), -1.0, FIELD), 20.57560720657442, UNKNOWN, HEMORRHAGIC)"
4,0.34513855469950794,0.34059674786465965,37.42068775333537,-121.97603251994346,"PatientState(Location(""FIELD"", (37.42068775333537, -121.97603251994346), -1.0, FIELD), 51.145000245977556, UNKNOWN, NLVO)"
5,0.3392061780493092,0.33465608910469363,37.420779933513494,-121.97737338283444,"PatientState(Location(""FIELD"", (37.420779933513494, -121.97737338283444), -1.0, FIELD), 76.73534213666326, UNKNOWN, NLVO)"
