sample,reward_best,reward_CA,location_lat,location_lon,patient_state
1,0.3175650255942478,0.24418294143999997,37.5840402163437,-121.72880521278144,"PatientState(Location(""FIELD"", (37.5840402163437, -121.72880521278144), -1.0, FIELD), 126.22346330341921, UNKNOWN, HEMORRHAGIC)"
2,0.24418294143999997,0.24418294143999997,37.586639128084094,-121.72924757116229,"PatientState(Location(""FIELD"", (37.586639128084094, -121.72924757116229), -1.0, FIELD), 190.02835543789647, UNKNOWN, LVO)"
3,0.33519795328963087,0.316257752307191,37.58577020243512,-121.73035428897553,"PatientState(Location(""FIELD"", (37.58577020243512, -121.73035428897553), -1.0, FIELD), 49.350055055853154, UNKNOWN, NLVO)"
4,0.24418294143999997,0.24418294143999997,37.58566713467415,-121.72807782637265,"PatientState(Location(""FIELD"", (37.58566713467415, -121.72807782637265), -1.0, FIELD), 255.1971579197344, UNKNOWN, LVO)"
5,0.3217986868863449,0.24418294143999997,37.586054052495065,-121.7307052919449,"PatientState(Location(""FIELD"", (37.586054052495065, -121.7307052919449), -1.0, FIELD), 108.30046695781427, UNKNOWN, MIMIC)"
