sample,reward_best,reward_CA,location_lat,location_lon,patient_state
1,0.24418294143999997,0.24418294143999997,38.15548266874086,-121.69687080375992,"PatientState(Location(""FIELD"", (38.15548266874086, -121.69687080375992), -1.0, FIELD), 57.692189142326995, UNKNOWN, HEMORRHAGIC)"
2,0.24418294143999997,0.24418294143999997,38.15382483715565,-121.69898770758026,"PatientState(Location(""FIELD"", (38.15382483715565, -121.69898770758026), -1.0, FIELD), 146.0617466131116, UNKNOWN, LVO)"
3,0.24418294143999997,0.24418294143999997,38.154828148966494,-121.70067208145153,"PatientState(Location(""FIELD"", (38.154828148966494, -121.70067208145153), -1.0, FIELD), 258.03701147048037, UNKNOWN, HEMORRHAGIC)"
4,0.24418294143999997,0.24418294143999997,38.15720852208452,-121.69659193397611,"PatientState(Location(""FIELD"", (38.15720852208452, -121.69659193397611), -1.0, FIELD), 235.81932337873928, UNKNOWN, LVO)"
5,0.24418294143999997,0.24418294143999997,38.15480266838196,-121.69929049460377,"PatientState(Location(""FIELD"", (38.15480266838196, -121.69929049460377), -1.0, FIELD), 215.55977530006078, UNKNOWN, LVO)"
