sample,reward_best,reward_CA,location_lat,location_lon,patient_state
1,0.34650837041426386,0.3268384494696227,37.49360451916308,-121.95329825801285,"PatientState(Location(""FIELD"", (37.49360451916308, -121.95329825801285), -1.0, FIELD), 46.861644265157544, UNKNOWN, HEMORRHAGIC)"
2,0.33979669106289967,0.3203496111735536,37.4929784470924,-121.95188182818781,"PatientState(Location(""FIELD"", (37.4929784470924, -121.95188182818781), -1.0, FIELD), 75.87560782207483, UNKNOWN, HEMORRHAGIC)"
3,0.3450002292220758,0.3253793452610473,37.489479249010024,-121.95450019621194,"PatientState(Location(""FIELD"", (37.489479249010024, -121.95450019621194), -1.0, FIELD), 54.09091227254503, UNKNOWN, LVO)"
4,0.24418294143999997,0.24418294143999997,37.49131368065592,-121.95289664266295,"PatientState(Location(""FIELD"", (37.49131368065592, -121.95289664266295), -1.0, FIELD), 199.64873222040455, UNKNOWN, NLVO)"
5,0.24418294143999997,0.24418294143999997,37.49213179837165,-121.95394711814436,"PatientState(Location(""FIELD"", (37.49213179837165, -121.95394711814436), -1.0, FIELD), 208.22097557755959, UNKNOWN, MIMIC)"
