sample,reward_best,reward_CA,location_lat,location_lon,patient_state
1,0.32059949312006636,0.24418294143999997,37.93531634081093,-121.7347852403059,"PatientState(Location(""FIELD"", (37.93531634081093, -121.7347852403059), -1.0, FIELD), 22.925899755462524, UNKNOWN, MIMIC)"
2,0.3228541670427018,0.24418294143999997,37.934550316028556,-121.73442427526246,"PatientState(Location(""FIELD"", (37.934550316028556, -121.73442427526246), -1.0, FIELD), 13.128206874294069, UNKNOWN, LVO)"
3,0.24418294143999997,0.24418294143999997,37.93451943495046,-121.7334525380312,"PatientState(Location(""FIELD"", (37.93451943495046, -121.7334525380312), -1.0, FIELD), 195.71627993629812, UNKNOWN, LVO)"
4,0.25251428790661645,0.24418294143999997,37.93438341101777,-121.73356084417296,"PatientState(Location(""FIELD"", (37.93438341101777, -121.73356084417296), -1.0, FIELD), 51.1280542155889, UNKNOWN, HEMORRHAGIC)"
5,0.3211809382692853,0.24418294143999997,37.93743838152234,-121.73432790895173,"PatientState(Location(""FIELD"", (37.93743838152234, -121.73432790895173), -1.0, FIELD), 23.814990942222593, UNKNOWN, HEMORRHAGIC)"
