sample,reward_best,reward_CA,location_lat,location_lon,patient_state
1,0.3196064075888994,0.24418294143999997,37.75752600762564,-122.26158459366818,"PatientState(Location(""FIELD"", (37.75752600762564, -122.26158459366818), -1.0, FIELD), 140.07833624156967, UNKNOWN, NLVO)"
2,0.24418294143999997,0.24418294143999997,37.75457573437189,-122.26095904433193,"PatientState(Location(""FIELD"", (37.75457573437189, -122.26095904433193), -1.0, FIELD), 231.0945183275224, UNKNOWN, LVO)"
3,0.24418294143999997,0.24418294143999997,37.75840275609619,-122.26308758403009,"PatientState(Location(""FIELD"", (37.75840275609619, -122.26308758403009), -1.0, FIELD), 214.71405427323538, UNKNOWN, HEMORRHAGIC)"
4,0.24418294143999997,0.24418294143999997,37.75518744040947,-122.26307752450892,"PatientState(Location(""FIELD"", (37.75518744040947, -122.26307752450892), -1.0, FIELD), 254.64518617072375, UNKNOWN, HEMORRHAGIC)"
5,0.31939922066085236,0.24418294143999997,37.757369244527645,-122.26446936154781,"PatientState(Location(""FIELD"", (37.757369244527645, -122.26446936154781), -1.0, FIELD), 140.66697265809407, UNKNOWN, LVO)"
