sample,reward_best,reward_CA,location_lat,location_lon,patient_state
1,0.2643490510191573,0.24418294143999997,37.9506601594002,-122.36751092891828,"PatientState(Location(""FIELD"", (37.9506601594002, -122.36751092891828), -1.0, FIELD), 90.46105635907118, UNKNOWN, LVO)"
2,0.2522427079279838,0.24418294143999997,37.95370586228447,-122.3689767299711,"PatientState(Location(""FIELD"", (37.95370586228447, -122.3689767299711), -1.0, FIELD), 157.6060356075765, UNKNOWN, LVO)"
3,0.3424641772915447,0.3309285854072473,37.95242256705765,-122.36894189846936,"PatientState(Location(""FIELD"", (37.95242256705765, -122.36894189846936), -1.0, FIELD), 8.281138819420203, UNKNOWN, MIMIC)"
4,0.24418294143999997,0.24418294143999997,37.95124642894064,-122.36734327448957,"PatientState(Location(""FIELD"", (37.95124642894064, -122.36734327448957), -1.0, FIELD), 180.0705557149026, UNKNOWN, LVO)"
5,0.24418294143999997,0.24418294143999997,37.9511502281001,-122.36600381775874,"PatientState(Location(""FIELD"", (37.9511502281001, -122.36600381775874), -1.0, FIELD), 192.158309147328, UNKNOWN, HEMORRHAGIC)"
