sample,reward_best,reward_CA,location_lat,location_lon,patient_state
1,0.33882797926796454,0.32088948935636774,37.688328653242834,-122.12072238220362,"PatientState(Location(""FIELD"", (37.688328653242834, -122.12072238220362), -1.0, FIELD), 66.03808091988986, UNKNOWN, LVO)"
2,0.3150357632473393,0.24418294143999997,37.6844283380808,-122.12044506715426,"PatientState(Location(""FIELD"", (37.6844283380808, -122.12044506715426), -1.0, FIELD), 172.66188156918813, UNKNOWN, HEMORRHAGIC)"
3,0.3227222992476115,0.24418294143999997,37.68711642275004,-122.11755767852924,"PatientState(Location(""FIELD"", (37.68711642275004, -122.11755767852924), -1.0, FIELD), 137.2576153147169, UNKNOWN, LVO)"
4,0.24418294143999997,0.24418294143999997,37.68790792761699,-122.11896881161731,"PatientState(Location(""FIELD"", (37.68790792761699, -122.11896881161731), -1.0, FIELD), 247.77247873801517, UNKNOWN, LVO)"
5,0.24418294143999997,0.24418294143999997,37.68459364437146,-122.11899921808026,"PatientState(Location(""FIELD"", (37.68459364437146, -122.11899921808026), -1.0, FIELD), 259.70870927167937, UNKNOWN, NLVO)"
