sample,reward_best,reward_CA,location_lat,location_lon,patient_state
1,0.24418294143999997,0.24418294143999997,37.781414895363284,-121.81391180023148,"PatientState(Location(""FIELD"", (37.781414895363284, -121.81391180023148), -1.0, FIELD), 197.9890472995789, UNKNOWN, LVO)"
2,0.24418294143999997,0.24418294143999997,37.782138723795015,-121.81260282532214,"PatientState(Location(""FIELD"", (37.782138723795015, -121.81260282532214), -1.0, FIELD), 265.60485049230857, UNKNOWN, LVO)"
3,0.24418294143999997,0.24418294143999997,37.780338690488726,-121.81338594596959,"PatientState(Location(""FIELD"", (37.780338690488726, -121.81338594596959), -1.0, FIELD), 191.2655600477541, UNKNOWN, HEMORRHAGIC)"
4,0.24418294143999997,0.24418294143999997,37.780562044794856,-121.81448916974337,"PatientState(Location(""FIELD"", (37.780562044794856, -121.81448916974337), -1.0, FIELD), 192.26646651685232, UNKNOWN, HEMORRHAGIC)"
5,0.33877083441322753,0.317310992660879,37.779456845980725,-121.81095034874718,"PatientState(Location(""FIELD"", (37.779456845980725, -121.81095034874718), -1.0, FIELD), 42.12628539152096, UNKNOWN, LVO)"
