sample,reward_best,reward_CA,location_lat,location_lon,patient_state
1,0.3344946208020278,0.26035504963526346,37.994550697785826,-122.52749760286287,"PatientState(Location(""FIELD"", (37.994550697785826, -122.52749760286287), -1.0, FIELD), 34.33377459425439, UNKNOWN, HEMORRHAGIC)"
2,0.34204671845302037,0.2662529363825594,37.99803401279737,-122.53040560589015,"PatientState(Location(""FIELD"", (37.99803401279737, -122.53040560589015), -1.0, FIELD), 2.065270450119119, UNKNOWN, NLVO)"
3,0.24418294143999997,0.24418294143999997,37.99430703036382,-122.5259366450148,"PatientState(Location(""FIELD"", (37.99430703036382, -122.5259366450148), -1.0, FIELD), 153.6084299067615, UNKNOWN, HEMORRHAGIC)"
4,0.2544792673716168,0.24418294143999997,37.995568256282205,-122.5274332367619,"PatientState(Location(""FIELD"", (37.995568256282205, -122.5274332367619), -1.0, FIELD), 137.19681365837, UNKNOWN, LVO)"
5,0.24418294143999997,0.24418294143999997,37.994777638856384,-122.52591193109195,"PatientState(Location(""FIELD"", (37.994777638856384, -122.52591193109195), -1.0, FIELD), 232.37976531299716, UNKNOWN, LVO)"
