sample,reward_best,reward_CA,location_lat,location_lon,patient_state
1,0.34311453826821153,0.34311453826821153,37.37572083770425,-121.70294735387793,"PatientState(Location(""FIELD"", (37.37572083770425, -121.70294735387793), -1.0, FIELD), 25.772241499610463, UNKNOWN, LVO)"
2,0.324391005764357,0.324391005764357,37.37624308524166,-121.70276074996508,"PatientState(Location(""FIELD"", (37.37624308524166, -121.70276074996508), -1.0, FIELD), 107.25650846587727, UNKNOWN, LVO)"
3,0.24418294143999997,0.24418294143999997,37.37760596748688,-121.70264456745926,"PatientState(Location(""FIELD"", (37.37760596748688, -121.70264456745926), -1.0, FIELD), 228.35763588797374, UNKNOWN, LVO)"
4,0.3275509218379208,0.3275509218379208,37.37633329395149,-121.70388623545284,"PatientState(Location(""FIELD"", (37.37633329395149, -121.70388623545284), -1.0, FIELD), 92.20210819456473, UNKNOWN, LVO)"
5,0.33576173632129924,0.33576173632129924,37.37860585008177,-121.70131742466569,"PatientState(Location(""FIELD"", (37.37860585008177, -121.70131742466569), -1.0, FIELD), 57.08437233755184, UNKNOWN, NLVO)"
