sample,reward_best,reward_CA,location_lat,location_lon,patient_state
1,0.35558627944111265,0.35256280036351606,37.65851345361836,-122.37401075611508,"PatientState(Location(""FIELD"", (37.65851345361836, -122.37401075611508), -1.0, FIELD), 0.1839834251488448, UNKNOWN, MIMIC)"
2,0.2519141645516871,0.2519141645516871,37.65686984033368,-122.37452039069133,"PatientState(Location(""FIELD"", (37.65686984033368, -122.37452039069133), -1.0, FIELD), 193.99664673900998, UNKNOWN, LVO)"
3,0.3149489491262215,0.254940408926484,37.65586683897361,-122.37352929656437,"PatientState(Location(""FIELD"", (37.65586683897361, -122.37352929656437), -1.0, FIELD), 176.43646592684985, UNKNOWN, NLVO)"
4,0.3514135468673243,0.3483681627759277,37.65559737421023,-122.37321096780475,"PatientState(Location(""FIELD"", (37.65559737421023, -122.37321096780475), -1.0, FIELD), 16.973351919152034, UNKNOWN, LVO)"
5,0.3303199392804959,0.26727632252875383,37.655849857932914,-122.37539752772055,"PatientState(Location(""FIELD"", (37.655849857932914, -122.37539752772055), -1.0, FIELD), 108.18949993274774, UNKNOWN, HEMORRHAGIC)"
