sample,reward_best,reward_CA,location_lat,location_lon,patient_state
1,0.34392111503525014,0.3292845167515467,37.83943475330086,-122.14391625300058,"PatientState(Location(""FIELD"", (37.83943475330086, -122.14391625300058), -1.0, FIELD), 14.79840510144752, UNKNOWN, LVO)"
2,0.3186447669398305,0.24418294143999997,37.84245280998091,-122.1454903277843,"PatientState(Location(""FIELD"", (37.84245280998091, -122.1454903277843), -1.0, FIELD), 125.97625264853016, UNKNOWN, LVO)"
3,0.24418294143999997,0.24418294143999997,37.84133923558999,-122.14531604383198,"PatientState(Location(""FIELD"", (37.84133923558999, -122.14531604383198), -1.0, FIELD), 246.77133077183032, UNKNOWN, LVO)"
4,0.31768101275115357,0.24418294143999997,37.84182636292265,-122.14107197887499,"PatientState(Location(""FIELD"", (37.84182636292265, -122.14107197887499), -1.0, FIELD), 130.21518937329483, UNKNOWN, LVO)"
5,0.3440952406661604,0.3294546449863635,37.843220649643975,-122.14407313411256,"PatientState(Location(""FIELD"", (37.843220649643975, -122.14407313411256), -1.0, FIELD), 15.238347903309428, UNKNOWN, LVO)"
