sample,reward_best,reward_CA,location_lat,location_lon,patient_state
1,0.252527873168386,0.24418294143999997,38.00241229711249,-121.89059164075134,"PatientState(Location(""FIELD"", (38.00241229711249, -121.89059164075134), -1.0, FIELD), 68.1531735437583, UNKNOWN, LVO)"
2,0.3154259240325583,0.24418294143999997,38.001878553391386,-121.88975127459862,"PatientState(Location(""FIELD"", (38.001878553391386, -121.88975127459862), -1.0, FIELD), 62.26429367609845, UNKNOWN, LVO)"
3,0.32845394682967194,0.24418294143999997,37.99933836039709,-121.89038937112366,"PatientState(Location(""FIELD"", (37.99933836039709, -121.89038937112366), -1.0, FIELD), 3.7961580188310187, UNKNOWN, MIMIC)"
4,0.32304374126069724,0.24418294143999997,38.003342794261236,-121.88785414687983,"PatientState(Location(""FIELD"", (38.003342794261236, -121.88785414687983), -1.0, FIELD), 28.33621830158757, UNKNOWN, HEMORRHAGIC)"
5,0.24418294143999997,0.24418294143999997,37.99880310915771,-121.88807675260895,"PatientState(Location(""FIELD"", (37.99880310915771, -121.88807675260895), -1.0, FIELD), 200.61694811343287, UNKNOWN, LVO)"
