sample,reward_best,reward_CA,location_lat,location_lon,patient_state
1,0.327482219753395,0.3164030701729373,37.93791571389089,-122.44568041354594,"PatientState(Location(""FIELD"", (37.93791571389089, -122.44568041354594), -1.0, FIELD), 67.0277859153959, UNKNOWN, HEMORRHAGIC)"
2,0.3310783844647479,0.3198979012517475,37.93804028849515,-122.44130457448271,"PatientState(Location(""FIELD"", (37.93804028849515, -122.44130457448271), -1.0, FIELD), 51.108212751262194, UNKNOWN, LVO)"
3,0.2593442905345426,0.24418294143999997,37.9377298033136,-122.442867079672,"PatientState(Location(""FIELD"", (37.9377298033136, -122.442867079672), -1.0, FIELD), 111.75547862469266, UNKNOWN, NLVO)"
4,0.24418294143999997,0.24418294143999997,37.93728548810355,-122.44234485807947,"PatientState(Location(""FIELD"", (37.93728548810355, -122.44234485807947), -1.0, FIELD), 253.69692653622974, UNKNOWN, HEMORRHAGIC)"
5,0.26241397438305275,0.24418294143999997,37.93681574155635,-122.44184552476635,"PatientState(Location(""FIELD"", (37.93681574155635, -122.44184552476635), -1.0, FIELD), 94.68808704910427, UNKNOWN, HEMORRHAGIC)"
