sample,reward_best,reward_CA,location_lat,location_lon,patient_state
1,0.24418294143999997,0.24418294143999997,37.733084491113786,-122.22470925961406,"PatientState(Location(""FIELD"", (37.733084491113786, -122.22470925961406), -1.0, FIELD), 234.94042251242576, UNKNOWN, NLVO)"
2,0.24418294143999997,0.24418294143999997,37.73064909054089,-122.22500794103716,"PatientState(Location(""FIELD"", (37.73064909054089, -122.22500794103716), -1.0, FIELD), 199.73981899270098, UNKNOWN, HEMORRHAGIC)"
3,0.33684357550460264,0.3206777936273678,37.73189485065141,-122.2231169506965,"PatientState(Location(""FIELD"", (37.73189485065141, -122.2231169506965), -1.0, FIELD), 66.05782117339677, UNKNOWN, LVO)"
4,0.32615579354323765,0.24418294143999997,37.7324717321914,-122.22568900118783,"PatientState(Location(""FIELD"", (37.7324717321914, -122.22568900118783), -1.0, FIELD), 112.71144387111262, UNKNOWN, HEMORRHAGIC)"
5,0.3460964026310136,0.32967513741907645,37.7331343813459,-122.22328051181638,"PatientState(Location(""FIELD"", (37.7331343813459, -122.22328051181638), -1.0, FIELD), 26.379911318623936, UNKNOWN, NLVO)"
