sample,reward_best,reward_CA,location_lat,location_lon,patient_state
1,0.33583820378404383,0.3253976784578011,37.965766503350444,-122.15077423762824,"PatientState(Location(""FIELD"", (37.965766503350444, -122.15077423762824), -1.0, FIELD), 20.636962504055955, UNKNOWN, LVO)"
2,0.33192816273656484,0.3215894808353694,37.96592777901175,-122.1483027859833,"PatientState(Location(""FIELD"", (37.96592777901175, -122.1483027859833), -1.0, FIELD), 38.67028342550149, UNKNOWN, LVO)"
3,0.3329307276312623,0.32252786844487197,37.96441077267875,-122.14750171630494,"PatientState(Location(""FIELD"", (37.96441077267875, -122.14750171630494), -1.0, FIELD), 34.0836282479973, UNKNOWN, HEMORRHAGIC)"
4,0.24418294143999997,0.24418294143999997,37.96778176196353,-122.1492253723069,"PatientState(Location(""FIELD"", (37.96778176196353, -122.1492253723069), -1.0, FIELD), 176.65111677094063, UNKNOWN, LVO)"
5,0.24418294143999997,0.24418294143999997,37.96422893210312,-122.1506847015826,"PatientState(Location(""FIELD"", (37.96422893210312, -122.1506847015826), -1.0, FIELD), 153.28095849212275, UNKNOWN, LVO)"
