sample,reward_best,reward_CA,location_lat,location_lon,patient_state
1,0.24418294143999997,0.24418294143999997,37.66963002716875,-121.81935312773994,"PatientState(Location(""FIELD"", (37.66963002716875, -121.81935312773994), -1.0, FIELD), 249.61101634610665, UNKNOWN, HEMORRHAGIC)"
2,0.33308675822234685,0.3142206944163765,37.67230152621074,-121.81843587850823,"PatientState(Location(""FIELD"", (37.67230152621074, -121.81843587850823), -1.0, FIELD), 82.4708243775653, UNKNOWN, NLVO)"
3,0.33821382359036867,0.3191706897100206,37.669918863396255,-121.8179191055866,"PatientState(Location(""FIELD"", (37.669918863396255, -121.8179191055866), -1.0, FIELD), 61.13557686040633, UNKNOWN, NLVO)"
4,0.24418294143999997,0.24418294143999997,37.672482474507405,-121.82004809451887,"PatientState(Location(""FIELD"", (37.672482474507405, -121.82004809451887), -1.0, FIELD), 229.6472517606002, UNKNOWN, LVO)"
5,0.32136847966685117,0.24418294143999997,37.67195375713689,-121.81824352576622,"PatientState(Location(""FIELD"", (37.67195375713689, -121.81824352576622), -1.0, FIELD), 134.04234480589997, UNKNOWN, LVO)"
