sample,reward_best,reward_CA,location_lat,location_lon,patient_state
1,0.24418294143999997,0.24418294143999997,37.95873102587906,-122.1214254472074,"PatientState(Location(""FIELD"", (37.95873102587906, -122.1214254472074), -1.0, FIELD), 174.93030463572913, UNKNOWN, LVO)"
2,0.3284636475512171,0.3182176605913732,37.95813784673949,-122.1243672222176,"PatientState(Location(""FIELD"", (37.95813784673949, -122.1243672222176), -1.0, FIELD), 52.38478306429163, UNKNOWN, LVO)"
3,0.26021277992660763,0.24418294143999997,37.95753566262202,-122.12221829909826,"PatientState(Location(""FIELD"", (37.95753566262202, -122.12221829909826), -1.0, FIELD), 96.40349738665682, UNKNOWN, LVO)"
4,0.24418294143999997,0.24418294143999997,37.95790205639505,-122.12336564379981,"PatientState(Location(""FIELD"", (37.95790205639505, -122.12336564379981), -1.0, FIELD), 213.4732406239246, UNKNOWN, LVO)"
5,0.24418294143999997,0.24418294143999997,37.95604048215902,-122.12287329147273,"PatientState(Location(""FIELD"", (37.95604048215902, -122.12287329147273), -1.0, FIELD), 250.13391810475358, UNKNOWN, LVO)"
