sample,reward_best,reward_CA,location_lat,location_lon,patient_state
1,0.3335686703185866,0.3182753382099306,37.82736942576951,-122.2211753103888,"PatientState(Location(""FIELD"", (37.82736942576951, -122.2211753103888), -1.0, FIELD), 72.98597684651865, UNKNOWN, LVO)"
2,0.24418294143999997,0.24418294143999997,37.82789219653872,-122.22357397164274,"PatientState(Location(""FIELD"", (37.82789219653872, -122.22357397164274), -1.0, FIELD), 259.72724367941674, UNKNOWN, HEMORRHAGIC)"
3,0.24418294143999997,0.24418294143999997,37.82501350774186,-122.22383030951377,"PatientState(Location(""FIELD"", (37.82501350774186, -122.22383030951377), -1.0, FIELD), 268.8572568216095, UNKNOWN, LVO)"
4,0.3346604959296656,0.3193383903842762,37.82673830467574,-122.22138770431194,"PatientState(Location(""FIELD"", (37.82673830467574, -122.22138770431194), -1.0, FIELD), 68.02370065035666, UNKNOWN, HEMORRHAGIC)"
5,0.24418294143999997,0.24418294143999997,37.82653471552928,-122.22503601556926,"PatientState(Location(""FIELD"", (37.82653471552928, -122.22503601556926), -1.0, FIELD), 216.34094534368492, UNKNOWN, HEMORRHAGIC)"
