sample,reward_best,reward_CA,location_lat,location_lon,patient_state
1,0.32290901172937814,0.24418294143999997,37.85036809155355,-122.23813808814668,"PatientState(Location(""FIELD"", (37.85036809155355, -122.23813808814668), -1.0, FIELD), 119.48575154258609, UNKNOWN, LVO)"
2,0.3297513738703424,0.31613080660560827,37.851119013785606,-122.2401453655875,"PatientState(Location(""FIELD"", (37.851119013785606, -122.2401453655875), -1.0, FIELD), 90.17588473317082, UNKNOWN, HEMORRHAGIC)"
3,0.24418294143999997,0.24418294143999997,37.8520946785571,-122.23925193162458,"PatientState(Location(""FIELD"", (37.8520946785571, -122.23925193162458), -1.0, FIELD), 210.68104266023275, UNKNOWN, HEMORRHAGIC)"
4,0.24418294143999997,0.24418294143999997,37.84977719540479,-122.23893154495958,"PatientState(Location(""FIELD"", (37.84977719540479, -122.23893154495958), -1.0, FIELD), 184.57592990519746, UNKNOWN, LVO)"
5,0.344919233664203,0.3312012957907223,37.85313516379063,-122.24016877799149,"PatientState(Location(""FIELD"", (37.85313516379063, -122.24016877799149), -1.0, FIELD), 24.29197471919356, UNKNOWN, MIMIC)"
