sample,reward_best,reward_CA,location_lat,location_lon,patient_state
1,0.3197546831799078,0.24418294143999997,37.57027584443123,-121.78410777986463,"PatientState(Location(""FIELD"", (37.57027584443123, -121.78410777986463), -1.0, FIELD), 117.57636443813199, UNKNOWN, LVO)"
2,0.24418294143999997,0.24418294143999997,37.57169431766216,-121.78269826751568,"PatientState(Location(""FIELD"", (37.57169431766216, -121.78269826751568), -1.0, FIELD), 257.07657039452045, UNKNOWN, LVO)"
3,0.3327190533581867,0.31386596054417276,37.57123831614251,-121.7840107731046,"PatientState(Location(""FIELD"", (37.57123831614251, -121.7840107731046), -1.0, FIELD), 59.112932246277246, UNKNOWN, MIMIC)"
4,0.24418294143999997,0.24418294143999997,37.57292876785303,-121.78273479390134,"PatientState(Location(""FIELD"", (37.57292876785303, -121.78273479390134), -1.0, FIELD), 153.99614287713229, UNKNOWN, HEMORRHAGIC)"
5,0.31854978113530874,0.24418294143999997,37.571957474398125,-121.78135046164276,"PatientState(Location(""FIELD"", (37.571957474398125, -121.78135046164276), -1.0, FIELD), 120.59455574616159, UNKNOWN, HEMORRHAGIC)"
