sample,reward_best,reward_CA,location_lat,location_lon,patient_state
1,0.3409034719969655,0.3409034719969655,37.25476604894691,-122.08846172737081,"PatientState(Location(""FIELD"", (37.25476604894691, -122.08846172737081), -1.0, FIELD), 67.944248102061, UNKNOWN, LVO)"
2,0.31759743711546917,0.31759743711546917,37.253956148203606,-122.08774703753981,"PatientState(Location(""FIELD"", (37.253956148203606, -122.08774703753981), -1.0, FIELD), 170.36982527780233, UNKNOWN, HEMORRHAGIC)"
3,0.3339712049776973,0.3339712049776973,37.257679336900594,-122.08976628682899,"PatientState(Location(""FIELD"", (37.257679336900594, -122.08976628682899), -1.0, FIELD), 97.42972159806443, UNKNOWN, HEMORRHAGIC)"
4,0.32639580183139194,0.32639580183139194,37.2559204237475,-122.08830851276717,"PatientState(Location(""FIELD"", (37.2559204237475, -122.08830851276717), -1.0, FIELD), 130.83162833053188, UNKNOWN, LVO)"
5,0.35420085851630484,0.35420085851630484,37.25394178853493,-122.08925997321676,"PatientState(Location(""FIELD"", (37.25394178853493, -122.08925997321676), -1.0, FIELD), 11.345373885413082, UNKNOWN, LVO)"
