sample,reward_best,reward_CA,location_lat,location_lon,patient_state
1,0.24418294143999997,0.24418294143999997,37.4089646962225,-122.02876802819826,"PatientState(Location(""FIELD"", (37.4089646962225, -122.02876802819826), -1.0, FIELD), 243.89165365765007, UNKNOWN, HEMORRHAGIC)"
2,0.3485900358344992,0.34436395696701416,37.409129298436675,-122.02667332007049,"PatientState(Location(""FIELD"", (37.409129298436675, -122.02667332007049), -1.0, FIELD), 38.29041461484759, UNKNOWN, LVO)"
3,0.24418294143999997,0.24418294143999997,37.41304690897986,-122.02795307162421,"PatientState(Location(""FIELD"", (37.41304690897986, -122.02795307162421), -1.0, FIELD), 246.65872217059086, UNKNOWN, LVO)"
4,0.3541124962527219,0.34962619278449397,37.409243567000736,-122.03079895967167,"PatientState(Location(""FIELD"", (37.409243567000736, -122.03079895967167), -1.0, FIELD), 15.149558188324985, UNKNOWN, HEMORRHAGIC)"
5,0.3298339840399085,0.26552156351023853,37.41001865515199,-122.02726164786165,"PatientState(Location(""FIELD"", (37.41001865515199, -122.02726164786165), -1.0, FIELD), 118.23398311384757, UNKNOWN, LVO)"
