sample,reward_best,reward_CA,location_lat,location_lon,patient_state
1,0.25317626838434537,0.24418294143999997,38.147178507863856,-122.16811166816782,"PatientState(Location(""FIELD"", (38.147178507863856, -122.16811166816782), -1.0, FIELD), 65.81952995486677, UNKNOWN, HEMORRHAGIC)"
2,0.3287432867149092,0.24418294143999997,38.14620632827582,-122.1694296471651,"PatientState(Location(""FIELD"", (38.14620632827582, -122.1694296471651), -1.0, FIELD), 2.9403369836339532, UNKNOWN, LVO)"
3,0.24418294143999997,0.24418294143999997,38.14470815797305,-122.1704618618755,"PatientState(Location(""FIELD"", (38.14470815797305, -122.1704618618755), -1.0, FIELD), 164.20338239533947, UNKNOWN, LVO)"
4,0.24418294143999997,0.24418294143999997,38.148560726516195,-122.16936554432631,"PatientState(Location(""FIELD"", (38.148560726516195, -122.16936554432631), -1.0, FIELD), 134.3955924246066, UNKNOWN, HEMORRHAGIC)"
5,0.24418294143999997,0.24418294143999997,38.145137697202244,-122.16711074132076,"PatientState(Location(""FIELD"", (38.145137697202244, -122.16711074132076), -1.0, FIELD), 195.08160750750451, UNKNOWN, HEMORRHAGIC)"
