sample,reward_best,reward_CA,location_lat,location_lon,patient_state
1,0.334048550615604,0.3290869672522499,37.29150407473061,-121.97525706144422,"PatientState(Location(""FIELD"", (37.29150407473061, -121.97525706144422), -1.0, FIELD), 104.5650284581033, UNKNOWN, NLVO)"
2,0.3251230996821469,0.26094675353876146,37.29020468361163,-121.97096837541112,"PatientState(Location(""FIELD"", (37.29020468361163, -121.97096837541112), -1.0, FIELD), 143.1247443050014, UNKNOWN, NLVO)"
3,0.24418294143999997,0.24418294143999997,37.29278900232502,-121.97450246640283,"PatientState(Location(""FIELD"", (37.29278900232502, -121.97450246640283), -1.0, FIELD), 257.3505587284715, UNKNOWN, HEMORRHAGIC)"
4,0.34597060900552756,0.3408384383092556,37.28992198264308,-121.97229164386414,"PatientState(Location(""FIELD"", (37.28992198264308, -121.97229164386414), -1.0, FIELD), 52.734836759031374, UNKNOWN, LVO)"
5,0.34689568859927794,0.3414854148327864,37.289163485191025,-121.97326852731156,"PatientState(Location(""FIELD"", (37.289163485191025, -121.97326852731156), -1.0, FIELD), 49.97113889187253, UNKNOWN, LVO)"
