sample,reward_best,reward_CA,location_lat,location_lon,patient_state
1,0.26235115042423907,0.24418294143999997,37.95510968016964,-122.52512224323361,"PatientState(Location(""FIELD"", (37.95510968016964, -122.52512224323361), -1.0, FIELD), 96.20187654794617, UNKNOWN, LVO)"
2,0.31683317261715255,0.2546984313664105,37.95623430789017,-122.5247773774652,"PatientState(Location(""FIELD"", (37.95623430789017, -122.5247773774652), -1.0, FIELD), 73.48256662559986, UNKNOWN, HEMORRHAGIC)"
3,0.326964998249666,0.25587272741031036,37.958677401894235,-122.52340498115721,"PatientState(Location(""FIELD"", (37.958677401894235, -122.52340498115721), -1.0, FIELD), 64.08117938404739, UNKNOWN, HEMORRHAGIC)"
4,0.2571079057446308,0.24418294143999997,37.958433929363714,-122.52523882534548,"PatientState(Location(""FIELD"", (37.958433929363714, -122.52523882534548), -1.0, FIELD), 124.7437252627185, UNKNOWN, LVO)"
5,0.2609384069060876,0.24418294143999997,37.95846395405658,-122.52297877675154,"PatientState(Location(""FIELD"", (37.95846395405658, -122.52297877675154), -1.0, FIELD), 102.18093772189816, UNKNOWN, NLVO)"
