sample,reward_best,reward_CA,location_lat,location_lon,patient_state
1,0.24418294143999997,0.24418294143999997,38.11464445002703,-121.7956076026089,"PatientState(Location(""FIELD"", (38.11464445002703, -121.7956076026089), -1.0, FIELD), 202.7855290793028, UNKNOWN, HEMORRHAGIC)"
2,0.24418294143999997,0.24418294143999997,38.11857237693503,-121.79500434012418,"PatientState(Location(""FIELD"", (38.11857237693503, -121.79500434012418), -1.0, FIELD), 257.1030131803813, UNKNOWN, LVO)"
3,0.24418294143999997,0.24418294143999997,38.11586970877919,-121.79172170553666,"PatientState(Location(""FIELD"", (38.11586970877919, -121.79172170553666), -1.0, FIELD), 177.1293641117095, UNKNOWN, LVO)"
4,0.24418294143999997,0.24418294143999997,38.11581856012833,-121.79322619108088,"PatientState(Location(""FIELD"", (38.11581856012833, -121.79322619108088), -1.0, FIELD), 162.9168974470779, UNKNOWN, LVO)"
5,0.24418294143999997,0.24418294143999997,38.11522968275667,-121.79575637594152,"PatientState(Location(""FIELD"", (38.11522968275667, -121.79575637594152), -1.0, FIELD), 78.18515102949344, UNKNOWN, HEMORRHAGIC)"
