sample,reward_best,reward_CA,location_lat,location_lon,patient_state
1,0.3253903987131766,0.3253903987131766,37.22842179095009,-122.07374218796312,"PatientState(Location(""FIELD"", (37.22842179095009, -122.07374218796312), -1.0, FIELD), 131.00738499321335, UNKNOWN, LVO)"
2,0.32265706535755084,0.32265706535755084,37.22380845346949,-122.07294400615906,"PatientState(Location(""FIELD"", (37.22380845346949, -122.07294400615906), -1.0, FIELD), 140.6804913891079, UNKNOWN, LVO)"
3,0.33820803598848764,0.33820803598848764,37.227166606947,-122.07256995599398,"PatientState(Location(""FIELD"", (37.227166606947, -122.07256995599398), -1.0, FIELD), 73.63223670345118, UNKNOWN, MIMIC)"
4,0.33973434139294445,0.33973434139294445,37.22391830869096,-122.07391049903703,"PatientState(Location(""FIELD"", (37.22391830869096, -122.07391049903703), -1.0, FIELD), 66.03418076953167, UNKNOWN, NLVO)"
5,0.3434727799473511,0.3434727799473511,37.225083190897415,-122.07314683814127,"PatientState(Location(""FIELD"", (37.225083190897415, -122.07314683814127), -1.0, FIELD), 49.88435153806425, UNKNOWN, HEMORRHAGIC)"
