sample,reward_best,reward_CA,location_lat,location_lon,patient_state
1,0.3402746065172291,0.3288437380873192,37.94427371799894,-122.47479283112588,"PatientState(Location(""FIELD"", (37.94427371799894, -122.47479283112588), -1.0, FIELD), 13.993132662672432, UNKNOWN, LVO)"
2,0.24418294143999997,0.24418294143999997,37.94431200901729,-122.47447964543086,"PatientState(Location(""FIELD"", (37.94431200901729, -122.47447964543086), -1.0, FIELD), 230.50958434751885, UNKNOWN, LVO)"
3,0.2520191820083719,0.24418294143999997,37.944791887872455,-122.47551834542877,"PatientState(Location(""FIELD"", (37.944791887872455, -122.47551834542877), -1.0, FIELD), 155.69205767249, UNKNOWN, LVO)"
4,0.24418294143999997,0.24418294143999997,37.94467179485023,-122.47495014415979,"PatientState(Location(""FIELD"", (37.94467179485023, -122.47495014415979), -1.0, FIELD), 207.00214367017733, UNKNOWN, LVO)"
5,0.24418294143999997,0.24418294143999997,37.94420266094905,-122.47086523434736,"PatientState(Location(""FIELD"", (37.94420266094905, -122.47086523434736), -1.0, FIELD), 264.1213601193137, UNKNOWN, HEMORRHAGIC)"
