sample,reward_best,reward_CA,location_lat,location_lon,patient_state
1,0.35129072163359876,0.35129072163359876,37.18983140202713,-121.69516231433224,"PatientState(Location(""FIELD"", (37.18983140202713, -121.69516231433224), -1.0, FIELD), 11.94206487123717, UNKNOWN, NLVO)"
2,0.33510931743695305,0.3318974984348648,37.19176319883257,-121.69439761702135,"PatientState(Location(""FIELD"", (37.19176319883257, -121.69439761702135), -1.0, FIELD), 95.8531004365728, UNKNOWN, LVO)"
3,0.24418294143999997,0.24418294143999997,37.19094082859098,-121.69376538324518,"PatientState(Location(""FIELD"", (37.19094082859098, -121.69376538324518), -1.0, FIELD), 248.78565074872432, UNKNOWN, HEMORRHAGIC)"
4,0.34253656789538317,0.3393453142709711,37.19064430731289,-121.69140459688829,"PatientState(Location(""FIELD"", (37.19064430731289, -121.69140459688829), -1.0, FIELD), 63.28316079342842, UNKNOWN, HEMORRHAGIC)"
5,0.24418294143999997,0.24418294143999997,37.188902944612245,-121.69162493581636,"PatientState(Location(""FIELD"", (37.188902944612245, -121.69162493581636), -1.0, FIELD), 195.62608144410015, UNKNOWN, LVO)"
