sample,reward_best,reward_CA,location_lat,location_lon,patient_state
1,0.24418294143999997,0.24418294143999997,37.6958059000828,-122.13885635875668,"PatientState(Location(""FIELD"", (37.6958059000828, -122.13885635875668), -1.0, FIELD), 210.65489505560626, UNKNOWN, HEMORRHAGIC)"
2,0.3398771488985566,0.3213201513396836,37.69686543049052,-122.13795879739887,"PatientState(Location(""FIELD"", (37.69686543049052, -122.13795879739887), -1.0, FIELD), 62.46740657060192, UNKNOWN, HEMORRHAGIC)"
3,0.3532796975829788,0.33399619182735946,37.69433126085524,-122.14035121805234,"PatientState(Location(""FIELD"", (37.69433126085524, -122.14035121805234), -1.0, FIELD), 5.969387561988797, UNKNOWN, LVO)"
4,0.24418294143999997,0.24418294143999997,37.69486191421086,-122.13674322933193,"PatientState(Location(""FIELD"", (37.69486191421086, -122.13674322933193), -1.0, FIELD), 214.45917215497684, UNKNOWN, LVO)"
5,0.32540738805318203,0.24418294143999997,37.69817680881681,-122.13598960512554,"PatientState(Location(""FIELD"", (37.69817680881681, -122.13598960512554), -1.0, FIELD), 123.6856941520075, UNKNOWN, LVO)"
