sample,reward_best,reward_CA,location_lat,location_lon,patient_state
1,0.3146017232725764,0.3146017232725764,37.48513014170864,-121.83393727802239,"PatientState(Location(""FIELD"", (37.48513014170864, -121.83393727802239), -1.0, FIELD), 179.35536541184462, UNKNOWN, HEMORRHAGIC)"
2,0.24418294143999997,0.24418294143999997,37.487802223933514,-121.83468004997249,"PatientState(Location(""FIELD"", (37.487802223933514, -121.83468004997249), -1.0, FIELD), 256.3395909458405, UNKNOWN, LVO)"
3,0.3168866245130314,0.3168866245130314,37.486469370593696,-121.83354656055667,"PatientState(Location(""FIELD"", (37.486469370593696, -121.83354656055667), -1.0, FIELD), 169.01699045815968, UNKNOWN, LVO)"
4,0.3391871721481932,0.3391871721481932,37.48602990220598,-121.8318040692704,"PatientState(Location(""FIELD"", (37.48602990220598, -121.8318040692704), -1.0, FIELD), 71.12061908891951, UNKNOWN, LVO)"
5,0.3315905711363332,0.3315905711363332,37.48435563939941,-121.83401412007424,"PatientState(Location(""FIELD"", (37.48435563939941, -121.83401412007424), -1.0, FIELD), 103.94782304294293, UNKNOWN, MIMIC)"
