sample,reward_best,reward_CA,location_lat,location_lon,patient_state
1,0.3388818109252135,0.31981612343726407,37.63214142752329,-121.89900790497205,"PatientState(Location(""FIELD"", (37.63214142752329, -121.89900790497205), -1.0, FIELD), 69.13919137412654, UNKNOWN, HEMORRHAGIC)"
2,0.24418294143999997,0.24418294143999997,37.628835679483906,-121.89723764330539,"PatientState(Location(""FIELD"", (37.628835679483906, -121.89723764330539), -1.0, FIELD), 262.6559915291928, UNKNOWN, LVO)"
3,0.3402084009193299,0.3210978981794798,37.63059522033228,-121.89791251975444,"PatientState(Location(""FIELD"", (37.63059522033228, -121.89791251975444), -1.0, FIELD), 62.81616450174617, UNKNOWN, HEMORRHAGIC)"
4,0.32825452508133524,0.24418294143999997,37.63131941075443,-121.89925454544893,"PatientState(Location(""FIELD"", (37.63131941075443, -121.89925454544893), -1.0, FIELD), 115.04259673739881, UNKNOWN, LVO)"
5,0.3466968216248568,0.32737557259098016,37.6321593132918,-121.89720762342175,"PatientState(Location(""FIELD"", (37.6321593132918, -121.89720762342175), -1.0, FIELD), 35.916797936935964, UNKNOWN, HEMORRHAGIC)"
