sample,reward_best,reward_CA,location_lat,location_lon,patient_state
1,0.24418294143999997,0.24418294143999997,38.04262460408863,-121.95320342504587,"PatientState(Location(""FIELD"", (38.04262460408863, -121.95320342504587), -1.0, FIELD), 156.4272549115804, UNKNOWN, LVO)"
2,0.3232063497615449,0.24418294143999997,38.039141526989134,-121.95184976905931,"PatientState(Location(""FIELD"", (38.039141526989134, -121.95184976905931), -1.0, FIELD), 28.714001268999876, UNKNOWN, LVO)"
3,0.24418294143999997,0.24418294143999997,38.04066945894515,-121.95098379170511,"PatientState(Location(""FIELD"", (38.04066945894515, -121.95098379170511), -1.0, FIELD), 235.92636943418844, UNKNOWN, NLVO)"
4,0.24418294143999997,0.24418294143999997,38.04135149079058,-121.95272180389102,"PatientState(Location(""FIELD"", (38.04135149079058, -121.95272180389102), -1.0, FIELD), 81.08712302924802, UNKNOWN, HEMORRHAGIC)"
5,0.24418294143999997,0.24418294143999997,38.04291919421421,-121.95260404483608,"PatientState(Location(""FIELD"", (38.04291919421421, -121.95260404483608), -1.0, FIELD), 141.57742689032767, UNKNOWN, LVO)"
