sample,reward_best,reward_CA,location_lat,location_lon,patient_state
1,0.3219738385431106,0.2603605018455508,37.213324188992054,-121.78543357704388,"PatientState(Location(""FIELD"", (37.213324188992054, -121.78543357704388), -1.0, FIELD), 147.41018680266146, UNKNOWN, LVO)"
2,0.34905202694257703,0.3466787912919329,37.21086136014905,-121.78436777381468,"PatientState(Location(""FIELD"", (37.21086136014905, -121.78436777381468), -1.0, FIELD), 29.652874940831218, UNKNOWN, HEMORRHAGIC)"
3,0.3283336975537598,0.3258749396876228,37.21155975461967,-121.78503603444315,"PatientState(Location(""FIELD"", (37.21155975461967, -121.78503603444315), -1.0, FIELD), 119.0831561777064, UNKNOWN, HEMORRHAGIC)"
4,0.3406733549845103,0.33826284620843833,37.20927354628723,-121.78118416401979,"PatientState(Location(""FIELD"", (37.20927354628723, -121.78118416401979), -1.0, FIELD), 64.82052889957234, UNKNOWN, HEMORRHAGIC)"
5,0.3289868687460913,0.32653051593351207,37.20991449930718,-121.78257970413904,"PatientState(Location(""FIELD"", (37.20991449930718, -121.78257970413904), -1.0, FIELD), 115.70591980773148, UNKNOWN, LVO)"
