sample,reward_best,reward_CA,location_lat,location_lon,patient_state
1,0.3352881959015452,0.3263476849030195,37.93590990031312,-121.9921118104438,"PatientState(Location(""FIELD"", (37.93590990031312, -121.9921118104438), -1.0, FIELD), 18.802234172098906, UNKNOWN, LVO)"
2,0.24418294143999997,0.24418294143999997,37.9368788021494,-121.994352371844,"PatientState(Location(""FIELD"", (37.9368788021494, -121.994352371844), -1.0, FIELD), 222.56988594503642, UNKNOWN, HEMORRHAGIC)"
3,0.24418294143999997,0.24418294143999997,37.93866645238497,-121.99469625726047,"PatientState(Location(""FIELD"", (37.93866645238497, -121.99469625726047), -1.0, FIELD), 144.8631320875651, UNKNOWN, HEMORRHAGIC)"
4,0.3167077046245062,0.3167077046245062,37.934635001266166,-121.99190914192992,"PatientState(Location(""FIELD"", (37.934635001266166, -121.99190914192992), -1.0, FIELD), 60.74342639480292, UNKNOWN, LVO)"
5,0.24418294143999997,0.24418294143999997,37.93787154336559,-121.99099799518676,"PatientState(Location(""FIELD"", (37.93787154336559, -121.99099799518676), -1.0, FIELD), 269.47464227192773, UNKNOWN, LVO)"
