sample,reward_best,reward_CA,location_lat,location_lon,patient_state
1,0.24418294143999997,0.24418294143999997,38.11864687577348,-121.83201766798894,"PatientState(Location(""FIELD"", (38.11864687577348, -121.83201766798894), -1.0, FIELD), 229.65296574452393, UNKNOWN, HEMORRHAGIC)"
2,0.24418294143999997,0.24418294143999997,38.11537402777636,-121.83241233113692,"PatientState(Location(""FIELD"", (38.11537402777636, -121.83241233113692), -1.0, FIELD), 266.9657655624948, UNKNOWN, HEMORRHAGIC)"
3,0.24418294143999997,0.24418294143999997,38.118496962924524,-121.83357669501837,"PatientState(Location(""FIELD"", (38.118496962924524, -121.83357669501837), -1.0, FIELD), 98.41138655691782, UNKNOWN, NLVO)"
4,0.24418294143999997,0.24418294143999997,38.11745303746512,-121.83182934747285,"PatientState(Location(""FIELD"", (38.11745303746512, -121.83182934747285), -1.0, FIELD), 219.25563648707558, UNKNOWN, HEMORRHAGIC)"
5,0.24418294143999997,0.24418294143999997,38.116846612739124,-121.83379944133478,"PatientState(Location(""FIELD"", (38.116846612739124, -121.83379944133478), -1.0, FIELD), 35.63045896748815, UNKNOWN, HEMORRHAGIC)"
