sample,reward_best,reward_CA,location_lat,location_lon,patient_state
1,0.3276660202842193,0.3244146231663531,37.467814639426315,-122.27305145973317,"PatientState(Location(""FIELD"", (37.467814639426315, -122.27305145973317), -1.0, FIELD), 132.4192307152094, UNKNOWN, HEMORRHAGIC)"
2,0.3311122955993493,0.3276177984665663,37.46559658271813,-122.27315296144711,"PatientState(Location(""FIELD"", (37.46559658271813, -122.27315296144711), -1.0, FIELD), 114.76898303892376, UNKNOWN, LVO)"
3,0.34377207496692797,0.34055008432007133,37.46746693726189,-122.27509131941632,"PatientState(Location(""FIELD"", (37.46746693726189, -122.27509131941632), -1.0, FIELD), 62.22961722382955, UNKNOWN, HEMORRHAGIC)"
4,0.24418294143999997,0.24418294143999997,37.46834494806723,-122.27431709677931,"PatientState(Location(""FIELD"", (37.46834494806723, -122.27431709677931), -1.0, FIELD), 233.55043576165718, UNKNOWN, LVO)"
5,0.32679617949198797,0.26288231497481124,37.46475714733578,-122.27419776292649,"PatientState(Location(""FIELD"", (37.46475714733578, -122.27419776292649), -1.0, FIELD), 133.79914787632143, UNKNOWN, MIMIC)"
