sample,reward_best,reward_CA,location_lat,location_lon,patient_state
1,0.24418294143999997,0.24418294143999997,37.621279638813746,-122.14932184072248,"PatientState(Location(""FIELD"", (37.621279638813746, -122.14932184072248), -1.0, FIELD), 252.56063769244602, UNKNOWN, HEMORRHAGIC)"
2,0.34974264674717565,0.3226902363075046,37.61984930460157,-122.14828077557844,"PatientState(Location(""FIELD"", (37.61984930460157, -122.14828077557844), -1.0, FIELD), 31.72992321380811, UNKNOWN, LVO)"
3,0.3446680901558499,0.3178446275173819,37.61945959035047,-122.15071568864471,"PatientState(Location(""FIELD"", (37.61945959035047, -122.15071568864471), -1.0, FIELD), 53.48361857695111, UNKNOWN, HEMORRHAGIC)"
4,0.24418294143999997,0.24418294143999997,37.62169829234832,-122.1489519876729,"PatientState(Location(""FIELD"", (37.62169829234832, -122.1489519876729), -1.0, FIELD), 239.42618024655, UNKNOWN, LVO)"
5,0.24418294143999997,0.24418294143999997,37.62155949201815,-122.14713701802242,"PatientState(Location(""FIELD"", (37.62155949201815, -122.14713701802242), -1.0, FIELD), 222.40054942165685, UNKNOWN, LVO)"
