sample,reward_best,reward_CA,location_lat,location_lon,patient_state
1,0.31503228991859666,0.24418294143999997,37.80081851300379,-121.75268803876364,"PatientState(Location(""FIELD"", (37.80081851300379, -121.75268803876364), -1.0, FIELD), 143.7942003771505, UNKNOWN, LVO)"
2,0.24418294143999997,0.24418294143999997,37.80208346435484,-121.75100910352202,"PatientState(Location(""FIELD"", (37.80208346435484, -121.75100910352202), -1.0, FIELD), 236.63844256781277, UNKNOWN, LVO)"
3,0.332573603107055,0.24418294143999997,37.80288359471434,-121.75175271739758,"PatientState(Location(""FIELD"", (37.80288359471434, -121.75175271739758), -1.0, FIELD), 65.89527997910615, UNKNOWN, NLVO)"
4,0.31466531998257957,0.24418294143999997,37.803599515958474,-121.75373224304339,"PatientState(Location(""FIELD"", (37.803599515958474, -121.75373224304339), -1.0, FIELD), 141.465204374729, UNKNOWN, NLVO)"
5,0.3231785376624047,0.24418294143999997,37.799290083230396,-121.75255142341808,"PatientState(Location(""FIELD"", (37.799290083230396, -121.75255142341808), -1.0, FIELD), 107.58692490378003, UNKNOWN, NLVO)"
