sample,reward_best,reward_CA,location_lat,location_lon,patient_state
1,0.31881776256594074,0.31881776256594074,37.43115451855992,-121.83702682779202,"PatientState(Location(""FIELD"", (37.43115451855992, -121.83702682779202), -1.0, FIELD), 164.95913673658362, UNKNOWN, NLVO)"
2,0.3223924647346395,0.3223924647346395,37.432020370253056,-121.83990739237329,"PatientState(Location(""FIELD"", (37.432020370253056, -121.83990739237329), -1.0, FIELD), 148.72029976291654, UNKNOWN, HEMORRHAGIC)"
3,0.3436979717464467,0.3436979717464467,37.43134849893197,-121.8368275725239,"PatientState(Location(""FIELD"", (37.43134849893197, -121.8368275725239), -1.0, FIELD), 56.30349400036066, UNKNOWN, HEMORRHAGIC)"
4,0.33457357957671374,0.33457357957671374,37.43198268425313,-121.84048521718712,"PatientState(Location(""FIELD"", (37.43198268425313, -121.84048521718712), -1.0, FIELD), 95.21462498670239, UNKNOWN, NLVO)"
5,0.24418294143999997,0.24418294143999997,37.430812829330236,-121.83998989773335,"PatientState(Location(""FIELD"", (37.430812829330236, -121.83998989773335), -1.0, FIELD), 231.9448355291769, UNKNOWN, LVO)"
