sample,reward_best,reward_CA,location_lat,location_lon,patient_state
1,0.34678463209969507,0.3309894486800897,37.560753779676595,-122.32993730370424,"PatientState(Location(""FIELD"", (37.560753779676595, -122.32993730370424), -1.0, FIELD), 48.659293580044206, UNKNOWN, LVO)"
2,0.24418294143999997,0.24418294143999997,37.56017474211023,-122.32938754802858,"PatientState(Location(""FIELD"", (37.56017474211023, -122.32938754802858), -1.0, FIELD), 255.12404807086335, UNKNOWN, LVO)"
3,0.24418294143999997,0.24418294143999997,37.55921362863952,-122.33012951901418,"PatientState(Location(""FIELD"", (37.55921362863952, -122.33012951901418), -1.0, FIELD), 204.69263291282047, UNKNOWN, NLVO)"
4,0.24418294143999997,0.24418294143999997,37.55894877366116,-122.3305979752347,"PatientState(Location(""FIELD"", (37.55894877366116, -122.3305979752347), -1.0, FIELD), 246.308322856687, UNKNOWN, MIMIC)"
5,0.3580797969815868,0.3418936416987156,37.56033184038017,-122.32836054045198,"PatientState(Location(""FIELD"", (37.56033184038017, -122.32836054045198), -1.0, FIELD), 1.3384928797598883, UNKNOWN, HEMORRHAGIC)"
