sample,reward_best,reward_CA,location_lat,location_lon,patient_state
1,0.24418294143999997,0.24418294143999997,37.367111692831664,-121.85214280620926,"PatientState(Location(""FIELD"", (37.367111692831664, -121.85214280620926), -1.0, FIELD), 241.093643379784, UNKNOWN, NLVO)"
2,0.24418294143999997,0.24418294143999997,37.36501262938795,-121.85497945036494,"PatientState(Location(""FIELD"", (37.36501262938795, -121.85497945036494), -1.0, FIELD), 238.22403837500147, UNKNOWN, LVO)"
3,0.3262667053147543,0.3262667053147543,37.364611419635736,-121.85232248565154,"PatientState(Location(""FIELD"", (37.364611419635736, -121.85232248565154), -1.0, FIELD), 151.56573111933105, UNKNOWN, HEMORRHAGIC)"
4,0.3505195102862532,0.3505195102862532,37.36633697477701,-121.85158294193086,"PatientState(Location(""FIELD"", (37.36633697477701, -121.85158294193086), -1.0, FIELD), 46.8144269486918, UNKNOWN, NLVO)"
5,0.358517620085595,0.358517620085595,37.364059338441216,-121.85486154671075,"PatientState(Location(""FIELD"", (37.364059338441216, -121.85486154671075), -1.0, FIELD), 11.97472629988722, UNKNOWN, HEMORRHAGIC)"
