sample,reward_best,reward_CA,location_lat,location_lon,patient_state
1,0.31887177151588697,0.24418294143999997,38.00686248022684,-121.60355662465408,"PatientState(Location(""FIELD"", (38.00686248022684, -121.60355662465408), -1.0, FIELD), 8.713723709548105, UNKNOWN, HEMORRHAGIC)"
2,0.24418294143999997,0.24418294143999997,38.005058153466386,-121.60389231822676,"PatientState(Location(""FIELD"", (38.005058153466386, -121.60389231822676), -1.0, FIELD), 229.3064471820545, UNKNOWN, LVO)"
3,0.24418294143999997,0.24418294143999997,38.00513579492925,-121.60261617360014,"PatientState(Location(""FIELD"", (38.00513579492925, -121.60261617360014), -1.0, FIELD), 104.82627285138284, UNKNOWN, NLVO)"
4,0.24418294143999997,0.24418294143999997,38.00512365873908,-121.6046779781648,"PatientState(Location(""FIELD"", (38.00512365873908, -121.6046779781648), -1.0, FIELD), 83.5275590120648, UNKNOWN, LVO)"
5,0.24418294143999997,0.24418294143999997,38.007069406413095,-121.60128943335866,"PatientState(Location(""FIELD"", (38.007069406413095, -121.60128943335866), -1.0, FIELD), 153.69124019756032, UNKNOWN, LVO)"
