sample,reward_best,reward_CA,location_lat,location_lon,patient_state
1,0.34547116137677725,0.34547116137677725,37.208716334059375,-121.8302440330838,"PatientState(Location(""FIELD"", (37.208716334059375, -121.8302440330838), -1.0, FIELD), 46.37798161443933, UNKNOWN, LVO)"
2,0.35151991023528883,0.35151991023528883,37.20657858499037,-121.82855104640522,"PatientState(Location(""FIELD"", (37.20657858499037, -121.82855104640522), -1.0, FIELD), 20.289912280224556, UNKNOWN, LVO)"
3,0.24418294143999997,0.24418294143999997,37.20386488531602,-121.82648345550308,"PatientState(Location(""FIELD"", (37.20386488531602, -121.82648345550308), -1.0, FIELD), 198.33082617679167, UNKNOWN, LVO)"
4,0.34858963116343955,0.34858963116343955,37.20835538073243,-121.82671054328152,"PatientState(Location(""FIELD"", (37.20835538073243, -121.82671054328152), -1.0, FIELD), 33.64713424205006, UNKNOWN, LVO)"
5,0.3509169970144728,0.3509169970144728,37.20577623027824,-121.82798245221416,"PatientState(Location(""FIELD"", (37.20577623027824, -121.82798245221416), -1.0, FIELD), 23.340546840518176, UNKNOWN, LVO)"
