sample,reward_best,reward_CA,location_lat,location_lon,patient_state
1,0.3304044733212938,0.24418294143999997,38.113692933892615,-122.24512327584158,"PatientState(Location(""FIELD"", (38.113692933892615, -122.24512327584158), -1.0, FIELD), 7.001577441641035, UNKNOWN, LVO)"
2,0.24418294143999997,0.24418294143999997,38.098735419013934,-122.25082981517042,"PatientState(Location(""FIELD"", (38.098735419013934, -122.25082981517042), -1.0, FIELD), 242.7396035107067, UNKNOWN, LVO)"
3,0.32791686646204876,0.24418294143999997,38.11520390247824,-122.26799393553327,"PatientState(Location(""FIELD"", (38.11520390247824, -122.26799393553327), -1.0, FIELD), 14.964517135916239, UNKNOWN, MIMIC)"
