sample,reward_best,reward_CA,location_lat,location_lon,patient_state
1,0.3191740930702259,0.25835473353565,37.224340324401496,-122.40536323830422,"PatientState(Location(""FIELD"", (37.224340324401496, -122.40536323830422), -1.0, FIELD), 129.98282768451506, UNKNOWN, NLVO)"
2,0.24418294143999997,0.24418294143999997,37.226380470861194,-122.40380873354272,"PatientState(Location(""FIELD"", (37.226380470861194, -122.40380873354272), -1.0, FIELD), 234.08545921275123, UNKNOWN, HEMORRHAGIC)"
3,0.33781386337228614,0.33781386337228614,37.224819822490296,-122.40218735067452,"PatientState(Location(""FIELD"", (37.224819822490296, -122.40218735067452), -1.0, FIELD), 28.834231359300666, UNKNOWN, NLVO)"
4,0.33872148305777233,0.3342659238392555,37.22853355318362,-122.4009232124589,"PatientState(Location(""FIELD"", (37.22853355318362, -122.4009232124589), -1.0, FIELD), 43.25588509804417, UNKNOWN, MIMIC)"
5,0.24418294143999997,0.24418294143999997,37.228018297320915,-122.40136608628552,"PatientState(Location(""FIELD"", (37.228018297320915, -122.40136608628552), -1.0, FIELD), 183.8213802925896, UNKNOWN, HEMORRHAGIC)"
