sample,reward_best,reward_CA,location_lat,location_lon,patient_state
1,0.24418294143999997,0.24418294143999997,37.59610768310106,-122.50851085004646,"PatientState(Location(""FIELD"", (37.59610768310106, -122.50851085004646), -1.0, FIELD), 253.37689191952626, UNKNOWN, LVO)"
2,0.24418294143999997,0.24418294143999997,37.59641157129198,-122.50693603746973,"PatientState(Location(""FIELD"", (37.59641157129198, -122.50693603746973), -1.0, FIELD), 205.42740215266153, UNKNOWN, HEMORRHAGIC)"
3,0.25594825936265064,0.25594825936265064,37.59844840836415,-122.5086012444331,"PatientState(Location(""FIELD"", (37.59844840836415, -122.5086012444331), -1.0, FIELD), 170.8916719761644, UNKNOWN, HEMORRHAGIC)"
4,0.3331910716793252,0.3313872447801612,37.59384526845533,-122.50614803426001,"PatientState(Location(""FIELD"", (37.59384526845533, -122.50614803426001), -1.0, FIELD), 85.45651028009526, UNKNOWN, LVO)"
5,0.3439708402585579,0.3422632380246584,37.59730810230701,-122.50641173312877,"PatientState(Location(""FIELD"", (37.59730810230701, -122.50641173312877), -1.0, FIELD), 39.52061800978777, UNKNOWN, LVO)"
