sample,reward_best,reward_CA,location_lat,location_lon,patient_state
1,0.3522350002369503,0.33627038212416627,37.77197405913778,-122.17872641274711,"PatientState(Location(""FIELD"", (37.77197405913778, -122.17872641274711), -1.0, FIELD), 0.880576612492473, UNKNOWN, HEMORRHAGIC)"
2,0.31434090367324174,0.24418294143999997,37.771669017736905,-122.17648582640182,"PatientState(Location(""FIELD"", (37.771669017736905, -122.17648582640182), -1.0, FIELD), 166.53208322905368, UNKNOWN, HEMORRHAGIC)"
3,0.24418294143999997,0.24418294143999997,37.77095585569181,-122.17611207802662,"PatientState(Location(""FIELD"", (37.77095585569181, -122.17611207802662), -1.0, FIELD), 182.86671855609382, UNKNOWN, LVO)"
4,0.3464799389799366,0.33065598651465683,37.77173851503674,-122.18060099705745,"PatientState(Location(""FIELD"", (37.77173851503674, -122.18060099705745), -1.0, FIELD), 25.877838852537042, UNKNOWN, LVO)"
5,0.3325026985238564,0.31642670683927404,37.769433696677,-122.17668718135626,"PatientState(Location(""FIELD"", (37.769433696677, -122.17668718135626), -1.0, FIELD), 86.83107595061686, UNKNOWN, HEMORRHAGIC)"
