sample,reward_best,reward_CA,location_lat,location_lon,patient_state
1,0.31461099592979297,0.2548814751007607,37.331619221213494,-121.99994604282482,"PatientState(Location(""FIELD"", (37.331619221213494, -121.99994604282482), -1.0, FIELD), 188.57020909406435, UNKNOWN, LVO)"
2,0.3482540318249033,0.3458580764106146,37.33019901699754,-121.99607400159687,"PatientState(Location(""FIELD"", (37.33019901699754, -121.99607400159687), -1.0, FIELD), 41.72526427290001, UNKNOWN, HEMORRHAGIC)"
3,0.34505025109426746,0.3428879812828209,37.3309804429685,-122.00035904722331,"PatientState(Location(""FIELD"", (37.3309804429685, -122.00035904722331), -1.0, FIELD), 54.89054299949862, UNKNOWN, HEMORRHAGIC)"
4,0.25245113369653993,0.25245113369653993,37.33347489240356,-121.99813977064156,"PatientState(Location(""FIELD"", (37.33347489240356, -121.99813977064156), -1.0, FIELD), 201.99671807019743, UNKNOWN, LVO)"
5,0.3540812326145488,0.35160852372693374,37.3291132881424,-121.99693438075964,"PatientState(Location(""FIELD"", (37.3291132881424, -121.99693438075964), -1.0, FIELD), 17.108037036951742, UNKNOWN, MIMIC)"
