sample,reward_best,reward_CA,location_lat,location_lon,patient_state
1,0.24418294143999997,0.24418294143999997,37.52990088488008,-121.72714100655897,"PatientState(Location(""FIELD"", (37.52990088488008, -121.72714100655897), -1.0, FIELD), 139.07658331127413, UNKNOWN, HEMORRHAGIC)"
2,0.3184178398765058,0.24418294143999997,37.5331210246814,-121.7307755313432,"PatientState(Location(""FIELD"", (37.5331210246814, -121.7307755313432), -1.0, FIELD), 106.05166528957093, UNKNOWN, LVO)"
3,0.32087270519700445,0.24418294143999997,37.52936343533156,-121.73055849892053,"PatientState(Location(""FIELD"", (37.52936343533156, -121.73055849892053), -1.0, FIELD), 93.73117107448765, UNKNOWN, HEMORRHAGIC)"
4,0.32350750466225603,0.24418294143999997,37.53281911639588,-121.72643078675745,"PatientState(Location(""FIELD"", (37.53281911639588, -121.72643078675745), -1.0, FIELD), 84.58527351030457, UNKNOWN, HEMORRHAGIC)"
5,0.3231160014062343,0.24418294143999997,37.53311893265677,-121.72765825939783,"PatientState(Location(""FIELD"", (37.53311893265677, -121.72765825939783), -1.0, FIELD), 85.95425247081151, UNKNOWN, HEMORRHAGIC)"
