sample,reward_best,reward_CA,location_lat,location_lon,patient_state
1,0.24418294143999997,0.24418294143999997,37.63196236162354,-122.07087881843717,"PatientState(Location(""FIELD"", (37.63196236162354, -122.07087881843717), -1.0, FIELD), 250.64183633049598, UNKNOWN, LVO)"
2,0.24418294143999997,0.24418294143999997,37.629067229354334,-122.07343550078497,"PatientState(Location(""FIELD"", (37.629067229354334, -122.07343550078497), -1.0, FIELD), 247.3367789023831, UNKNOWN, HEMORRHAGIC)"
3,0.32347927199701976,0.24418294143999997,37.6328413233108,-122.07370848833797,"PatientState(Location(""FIELD"", (37.6328413233108, -122.07370848833797), -1.0, FIELD), 137.25539389618208, UNKNOWN, HEMORRHAGIC)"
4,0.34103067452907704,0.32227010900694547,37.632142438237814,-122.07131133650532,"PatientState(Location(""FIELD"", (37.632142438237814, -122.07131133650532), -1.0, FIELD), 60.77070465695912, UNKNOWN, HEMORRHAGIC)"
5,0.24418294143999997,0.24418294143999997,37.63036391862689,-122.0721599057975,"PatientState(Location(""FIELD"", (37.63036391862689, -122.0721599057975), -1.0, FIELD), 231.63452283813535, UNKNOWN, NLVO)"
