sample,reward_best,reward_CA,location_lat,location_lon,patient_state
1,0.24418294143999997,0.24418294143999997,37.99601127933541,-122.17398112179669,"PatientState(Location(""FIELD"", (37.99601127933541, -122.17398112179669), -1.0, FIELD), 215.6301631735066, UNKNOWN, HEMORRHAGIC)"
2,0.24418294143999997,0.24418294143999997,37.99656136704671,-122.1726740029947,"PatientState(Location(""FIELD"", (37.99656136704671, -122.1726740029947), -1.0, FIELD), 268.67493860696584, UNKNOWN, LVO)"
3,0.26206939756790887,0.24418294143999997,37.994685280785454,-122.17143994621848,"PatientState(Location(""FIELD"", (37.994685280785454, -122.17143994621848), -1.0, FIELD), 83.97570108438552, UNKNOWN, HEMORRHAGIC)"
4,0.24418294143999997,0.24418294143999997,37.995769313458005,-122.17572552940862,"PatientState(Location(""FIELD"", (37.995769313458005, -122.17572552940862), -1.0, FIELD), 231.5301805475501, UNKNOWN, HEMORRHAGIC)"
5,0.3345093845258677,0.3229842716896848,37.99497939189987,-122.17431154302052,"PatientState(Location(""FIELD"", (37.99497939189987, -122.17431154302052), -1.0, FIELD), 26.938128624744884, UNKNOWN, LVO)"
