sample,reward_best,reward_CA,location_lat,location_lon,patient_state
1,0.3464912267893304,0.3429730881195512,37.35939692440128,-121.92404450815658,"PatientState(Location(""FIELD"", (37.35939692440128, -121.92404450815658), -1.0, FIELD), 50.25972172278975, UNKNOWN, HEMORRHAGIC)"
2,0.3254399150011631,0.2620431217881159,37.36239135612307,-121.92191209259299,"PatientState(Location(""FIELD"", (37.36239135612307, -121.92191209259299), -1.0, FIELD), 141.96206319075816, UNKNOWN, HEMORRHAGIC)"
3,0.3451237119036402,0.34137639608280407,37.3637809420833,-121.92197444178291,"PatientState(Location(""FIELD"", (37.3637809420833, -121.92197444178291), -1.0, FIELD), 56.481734491403124, UNKNOWN, MIMIC)"
4,0.3259007589760222,0.26241277394483964,37.36270984697259,-121.92558858407301,"PatientState(Location(""FIELD"", (37.36270984697259, -121.92558858407301), -1.0, FIELD), 139.45968710953542, UNKNOWN, LVO)"
5,0.3394120920662808,0.33565338612452517,37.36373520698364,-121.92573486516524,"PatientState(Location(""FIELD"", (37.36373520698364, -121.92573486516524), -1.0, FIELD), 79.98270876687363, UNKNOWN, NLVO)"
