sample,reward_best,reward_CA,location_lat,location_lon,patient_state
1,0.3318109231127968,0.3163399922817817,37.898247820733594,-122.09878054788537,"PatientState(Location(""FIELD"", (37.898247820733594, -122.09878054788537), -1.0, FIELD), 72.6107354708776, UNKNOWN, LVO)"
2,0.32133495499481757,0.24418294143999997,37.894505705708426,-122.09881543421027,"PatientState(Location(""FIELD"", (37.894505705708426, -122.09881543421027), -1.0, FIELD), 115.92652795338338, UNKNOWN, HEMORRHAGIC)"
3,0.33213835944650943,0.3179360186899157,37.89442858610653,-122.09854593678834,"PatientState(Location(""FIELD"", (37.89442858610653, -122.09854593678834), -1.0, FIELD), 68.30678450197178, UNKNOWN, LVO)"
4,0.24418294143999997,0.24418294143999997,37.89469232352127,-122.09855792361464,"PatientState(Location(""FIELD"", (37.89469232352127, -122.09855792361464), -1.0, FIELD), 167.54548259805202, UNKNOWN, MIMIC)"
5,0.24418294143999997,0.24418294143999997,37.895652649153554,-122.09938932904117,"PatientState(Location(""FIELD"", (37.895652649153554, -122.09938932904117), -1.0, FIELD), 251.85919597087093, UNKNOWN, LVO)"
