sample,reward_best,reward_CA,location_lat,location_lon,patient_state
1,0.3271213318299358,0.24418294143999997,37.87959695917353,-122.115696193717,"PatientState(Location(""FIELD"", (37.87959695917353, -122.115696193717), -1.0, FIELD), 89.23907769145724, UNKNOWN, NLVO)"
2,0.3406920262664734,0.32548609155962716,37.88212537859624,-122.11177591400173,"PatientState(Location(""FIELD"", (37.88212537859624, -122.11177591400173), -1.0, FIELD), 29.841886528561773, UNKNOWN, HEMORRHAGIC)"
3,0.3153677080997422,0.24418294143999997,37.87919878617416,-122.11427960892438,"PatientState(Location(""FIELD"", (37.87919878617416, -122.11427960892438), -1.0, FIELD), 141.02819386007735, UNKNOWN, NLVO)"
4,0.3372776641576708,0.32215882479926133,37.88334669721678,-122.11404930582731,"PatientState(Location(""FIELD"", (37.88334669721678, -122.11404930582731), -1.0, FIELD), 45.82137167601817, UNKNOWN, HEMORRHAGIC)"
5,0.32908773389926366,0.2524849838226279,37.88061955435075,-122.1111763795891,"PatientState(Location(""FIELD"", (37.88061955435075, -122.1111763795891), -1.0, FIELD), 79.39011669411342, UNKNOWN, LVO)"
