sample,reward_best,reward_CA,location_lat,location_lon,patient_state
1,0.24418294143999997,0.24418294143999997,37.443549420853806,-122.19695900107465,"PatientState(Location(""FIELD"", (37.443549420853806, -122.19695900107465), -1.0, FIELD), 264.4605144222174, UNKNOWN, LVO)"
2,0.329566845821686,0.329566845821686,37.44224651620936,-122.19923609675455,"PatientState(Location(""FIELD"", (37.44224651620936, -122.19923609675455), -1.0, FIELD), 130.34279735693394, UNKNOWN, LVO)"
3,0.3458676350432033,0.3458676350432033,37.439665103057806,-122.19973744508462,"PatientState(Location(""FIELD"", (37.439665103057806, -122.19973744508462), -1.0, FIELD), 59.92083061094293, UNKNOWN, LVO)"
4,0.24418294143999997,0.24418294143999997,37.443417228994704,-122.20074995750798,"PatientState(Location(""FIELD"", (37.443417228994704, -122.20074995750798), -1.0, FIELD), 263.00722605639857, UNKNOWN, MIMIC)"
5,0.3183658496439221,0.3183658496439221,37.44176117234065,-122.20038221377104,"PatientState(Location(""FIELD"", (37.44176117234065, -122.20038221377104), -1.0, FIELD), 179.98103307842598, UNKNOWN, HEMORRHAGIC)"
