sample,reward_best,reward_CA,location_lat,location_lon,patient_state
1,0.24418294143999997,0.24418294143999997,37.99997569608393,-122.5655033305393,"PatientState(Location(""FIELD"", (37.99997569608393, -122.5655033305393), -1.0, FIELD), 177.62754508087946, UNKNOWN, HEMORRHAGIC)"
2,0.24418294143999997,0.24418294143999997,38.0024276640575,-122.56423393839196,"PatientState(Location(""FIELD"", (38.0024276640575, -122.56423393839196), -1.0, FIELD), 155.01397798161722, UNKNOWN, LVO)"
3,0.24418294143999997,0.24418294143999997,38.0012745899718,-122.56341346432595,"PatientState(Location(""FIELD"", (38.0012745899718, -122.56341346432595), -1.0, FIELD), 205.45805818902477, UNKNOWN, HEMORRHAGIC)"
4,0.33373360710401323,0.25976520910462747,38.00181079548091,-122.56395842346988,"PatientState(Location(""FIELD"", (38.00181079548091, -122.56395842346988), -1.0, FIELD), 30.93624226120386, UNKNOWN, NLVO)"
5,0.3325879336067015,0.25935534740064736,38.001732317141716,-122.56133008613531,"PatientState(Location(""FIELD"", (38.001732317141716, -122.56133008613531), -1.0, FIELD), 33.85217490680839, UNKNOWN, LVO)"
