sample,reward_best,reward_CA,location_lat,location_lon,patient_state
1,0.3438083115682917,0.3287566385828762,37.750700308170295,-122.24866877455382,"PatientState(Location(""FIELD"", (37.750700308170295, -122.24866877455382), -1.0, FIELD), 36.23118082350867, UNKNOWN, HEMORRHAGIC)"
2,0.31832913308049327,0.24418294143999997,37.752844273733785,-122.24970809681635,"PatientState(Location(""FIELD"", (37.752844273733785, -122.24970809681635), -1.0, FIELD), 147.4153858718561, UNKNOWN, MIMIC)"
3,0.24418294143999997,0.24418294143999997,37.752210835469484,-122.2482828050161,"PatientState(Location(""FIELD"", (37.752210835469484, -122.2482828050161), -1.0, FIELD), 221.9905705106094, UNKNOWN, HEMORRHAGIC)"
4,0.24418294143999997,0.24418294143999997,37.75020348331451,-122.24583217783083,"PatientState(Location(""FIELD"", (37.75020348331451, -122.24583217783083), -1.0, FIELD), 233.90561813952982, UNKNOWN, HEMORRHAGIC)"
5,0.24418294143999997,0.24418294143999997,37.75309386145143,-122.24653137748305,"PatientState(Location(""FIELD"", (37.75309386145143, -122.24653137748305), -1.0, FIELD), 213.72154076934186, UNKNOWN, LVO)"
