sample,reward_best,reward_CA,location_lat,location_lon,patient_state
1,0.32493011312023606,0.32493011312023606,37.22698271660095,-121.91191561687208,"PatientState(Location(""FIELD"", (37.22698271660095, -121.91191561687208), -1.0, FIELD), 146.6092216405446, UNKNOWN, NLVO)"
2,0.33040678837826076,0.33040678837826076,37.225001713902834,-121.91575093784174,"PatientState(Location(""FIELD"", (37.225001713902834, -121.91575093784174), -1.0, FIELD), 116.55107967567002, UNKNOWN, HEMORRHAGIC)"
3,0.3363498728882167,0.3363498728882167,37.22751727714551,-121.91208542402816,"PatientState(Location(""FIELD"", (37.22751727714551, -121.91208542402816), -1.0, FIELD), 96.72050423877343, UNKNOWN, HEMORRHAGIC)"
4,0.3458734684877742,0.3458734684877742,37.227796920468194,-121.91145825632114,"PatientState(Location(""FIELD"", (37.227796920468194, -121.91145825632114), -1.0, FIELD), 55.58760769559088, UNKNOWN, LVO)"
5,0.350909306123578,0.350909306123578,37.223991061280536,-121.91414502988879,"PatientState(Location(""FIELD"", (37.223991061280536, -121.91414502988879), -1.0, FIELD), 28.606452110310332, UNKNOWN, LVO)"
