sample,reward_best,reward_CA,location_lat,location_lon,patient_state
1,0.3146622956539292,0.25476813780616087,37.18430540420281,-122.37981540976962,"PatientState(Location(""FIELD"", (37.18430540420281, -122.37981540976962), -1.0, FIELD), 145.92551022148385, UNKNOWN, LVO)"
2,0.24418294143999997,0.24418294143999997,37.185001862835215,-122.3769962536986,"PatientState(Location(""FIELD"", (37.185001862835215, -122.3769962536986), -1.0, FIELD), 259.1675145434599, UNKNOWN, HEMORRHAGIC)"
3,0.24418294143999997,0.24418294143999997,37.18543999261652,-122.37754301357265,"PatientState(Location(""FIELD"", (37.18543999261652, -122.37754301357265), -1.0, FIELD), 174.76065113820454, UNKNOWN, LVO)"
4,0.33065366769942167,0.267605727041386,37.186009770616494,-122.38017874405753,"PatientState(Location(""FIELD"", (37.186009770616494, -122.38017874405753), -1.0, FIELD), 74.7076205246038, UNKNOWN, LVO)"
5,0.24418294143999997,0.24418294143999997,37.186074228173204,-122.3791935299628,"PatientState(Location(""FIELD"", (37.186074228173204, -122.3791935299628), -1.0, FIELD), 191.91715503488743, UNKNOWN, NLVO)"
