sample,reward_best,reward_CA,location_lat,location_lon,patient_state
1,0.3438891885098998,0.3438891885098998,37.31463701770031,-121.64620164113512,"PatientState(Location(""FIELD"", (37.31463701770031, -121.64620164113512), -1.0, FIELD), 35.20003556226775, UNKNOWN, NLVO)"
2,0.31991437135967055,0.31991437135967055,37.31517735336907,-121.64665672872972,"PatientState(Location(""FIELD"", (37.31517735336907, -121.64665672872972), -1.0, FIELD), 139.89199035182963, UNKNOWN, MIMIC)"
3,0.24418294143999997,0.24418294143999997,37.31569823548632,-121.64828782914098,"PatientState(Location(""FIELD"", (37.31569823548632, -121.64828782914098), -1.0, FIELD), 215.93231988571256, UNKNOWN, NLVO)"
4,0.24418294143999997,0.24418294143999997,37.315281315784205,-121.65038202899233,"PatientState(Location(""FIELD"", (37.315281315784205, -121.65038202899233), -1.0, FIELD), 218.9568938038877, UNKNOWN, NLVO)"
5,0.24418294143999997,0.24418294143999997,37.31600547166293,-121.64687783922136,"PatientState(Location(""FIELD"", (37.31600547166293, -121.64687783922136), -1.0, FIELD), 213.7700296074637, UNKNOWN, MIMIC)"
