sample,reward_best,reward_CA,location_lat,location_lon,patient_state
1,0.24418294143999997,0.24418294143999997,37.587478968367044,-122.35504202962528,"PatientState(Location(""FIELD"", (37.587478968367044, -122.35504202962528), -1.0, FIELD), 209.2510508288925, UNKNOWN, MIMIC)"
2,0.31537137558571565,0.2547149706601745,37.58526033127602,-122.35430336233155,"PatientState(Location(""FIELD"", (37.58526033127602, -122.35430336233155), -1.0, FIELD), 185.1416781583502, UNKNOWN, LVO)"
3,0.34293846383474097,0.33976970803408507,37.588440979646165,-122.35364182940523,"PatientState(Location(""FIELD"", (37.588440979646165, -122.35364182940523), -1.0, FIELD), 62.37178346161669, UNKNOWN, HEMORRHAGIC)"
4,0.32007140694735564,0.25850772924099097,37.58756214263203,-122.355484138732,"PatientState(Location(""FIELD"", (37.58756214263203, -122.355484138732), -1.0, FIELD), 164.42300601761116, UNKNOWN, MIMIC)"
5,0.24418294143999997,0.24418294143999997,37.588640442201786,-122.35548782055344,"PatientState(Location(""FIELD"", (37.588640442201786, -122.35548782055344), -1.0, FIELD), 237.65832127569064, UNKNOWN, HEMORRHAGIC)"
