sample,reward_best,reward_CA,location_lat,location_lon,patient_state
1,0.24418294143999997,0.24418294143999997,37.98166516001422,-121.89372850899889,"PatientState(Location(""FIELD"", (37.98166516001422, -121.89372850899889), -1.0, FIELD), 176.12986644485028, UNKNOWN, NLVO)"
2,0.24418294143999997,0.24418294143999997,37.979834247969286,-121.89549160610942,"PatientState(Location(""FIELD"", (37.979834247969286, -121.89549160610942), -1.0, FIELD), 80.81834083138095, UNKNOWN, NLVO)"
3,0.24418294143999997,0.24418294143999997,37.98042364897522,-121.89571127991661,"PatientState(Location(""FIELD"", (37.98042364897522, -121.89571127991661), -1.0, FIELD), 196.2211052017481, UNKNOWN, HEMORRHAGIC)"
4,0.2524160670523587,0.24418294143999997,37.97947469070533,-121.8937952490562,"PatientState(Location(""FIELD"", (37.97947469070533, -121.8937952490562), -1.0, FIELD), 68.74535905445798, UNKNOWN, LVO)"
5,0.3256348247072218,0.24418294143999997,37.98325988623641,-121.89246715658733,"PatientState(Location(""FIELD"", (37.98325988623641, -121.89246715658733), -1.0, FIELD), 14.965824569447769, UNKNOWN, HEMORRHAGIC)"
