sample,reward_best,reward_CA,location_lat,location_lon,patient_state
1,0.31925060966114416,0.24418294143999997,38.15348177556823,-121.69746718392419,"PatientState(Location(""FIELD"", (38.15348177556823, -121.69746718392419), -1.0, FIELD), 18.696750432207836, UNKNOWN, LVO)"
2,0.24418294143999997,0.24418294143999997,38.152684422269424,-121.69768668201274,"PatientState(Location(""FIELD"", (38.152684422269424, -121.69768668201274), -1.0, FIELD), 265.36322969809135, UNKNOWN, LVO)"
3,0.24418294143999997,0.24418294143999997,38.15328898498626,-121.69862112004212,"PatientState(Location(""FIELD"", (38.15328898498626, -121.69862112004212), -1.0, FIELD), 232.3172212977597, UNKNOWN, MIMIC)"
4,0.3232303757412695,0.24418294143999997,38.153470233044644,-121.69617135972881,"PatientState(Location(""FIELD"", (38.153470233044644, -121.69617135972881), -1.0, FIELD), 1.3892229299346193, UNKNOWN, LVO)"
5,0.24418294143999997,0.24418294143999997,38.15012639255877,-121.69872601400246,"PatientState(Location(""FIELD"", (38.15012639255877, -121.69872601400246), -1.0, FIELD), 149.50048909942947, UNKNOWN, HEMORRHAGIC)"
