sample,reward_best,reward_CA,location_lat,location_lon,patient_state
1,0.24418294143999997,0.24418294143999997,37.75254997077814,-121.94009151318417,"PatientState(Location(""FIELD"", (37.75254997077814, -121.94009151318417), -1.0, FIELD), 252.50850139193204, UNKNOWN, HEMORRHAGIC)"
2,0.24418294143999997,0.24418294143999997,37.750816825648975,-121.93656270606614,"PatientState(Location(""FIELD"", (37.750816825648975, -121.93656270606614), -1.0, FIELD), 250.39572249140028, UNKNOWN, HEMORRHAGIC)"
3,0.33129703988266657,0.24418294143999997,37.75192052101353,-121.93807779456273,"PatientState(Location(""FIELD"", (37.75192052101353, -121.93807779456273), -1.0, FIELD), 90.98833025520383, UNKNOWN, HEMORRHAGIC)"
4,0.24418294143999997,0.24418294143999997,37.750359467528945,-121.93999354693027,"PatientState(Location(""FIELD"", (37.750359467528945, -121.93999354693027), -1.0, FIELD), 213.6330428592347, UNKNOWN, LVO)"
5,0.24418294143999997,0.24418294143999997,37.75016591728671,-121.93818808341732,"PatientState(Location(""FIELD"", (37.75016591728671, -121.93818808341732), -1.0, FIELD), 225.16702544533987, UNKNOWN, HEMORRHAGIC)"
