sample,reward_best,reward_CA,location_lat,location_lon,patient_state
1,0.3282643682587049,0.24418294143999997,37.864070118385065,-121.95990134920818,"PatientState(Location(""FIELD"", (37.864070118385065, -121.95990134920818), -1.0, FIELD), 74.00435678071992, UNKNOWN, LVO)"
2,0.3252316515348372,0.24418294143999997,37.86755675020616,-121.95880565939665,"PatientState(Location(""FIELD"", (37.86755675020616, -121.95880565939665), -1.0, FIELD), 82.16685332059076, UNKNOWN, MIMIC)"
3,0.24418294143999997,0.24418294143999997,37.86803593602179,-121.95721368866911,"PatientState(Location(""FIELD"", (37.86803593602179, -121.95721368866911), -1.0, FIELD), 166.74599144564615, UNKNOWN, LVO)"
4,0.24418294143999997,0.24418294143999997,37.86794660391785,-121.95624506999488,"PatientState(Location(""FIELD"", (37.86794660391785, -121.95624506999488), -1.0, FIELD), 189.35059688348272, UNKNOWN, LVO)"
5,0.32942503213334073,0.2522244923640431,37.86712298706346,-121.95897258294853,"PatientState(Location(""FIELD"", (37.86712298706346, -121.95897258294853), -1.0, FIELD), 63.554388233401355, UNKNOWN, HEMORRHAGIC)"
