sample,reward_best,reward_CA,location_lat,location_lon,patient_state
1,0.3139771075242631,0.24418294143999997,37.84132600667896,-122.501047107243,"PatientState(Location(""FIELD"", (37.84132600667896, -122.501047107243), -1.0, FIELD), 151.49278760821045, UNKNOWN, LVO)"
2,0.3390427423061601,0.3272968281112336,37.840918445713235,-122.50143425562433,"PatientState(Location(""FIELD"", (37.840918445713235, -122.50143425562433), -1.0, FIELD), 40.836741609354036, UNKNOWN, HEMORRHAGIC)"
3,0.3169330938403254,0.24418294143999997,37.838965619802735,-122.50119537421477,"PatientState(Location(""FIELD"", (37.838965619802735, -122.50119537421477), -1.0, FIELD), 137.27671454612295, UNKNOWN, MIMIC)"
4,0.24418294143999997,0.24418294143999997,37.84026516272897,-122.50262588625833,"PatientState(Location(""FIELD"", (37.84026516272897, -122.50262588625833), -1.0, FIELD), 223.50015963254887, UNKNOWN, LVO)"
5,0.32461718989781796,0.252235483248421,37.8391879816,-122.50360097743335,"PatientState(Location(""FIELD"", (37.8391879816, -122.50360097743335), -1.0, FIELD), 101.95268736977664, UNKNOWN, HEMORRHAGIC)"
