sample,reward_best,reward_CA,location_lat,location_lon,patient_state
1,0.24418294143999997,0.24418294143999997,37.50332875897111,-121.6151272343865,"PatientState(Location(""FIELD"", (37.50332875897111, -121.6151272343865), -1.0, FIELD), 268.9516759129668, UNKNOWN, HEMORRHAGIC)"
2,0.24418294143999997,0.24418294143999997,37.503523383453526,-121.61181483681301,"PatientState(Location(""FIELD"", (37.503523383453526, -121.61181483681301), -1.0, FIELD), 257.95793772947053, UNKNOWN, LVO)"
3,0.24418294143999997,0.24418294143999997,37.499220677925535,-121.61111362873072,"PatientState(Location(""FIELD"", (37.499220677925535, -121.61111362873072), -1.0, FIELD), 177.6417193876623, UNKNOWN, MIMIC)"
4,0.24418294143999997,0.24418294143999997,37.503734799606896,-121.61441490157345,"PatientState(Location(""FIELD"", (37.503734799606896, -121.61441490157345), -1.0, FIELD), 137.0891697412482, UNKNOWN, HEMORRHAGIC)"
5,0.32206688880102086,0.24418294143999997,37.50183291898662,-121.61468218425988,"PatientState(Location(""FIELD"", (37.50183291898662, -121.61468218425988), -1.0, FIELD), 85.04165079053662, UNKNOWN, HEMORRHAGIC)"
