sample,reward_best,reward_CA,location_lat,location_lon,patient_state
1,0.3497641458521323,0.33244583442188547,37.53659329472783,-122.01930866128869,"PatientState(Location(""FIELD"", (37.53659329472783, -122.01930866128869), -1.0, FIELD), 27.085385794473417, UNKNOWN, HEMORRHAGIC)"
2,0.35192960516277116,0.33455271970403455,37.53444746765244,-122.0201295873982,"PatientState(Location(""FIELD"", (37.53444746765244, -122.0201295873982), -1.0, FIELD), 16.918477330504494, UNKNOWN, NLVO)"
3,0.24418294143999997,0.24418294143999997,37.53624309431522,-122.02033857504983,"PatientState(Location(""FIELD"", (37.53624309431522, -122.02033857504983), -1.0, FIELD), 184.92958185706755, UNKNOWN, LVO)"
4,0.34583796256569316,0.32862894017232036,37.53627746369313,-122.01711203478105,"PatientState(Location(""FIELD"", (37.53627746369313, -122.01711203478105), -1.0, FIELD), 43.55243769106398, UNKNOWN, HEMORRHAGIC)"
5,0.3141692409298043,0.24418294143999997,37.53863786708122,-122.01749401299936,"PatientState(Location(""FIELD"", (37.53863786708122, -122.01749401299936), -1.0, FIELD), 181.96523980875912, UNKNOWN, LVO)"
