sample,reward_best,reward_CA,location_lat,location_lon,patient_state
1,0.3423618490012587,0.3423618490012587,37.44594178209038,-121.81534611980811,"PatientState(Location(""FIELD"", (37.44594178209038, -121.81534611980811), -1.0, FIELD), 59.515902088592235, UNKNOWN, MIMIC)"
2,0.3475432793403487,0.3475432793403487,37.44509971661064,-121.81427987978473,"PatientState(Location(""FIELD"", (37.44509971661064, -121.81427987978473), -1.0, FIELD), 36.97364941470423, UNKNOWN, HEMORRHAGIC)"
3,0.24418294143999997,0.24418294143999997,37.448187361610614,-121.81523887372457,"PatientState(Location(""FIELD"", (37.448187361610614, -121.81523887372457), -1.0, FIELD), 205.9483262990683, UNKNOWN, LVO)"
4,0.24418294143999997,0.24418294143999997,37.44698076312791,-121.81201301599545,"PatientState(Location(""FIELD"", (37.44698076312791, -121.81201301599545), -1.0, FIELD), 216.497087409181, UNKNOWN, LVO)"
5,0.24418294143999997,0.24418294143999997,37.445526933100304,-121.8139917075264,"PatientState(Location(""FIELD"", (37.445526933100304, -121.8139917075264), -1.0, FIELD), 252.2335545518766, UNKNOWN, LVO)"
