sample,reward_best,reward_CA,location_lat,location_lon,patient_state
1,0.3188247013368526,0.24418294143999997,37.75170138679672,-122.23216544425972,"PatientState(Location(""FIELD"", (37.75170138679672, -122.23216544425972), -1.0, FIELD), 146.90643956174355, UNKNOWN, LVO)"
2,0.34006360782198375,0.324271304090774,37.752037713011305,-122.23227746803552,"PatientState(Location(""FIELD"", (37.752037713011305, -122.23227746803552), -1.0, FIELD), 53.792827236472796, UNKNOWN, LVO)"
3,0.24418294143999997,0.24418294143999997,37.751111975449525,-122.23538178006537,"PatientState(Location(""FIELD"", (37.751111975449525, -122.23538178006537), -1.0, FIELD), 189.04060677650978, UNKNOWN, HEMORRHAGIC)"
4,0.24418294143999997,0.24418294143999997,37.753106641359416,-122.23140580897548,"PatientState(Location(""FIELD"", (37.753106641359416, -122.23140580897548), -1.0, FIELD), 267.58733257768523, UNKNOWN, HEMORRHAGIC)"
5,0.24418294143999997,0.24418294143999997,37.749510908095516,-122.23215351688091,"PatientState(Location(""FIELD"", (37.749510908095516, -122.23215351688091), -1.0, FIELD), 249.90198081595344, UNKNOWN, LVO)"
