sample,reward_best,reward_CA,location_lat,location_lon,patient_state
1,0.24418294143999997,0.24418294143999997,37.4414886895579,-122.19019522914007,"PatientState(Location(""FIELD"", (37.4414886895579, -122.19019522914007), -1.0, FIELD), 246.53817214052643, UNKNOWN, LVO)"
2,0.24418294143999997,0.24418294143999997,37.442945524564095,-122.18907380750827,"PatientState(Location(""FIELD"", (37.442945524564095, -122.18907380750827), -1.0, FIELD), 209.73604796400414, UNKNOWN, NLVO)"
3,0.3584415692670179,0.3584415692670179,37.44049576834033,-122.18935931833079,"PatientState(Location(""FIELD"", (37.44049576834033, -122.18935931833079), -1.0, FIELD), 7.92346855248228, UNKNOWN, HEMORRHAGIC)"
4,0.3406709016705423,0.3406709016705423,37.44187811457734,-122.18966484206047,"PatientState(Location(""FIELD"", (37.44187811457734, -122.18966484206047), -1.0, FIELD), 82.76441462032201, UNKNOWN, NLVO)"
5,0.32384330422348234,0.32384330422348234,37.44349859166248,-122.18892839224178,"PatientState(Location(""FIELD"", (37.44349859166248, -122.18892839224178), -1.0, FIELD), 155.3059358347667, UNKNOWN, LVO)"
