sample,reward_best,reward_CA,location_lat,location_lon,patient_state
1,0.24418294143999997,0.24418294143999997,38.06950890699048,-122.54830466968373,"PatientState(Location(""FIELD"", (38.06950890699048, -122.54830466968373), -1.0, FIELD), 202.03289414412365, UNKNOWN, HEMORRHAGIC)"
2,0.26100548053180767,0.24418294143999997,38.070033668080356,-122.54599188179525,"PatientState(Location(""FIELD"", (38.070033668080356, -122.54599188179525), -1.0, FIELD), 94.4331094086337, UNKNOWN, LVO)"
3,0.24418294143999997,0.24418294143999997,38.07089502249797,-122.54920740086823,"PatientState(Location(""FIELD"", (38.07089502249797, -122.54920740086823), -1.0, FIELD), 218.83771587413415, UNKNOWN, LVO)"
4,0.24418294143999997,0.24418294143999997,38.06920338661048,-122.5461980309855,"PatientState(Location(""FIELD"", (38.06920338661048, -122.5461980309855), -1.0, FIELD), 267.908613072843, UNKNOWN, LVO)"
5,0.3172700045872537,0.2544881816076248,38.07041332661689,-122.54828997728904,"PatientState(Location(""FIELD"", (38.07041332661689, -122.54828997728904), -1.0, FIELD), 60.44597645815184, UNKNOWN, NLVO)"
