sample,reward_best,reward_CA,location_lat,location_lon,patient_state
1,0.24418294143999997,0.24418294143999997,37.96332083152116,-121.88809028620112,"PatientState(Location(""FIELD"", (37.96332083152116, -121.88809028620112), -1.0, FIELD), 169.61588454481782, UNKNOWN, LVO)"
2,0.24418294143999997,0.24418294143999997,37.96104823931036,-121.88856184106145,"PatientState(Location(""FIELD"", (37.96104823931036, -121.88856184106145), -1.0, FIELD), 70.03621609749894, UNKNOWN, HEMORRHAGIC)"
3,0.24418294143999997,0.24418294143999997,37.96274144596742,-121.89058016097327,"PatientState(Location(""FIELD"", (37.96274144596742, -121.89058016097327), -1.0, FIELD), 265.20816551024694, UNKNOWN, LVO)"
4,0.24418294143999997,0.24418294143999997,37.962417825114066,-121.88876082918426,"PatientState(Location(""FIELD"", (37.962417825114066, -121.88876082918426), -1.0, FIELD), 34.06010686557487, UNKNOWN, HEMORRHAGIC)"
5,0.24418294143999997,0.24418294143999997,37.959487480408036,-121.88904388331679,"PatientState(Location(""FIELD"", (37.959487480408036, -121.88904388331679), -1.0, FIELD), 198.5183708990293, UNKNOWN, HEMORRHAGIC)"
