sample,reward_best,reward_CA,location_lat,location_lon,patient_state
1,0.24418294143999997,0.24418294143999997,37.88453656330529,-121.78772386060244,"PatientState(Location(""FIELD"", (37.88453656330529, -121.78772386060244), -1.0, FIELD), 216.1304723423867, UNKNOWN, HEMORRHAGIC)"
2,0.24418294143999997,0.24418294143999997,37.88588305451995,-121.78777733767265,"PatientState(Location(""FIELD"", (37.88588305451995, -121.78777733767265), -1.0, FIELD), 154.94728126522176, UNKNOWN, HEMORRHAGIC)"
3,0.24418294143999997,0.24418294143999997,37.88693421668289,-121.78830362293117,"PatientState(Location(""FIELD"", (37.88693421668289, -121.78830362293117), -1.0, FIELD), 260.0323158297933, UNKNOWN, LVO)"
4,0.24418294143999997,0.24418294143999997,37.88830430767103,-121.7868922571697,"PatientState(Location(""FIELD"", (37.88830430767103, -121.7868922571697), -1.0, FIELD), 184.96458765023064, UNKNOWN, LVO)"
5,0.24418294143999997,0.24418294143999997,37.88509722651729,-121.78770464166622,"PatientState(Location(""FIELD"", (37.88509722651729, -121.78770464166622), -1.0, FIELD), 135.31660276963905, UNKNOWN, MIMIC)"
