sample,reward_best,reward_CA,location_lat,location_lon,patient_state
1,0.2597491896531592,0.24418294143999997,37.97961781415986,-122.47004537029275,"PatientState(Location(""FIELD"", (37.97961781415986, -122.47004537029275), -1.0, FIELD), 103.83871089490901, UNKNOWN, LVO)"
2,0.24418294143999997,0.24418294143999997,37.98198982054887,-122.47063841641359,"PatientState(Location(""FIELD"", (37.98198982054887, -122.47063841641359), -1.0, FIELD), 228.37940566912928, UNKNOWN, LVO)"
3,0.3165410015801565,0.2539262973854954,37.98341556694264,-122.46993674123499,"PatientState(Location(""FIELD"", (37.98341556694264, -122.46993674123499), -1.0, FIELD), 66.71961121101143, UNKNOWN, LVO)"
4,0.24418294143999997,0.24418294143999997,37.982256117521246,-122.46814343505778,"PatientState(Location(""FIELD"", (37.982256117521246, -122.46814343505778), -1.0, FIELD), 180.0027641757605, UNKNOWN, LVO)"
5,0.24418294143999997,0.24418294143999997,37.982566306571535,-122.46683845169062,"PatientState(Location(""FIELD"", (37.982566306571535, -122.46683845169062), -1.0, FIELD), 179.5248913810218, UNKNOWN, HEMORRHAGIC)"
