sample,reward_best,reward_CA,location_lat,location_lon,patient_state
1,0.24418294143999997,0.24418294143999997,38.0213181751788,-121.9284295306349,"PatientState(Location(""FIELD"", (38.0213181751788, -121.9284295306349), -1.0, FIELD), 156.88866526353576, UNKNOWN, HEMORRHAGIC)"
2,0.3288116741235977,0.24418294143999997,38.0222679633004,-121.9283520058558,"PatientState(Location(""FIELD"", (38.0222679633004, -121.9283520058558), -1.0, FIELD), 6.240380875956147, UNKNOWN, HEMORRHAGIC)"
3,0.24418294143999997,0.24418294143999997,38.01980949849934,-121.92614388364498,"PatientState(Location(""FIELD"", (38.01980949849934, -121.92614388364498), -1.0, FIELD), 248.87221917336996, UNKNOWN, HEMORRHAGIC)"
4,0.24418294143999997,0.24418294143999997,38.01969756040912,-121.92696539882704,"PatientState(Location(""FIELD"", (38.01969756040912, -121.92696539882704), -1.0, FIELD), 221.02826670132572, UNKNOWN, LVO)"
5,0.24418294143999997,0.24418294143999997,38.020534762221956,-121.92709645789459,"PatientState(Location(""FIELD"", (38.020534762221956, -121.92709645789459), -1.0, FIELD), 232.8933862064517, UNKNOWN, LVO)"
