sample,reward_best,reward_CA,location_lat,location_lon,patient_state
1,0.3484765387446099,0.3290997618697712,37.6097054804964,-121.81415436229848,"PatientState(Location(""FIELD"", (37.6097054804964, -121.81415436229848), -1.0, FIELD), 22.172754299072263, UNKNOWN, HEMORRHAGIC)"
2,0.3431507463923471,0.3239436966247249,37.613647223478715,-121.8119517589202,"PatientState(Location(""FIELD"", (37.613647223478715, -121.8119517589202), -1.0, FIELD), 43.582102347806995, UNKNOWN, LVO)"
3,0.24418294143999997,0.24418294143999997,37.613743992552635,-121.8144727970905,"PatientState(Location(""FIELD"", (37.613743992552635, -121.8144727970905), -1.0, FIELD), 241.99052996245112, UNKNOWN, HEMORRHAGIC)"
4,0.24418294143999997,0.24418294143999997,37.60926843090291,-121.81403790208216,"PatientState(Location(""FIELD"", (37.60926843090291, -121.81403790208216), -1.0, FIELD), 267.2543681175077, UNKNOWN, NLVO)"
5,0.24418294143999997,0.24418294143999997,37.61301588323681,-121.81370073741695,"PatientState(Location(""FIELD"", (37.61301588323681, -121.81370073741695), -1.0, FIELD), 254.8471389947298, UNKNOWN, LVO)"
