sample,reward_best,reward_CA,location_lat,location_lon,patient_state
1,0.34608097029368196,0.32607734678404116,37.72968417439709,-121.67736966311158,"PatientState(Location(""FIELD"", (37.72968417439709, -121.67736966311158), -1.0, FIELD), 20.00240151919954, UNKNOWN, NLVO)"
2,0.32407464410687137,0.24418294143999997,37.73308156465453,-121.67855423747125,"PatientState(Location(""FIELD"", (37.73308156465453, -121.67855423747125), -1.0, FIELD), 100.37659392796809, UNKNOWN, LVO)"
3,0.24418294143999997,0.24418294143999997,37.73254357423589,-121.67941456537814,"PatientState(Location(""FIELD"", (37.73254357423589, -121.67941456537814), -1.0, FIELD), 191.27434374822084, UNKNOWN, LVO)"
4,0.24418294143999997,0.24418294143999997,37.73059733168631,-121.67780157856515,"PatientState(Location(""FIELD"", (37.73059733168631, -121.67780157856515), -1.0, FIELD), 215.57194254818808, UNKNOWN, NLVO)"
5,0.24418294143999997,0.24418294143999997,37.729787544512995,-121.67981441475195,"PatientState(Location(""FIELD"", (37.729787544512995, -121.67981441475195), -1.0, FIELD), 162.7985108960115, UNKNOWN, LVO)"
