sample,reward_best,reward_CA,location_lat,location_lon,patient_state
1,0.24418294143999997,0.24418294143999997,38.13364414954642,-122.5661573083879,"PatientState(Location(""FIELD"", (38.13364414954642, -122.5661573083879), -1.0, FIELD), 240.5821501098878, UNKNOWN, LVO)"
2,0.24418294143999997,0.24418294143999997,38.13213594460029,-122.56935338078964,"PatientState(Location(""FIELD"", (38.13213594460029, -122.56935338078964), -1.0, FIELD), 88.50576653719362, UNKNOWN, HEMORRHAGIC)"
3,0.24418294143999997,0.24418294143999997,38.12988927092917,-122.56922527063846,"PatientState(Location(""FIELD"", (38.12988927092917, -122.56922527063846), -1.0, FIELD), 129.67769309921198, UNKNOWN, LVO)"
4,0.32069481680768275,0.25719654261711355,38.13154203026373,-122.57000848806085,"PatientState(Location(""FIELD"", (38.13154203026373, -122.57000848806085), -1.0, FIELD), 39.05290524842516, UNKNOWN, LVO)"
5,0.24418294143999997,0.24418294143999997,38.13208119788772,-122.5659262179768,"PatientState(Location(""FIELD"", (38.13208119788772, -122.5659262179768), -1.0, FIELD), 247.09199624791938, UNKNOWN, HEMORRHAGIC)"
