sample,reward_best,reward_CA,location_lat,location_lon,patient_state
1,0.3504895503229194,0.3504895503229194,37.239719156304474,-121.9101788894639,"PatientState(Location(""FIELD"", (37.239719156304474, -121.9101788894639), -1.0, FIELD), 39.8047192390153, UNKNOWN, MIMIC)"
2,0.3229652057342247,0.3229652057342247,37.24270670318068,-121.90584668280728,"PatientState(Location(""FIELD"", (37.24270670318068, -121.90584668280728), -1.0, FIELD), 160.3564501790986, UNKNOWN, HEMORRHAGIC)"
3,0.3159126657264286,0.3159126657264286,37.23936467550642,-121.90813139679473,"PatientState(Location(""FIELD"", (37.23936467550642, -121.90813139679473), -1.0, FIELD), 190.00545831544227, UNKNOWN, LVO)"
4,0.32735184513698795,0.32735184513698795,37.239237151731714,-121.90924743655114,"PatientState(Location(""FIELD"", (37.239237151731714, -121.90924743655114), -1.0, FIELD), 139.1795779087318, UNKNOWN, HEMORRHAGIC)"
5,0.24418294143999997,0.24418294143999997,37.241987398070485,-121.91056494784814,"PatientState(Location(""FIELD"", (37.241987398070485, -121.91056494784814), -1.0, FIELD), 229.25853520111758, UNKNOWN, LVO)"
