sample,reward_best,reward_CA,location_lat,location_lon,patient_state
1,0.24418294143999997,0.24418294143999997,37.644455801542186,-122.49524044799992,"PatientState(Location(""FIELD"", (37.644455801542186, -122.49524044799992), -1.0, FIELD), 234.25494124187887, UNKNOWN, NLVO)"
2,0.32687301146178366,0.265579323419086,37.64715386499862,-122.49334112106095,"PatientState(Location(""FIELD"", (37.64715386499862, -122.49334112106095), -1.0, FIELD), 118.80409167966717, UNKNOWN, LVO)"
3,0.33408177325797156,0.33233504713896983,37.64418938692259,-122.49465680368739,"PatientState(Location(""FIELD"", (37.64418938692259, -122.49465680368739), -1.0, FIELD), 86.72556383079646, UNKNOWN, LVO)"
4,0.3520496366150154,0.3504266325080355,37.645149995604775,-122.49337074007093,"PatientState(Location(""FIELD"", (37.645149995604775, -122.49337074007093), -1.0, FIELD), 8.459241709328444, UNKNOWN, LVO)"
5,0.24418294143999997,0.24418294143999997,37.64563513073862,-122.49317187609599,"PatientState(Location(""FIELD"", (37.64563513073862, -122.49317187609599), -1.0, FIELD), 220.97693031223145, UNKNOWN, LVO)"
