sample,reward_best,reward_CA,location_lat,location_lon,patient_state
1,0.34438011884710806,0.34438011884710806,37.28387323179997,-121.63086942101292,"PatientState(Location(""FIELD"", (37.28387323179997, -121.63086942101292), -1.0, FIELD), 17.52816105288649, UNKNOWN, NLVO)"
2,0.24418294143999997,0.24418294143999997,37.288205558541904,-121.63134423225924,"PatientState(Location(""FIELD"", (37.288205558541904, -121.63134423225924), -1.0, FIELD), 254.54105695787027, UNKNOWN, LVO)"
3,0.24418294143999997,0.24418294143999997,37.288445371340465,-121.6313969851285,"PatientState(Location(""FIELD"", (37.288445371340465, -121.6313969851285), -1.0, FIELD), 219.0357186546016, UNKNOWN, HEMORRHAGIC)"
4,0.34091888623408084,0.34091888623408084,37.288720846400615,-121.63130877777526,"PatientState(Location(""FIELD"", (37.288720846400615, -121.63130877777526), -1.0, FIELD), 36.23463906541744, UNKNOWN, HEMORRHAGIC)"
5,0.32578269317454667,0.32578269317454667,37.28790214960631,-121.63413480647382,"PatientState(Location(""FIELD"", (37.28790214960631, -121.63413480647382), -1.0, FIELD), 102.50563280930884, UNKNOWN, MIMIC)"
