sample,reward_best,reward_CA,location_lat,location_lon,patient_state
1,0.3254250182123083,0.3254250182123083,37.20515006471081,-122.09823656533963,"PatientState(Location(""FIELD"", (37.20515006471081, -122.09823656533963), -1.0, FIELD), 98.4061759843956, UNKNOWN, LVO)"
2,0.24418294143999997,0.24418294143999997,37.20477920033691,-122.0984839566504,"PatientState(Location(""FIELD"", (37.20477920033691, -122.0984839566504), -1.0, FIELD), 250.56793018666613, UNKNOWN, HEMORRHAGIC)"
3,0.31724544808735194,0.31724544808735194,37.207219931232025,-122.09709230137712,"PatientState(Location(""FIELD"", (37.207219931232025, -122.09709230137712), -1.0, FIELD), 134.33500706001755, UNKNOWN, HEMORRHAGIC)"
4,0.24418294143999997,0.24418294143999997,37.207000560679546,-122.09865496968601,"PatientState(Location(""FIELD"", (37.207000560679546, -122.09865496968601), -1.0, FIELD), 188.57822847261437, UNKNOWN, HEMORRHAGIC)"
5,0.24418294143999997,0.24418294143999997,37.206948462451464,-122.09598890044528,"PatientState(Location(""FIELD"", (37.206948462451464, -122.09598890044528), -1.0, FIELD), 173.38834709398623, UNKNOWN, LVO)"
