sample,reward_best,reward_CA,location_lat,location_lon,patient_state
1,0.348432999168949,0.348432999168949,37.490403816895906,-122.1417996608228,"PatientState(Location(""FIELD"", (37.490403816895906, -122.1417996608228), -1.0, FIELD), 46.121143400273695, UNKNOWN, LVO)"
2,0.24418294143999997,0.24418294143999997,37.49286958230441,-122.14173245230921,"PatientState(Location(""FIELD"", (37.49286958230441, -122.14173245230921), -1.0, FIELD), 202.427350477963, UNKNOWN, LVO)"
3,0.3324459752954827,0.3324459752954827,37.48994248648506,-122.14429086388353,"PatientState(Location(""FIELD"", (37.48994248648506, -122.14429086388353), -1.0, FIELD), 115.15007146074097, UNKNOWN, HEMORRHAGIC)"
4,0.33448129468324217,0.33448129468324217,37.49368366711412,-122.14101835536694,"PatientState(Location(""FIELD"", (37.49368366711412, -122.14101835536694), -1.0, FIELD), 104.8405994535435, UNKNOWN, LVO)"
5,0.24418294143999997,0.24418294143999997,37.49167008935066,-122.14104783281981,"PatientState(Location(""FIELD"", (37.49167008935066, -122.14104783281981), -1.0, FIELD), 263.7896702365772, UNKNOWN, LVO)"
