sample,reward_best,reward_CA,location_lat,location_lon,patient_state
1,0.3451658956073556,0.3335001942908478,37.774686727950005,-122.42901181096845,"PatientState(Location(""FIELD"", (37.774686727950005, -122.42901181096845), -1.0, FIELD), 34.19655080938828, UNKNOWN, LVO)"
2,0.3421478054695553,0.33053467324914904,37.77859592740299,-122.42886921685003,"PatientState(Location(""FIELD"", (37.77859592740299, -122.42886921685003), -1.0, FIELD), 45.637595147108385, UNKNOWN, HEMORRHAGIC)"
3,0.24418294143999997,0.24418294143999997,37.77608852376341,-122.42737761935446,"PatientState(Location(""FIELD"", (37.77608852376341, -122.42737761935446), -1.0, FIELD), 258.9528687421772, UNKNOWN, LVO)"
4,0.24418294143999997,0.24418294143999997,37.77390259336995,-122.42824286957767,"PatientState(Location(""FIELD"", (37.77390259336995, -122.42824286957767), -1.0, FIELD), 256.8344063000702, UNKNOWN, HEMORRHAGIC)"
5,0.24418294143999997,0.24418294143999997,37.77870942876061,-122.4306838534785,"PatientState(Location(""FIELD"", (37.77870942876061, -122.4306838534785), -1.0, FIELD), 245.54437813065107, UNKNOWN, HEMORRHAGIC)"
