sample,reward_best,reward_CA,location_lat,location_lon,patient_state
1,0.24418294143999997,0.24418294143999997,37.986795496203975,-121.64175424683306,"PatientState(Location(""FIELD"", (37.986795496203975, -121.64175424683306), -1.0, FIELD), 169.50123130481546, UNKNOWN, LVO)"
2,0.24418294143999997,0.24418294143999997,37.98722074505489,-121.64473693784527,"PatientState(Location(""FIELD"", (37.98722074505489, -121.64473693784527), -1.0, FIELD), 200.57176440706422, UNKNOWN, HEMORRHAGIC)"
3,0.2523954874780672,0.24418294143999997,37.984913288631894,-121.64472351435839,"PatientState(Location(""FIELD"", (37.984913288631894, -121.64472351435839), -1.0, FIELD), 47.33557456878684, UNKNOWN, LVO)"
4,0.24418294143999997,0.24418294143999997,37.986247153560186,-121.64212527615756,"PatientState(Location(""FIELD"", (37.986247153560186, -121.64212527615756), -1.0, FIELD), 172.38723368464196, UNKNOWN, LVO)"
5,0.24418294143999997,0.24418294143999997,37.985662308351564,-121.64307534264053,"PatientState(Location(""FIELD"", (37.985662308351564, -121.64307534264053), -1.0, FIELD), 163.82668767921916, UNKNOWN, LVO)"
