sample,reward_best,reward_CA,location_lat,location_lon,patient_state
1,0.3448646650353032,0.32963742819993247,37.506568903872505,-122.30794078988846,"PatientState(Location(""FIELD"", (37.506568903872505, -122.30794078988846), -1.0, FIELD), 49.98514932159446, UNKNOWN, LVO)"
2,0.3185296137204918,0.24418294143999997,37.50754641805101,-122.30676329692749,"PatientState(Location(""FIELD"", (37.50754641805101, -122.30676329692749), -1.0, FIELD), 164.6464624440076, UNKNOWN, LVO)"
3,0.3271285826242963,0.24418294143999997,37.50501617706156,-122.30832220397372,"PatientState(Location(""FIELD"", (37.50501617706156, -122.30832220397372), -1.0, FIELD), 128.18716010931593, UNKNOWN, HEMORRHAGIC)"
4,0.24418294143999997,0.24418294143999997,37.504068658712406,-122.30595591506764,"PatientState(Location(""FIELD"", (37.504068658712406, -122.30595591506764), -1.0, FIELD), 200.6047751875648, UNKNOWN, MIMIC)"
5,0.24418294143999997,0.24418294143999997,37.50714229323359,-122.30811800777184,"PatientState(Location(""FIELD"", (37.50714229323359, -122.30811800777184), -1.0, FIELD), 254.27214073983583, UNKNOWN, LVO)"
