sample,reward_best,reward_CA,location_lat,location_lon,patient_state
1,0.32468423756996334,0.24418294143999997,37.66195201032024,-121.89764392109585,"PatientState(Location(""FIELD"", (37.66195201032024, -121.89764392109585), -1.0, FIELD), 131.07786126427064, UNKNOWN, NLVO)"
2,0.3531820595440829,0.33366134217817184,37.66223854329276,-121.89722797464395,"PatientState(Location(""FIELD"", (37.66223854329276, -121.89722797464395), -1.0, FIELD), 8.458208008087489, UNKNOWN, LVO)"
3,0.24418294143999997,0.24418294143999997,37.66344966042482,-121.90022163252186,"PatientState(Location(""FIELD"", (37.66344966042482, -121.90022163252186), -1.0, FIELD), 257.16144797812217, UNKNOWN, MIMIC)"
4,0.24418294143999997,0.24418294143999997,37.66035613003626,-121.8990851224255,"PatientState(Location(""FIELD"", (37.66035613003626, -121.8990851224255), -1.0, FIELD), 212.02587178612487, UNKNOWN, LVO)"
5,0.3207058172464078,0.24418294143999997,37.66080803110258,-121.89735751384323,"PatientState(Location(""FIELD"", (37.66080803110258, -121.89735751384323), -1.0, FIELD), 149.35462441237314, UNKNOWN, LVO)"
