sample,reward_best,reward_CA,location_lat,location_lon,patient_state
1,0.32459049104319815,0.32459049104319815,37.314655173055776,-121.78604706245268,"PatientState(Location(""FIELD"", (37.314655173055776, -121.78604706245268), -1.0, FIELD), 144.4674299002564, UNKNOWN, LVO)"
2,0.3389643600686086,0.3389643600686086,37.31725464124378,-121.786809999989,"PatientState(Location(""FIELD"", (37.31725464124378, -121.786809999989), -1.0, FIELD), 80.84479101113592, UNKNOWN, LVO)"
3,0.32464420962851837,0.32464420962851837,37.318327231426245,-121.78975122024002,"PatientState(Location(""FIELD"", (37.318327231426245, -121.78975122024002), -1.0, FIELD), 144.11486510280298, UNKNOWN, LVO)"
4,0.24418294143999997,0.24418294143999997,37.31802348318473,-121.78740422828784,"PatientState(Location(""FIELD"", (37.31802348318473, -121.78740422828784), -1.0, FIELD), 233.94736394856938, UNKNOWN, LVO)"
5,0.3555633313347276,0.3555633313347276,37.314461325102,-121.7891696427229,"PatientState(Location(""FIELD"", (37.314461325102, -121.7891696427229), -1.0, FIELD), 12.018872759279063, UNKNOWN, HEMORRHAGIC)"
