sample,reward_best,reward_CA,location_lat,location_lon,patient_state
1,0.24418294143999997,0.24418294143999997,37.70621437702187,-121.98105310852718,"PatientState(Location(""FIELD"", (37.70621437702187, -121.98105310852718), -1.0, FIELD), 197.41871363862543, UNKNOWN, HEMORRHAGIC)"
2,0.330127485450456,0.24418294143999997,37.704667495093524,-121.98195401101164,"PatientState(Location(""FIELD"", (37.704667495093524, -121.98195401101164), -1.0, FIELD), 97.68196418223181, UNKNOWN, LVO)"
3,0.24418294143999997,0.24418294143999997,37.70439066553045,-121.9830171172115,"PatientState(Location(""FIELD"", (37.70439066553045, -121.9830171172115), -1.0, FIELD), 240.54381395891613, UNKNOWN, LVO)"
4,0.33974245647068746,0.3214575821747075,37.70604754040949,-121.98301534636636,"PatientState(Location(""FIELD"", (37.70604754040949, -121.98301534636636), -1.0, FIELD), 55.17588998676331, UNKNOWN, HEMORRHAGIC)"
5,0.24418294143999997,0.24418294143999997,37.70487296175031,-121.98535846367255,"PatientState(Location(""FIELD"", (37.70487296175031, -121.98535846367255), -1.0, FIELD), 180.509693667322, UNKNOWN, HEMORRHAGIC)"
