sample,reward_best,reward_CA,location_lat,location_lon,patient_state
1,0.33122847386815,0.32800653454062934,37.170880415320596,-121.67267120566558,"PatientState(Location(""FIELD"", (37.170880415320596, -121.67267120566558), -1.0, FIELD), 105.94959504560254, UNKNOWN, LVO)"
2,0.24418294143999997,0.24418294143999997,37.170769175926196,-121.67568878367182,"PatientState(Location(""FIELD"", (37.170769175926196, -121.67568878367182), -1.0, FIELD), 211.05843631942614, UNKNOWN, LVO)"
3,0.32399753222827793,0.261373311959432,37.17147935959131,-121.67348829214338,"PatientState(Location(""FIELD"", (37.17147935959131, -121.67348829214338), -1.0, FIELD), 137.68965203437762, UNKNOWN, NLVO)"
4,0.3305416926993225,0.32731849925271184,37.17247034881518,-121.67250039829695,"PatientState(Location(""FIELD"", (37.17247034881518, -121.67250039829695), -1.0, FIELD), 113.92246588852153, UNKNOWN, LVO)"
5,0.3209610588324677,0.2589454355631411,37.16979229280534,-121.67173448403251,"PatientState(Location(""FIELD"", (37.16979229280534, -121.67173448403251), -1.0, FIELD), 146.38767039804767, UNKNOWN, LVO)"
