sample,reward_best,reward_CA,location_lat,location_lon,patient_state
1,0.24418294143999997,0.24418294143999997,37.910756689051965,-121.65689326968091,"PatientState(Location(""FIELD"", (37.910756689051965, -121.65689326968091), -1.0, FIELD), 228.42924933754762, UNKNOWN, HEMORRHAGIC)"
2,0.24418294143999997,0.24418294143999997,37.91191430589325,-121.65959427058209,"PatientState(Location(""FIELD"", (37.91191430589325, -121.65959427058209), -1.0, FIELD), 244.20211908077266, UNKNOWN, HEMORRHAGIC)"
3,0.24418294143999997,0.24418294143999997,37.91160628340354,-121.65930381930563,"PatientState(Location(""FIELD"", (37.91160628340354, -121.65930381930563), -1.0, FIELD), 58.77580739734556, UNKNOWN, LVO)"
4,0.24418294143999997,0.24418294143999997,37.91115994542682,-121.65909301011942,"PatientState(Location(""FIELD"", (37.91115994542682, -121.65909301011942), -1.0, FIELD), 71.89252175456654, UNKNOWN, LVO)"
5,0.24418294143999997,0.24418294143999997,37.9095394873633,-121.66024432697435,"PatientState(Location(""FIELD"", (37.9095394873633, -121.66024432697435), -1.0, FIELD), 101.89045714363239, UNKNOWN, NLVO)"
