sample,reward_best,reward_CA,location_lat,location_lon,patient_state
1,0.24418294143999997,0.24418294143999997,37.46295167044329,-121.66328477351385,"PatientState(Location(""FIELD"", (37.46295167044329, -121.66328477351385), -1.0, FIELD), 170.22357204639044, UNKNOWN, MIMIC)"
2,0.32146622005075254,0.24418294143999997,37.46339203981108,-121.66408899789833,"PatientState(Location(""FIELD"", (37.46339203981108, -121.66408899789833), -1.0, FIELD), 70.952460043242, UNKNOWN, HEMORRHAGIC)"
3,0.31923568512730377,0.24418294143999997,37.46159536621454,-121.6652032573063,"PatientState(Location(""FIELD"", (37.46159536621454, -121.6652032573063), -1.0, FIELD), 80.91426075597867, UNKNOWN, LVO)"
4,0.3237307521800878,0.24418294143999997,37.46226112719737,-121.66531161905914,"PatientState(Location(""FIELD"", (37.46226112719737, -121.66531161905914), -1.0, FIELD), 60.91612939311311, UNKNOWN, HEMORRHAGIC)"
5,0.32928880430294666,0.24418294143999997,37.463420009033904,-121.66534619343119,"PatientState(Location(""FIELD"", (37.463420009033904, -121.66534619343119), -1.0, FIELD), 36.40497692205217, UNKNOWN, MIMIC)"
