sample,reward_best,reward_CA,location_lat,location_lon,patient_state
1,0.24418294143999997,0.24418294143999997,38.01874725172916,-121.76180020889745,"PatientState(Location(""FIELD"", (38.01874725172916, -121.76180020889745), -1.0, FIELD), 85.13246935637083, UNKNOWN, LVO)"
2,0.25233845181398495,0.24418294143999997,38.0141705800887,-121.76168116984188,"PatientState(Location(""FIELD"", (38.0141705800887, -121.76168116984188), -1.0, FIELD), 61.907524721431926, UNKNOWN, HEMORRHAGIC)"
3,0.24418294143999997,0.24418294143999997,38.01643713214342,-121.76127758515851,"PatientState(Location(""FIELD"", (38.01643713214342, -121.76127758515851), -1.0, FIELD), 269.4662875928841, UNKNOWN, MIMIC)"
4,0.3264832464034231,0.24418294143999997,38.0140854483348,-121.76565305106752,"PatientState(Location(""FIELD"", (38.0140854483348, -121.76565305106752), -1.0, FIELD), 5.891881815120458, UNKNOWN, LVO)"
5,0.24418294143999997,0.24418294143999997,38.014656219355295,-121.76391892431872,"PatientState(Location(""FIELD"", (38.014656219355295, -121.76391892431872), -1.0, FIELD), 197.38641183882754, UNKNOWN, LVO)"
