sample,reward_best,reward_CA,location_lat,location_lon,patient_state
1,0.24418294143999997,0.24418294143999997,38.01016662199985,-122.17107442324094,"PatientState(Location(""FIELD"", (38.01016662199985, -122.17107442324094), -1.0, FIELD), 226.56778870158502, UNKNOWN, HEMORRHAGIC)"
2,0.2599543634665253,0.24418294143999997,38.01000938884391,-122.17218966932836,"PatientState(Location(""FIELD"", (38.01000938884391, -122.17218966932836), -1.0, FIELD), 105.06090934956768, UNKNOWN, HEMORRHAGIC)"
3,0.33565855585477317,0.3239275488544719,38.01053807372483,-122.17445966202767,"PatientState(Location(""FIELD"", (38.01053807372483, -122.17445966202767), -1.0, FIELD), 28.352565008071878, UNKNOWN, LVO)"
4,0.2568785324269603,0.24418294143999997,38.00964768599514,-122.17503957656314,"PatientState(Location(""FIELD"", (38.00964768599514, -122.17503957656314), -1.0, FIELD), 108.83472088382418, UNKNOWN, LVO)"
5,0.25449083679185497,0.24418294143999997,38.00964894018356,-122.17268586568392,"PatientState(Location(""FIELD"", (38.00964894018356, -122.17268586568392), -1.0, FIELD), 135.82083456662565, UNKNOWN, LVO)"
