sample,reward_best,reward_CA,location_lat,location_lon,patient_state
1,0.3198758976995521,0.3198758976995521,37.363830917810915,-121.69485524152964,"PatientState(Location(""FIELD"", (37.363830917810915, -121.69485524152964), -1.0, FIELD), 116.56868247488796, UNKNOWN, LVO)"
2,0.32740840158081724,0.32740840158081724,37.36697738337137,-121.69149848811855,"PatientState(Location(""FIELD"", (37.36697738337137, -121.69149848811855), -1.0, FIELD), 98.49406881184106, UNKNOWN, LVO)"
3,0.31644128087282114,0.31644128087282114,37.3646484201066,-121.6922104043365,"PatientState(Location(""FIELD"", (37.3646484201066, -121.6922104043365), -1.0, FIELD), 148.0688803416093, UNKNOWN, NLVO)"
4,0.24418294143999997,0.24418294143999997,37.363952862640076,-121.69234133061624,"PatientState(Location(""FIELD"", (37.363952862640076, -121.69234133061624), -1.0, FIELD), 162.4151980461158, UNKNOWN, HEMORRHAGIC)"
5,0.3222229558523035,0.3222229558523035,37.36790159573638,-121.69261595282866,"PatientState(Location(""FIELD"", (37.36790159573638, -121.69261595282866), -1.0, FIELD), 120.88155325411746, UNKNOWN, LVO)"
