sample,reward_best,reward_CA,location_lat,location_lon,patient_state
1,0.24418294143999997,0.24418294143999997,37.92639094424858,-121.79558845814121,"PatientState(Location(""FIELD"", (37.92639094424858, -121.79558845814121), -1.0, FIELD), 189.31603838444897, UNKNOWN, HEMORRHAGIC)"
2,0.24418294143999997,0.24418294143999997,37.92383335409357,-121.79152919583991,"PatientState(Location(""FIELD"", (37.92383335409357, -121.79152919583991), -1.0, FIELD), 88.42732433347689, UNKNOWN, NLVO)"
3,0.24418294143999997,0.24418294143999997,37.924161016963126,-121.79243485321933,"PatientState(Location(""FIELD"", (37.924161016963126, -121.79243485321933), -1.0, FIELD), 163.34291594994846, UNKNOWN, NLVO)"
4,0.24418294143999997,0.24418294143999997,37.92411455238564,-121.79414182133564,"PatientState(Location(""FIELD"", (37.92411455238564, -121.79414182133564), -1.0, FIELD), 66.83125366814897, UNKNOWN, LVO)"
5,0.24418294143999997,0.24418294143999997,37.92568205200317,-121.79433943665916,"PatientState(Location(""FIELD"", (37.92568205200317, -121.79433943665916), -1.0, FIELD), 52.35697596447363, UNKNOWN, HEMORRHAGIC)"
