sample,reward_best,reward_CA,location_lat,location_lon,patient_state
1,0.31561457912900664,0.31561457912900664,37.273419814038476,-122.00875636630097,"PatientState(Location(""FIELD"", (37.273419814038476, -122.00875636630097), -1.0, FIELD), 191.60174242119894, UNKNOWN, LVO)"
2,0.3238892708596487,0.3238892708596487,37.2720332294922,-122.00901885797165,"PatientState(Location(""FIELD"", (37.2720332294922, -122.00901885797165), -1.0, FIELD), 153.94236620091374, UNKNOWN, HEMORRHAGIC)"
3,0.32186071464721755,0.32186071464721755,37.26892015501746,-122.00655905158432,"PatientState(Location(""FIELD"", (37.26892015501746, -122.00655905158432), -1.0, FIELD), 160.80970077160754, UNKNOWN, HEMORRHAGIC)"
4,0.24418294143999997,0.24418294143999997,37.27030524600599,-122.00869046523161,"PatientState(Location(""FIELD"", (37.27030524600599, -122.00869046523161), -1.0, FIELD), 240.32883252861592, UNKNOWN, HEMORRHAGIC)"
5,0.3486812010526481,0.3486812010526481,37.27257624352262,-122.00740992000792,"PatientState(Location(""FIELD"", (37.27257624352262, -122.00740992000792), -1.0, FIELD), 46.7213724746339, UNKNOWN, HEMORRHAGIC)"
