sample,reward_best,reward_CA,location_lat,location_lon,patient_state
1,0.3443641204284195,0.3243721549854638,37.68818899033279,-121.73516692039199,"PatientState(Location(""FIELD"", (37.68818899033279, -121.73516692039199), -1.0, FIELD), 27.53657755795201, UNKNOWN, HEMORRHAGIC)"
2,0.32693174598051133,0.24418294143999997,37.68669080954724,-121.73203011343325,"PatientState(Location(""FIELD"", (37.68669080954724, -121.73203011343325), -1.0, FIELD), 102.24210715510425, UNKNOWN, LVO)"
3,0.3461818816847869,0.3261050220346422,37.68566130536562,-121.73458655793561,"PatientState(Location(""FIELD"", (37.68566130536562, -121.73458655793561), -1.0, FIELD), 18.483678659021663, UNKNOWN, LVO)"
4,0.3313905459464697,0.24418294143999997,37.68566794190558,-121.73121986498788,"PatientState(Location(""FIELD"", (37.68566794190558, -121.73121986498788), -1.0, FIELD), 82.75981495808766, UNKNOWN, LVO)"
5,0.3500445178364392,0.32951282098187956,37.68444449305205,-121.73543742666388,"PatientState(Location(""FIELD"", (37.68444449305205, -121.73543742666388), -1.0, FIELD), 4.331244546396119, UNKNOWN, LVO)"
