sample,reward_best,reward_CA,location_lat,location_lon,patient_state
1,0.24418294143999997,0.24418294143999997,37.841339749862655,-121.82709995985238,"PatientState(Location(""FIELD"", (37.841339749862655, -121.82709995985238), -1.0, FIELD), 196.76957817650663, UNKNOWN, MIMIC)"
2,0.3194298300403946,0.24418294143999997,37.84337361885206,-121.82665431814087,"PatientState(Location(""FIELD"", (37.84337361885206, -121.82665431814087), -1.0, FIELD), 37.30426360117348, UNKNOWN, LVO)"
3,0.24418294143999997,0.24418294143999997,37.84207071060789,-121.8293364752702,"PatientState(Location(""FIELD"", (37.84207071060789, -121.8293364752702), -1.0, FIELD), 230.97913932697563, UNKNOWN, MIMIC)"
4,0.24418294143999997,0.24418294143999997,37.84094622585173,-121.82709149411866,"PatientState(Location(""FIELD"", (37.84094622585173, -121.82709149411866), -1.0, FIELD), 70.67278824198911, UNKNOWN, NLVO)"
5,0.24418294143999997,0.24418294143999997,37.8402538668326,-121.82866554607958,"PatientState(Location(""FIELD"", (37.8402538668326, -121.82866554607958), -1.0, FIELD), 218.32474549372165, UNKNOWN, HEMORRHAGIC)"
