sample,reward_best,reward_CA,location_lat,location_lon,patient_state
1,0.24418294143999997,0.24418294143999997,37.16883687419148,-121.84811246967524,"PatientState(Location(""FIELD"", (37.16883687419148, -121.84811246967524), -1.0, FIELD), 243.17992309726407, UNKNOWN, LVO)"
2,0.3139798833633197,0.3139798833633197,37.17097053229687,-121.8474359822541,"PatientState(Location(""FIELD"", (37.17097053229687, -121.8474359822541), -1.0, FIELD), 180.84525128319285, UNKNOWN, LVO)"
3,0.24418294143999997,0.24418294143999997,37.168936050397036,-121.84778082410487,"PatientState(Location(""FIELD"", (37.168936050397036, -121.84778082410487), -1.0, FIELD), 226.11912029802494, UNKNOWN, NLVO)"
4,0.24418294143999997,0.24418294143999997,37.171344689292674,-121.8499917468915,"PatientState(Location(""FIELD"", (37.171344689292674, -121.8499917468915), -1.0, FIELD), 255.59864978331044, UNKNOWN, NLVO)"
5,0.35130406640338163,0.35130406640338163,37.17196364500007,-121.84909580362743,"PatientState(Location(""FIELD"", (37.17196364500007, -121.84909580362743), -1.0, FIELD), 17.93672045145331, UNKNOWN, HEMORRHAGIC)"
