sample,reward_best,reward_CA,location_lat,location_lon,patient_state
1,0.24418294143999997,0.24418294143999997,38.0186045128142,-122.04589933121513,"PatientState(Location(""FIELD"", (38.0186045128142, -122.04589933121513), -1.0, FIELD), 126.01708326278386, UNKNOWN, LVO)"
2,0.24418294143999997,0.24418294143999997,38.01668689307744,-122.04827155383549,"PatientState(Location(""FIELD"", (38.01668689307744, -122.04827155383549), -1.0, FIELD), 240.46963334739849, UNKNOWN, MIMIC)"
3,0.24418294143999997,0.24418294143999997,38.01482015910006,-122.05038425263598,"PatientState(Location(""FIELD"", (38.01482015910006, -122.05038425263598), -1.0, FIELD), 85.47053200714525, UNKNOWN, HEMORRHAGIC)"
4,0.24418294143999997,0.24418294143999997,38.01671940522258,-122.05069914726226,"PatientState(Location(""FIELD"", (38.01671940522258, -122.05069914726226), -1.0, FIELD), 218.67341727765174, UNKNOWN, LVO)"
5,0.24418294143999997,0.24418294143999997,38.01748193941015,-122.04874056367989,"PatientState(Location(""FIELD"", (38.01748193941015, -122.04874056367989), -1.0, FIELD), 146.63641411878083, UNKNOWN, LVO)"
