sample,reward_best,reward_CA,location_lat,location_lon,patient_state
1,0.24418294143999997,0.24418294143999997,37.807463215348385,-121.99796445976942,"PatientState(Location(""FIELD"", (37.807463215348385, -121.99796445976942), -1.0, FIELD), 265.4939032244708, UNKNOWN, HEMORRHAGIC)"
2,0.24418294143999997,0.24418294143999997,37.804776429369426,-122.00000704016458,"PatientState(Location(""FIELD"", (37.804776429369426, -122.00000704016458), -1.0, FIELD), 168.4380228264396, UNKNOWN, LVO)"
3,0.3204734275414933,0.24418294143999997,37.80854841741881,-121.99864375011289,"PatientState(Location(""FIELD"", (37.80854841741881, -121.99864375011289), -1.0, FIELD), 125.45194421892579, UNKNOWN, LVO)"
4,0.24418294143999997,0.24418294143999997,37.804599873196395,-121.99709899267499,"PatientState(Location(""FIELD"", (37.804599873196395, -121.99709899267499), -1.0, FIELD), 165.77605099306183, UNKNOWN, NLVO)"
5,0.34467116560720545,0.32758417951993557,37.80704981448362,-121.99996189877551,"PatientState(Location(""FIELD"", (37.80704981448362, -121.99996189877551), -1.0, FIELD), 18.783805879156546, UNKNOWN, HEMORRHAGIC)"
