sample,reward_best,reward_CA,location_lat,location_lon,patient_state
1,0.24418294143999997,0.24418294143999997,37.8412550557865,-121.99728220899495,"PatientState(Location(""FIELD"", (37.8412550557865, -121.99728220899495), -1.0, FIELD), 170.92604833940385, UNKNOWN, HEMORRHAGIC)"
2,0.32465743237749856,0.24418294143999997,37.84145558964123,-121.9972492913707,"PatientState(Location(""FIELD"", (37.84145558964123, -121.9972492913707), -1.0, FIELD), 101.49472588111547, UNKNOWN, LVO)"
3,0.31906330196037014,0.24418294143999997,37.84329272542058,-121.99749809775672,"PatientState(Location(""FIELD"", (37.84329272542058, -121.99749809775672), -1.0, FIELD), 125.47633246073981, UNKNOWN, HEMORRHAGIC)"
4,0.24418294143999997,0.24418294143999997,37.84338768784506,-122.00028502909481,"PatientState(Location(""FIELD"", (37.84338768784506, -122.00028502909481), -1.0, FIELD), 238.50328571910165, UNKNOWN, HEMORRHAGIC)"
5,0.32315087626472844,0.24418294143999997,37.84161445686239,-121.9994100656987,"PatientState(Location(""FIELD"", (37.84161445686239, -121.9994100656987), -1.0, FIELD), 109.02125663814921, UNKNOWN, HEMORRHAGIC)"
