sample,reward_best,reward_CA,location_lat,location_lon,patient_state
1,0.24418294143999997,0.24418294143999997,37.35406974653034,-122.04786606814261,"PatientState(Location(""FIELD"", (37.35406974653034, -122.04786606814261), -1.0, FIELD), 212.64554735192786, UNKNOWN, HEMORRHAGIC)"
2,0.3351654213774719,0.3309798860860211,37.35723795062488,-122.04757508911386,"PatientState(Location(""FIELD"", (37.35723795062488, -122.04757508911386), -1.0, FIELD), 97.11791545544067, UNKNOWN, LVO)"
3,0.2521971889583471,0.2521971889583471,37.3538383215255,-122.04811295966563,"PatientState(Location(""FIELD"", (37.3538383215255, -122.04811295966563), -1.0, FIELD), 195.68681974019486, UNKNOWN, NLVO)"
4,0.24418294143999997,0.24418294143999997,37.3550717814258,-122.04695516250955,"PatientState(Location(""FIELD"", (37.3550717814258, -122.04695516250955), -1.0, FIELD), 231.0704751046697, UNKNOWN, NLVO)"
5,0.3358500626919525,0.33178072612031145,37.357787073133814,-122.04615400568925,"PatientState(Location(""FIELD"", (37.357787073133814, -122.04615400568925), -1.0, FIELD), 93.95475668404045, UNKNOWN, NLVO)"
