sample,reward_best,reward_CA,location_lat,location_lon,patient_state
1,0.3259767272364945,0.3259767272364945,37.238785924110054,-122.0053001964978,"PatientState(Location(""FIELD"", (37.238785924110054, -122.0053001964978), -1.0, FIELD), 139.74954990152415, UNKNOWN, HEMORRHAGIC)"
2,0.324666072276131,0.324666072276131,37.23765902736997,-122.00396729104517,"PatientState(Location(""FIELD"", (37.23765902736997, -122.00396729104517), -1.0, FIELD), 144.70652001203425, UNKNOWN, HEMORRHAGIC)"
3,0.33830440773314396,0.33830440773314396,37.23571729732789,-122.00092739225869,"PatientState(Location(""FIELD"", (37.23571729732789, -122.00092739225869), -1.0, FIELD), 86.52442914627056, UNKNOWN, LVO)"
4,0.31972958671517376,0.31972958671517376,37.23495627158455,-122.00229215172365,"PatientState(Location(""FIELD"", (37.23495627158455, -122.00229215172365), -1.0, FIELD), 165.65172660586842, UNKNOWN, HEMORRHAGIC)"
5,0.35664132737538573,0.35664132737538573,37.23764194515791,-122.00466788826905,"PatientState(Location(""FIELD"", (37.23764194515791, -122.00466788826905), -1.0, FIELD), 7.433038774264373, UNKNOWN, LVO)"
