sample,reward_best,reward_CA,location_lat,location_lon,patient_state
1,0.24418294143999997,0.24418294143999997,38.11351271076579,-121.64569510045978,"PatientState(Location(""FIELD"", (38.11351271076579, -121.64569510045978), -1.0, FIELD), 116.66917146199764, UNKNOWN, LVO)"
2,0.24418294143999997,0.24418294143999997,38.11750255880353,-121.6739992494239,"PatientState(Location(""FIELD"", (38.11750255880353, -121.6739992494239), -1.0, FIELD), 229.1873918007909, UNKNOWN, LVO)"
3,0.24418294143999997,0.24418294143999997,38.10607163805982,-121.64861988396767,"PatientState(Location(""FIELD"", (38.10607163805982, -121.64861988396767), -1.0, FIELD), 105.30871994167101, UNKNOWN, HEMORRHAGIC)"
