sample,reward_best,reward_CA,location_lat,location_lon,patient_state
1,0.24418294143999997,0.24418294143999997,37.71933481592417,-121.59649468585732,"PatientState(Location(""FIELD"", (37.71933481592417, -121.59649468585732), -1.0, FIELD), 181.0697315305713, UNKNOWN, MIMIC)"
2,0.3273314394037957,0.24418294143999997,37.72321417170867,-121.59756429800998,"PatientState(Location(""FIELD"", (37.72321417170867, -121.59756429800998), -1.0, FIELD), 77.40770062399017, UNKNOWN, NLVO)"
3,0.24418294143999997,0.24418294143999997,37.719957107458214,-121.59930127949174,"PatientState(Location(""FIELD"", (37.719957107458214, -121.59930127949174), -1.0, FIELD), 263.3806663054558, UNKNOWN, HEMORRHAGIC)"
4,0.3314982362224154,0.24418294143999997,37.722695774349994,-121.59734128115078,"PatientState(Location(""FIELD"", (37.722695774349994, -121.59734128115078), -1.0, FIELD), 59.141080238504124, UNKNOWN, HEMORRHAGIC)"
5,0.3289098497393307,0.24418294143999997,37.719691332894364,-121.59729779928001,"PatientState(Location(""FIELD"", (37.719691332894364, -121.59729779928001), -1.0, FIELD), 70.32383646301474, UNKNOWN, LVO)"
