sample,reward_best,reward_CA,location_lat,location_lon,patient_state
1,0.24418294143999997,0.24418294143999997,37.23440184980323,-121.7673787838153,"PatientState(Location(""FIELD"", (37.23440184980323, -121.7673787838153), -1.0, FIELD), 263.9555554533157, UNKNOWN, HEMORRHAGIC)"
2,0.34532457437417696,0.34214236051194974,37.23634100607548,-121.7675848962125,"PatientState(Location(""FIELD"", (37.23634100607548, -121.7675848962125), -1.0, FIELD), 54.787206460587214, UNKNOWN, HEMORRHAGIC)"
3,0.24418294143999997,0.24418294143999997,37.2368107370526,-121.76894631633239,"PatientState(Location(""FIELD"", (37.2368107370526, -121.76894631633239), -1.0, FIELD), 212.66371139898354, UNKNOWN, NLVO)"
4,0.33433958580381123,0.3311257691195398,37.23878965134638,-121.77050218620892,"PatientState(Location(""FIELD"", (37.23878965134638, -121.77050218620892), -1.0, FIELD), 102.47977490679318, UNKNOWN, HEMORRHAGIC)"
5,0.31736153225281355,0.2560840953283233,37.23688454675305,-121.77049070517901,"PatientState(Location(""FIELD"", (37.23688454675305, -121.77049070517901), -1.0, FIELD), 177.54929749618262, UNKNOWN, HEMORRHAGIC)"
