sample,reward_best,reward_CA,location_lat,location_lon,patient_state
1,0.33067153403568217,0.33067153403568217,37.31578579054818,-121.7156498418077,"PatientState(Location(""FIELD"", (37.31578579054818, -121.7156498418077), -1.0, FIELD), 92.13780480517461, UNKNOWN, LVO)"
2,0.3200086709719091,0.3200086709719091,37.31431545575135,-121.71369513081352,"PatientState(Location(""FIELD"", (37.31431545575135, -121.71369513081352), -1.0, FIELD), 138.40122472303207, UNKNOWN, NLVO)"
3,0.31706678536244104,0.31706678536244104,37.315003935427505,-121.71252959780115,"PatientState(Location(""FIELD"", (37.315003935427505, -121.71252959780115), -1.0, FIELD), 158.36999149215612, UNKNOWN, NLVO)"
4,0.3271390624255263,0.3271390624255263,37.31874737510491,-121.71157025587988,"PatientState(Location(""FIELD"", (37.31874737510491, -121.71157025587988), -1.0, FIELD), 115.179362703511, UNKNOWN, LVO)"
5,0.24418294143999997,0.24418294143999997,37.31639277710572,-121.71522329990933,"PatientState(Location(""FIELD"", (37.31639277710572, -121.71522329990933), -1.0, FIELD), 207.5577127358348, UNKNOWN, HEMORRHAGIC)"
