sample,reward_best,reward_CA,location_lat,location_lon,patient_state
1,0.24418294143999997,0.24418294143999997,38.08866871578694,-122.09097062771357,"PatientState(Location(""FIELD"", (38.08866871578694, -122.09097062771357), -1.0, FIELD), 127.61754924070888, UNKNOWN, HEMORRHAGIC)"
2,0.24418294143999997,0.24418294143999997,38.086289980923866,-122.09222109595447,"PatientState(Location(""FIELD"", (38.086289980923866, -122.09222109595447), -1.0, FIELD), 129.10883884471235, UNKNOWN, MIMIC)"
3,0.2519343483842866,0.24418294143999997,38.087221175306446,-122.09303910899845,"PatientState(Location(""FIELD"", (38.087221175306446, -122.09303910899845), -1.0, FIELD), 69.50843649042793, UNKNOWN, LVO)"
4,0.24418294143999997,0.24418294143999997,38.08555874672097,-122.09315210312697,"PatientState(Location(""FIELD"", (38.08555874672097, -122.09315210312697), -1.0, FIELD), 181.60514578586321, UNKNOWN, HEMORRHAGIC)"
5,0.24418294143999997,0.24418294143999997,38.08661646969897,-122.09477261284033,"PatientState(Location(""FIELD"", (38.08661646969897, -122.09477261284033), -1.0, FIELD), 195.74717084491667, UNKNOWN, HEMORRHAGIC)"
