sample,reward_best,reward_CA,location_lat,location_lon,patient_state
1,0.3525172363162647,0.3525172363162647,37.39753918303993,-121.83812509018651,"PatientState(Location(""FIELD"", (37.39753918303993, -121.83812509018651), -1.0, FIELD), 28.857756620095447, UNKNOWN, LVO)"
2,0.32205774521251146,0.32205774521251146,37.394111469767424,-121.83875051008977,"PatientState(Location(""FIELD"", (37.394111469767424, -121.83875051008977), -1.0, FIELD), 161.98895032202202, UNKNOWN, LVO)"
3,0.33127802756183344,0.33127802756183344,37.395426253014485,-121.83723976093653,"PatientState(Location(""FIELD"", (37.395426253014485, -121.83723976093653), -1.0, FIELD), 120.59640068645645, UNKNOWN, HEMORRHAGIC)"
4,0.35874195666551023,0.35874195666551023,37.39659912646376,-121.8364730126405,"PatientState(Location(""FIELD"", (37.39659912646376, -121.8364730126405), -1.0, FIELD), 3.271345998939056, UNKNOWN, LVO)"
5,0.32454060611433316,0.32454060611433316,37.39671530092655,-121.84013527421322,"PatientState(Location(""FIELD"", (37.39671530092655, -121.84013527421322), -1.0, FIELD), 150.28472881660153, UNKNOWN, MIMIC)"
