sample,reward_best,reward_CA,location_lat,location_lon,patient_state
1,0.34761763620627256,0.33155293092706045,37.74724178017295,-122.2275501645414,"PatientState(Location(""FIELD"", (37.74724178017295, -122.2275501645414), -1.0, FIELD), 19.900535800872902, UNKNOWN, HEMORRHAGIC)"
2,0.3154733013722486,0.24418294143999997,37.74654293782377,-122.22999451440681,"PatientState(Location(""FIELD"", (37.74654293782377, -122.22999451440681), -1.0, FIELD), 160.78272787972088, UNKNOWN, HEMORRHAGIC)"
3,0.24418294143999997,0.24418294143999997,37.745104040898795,-122.22949531684115,"PatientState(Location(""FIELD"", (37.745104040898795, -122.22949531684115), -1.0, FIELD), 223.6676036627088, UNKNOWN, LVO)"
4,0.34783267579431504,0.33141440934905436,37.74506670636689,-122.22831360205058,"PatientState(Location(""FIELD"", (37.74506670636689, -122.22831360205058), -1.0, FIELD), 20.12056970012325, UNKNOWN, LVO)"
5,0.3221227855336372,0.24418294143999997,37.748440063083954,-122.22679431349347,"PatientState(Location(""FIELD"", (37.748440063083954, -122.22679431349347), -1.0, FIELD), 130.66993547502327, UNKNOWN, LVO)"
