sample,reward_best,reward_CA,location_lat,location_lon,patient_state
1,0.32104832663162575,0.32104832663162575,37.94140327273074,-121.92048345283311,"PatientState(Location(""FIELD"", (37.94140327273074, -121.92048345283311), -1.0, FIELD), 36.546555491315445, UNKNOWN, HEMORRHAGIC)"
2,0.24418294143999997,0.24418294143999997,37.93912683676805,-121.91786977980969,"PatientState(Location(""FIELD"", (37.93912683676805, -121.91786977980969), -1.0, FIELD), 96.36065147140094, UNKNOWN, HEMORRHAGIC)"
3,0.24418294143999997,0.24418294143999997,37.93964281390738,-121.92071217444615,"PatientState(Location(""FIELD"", (37.93964281390738, -121.92071217444615), -1.0, FIELD), 119.88925791891566, UNKNOWN, LVO)"
4,0.24418294143999997,0.24418294143999997,37.94132975504512,-121.9174879167658,"PatientState(Location(""FIELD"", (37.94132975504512, -121.9174879167658), -1.0, FIELD), 126.35223611545821, UNKNOWN, LVO)"
5,0.3260268689252849,0.3260268689252849,37.94207625176831,-121.91655778280189,"PatientState(Location(""FIELD"", (37.94207625176831, -121.91655778280189), -1.0, FIELD), 13.39071574384928, UNKNOWN, HEMORRHAGIC)"
