sample,reward_best,reward_CA,location_lat,location_lon,patient_state
1,0.35037923824415695,0.347983688548087,37.22021812566773,-121.75776275880304,"PatientState(Location(""FIELD"", (37.22021812566773, -121.75776275880304), -1.0, FIELD), 28.7755605674512, UNKNOWN, LVO)"
2,0.33300452658084223,0.3305357314803492,37.221960540341975,-121.76029436231723,"PatientState(Location(""FIELD"", (37.221960540341975, -121.76029436231723), -1.0, FIELD), 103.6556901695322, UNKNOWN, HEMORRHAGIC)"
3,0.3534006639332943,0.3510192357899949,37.22203911555512,-121.75945308404724,"PatientState(Location(""FIELD"", (37.22203911555512, -121.75945308404724), -1.0, FIELD), 16.247170766156387, UNKNOWN, LVO)"
4,0.3212662232068654,0.259772487753487,37.22351683095325,-121.76058337989292,"PatientState(Location(""FIELD"", (37.22351683095325, -121.76058337989292), -1.0, FIELD), 155.60907794599538, UNKNOWN, HEMORRHAGIC)"
5,0.24418294143999997,0.24418294143999997,37.22016914675406,-121.75636220153268,"PatientState(Location(""FIELD"", (37.22016914675406, -121.75636220153268), -1.0, FIELD), 231.7549174960291, UNKNOWN, LVO)"
