sample,reward_best,reward_CA,location_lat,location_lon,patient_state
1,0.34401555329128414,0.3248501597840323,37.67093855011132,-122.05889909830186,"PatientState(Location(""FIELD"", (37.67093855011132, -122.05889909830186), -1.0, FIELD), 40.32595997017055, UNKNOWN, LVO)"
2,0.3209776777300648,0.24418294143999997,37.67283558277885,-122.0586703719149,"PatientState(Location(""FIELD"", (37.67283558277885, -122.0586703719149), -1.0, FIELD), 141.82532900343423, UNKNOWN, HEMORRHAGIC)"
3,0.24418294143999997,0.24418294143999997,37.67108571441678,-122.06035683992145,"PatientState(Location(""FIELD"", (37.67108571441678, -122.06035683992145), -1.0, FIELD), 192.6695747381365, UNKNOWN, MIMIC)"
4,0.24418294143999997,0.24418294143999997,37.66902285904753,-122.0568638212043,"PatientState(Location(""FIELD"", (37.66902285904753, -122.0568638212043), -1.0, FIELD), 201.21970895805453, UNKNOWN, HEMORRHAGIC)"
5,0.34085773710425216,0.32171762597209,37.66995928383201,-122.06013696126314,"PatientState(Location(""FIELD"", (37.66995928383201, -122.06013696126314), -1.0, FIELD), 53.70923466932601, UNKNOWN, MIMIC)"
