sample,reward_best,reward_CA,location_lat,location_lon,patient_state
1,0.31958277552807085,0.24418294143999997,37.56816233527636,-121.6845303465287,"PatientState(Location(""FIELD"", (37.56816233527636, -121.6845303465287), -1.0, FIELD), 120.58385867662804, UNKNOWN, NLVO)"
2,0.24418294143999997,0.24418294143999997,37.56598944201404,-121.68388317215255,"PatientState(Location(""FIELD"", (37.56598944201404, -121.68388317215255), -1.0, FIELD), 260.99080317919226, UNKNOWN, HEMORRHAGIC)"
3,0.3467559071745664,0.324770823755987,37.56854477328606,-121.68098420633308,"PatientState(Location(""FIELD"", (37.56854477328606, -121.68098420633308), -1.0, FIELD), 2.1433552000563783, UNKNOWN, HEMORRHAGIC)"
4,0.24418294143999997,0.24418294143999997,37.56603384079667,-121.68240625516938,"PatientState(Location(""FIELD"", (37.56603384079667, -121.68240625516938), -1.0, FIELD), 266.88264861522407, UNKNOWN, NLVO)"
5,0.32105579629204367,0.24418294143999997,37.568674973784994,-121.68332046905435,"PatientState(Location(""FIELD"", (37.568674973784994, -121.68332046905435), -1.0, FIELD), 114.23081302279886, UNKNOWN, LVO)"
