sample,reward_best,reward_CA,location_lat,location_lon,patient_state
1,0.33238568621188,0.31528509499781376,37.92973866807607,-122.25318670891501,"PatientState(Location(""FIELD"", (37.92973866807607, -122.25318670891501), -1.0, FIELD), 65.27797504366804, UNKNOWN, HEMORRHAGIC)"
2,0.24418294143999997,0.24418294143999997,37.93330637268404,-122.25548856758188,"PatientState(Location(""FIELD"", (37.93330637268404, -122.25548856758188), -1.0, FIELD), 262.67575814936646, UNKNOWN, MIMIC)"
3,0.24418294143999997,0.24418294143999997,37.93082730889142,-122.25341529437095,"PatientState(Location(""FIELD"", (37.93082730889142, -122.25341529437095), -1.0, FIELD), 253.4040775640155, UNKNOWN, HEMORRHAGIC)"
4,0.32734108969564046,0.24418294143999997,37.93310186722429,-122.25120038730448,"PatientState(Location(""FIELD"", (37.93310186722429, -122.25120038730448), -1.0, FIELD), 85.33357029180296, UNKNOWN, LVO)"
5,0.33562949708349793,0.31842975214773034,37.93199100742076,-122.25150839734125,"PatientState(Location(""FIELD"", (37.93199100742076, -122.25150839734125), -1.0, FIELD), 49.37781646783954, UNKNOWN, NLVO)"
