sample,reward_best,reward_CA,location_lat,location_lon,patient_state
1,0.3421613115545783,0.3229866015475194,37.51060077794147,-121.76202463288602,"PatientState(Location(""FIELD"", (37.51060077794147, -121.76202463288602), -1.0, FIELD), 18.731304463047152, UNKNOWN, HEMORRHAGIC)"
2,0.3373092730667822,0.31829686857504386,37.50980938272461,-121.76379201358093,"PatientState(Location(""FIELD"", (37.50980938272461, -121.76379201358093), -1.0, FIELD), 40.38966602379875, UNKNOWN, HEMORRHAGIC)"
3,0.3162769973443921,0.24418294143999997,37.50912434608429,-121.76496945751056,"PatientState(Location(""FIELD"", (37.50912434608429, -121.76496945751056), -1.0, FIELD), 133.38386860986324, UNKNOWN, LVO)"
4,0.341589831702983,0.3224339168616476,37.512893768328034,-121.76201642679791,"PatientState(Location(""FIELD"", (37.512893768328034, -121.76201642679791), -1.0, FIELD), 24.753050414548106, UNKNOWN, LVO)"
5,0.24418294143999997,0.24418294143999997,37.51292470737862,-121.76303675600481,"PatientState(Location(""FIELD"", (37.51292470737862, -121.76303675600481), -1.0, FIELD), 233.35684985259866, UNKNOWN, NLVO)"
