sample,reward_best,reward_CA,location_lat,location_lon,patient_state
1,0.24418294143999997,0.24418294143999997,37.56016595219031,-121.74375496402841,"PatientState(Location(""FIELD"", (37.56016595219031, -121.74375496402841), -1.0, FIELD), 182.71296322925298, UNKNOWN, HEMORRHAGIC)"
2,0.3266411861876162,0.24418294143999997,37.562378462343766,-121.74332987209742,"PatientState(Location(""FIELD"", (37.562378462343766, -121.74332987209742), -1.0, FIELD), 87.09526014733865, UNKNOWN, NLVO)"
3,0.33299577240217015,0.314132914758428,37.5612251874541,-121.74366903400197,"PatientState(Location(""FIELD"", (37.5612251874541, -121.74366903400197), -1.0, FIELD), 59.233826155431586, UNKNOWN, HEMORRHAGIC)"
4,0.34288125148174964,0.3236829849246992,37.5609586416677,-121.74172075246135,"PatientState(Location(""FIELD"", (37.5609586416677, -121.74172075246135), -1.0, FIELD), 16.663670068340384, UNKNOWN, HEMORRHAGIC)"
5,0.3287819317892664,0.24418294143999997,37.55929251785006,-121.74353994415979,"PatientState(Location(""FIELD"", (37.55929251785006, -121.74353994415979), -1.0, FIELD), 77.41350593937518, UNKNOWN, HEMORRHAGIC)"
