sample,reward_best,reward_CA,location_lat,location_lon,patient_state
1,0.25303414584550715,0.25303414584550715,37.63335816288117,-122.44438265738265,"PatientState(Location(""FIELD"", (37.63335816288117, -122.44438265738265), -1.0, FIELD), 193.7487791915237, UNKNOWN, LVO)"
2,0.24418294143999997,0.24418294143999997,37.63329098884476,-122.44245883521526,"PatientState(Location(""FIELD"", (37.63329098884476, -122.44245883521526), -1.0, FIELD), 223.3630290776561, UNKNOWN, HEMORRHAGIC)"
3,0.3189671491724137,0.2589845033995482,37.63008850166031,-122.44271053885413,"PatientState(Location(""FIELD"", (37.63008850166031, -122.44271053885413), -1.0, FIELD), 159.36450042668866, UNKNOWN, LVO)"
4,0.24418294143999997,0.24418294143999997,37.628968682819696,-122.44159695584568,"PatientState(Location(""FIELD"", (37.628968682819696, -122.44159695584568), -1.0, FIELD), 258.4749616379021, UNKNOWN, LVO)"
5,0.24418294143999997,0.24418294143999997,37.63311649500919,-122.44179149209556,"PatientState(Location(""FIELD"", (37.63311649500919, -122.44179149209556), -1.0, FIELD), 263.9219761735157, UNKNOWN, HEMORRHAGIC)"
