sample,reward_best,reward_CA,location_lat,location_lon,patient_state
1,0.34909490185192593,0.34460181303568704,37.28987208685492,-121.89638092497526,"PatientState(Location(""FIELD"", (37.28987208685492, -121.89638092497526), -1.0, FIELD), 37.38914286446252, UNKNOWN, LVO)"
2,0.35393369267095587,0.34890657388294033,37.29107438752026,-121.900577454431,"PatientState(Location(""FIELD"", (37.29107438752026, -121.900577454431), -1.0, FIELD), 19.231831417570348, UNKNOWN, HEMORRHAGIC)"
3,0.34011655001900465,0.3355031658634776,37.29290658385671,-121.89596814244442,"PatientState(Location(""FIELD"", (37.29290658385671, -121.89596814244442), -1.0, FIELD), 76.82489608688178, UNKNOWN, LVO)"
4,0.24418294143999997,0.24418294143999997,37.29153792879617,-121.89938201117646,"PatientState(Location(""FIELD"", (37.29153792879617, -121.89938201117646), -1.0, FIELD), 211.26141610553606, UNKNOWN, NLVO)"
5,0.3198054194550437,0.25684598976593453,37.29191512311482,-121.90023897551457,"PatientState(Location(""FIELD"", (37.29191512311482, -121.90023897551457), -1.0, FIELD), 166.41156484100847, UNKNOWN, HEMORRHAGIC)"
