sample,reward_best,reward_CA,location_lat,location_lon,patient_state
1,0.24418294143999997,0.24418294143999997,37.995256988934486,-122.11348853751522,"PatientState(Location(""FIELD"", (37.995256988934486, -122.11348853751522), -1.0, FIELD), 224.47828836199815, UNKNOWN, HEMORRHAGIC)"
2,0.24418294143999997,0.24418294143999997,37.99706831063935,-122.1157887892439,"PatientState(Location(""FIELD"", (37.99706831063935, -122.1157887892439), -1.0, FIELD), 247.0625369983146, UNKNOWN, MIMIC)"
3,0.2582801404456315,0.24418294143999997,37.994045306108006,-122.11122153507738,"PatientState(Location(""FIELD"", (37.994045306108006, -122.11122153507738), -1.0, FIELD), 109.89896143022652, UNKNOWN, LVO)"
4,0.24418294143999997,0.24418294143999997,37.993850615337756,-122.111774465166,"PatientState(Location(""FIELD"", (37.993850615337756, -122.111774465166), -1.0, FIELD), 183.16988432087766, UNKNOWN, MIMIC)"
5,0.25387229789529864,0.24418294143999997,37.994665270365864,-122.11350172993323,"PatientState(Location(""FIELD"", (37.994665270365864, -122.11350172993323), -1.0, FIELD), 135.9250979735154, UNKNOWN, HEMORRHAGIC)"
