sample,reward_best,reward_CA,location_lat,location_lon,patient_state
1,0.33987070434832656,0.33618960708964696,37.34001674141398,-121.91308458978077,"PatientState(Location(""FIELD"", (37.34001674141398, -121.91308458978077), -1.0, FIELD), 81.25849514593128, UNKNOWN, HEMORRHAGIC)"
2,0.3396977076949822,0.3355733655230075,37.3423748493171,-121.91325078562862,"PatientState(Location(""FIELD"", (37.3423748493171, -121.91325078562862), -1.0, FIELD), 82.79699401535241, UNKNOWN, NLVO)"
3,0.34591143435477356,0.3422825305145475,37.34136863610472,-121.91576154709009,"PatientState(Location(""FIELD"", (37.34136863610472, -121.91576154709009), -1.0, FIELD), 54.68729060245428, UNKNOWN, LVO)"
4,0.3490107878074621,0.34490033602209347,37.34204877777306,-121.91356484678434,"PatientState(Location(""FIELD"", (37.34204877777306, -121.91356484678434), -1.0, FIELD), 42.93133825220156, UNKNOWN, MIMIC)"
5,0.24418294143999997,0.24418294143999997,37.3437728915681,-121.91156909895378,"PatientState(Location(""FIELD"", (37.3437728915681, -121.91156909895378), -1.0, FIELD), 247.6496212660493, UNKNOWN, LVO)"
