sample,reward_best,reward_CA,location_lat,location_lon,patient_state
1,0.24418294143999997,0.24418294143999997,37.57842638304457,-121.59768767874613,"PatientState(Location(""FIELD"", (37.57842638304457, -121.59768767874613), -1.0, FIELD), 231.73015463891198, UNKNOWN, NLVO)"
2,0.323649940595242,0.24418294143999997,37.57552391165301,-121.59618162352227,"PatientState(Location(""FIELD"", (37.57552391165301, -121.59618162352227), -1.0, FIELD), 90.73413357421056, UNKNOWN, HEMORRHAGIC)"
3,0.32216549129192673,0.24418294143999997,37.57397946648728,-121.60058005866803,"PatientState(Location(""FIELD"", (37.57397946648728, -121.60058005866803), -1.0, FIELD), 96.60018667945747, UNKNOWN, LVO)"
4,0.3242223390085911,0.24418294143999997,37.57491335173695,-121.5991235994286,"PatientState(Location(""FIELD"", (37.57491335173695, -121.5991235994286), -1.0, FIELD), 88.79452066108908, UNKNOWN, LVO)"
5,0.3354752912445352,0.313917203793259,37.57689354269353,-121.60016973690614,"PatientState(Location(""FIELD"", (37.57689354269353, -121.60016973690614), -1.0, FIELD), 39.646677543873764, UNKNOWN, MIMIC)"
