sample,reward_best,reward_CA,location_lat,location_lon,patient_state
1,0.24418294143999997,0.24418294143999997,38.029627690332156,-122.1845449563296,"PatientState(Location(""FIELD"", (38.029627690332156, -122.1845449563296), -1.0, FIELD), 240.0094574602363, UNKNOWN, NLVO)"
2,0.3287641570677558,0.3170916443554125,38.032628406726445,-122.18229632633658,"PatientState(Location(""FIELD"", (38.032628406726445, -122.18229632633658), -1.0, FIELD), 48.092916141423956, UNKNOWN, HEMORRHAGIC)"
3,0.33370872910080557,0.32188699131386594,38.03243055633578,-122.18508600535483,"PatientState(Location(""FIELD"", (38.03243055633578, -122.18508600535483), -1.0, FIELD), 26.62345632229697, UNKNOWN, HEMORRHAGIC)"
4,0.24418294143999997,0.24418294143999997,38.029571956828626,-122.1832850257456,"PatientState(Location(""FIELD"", (38.029571956828626, -122.1832850257456), -1.0, FIELD), 188.1804799488199, UNKNOWN, MIMIC)"
5,0.24418294143999997,0.24418294143999997,38.033292024631365,-122.1835246619729,"PatientState(Location(""FIELD"", (38.033292024631365, -122.1835246619729), -1.0, FIELD), 226.10764036630445, UNKNOWN, LVO)"
