sample,reward_best,reward_CA,location_lat,location_lon,patient_state
1,0.33817846747984154,0.3267858190082382,37.955236708454756,-122.26936545094014,"PatientState(Location(""FIELD"", (37.955236708454756, -122.26936545094014), -1.0, FIELD), 22.485822254752627, UNKNOWN, HEMORRHAGIC)"
2,0.3159266566884201,0.25266292158081427,37.95732256237691,-122.26953803679545,"PatientState(Location(""FIELD"", (37.95732256237691, -122.26953803679545), -1.0, FIELD), 78.27927855103512, UNKNOWN, NLVO)"
3,0.32838092294083976,0.3173011862133113,37.95812918191924,-122.26865232202097,"PatientState(Location(""FIELD"", (37.95812918191924, -122.26865232202097), -1.0, FIELD), 64.21994398213769, UNKNOWN, LVO)"
4,0.2564700718945718,0.24418294143999997,37.95646940165433,-122.2658481462669,"PatientState(Location(""FIELD"", (37.95646940165433, -122.2658481462669), -1.0, FIELD), 129.25175860418307, UNKNOWN, LVO)"
5,0.3143815536238303,0.25245524606296826,37.95407028264097,-122.26905003745134,"PatientState(Location(""FIELD"", (37.95407028264097, -122.26905003745134), -1.0, FIELD), 79.36636755854994, UNKNOWN, HEMORRHAGIC)"
