sample,reward_best,reward_CA,location_lat,location_lon,patient_state
1,0.33194900354437823,0.3140991319511133,37.5947541355152,-122.0647225278207,"PatientState(Location(""FIELD"", (37.5947541355152, -122.0647225278207), -1.0, FIELD), 101.96304527432308, UNKNOWN, HEMORRHAGIC)"
2,0.3435948664754138,0.32537089281899834,37.59460254751717,-122.06207732121577,"PatientState(Location(""FIELD"", (37.59460254751717, -122.06207732121577), -1.0, FIELD), 49.06324558816491, UNKNOWN, MIMIC)"
3,0.33046111881375684,0.24418294143999997,37.597978541891706,-122.06110704492947,"PatientState(Location(""FIELD"", (37.597978541891706, -122.06110704492947), -1.0, FIELD), 110.63333728520841, UNKNOWN, LVO)"
4,0.24418294143999997,0.24418294143999997,37.59469400743813,-122.06362637498202,"PatientState(Location(""FIELD"", (37.59469400743813, -122.06362637498202), -1.0, FIELD), 259.95750403541456, UNKNOWN, NLVO)"
5,0.32127682944125346,0.24418294143999997,37.59782613807008,-122.06269789554634,"PatientState(Location(""FIELD"", (37.59782613807008, -122.06269789554634), -1.0, FIELD), 151.01354006996905, UNKNOWN, HEMORRHAGIC)"
