sample,reward_best,reward_CA,location_lat,location_lon,patient_state
1,0.3398319646925046,0.3398319646925046,37.26048564853769,-121.8633732016731,"PatientState(Location(""FIELD"", (37.26048564853769, -121.8633732016731), -1.0, FIELD), 81.62867760382002, UNKNOWN, NLVO)"
2,0.24418294143999997,0.24418294143999997,37.263336530610765,-121.86289620806345,"PatientState(Location(""FIELD"", (37.263336530610765, -121.86289620806345), -1.0, FIELD), 205.45563470963282, UNKNOWN, MIMIC)"
3,0.3159597435578689,0.3159597435578689,37.26149269841693,-121.86327798739343,"PatientState(Location(""FIELD"", (37.26149269841693, -121.86327798739343), -1.0, FIELD), 186.51203270202154, UNKNOWN, HEMORRHAGIC)"
4,0.32987167741167345,0.32987167741167345,37.26073147604882,-121.86388570701605,"PatientState(Location(""FIELD"", (37.26073147604882, -121.86388570701605), -1.0, FIELD), 124.88053894792968, UNKNOWN, MIMIC)"
5,0.3406757475917682,0.3406757475917682,37.26130903233954,-121.86190992260765,"PatientState(Location(""FIELD"", (37.26130903233954, -121.86190992260765), -1.0, FIELD), 77.40523766838872, UNKNOWN, HEMORRHAGIC)"
