sample,reward_best,reward_CA,location_lat,location_lon,patient_state
1,0.24418294143999997,0.24418294143999997,37.398147625882764,-121.66501043436806,"PatientState(Location(""FIELD"", (37.398147625882764, -121.66501043436806), -1.0, FIELD), 237.47985452035806, UNKNOWN, HEMORRHAGIC)"
2,0.34807555500066867,0.34807555500066867,37.39872649531061,-121.66420710318084,"PatientState(Location(""FIELD"", (37.39872649531061, -121.66420710318084), -1.0, FIELD), 11.350833301833593, UNKNOWN, NLVO)"
3,0.34367536518347697,0.34367536518347697,37.39521908266538,-121.66176244723137,"PatientState(Location(""FIELD"", (37.39521908266538, -121.66176244723137), -1.0, FIELD), 32.41193873090487, UNKNOWN, LVO)"
4,0.3191049545267345,0.3191049545267345,37.39572921849301,-121.66232773155518,"PatientState(Location(""FIELD"", (37.39572921849301, -121.66232773155518), -1.0, FIELD), 139.80349047313302, UNKNOWN, HEMORRHAGIC)"
5,0.3163548519257134,0.3163548519257134,37.395137092914425,-121.66522534303435,"PatientState(Location(""FIELD"", (37.395137092914425, -121.66522534303435), -1.0, FIELD), 151.90727785664677, UNKNOWN, MIMIC)"
