sample,reward_best,reward_CA,location_lat,location_lon,patient_state
1,0.32422793801807304,0.24418294143999997,37.80514703117164,-121.84237447929577,"PatientState(Location(""FIELD"", (37.80514703117164, -121.84237447929577), -1.0, FIELD), 106.58807474549683, UNKNOWN, MIMIC)"
2,0.3393326271847438,0.3188225711348936,37.80832657822136,-121.8450620722204,"PatientState(Location(""FIELD"", (37.80832657822136, -121.8450620722204), -1.0, FIELD), 39.936889628948876, UNKNOWN, MIMIC)"
3,0.24418294143999997,0.24418294143999997,37.80839045100324,-121.84429311207134,"PatientState(Location(""FIELD"", (37.80839045100324, -121.84429311207134), -1.0, FIELD), 219.53883390545562, UNKNOWN, NLVO)"
4,0.24418294143999997,0.24418294143999997,37.80497857999274,-121.84486024345864,"PatientState(Location(""FIELD"", (37.80497857999274, -121.84486024345864), -1.0, FIELD), 232.694473199175, UNKNOWN, LVO)"
5,0.34260179224191967,0.3219778065912771,37.80428362017856,-121.8421995453638,"PatientState(Location(""FIELD"", (37.80428362017856, -121.8421995453638), -1.0, FIELD), 25.8901183297797, UNKNOWN, LVO)"
