sample,reward_best,reward_CA,location_lat,location_lon,patient_state
1,0.3243846374193924,0.24418294143999997,37.81689061039184,-121.5947928511997,"PatientState(Location(""FIELD"", (37.81689061039184, -121.5947928511997), -1.0, FIELD), 14.130112203535305, UNKNOWN, HEMORRHAGIC)"
2,0.24418294143999997,0.24418294143999997,37.81879681020682,-121.59565474232508,"PatientState(Location(""FIELD"", (37.81879681020682, -121.59565474232508), -1.0, FIELD), 184.79727439030535, UNKNOWN, LVO)"
3,0.24418294143999997,0.24418294143999997,37.818060430629124,-121.59517646258017,"PatientState(Location(""FIELD"", (37.818060430629124, -121.59517646258017), -1.0, FIELD), 65.90268912552703, UNKNOWN, HEMORRHAGIC)"
4,0.31633280882166914,0.24418294143999997,37.81689330336388,-121.59122600645966,"PatientState(Location(""FIELD"", (37.81689330336388, -121.59122600645966), -1.0, FIELD), 51.274304226122496, UNKNOWN, HEMORRHAGIC)"
5,0.31803421360205125,0.24418294143999997,37.81637039598854,-121.59184109400971,"PatientState(Location(""FIELD"", (37.81637039598854, -121.59184109400971), -1.0, FIELD), 43.63432978293526, UNKNOWN, HEMORRHAGIC)"
