sample,reward_best,reward_CA,location_lat,location_lon,patient_state
1,0.24418294143999997,0.24418294143999997,37.180476804390125,-121.91015923057745,"PatientState(Location(""FIELD"", (37.180476804390125, -121.91015923057745), -1.0, FIELD), 205.01118692182882, UNKNOWN, MIMIC)"
2,0.24418294143999997,0.24418294143999997,37.181859956461665,-121.90993395820504,"PatientState(Location(""FIELD"", (37.181859956461665, -121.90993395820504), -1.0, FIELD), 172.117316170424, UNKNOWN, HEMORRHAGIC)"
3,0.24418294143999997,0.24418294143999997,37.18242485292868,-121.90648130782266,"PatientState(Location(""FIELD"", (37.18242485292868, -121.90648130782266), -1.0, FIELD), 230.38180902206886, UNKNOWN, LVO)"
4,0.24418294143999997,0.24418294143999997,37.1792500699929,-121.90914689047567,"PatientState(Location(""FIELD"", (37.1792500699929, -121.90914689047567), -1.0, FIELD), 179.07074576464248, UNKNOWN, HEMORRHAGIC)"
5,0.3422793259957605,0.3422793259957605,37.1811437473082,-121.91005389265906,"PatientState(Location(""FIELD"", (37.1811437473082, -121.91005389265906), -1.0, FIELD), 19.848266153581726, UNKNOWN, LVO)"
