sample,reward_best,reward_CA,location_lat,location_lon,patient_state
1,0.24418294143999997,0.24418294143999997,38.009643813932676,-121.6290556621341,"PatientState(Location(""FIELD"", (38.009643813932676, -121.6290556621341), -1.0, FIELD), 119.7453995918619, UNKNOWN, HEMORRHAGIC)"
2,0.24418294143999997,0.24418294143999997,38.00941850989841,-121.62837873816956,"PatientState(Location(""FIELD"", (38.00941850989841, -121.62837873816956), -1.0, FIELD), 241.51806114587146, UNKNOWN, MIMIC)"
3,0.24418294143999997,0.24418294143999997,38.012878948243426,-121.62706029827018,"PatientState(Location(""FIELD"", (38.012878948243426, -121.62706029827018), -1.0, FIELD), 85.26822664516651, UNKNOWN, HEMORRHAGIC)"
4,0.24418294143999997,0.24418294143999997,38.013076832354805,-121.62861009576157,"PatientState(Location(""FIELD"", (38.013076832354805, -121.62861009576157), -1.0, FIELD), 250.41862108468592, UNKNOWN, MIMIC)"
5,0.24418294143999997,0.24418294143999997,38.01037670485594,-121.62994865905824,"PatientState(Location(""FIELD"", (38.01037670485594, -121.62994865905824), -1.0, FIELD), 67.92209370925221, UNKNOWN, LVO)"
