sample,reward_best,reward_CA,location_lat,location_lon,patient_state
1,0.3171618912923351,0.24418294143999997,37.66599975138699,-122.10232571092031,"PatientState(Location(""FIELD"", (37.66599975138699, -122.10232571092031), -1.0, FIELD), 166.05155314870507, UNKNOWN, LVO)"
2,0.24418294143999997,0.24418294143999997,37.65723798033789,-122.10744949492937,"PatientState(Location(""FIELD"", (37.65723798033789, -122.10744949492937), -1.0, FIELD), 250.42562040817663, UNKNOWN, LVO)"
3,0.32509400170780844,0.24418294143999997,37.649779286355205,-122.08408364788339,"PatientState(Location(""FIELD"", (37.649779286355205, -122.08408364788339), -1.0, FIELD), 129.5366424115859, UNKNOWN, LVO)"
