sample,reward_best,reward_CA,location_lat,location_lon,patient_state
1,0.24418294143999997,0.24418294143999997,37.58218331419352,-121.67845129332726,"PatientState(Location(""FIELD"", (37.58218331419352, -121.67845129332726), -1.0, FIELD), 267.2311247147379, UNKNOWN, HEMORRHAGIC)"
2,0.32189032898582814,0.24418294143999997,37.581233364525424,-121.67783440655533,"PatientState(Location(""FIELD"", (37.581233364525424, -121.67783440655533), -1.0, FIELD), 109.31305143686184, UNKNOWN, LVO)"
3,0.32837738586000775,0.24418294143999997,37.582531257849475,-121.67623429296799,"PatientState(Location(""FIELD"", (37.582531257849475, -121.67623429296799), -1.0, FIELD), 77.7762716992452, UNKNOWN, LVO)"
4,0.24418294143999997,0.24418294143999997,37.58128175013425,-121.67815655690266,"PatientState(Location(""FIELD"", (37.58128175013425, -121.67815655690266), -1.0, FIELD), 179.80578389181514, UNKNOWN, NLVO)"
5,0.24418294143999997,0.24418294143999997,37.579557390489846,-121.67972755425072,"PatientState(Location(""FIELD"", (37.579557390489846, -121.67972755425072), -1.0, FIELD), 191.96329985117572, UNKNOWN, HEMORRHAGIC)"
