sample,reward_best,reward_CA,location_lat,location_lon,patient_state
1,0.24418294143999997,0.24418294143999997,38.00961688697661,-122.02810555683638,"PatientState(Location(""FIELD"", (38.00961688697661, -122.02810555683638), -1.0, FIELD), 269.8325724617069, UNKNOWN, LVO)"
2,0.24418294143999997,0.24418294143999997,38.013062712524025,-122.02715746973925,"PatientState(Location(""FIELD"", (38.013062712524025, -122.02715746973925), -1.0, FIELD), 125.20741180683724, UNKNOWN, HEMORRHAGIC)"
3,0.3178796980513829,0.3179035188143076,38.01073936047009,-122.02762805653249,"PatientState(Location(""FIELD"", (38.01073936047009, -122.02762805653249), -1.0, FIELD), 60.97393225416516, UNKNOWN, NLVO)"
4,0.24418294143999997,0.24418294143999997,38.00999335504559,-122.02605294038852,"PatientState(Location(""FIELD"", (38.00999335504559, -122.02605294038852), -1.0, FIELD), 228.82064620207967, UNKNOWN, LVO)"
5,0.24418294143999997,0.24418294143999997,38.00912216734966,-122.03003500694132,"PatientState(Location(""FIELD"", (38.00912216734966, -122.03003500694132), -1.0, FIELD), 108.17195237191635, UNKNOWN, HEMORRHAGIC)"
