sample,reward_best,reward_CA,location_lat,location_lon,patient_state
1,0.3388372061479723,0.3353499291067189,37.43603097577875,-122.37984167190517,"PatientState(Location(""FIELD"", (37.43603097577875, -122.37984167190517), -1.0, FIELD), 55.216609232492, UNKNOWN, MIMIC)"
2,0.32854469240054746,0.2666605880415604,37.43796763064962,-122.37588198199533,"PatientState(Location(""FIELD"", (37.43796763064962, -122.37588198199533), -1.0, FIELD), 100.59158025801615, UNKNOWN, HEMORRHAGIC)"
3,0.24418294143999997,0.24418294143999997,37.4363223323936,-122.37748861622164,"PatientState(Location(""FIELD"", (37.4363223323936, -122.37748861622164), -1.0, FIELD), 199.56095923449064, UNKNOWN, MIMIC)"
4,0.24418294143999997,0.24418294143999997,37.434055354857726,-122.37613407442801,"PatientState(Location(""FIELD"", (37.434055354857726, -122.37613407442801), -1.0, FIELD), 250.70408580854382, UNKNOWN, LVO)"
5,0.24418294143999997,0.24418294143999997,37.43412596312124,-122.37640508969518,"PatientState(Location(""FIELD"", (37.43412596312124, -122.37640508969518), -1.0, FIELD), 238.504253231643, UNKNOWN, HEMORRHAGIC)"
