sample,reward_best,reward_CA,location_lat,location_lon,patient_state
1,0.3364116960861268,0.31481667704778604,37.56272211971946,-121.64813521027013,"PatientState(Location(""FIELD"", (37.56272211971946, -121.64813521027013), -1.0, FIELD), 25.4327198797804, UNKNOWN, LVO)"
2,0.24418294143999997,0.24418294143999997,37.56332890680823,-121.64840073735802,"PatientState(Location(""FIELD"", (37.56332890680823, -121.64840073735802), -1.0, FIELD), 215.56548973031076, UNKNOWN, HEMORRHAGIC)"
3,0.31402162700831054,0.24418294143999997,37.563505791399145,-121.64711719313338,"PatientState(Location(""FIELD"", (37.563505791399145, -121.64711719313338), -1.0, FIELD), 125.42006947693417, UNKNOWN, HEMORRHAGIC)"
4,0.3227442436290091,0.24418294143999997,37.56207758700666,-121.64982184331096,"PatientState(Location(""FIELD"", (37.56207758700666, -121.64982184331096), -1.0, FIELD), 84.74355589533941, UNKNOWN, MIMIC)"
5,0.24418294143999997,0.24418294143999997,37.559568252991745,-121.6502604343091,"PatientState(Location(""FIELD"", (37.559568252991745, -121.6502604343091), -1.0, FIELD), 155.85930005808484, UNKNOWN, LVO)"
