sample,reward_best,reward_CA,location_lat,location_lon,patient_state
1,0.24418294143999997,0.24418294143999997,38.08396938981059,-122.14087361548144,"PatientState(Location(""FIELD"", (38.08396938981059, -122.14087361548144), -1.0, FIELD), 199.6306314087847, UNKNOWN, HEMORRHAGIC)"
2,0.24418294143999997,0.24418294143999997,38.08702864082583,-122.14542686276941,"PatientState(Location(""FIELD"", (38.08702864082583, -122.14542686276941), -1.0, FIELD), 196.73023225257742, UNKNOWN, HEMORRHAGIC)"
3,0.24418294143999997,0.24418294143999997,38.0850514680734,-122.14218820921802,"PatientState(Location(""FIELD"", (38.0850514680734, -122.14218820921802), -1.0, FIELD), 153.09944678490098, UNKNOWN, HEMORRHAGIC)"
4,0.24418294143999997,0.24418294143999997,38.08828133637575,-122.14503756151389,"PatientState(Location(""FIELD"", (38.08828133637575, -122.14503756151389), -1.0, FIELD), 200.21216734566752, UNKNOWN, HEMORRHAGIC)"
5,0.24418294143999997,0.24418294143999997,38.08523092975298,-122.14471404752832,"PatientState(Location(""FIELD"", (38.08523092975298, -122.14471404752832), -1.0, FIELD), 78.51131382677391, UNKNOWN, LVO)"
