sample,reward_best,reward_CA,location_lat,location_lon,patient_state
1,0.3506665772125174,0.33681964065036807,37.72849222641036,-122.46799881673132,"PatientState(Location(""FIELD"", (37.72849222641036, -122.46799881673132), -1.0, FIELD), 14.559625876319556, UNKNOWN, HEMORRHAGIC)"
2,0.24418294143999997,0.24418294143999997,37.72859343204832,-122.46681043810348,"PatientState(Location(""FIELD"", (37.72859343204832, -122.46681043810348), -1.0, FIELD), 219.83267138435562, UNKNOWN, HEMORRHAGIC)"
3,0.31990936530606245,0.24418294143999997,37.72592946267032,-122.46765602240532,"PatientState(Location(""FIELD"", (37.72592946267032, -122.46765602240532), -1.0, FIELD), 148.762662910652, UNKNOWN, LVO)"
4,0.2523639029812979,0.24418294143999997,37.72572575801037,-122.46685673142936,"PatientState(Location(""FIELD"", (37.72572575801037, -122.46685673142936), -1.0, FIELD), 190.56087389980783, UNKNOWN, HEMORRHAGIC)"
5,0.25298956312211246,0.24418294143999997,37.728210287681186,-122.46994585454863,"PatientState(Location(""FIELD"", (37.728210287681186, -122.46994585454863), -1.0, FIELD), 187.59817490059368, UNKNOWN, LVO)"
