sample,reward_best,reward_CA,location_lat,location_lon,patient_state
1,0.24418294143999997,0.24418294143999997,38.155794071586904,-121.75477069593255,"PatientState(Location(""FIELD"", (38.155794071586904, -121.75477069593255), -1.0, FIELD), 228.29366552992343, UNKNOWN, HEMORRHAGIC)"
2,0.24418294143999997,0.24418294143999997,38.15719075020189,-121.75136366404573,"PatientState(Location(""FIELD"", (38.15719075020189, -121.75136366404573), -1.0, FIELD), 185.73461982151534, UNKNOWN, HEMORRHAGIC)"
3,0.24418294143999997,0.24418294143999997,38.15411883964953,-121.75408758282263,"PatientState(Location(""FIELD"", (38.15411883964953, -121.75408758282263), -1.0, FIELD), 197.75087501020835, UNKNOWN, LVO)"
4,0.24418294143999997,0.24418294143999997,38.15877110109975,-121.75459103909452,"PatientState(Location(""FIELD"", (38.15877110109975, -121.75459103909452), -1.0, FIELD), 93.9046727765984, UNKNOWN, HEMORRHAGIC)"
5,0.24418294143999997,0.24418294143999997,38.15677082550902,-121.75245026552159,"PatientState(Location(""FIELD"", (38.15677082550902, -121.75245026552159), -1.0, FIELD), 93.19321301429991, UNKNOWN, LVO)"
