sample,reward_best,reward_CA,location_lat,location_lon,patient_state
1,0.24418294143999997,0.24418294143999997,37.74609337396395,-121.82092191507425,"PatientState(Location(""FIELD"", (37.74609337396395, -121.82092191507425), -1.0, FIELD), 238.84992311056587, UNKNOWN, MIMIC)"
2,0.24418294143999997,0.24418294143999997,37.746255003336465,-121.82504647576097,"PatientState(Location(""FIELD"", (37.746255003336465, -121.82504647576097), -1.0, FIELD), 211.32928681799666, UNKNOWN, HEMORRHAGIC)"
3,0.32398253170716385,0.24418294143999997,37.745203453981425,-121.82473259390771,"PatientState(Location(""FIELD"", (37.745203453981425, -121.82473259390771), -1.0, FIELD), 116.01106843685857, UNKNOWN, HEMORRHAGIC)"
4,0.24418294143999997,0.24418294143999997,37.745438990238114,-121.82531982366902,"PatientState(Location(""FIELD"", (37.745438990238114, -121.82531982366902), -1.0, FIELD), 207.92428395985013, UNKNOWN, LVO)"
5,0.33167076359028624,0.24418294143999997,37.745431277855076,-121.82493568139087,"PatientState(Location(""FIELD"", (37.745431277855076, -121.82493568139087), -1.0, FIELD), 81.86931542282227, UNKNOWN, HEMORRHAGIC)"
