sample,reward_best,reward_CA,location_lat,location_lon,patient_state
1,0.24418294143999997,0.24418294143999997,37.85849845191222,-121.71764442704628,"PatientState(Location(""FIELD"", (37.85849845191222, -121.71764442704628), -1.0, FIELD), 215.7664185849564, UNKNOWN, HEMORRHAGIC)"
2,0.24418294143999997,0.24418294143999997,37.856244523661466,-121.71769308856423,"PatientState(Location(""FIELD"", (37.856244523661466, -121.71769308856423), -1.0, FIELD), 257.98762759344964, UNKNOWN, LVO)"
3,0.3145174024129538,0.24418294143999997,37.858424897551004,-121.71781365594397,"PatientState(Location(""FIELD"", (37.858424897551004, -121.71781365594397), -1.0, FIELD), 24.74335452470138, UNKNOWN, LVO)"
4,0.24418294143999997,0.24418294143999997,37.85576763584057,-121.71682370019637,"PatientState(Location(""FIELD"", (37.85576763584057, -121.71682370019637), -1.0, FIELD), 247.37711433292057, UNKNOWN, LVO)"
5,0.31514009727474435,0.24418294143999997,37.85511598534714,-121.7177984359399,"PatientState(Location(""FIELD"", (37.85511598534714, -121.7177984359399), -1.0, FIELD), 35.328937885951696, UNKNOWN, HEMORRHAGIC)"
