sample,reward_best,reward_CA,location_lat,location_lon,patient_state
1,0.34012781695575256,0.32032476180592945,37.708773297100436,-121.73973534676502,"PatientState(Location(""FIELD"", (37.708773297100436, -121.73973534676502), -1.0, FIELD), 45.921391230442204, UNKNOWN, LVO)"
2,0.24418294143999997,0.24418294143999997,37.706772252810296,-121.73796381947966,"PatientState(Location(""FIELD"", (37.706772252810296, -121.73796381947966), -1.0, FIELD), 233.35071884640448, UNKNOWN, MIMIC)"
3,0.24418294143999997,0.24418294143999997,37.70504883965457,-121.73971933360453,"PatientState(Location(""FIELD"", (37.70504883965457, -121.73971933360453), -1.0, FIELD), 206.23605965924142, UNKNOWN, HEMORRHAGIC)"
4,0.24418294143999997,0.24418294143999997,37.70478107412521,-121.73609519391982,"PatientState(Location(""FIELD"", (37.70478107412521, -121.73609519391982), -1.0, FIELD), 251.23955828813115, UNKNOWN, LVO)"
5,0.3141092688062851,0.24418294143999997,37.706502899106844,-121.73912712117534,"PatientState(Location(""FIELD"", (37.706502899106844, -121.73912712117534), -1.0, FIELD), 164.52599722091495, UNKNOWN, HEMORRHAGIC)"
