sample,reward_best,reward_CA,location_lat,location_lon,patient_state
1,0.31373005219084155,0.31373005219084155,37.2562928436289,-121.62545528128616,"PatientState(Location(""FIELD"", (37.2562928436289, -121.62545528128616), -1.0, FIELD), 128.28550280199877, UNKNOWN, LVO)"
2,0.32675601927026665,0.32675601927026665,37.256627606454146,-121.62319376687294,"PatientState(Location(""FIELD"", (37.256627606454146, -121.62319376687294), -1.0, FIELD), 71.2460436987626, UNKNOWN, LVO)"
3,0.24418294143999997,0.24418294143999997,37.25698138002098,-121.62307583990196,"PatientState(Location(""FIELD"", (37.25698138002098, -121.62307583990196), -1.0, FIELD), 232.48810626473824, UNKNOWN, HEMORRHAGIC)"
4,0.31979530686636415,0.31979530686636415,37.257567158910156,-121.62396622652615,"PatientState(Location(""FIELD"", (37.257567158910156, -121.62396622652615), -1.0, FIELD), 102.03170155727494, UNKNOWN, HEMORRHAGIC)"
5,0.32991568541870037,0.32991568541870037,37.25473239675435,-121.62463430842767,"PatientState(Location(""FIELD"", (37.25473239675435, -121.62463430842767), -1.0, FIELD), 56.212781679137876, UNKNOWN, LVO)"
