sample,reward_best,reward_CA,location_lat,location_lon,patient_state
1,0.32812612902026633,0.2631608830232127,37.28525911188338,-121.89024897388614,"PatientState(Location(""FIELD"", (37.28525911188338, -121.89024897388614), -1.0, FIELD), 131.04669641810978, UNKNOWN, NLVO)"
2,0.33058645132601844,0.26504524577876215,37.28534505945202,-121.8869133631419,"PatientState(Location(""FIELD"", (37.28534505945202, -121.8869133631419), -1.0, FIELD), 120.80165338201977, UNKNOWN, LVO)"
3,0.24418294143999997,0.24418294143999997,37.28780790336863,-121.8858673949363,"PatientState(Location(""FIELD"", (37.28780790336863, -121.8858673949363), -1.0, FIELD), 254.69592885030656, UNKNOWN, HEMORRHAGIC)"
4,0.34663294981660936,0.3413862797004423,37.28533174313464,-121.88736435348781,"PatientState(Location(""FIELD"", (37.28533174313464, -121.88736435348781), -1.0, FIELD), 51.39066101812754, UNKNOWN, LVO)"
5,0.24418294143999997,0.24418294143999997,37.28820439647125,-121.88705954662323,"PatientState(Location(""FIELD"", (37.28820439647125, -121.88705954662323), -1.0, FIELD), 203.8366728066115, UNKNOWN, HEMORRHAGIC)"
