sample,reward_best,reward_CA,location_lat,location_lon,patient_state
1,0.3202102527050969,0.24418294143999997,37.905663299279276,-121.70161302178909,"PatientState(Location(""FIELD"", (37.905663299279276, -121.70161302178909), -1.0, FIELD), 25.27047394968288, UNKNOWN, LVO)"
2,0.24418294143999997,0.24418294143999997,37.90500981640223,-121.70259555157062,"PatientState(Location(""FIELD"", (37.90500981640223, -121.70259555157062), -1.0, FIELD), 168.09630363384, UNKNOWN, LVO)"
3,0.24418294143999997,0.24418294143999997,37.90811209280643,-121.70365974637386,"PatientState(Location(""FIELD"", (37.90811209280643, -121.70365974637386), -1.0, FIELD), 76.97756788781686, UNKNOWN, HEMORRHAGIC)"
4,0.24418294143999997,0.24418294143999997,37.906404411448015,-121.70173769507136,"PatientState(Location(""FIELD"", (37.906404411448015, -121.70173769507136), -1.0, FIELD), 225.6111399493101, UNKNOWN, HEMORRHAGIC)"
5,0.3180152225784557,0.24418294143999997,37.90480998353086,-121.70497806279214,"PatientState(Location(""FIELD"", (37.90480998353086, -121.70497806279214), -1.0, FIELD), 34.30107383722093, UNKNOWN, LVO)"
