sample,reward_best,reward_CA,location_lat,location_lon,patient_state
1,0.33265345423292136,0.3166887323036484,37.377055221217326,-122.16615566741517,"PatientState(Location(""FIELD"", (37.377055221217326, -122.16615566741517), -1.0, FIELD), 110.72385764205737, UNKNOWN, LVO)"
2,0.3400858744473266,0.32390790866522134,37.378797219592784,-122.16812528581958,"PatientState(Location(""FIELD"", (37.378797219592784, -122.16812528581958), -1.0, FIELD), 77.76029408492323, UNKNOWN, MIMIC)"
3,0.34224831795983535,0.3260102566014724,37.37587924874966,-122.16625653041773,"PatientState(Location(""FIELD"", (37.37587924874966, -122.16625653041773), -1.0, FIELD), 69.21630511249263, UNKNOWN, NLVO)"
4,0.32580188057638415,0.24418294143999997,37.377680074875705,-122.16774061085968,"PatientState(Location(""FIELD"", (37.377680074875705, -122.16774061085968), -1.0, FIELD), 140.34763051819596, UNKNOWN, MIMIC)"
5,0.31866847783246977,0.24418294143999997,37.375323718500574,-122.16995429245777,"PatientState(Location(""FIELD"", (37.375323718500574, -122.16995429245777), -1.0, FIELD), 169.33518179950866, UNKNOWN, HEMORRHAGIC)"
