sample,reward_best,reward_CA,location_lat,location_lon,patient_state
1,0.24418294143999997,0.24418294143999997,37.80186764309319,-121.67905675143436,"PatientState(Location(""FIELD"", (37.80186764309319, -121.67905675143436), -1.0, FIELD), 204.69598672956693, UNKNOWN, HEMORRHAGIC)"
2,0.24418294143999997,0.24418294143999997,37.800166996744764,-121.67684869026678,"PatientState(Location(""FIELD"", (37.800166996744764, -121.67684869026678), -1.0, FIELD), 220.67157443423176, UNKNOWN, LVO)"
3,0.24418294143999997,0.24418294143999997,37.800332466573074,-121.67801720416436,"PatientState(Location(""FIELD"", (37.800332466573074, -121.67801720416436), -1.0, FIELD), 176.78171423475052, UNKNOWN, HEMORRHAGIC)"
4,0.24418294143999997,0.24418294143999997,37.80017860826164,-121.67771541442242,"PatientState(Location(""FIELD"", (37.80017860826164, -121.67771541442242), -1.0, FIELD), 246.18569212779374, UNKNOWN, MIMIC)"
5,0.24418294143999997,0.24418294143999997,37.80233684820465,-121.67763611496915,"PatientState(Location(""FIELD"", (37.80233684820465, -121.67763611496915), -1.0, FIELD), 202.04088027180572, UNKNOWN, HEMORRHAGIC)"
