sample,reward_best,reward_CA,location_lat,location_lon,patient_state
1,0.33791681408260366,0.326537494907625,37.76921212806227,-122.45140743939889,"PatientState(Location(""FIELD"", (37.76921212806227, -122.45140743939889), -1.0, FIELD), 61.15515475486776, UNKNOWN, LVO)"
2,0.3288628294552077,0.31761872975613525,37.77285024317967,-122.45450090816608,"PatientState(Location(""FIELD"", (37.77285024317967, -122.45450090816608), -1.0, FIELD), 100.14349165329357, UNKNOWN, LVO)"
3,0.3367561260392053,0.32755131520581776,37.768843370178544,-122.45135010378682,"PatientState(Location(""FIELD"", (37.768843370178544, -122.45135010378682), -1.0, FIELD), 56.75887704834119, UNKNOWN, NLVO)"
4,0.3465977089585016,0.3351137430331946,37.769173564287684,-122.45163041657537,"PatientState(Location(""FIELD"", (37.769173564287684, -122.45163041657537), -1.0, FIELD), 23.709188128453142, UNKNOWN, LVO)"
5,0.3363771904941701,0.32515784720518465,37.7693158632522,-122.45283339184816,"PatientState(Location(""FIELD"", (37.7693158632522, -122.45283339184816), -1.0, FIELD), 67.52384254435407, UNKNOWN, LVO)"
