sample,reward_best,reward_CA,location_lat,location_lon,patient_state
1,0.24418294143999997,0.24418294143999997,38.08569426486491,-122.1766671814744,"PatientState(Location(""FIELD"", (38.08569426486491, -122.1766671814744), -1.0, FIELD), 135.9744799598269, UNKNOWN, LVO)"
2,0.31799221204140715,0.31625539064199715,38.08776282186801,-122.17652056743215,"PatientState(Location(""FIELD"", (38.08776282186801, -122.17652056743215), -1.0, FIELD), 55.12234889273827, UNKNOWN, HEMORRHAGIC)"
3,0.31907165443452357,0.3173901307381136,38.08528582290584,-122.18074787039812,"PatientState(Location(""FIELD"", (38.08528582290584, -122.18074787039812), -1.0, FIELD), 49.31996401054309, UNKNOWN, HEMORRHAGIC)"
4,0.24418294143999997,0.24418294143999997,38.08524935006867,-122.18036938454848,"PatientState(Location(""FIELD"", (38.08524935006867, -122.18036938454848), -1.0, FIELD), 223.60417330606992, UNKNOWN, LVO)"
5,0.24418294143999997,0.24418294143999997,38.08770570161409,-122.17687347667989,"PatientState(Location(""FIELD"", (38.08770570161409, -122.17687347667989), -1.0, FIELD), 227.30460314587734, UNKNOWN, LVO)"
