sample,reward_best,reward_CA,location_lat,location_lon,patient_state
1,0.24418294143999997,0.24418294143999997,37.814746720007015,-121.65845429986364,"PatientState(Location(""FIELD"", (37.814746720007015, -121.65845429986364), -1.0, FIELD), 248.759264797741, UNKNOWN, HEMORRHAGIC)"
2,0.24418294143999997,0.24418294143999997,37.81662496659845,-121.65776084667013,"PatientState(Location(""FIELD"", (37.81662496659845, -121.65776084667013), -1.0, FIELD), 122.60771495540297, UNKNOWN, HEMORRHAGIC)"
3,0.24418294143999997,0.24418294143999997,37.81824609966842,-121.65997703955318,"PatientState(Location(""FIELD"", (37.81824609966842, -121.65997703955318), -1.0, FIELD), 77.99226904929364, UNKNOWN, LVO)"
4,0.24418294143999997,0.24418294143999997,37.816726148907335,-121.65903179157412,"PatientState(Location(""FIELD"", (37.816726148907335, -121.65903179157412), -1.0, FIELD), 108.03826738144282, UNKNOWN, LVO)"
5,0.32698573891121774,0.24418294143999997,37.8155691640899,-121.6576186326597,"PatientState(Location(""FIELD"", (37.8155691640899, -121.6576186326597), -1.0, FIELD), 6.731260532083338, UNKNOWN, MIMIC)"
