sample,reward_best,reward_CA,location_lat,location_lon,patient_state
1,0.34249219158841393,0.32772042061671647,37.86348119351007,-122.08419101799258,"PatientState(Location(""FIELD"", (37.86348119351007, -122.08419101799258), -1.0, FIELD), 16.96681450172581, UNKNOWN, LVO)"
2,0.3149600543446952,0.24418294143999997,37.86160209376702,-122.08199579953147,"PatientState(Location(""FIELD"", (37.86160209376702, -122.08199579953147), -1.0, FIELD), 137.23474672691992, UNKNOWN, NLVO)"
3,0.24418294143999997,0.24418294143999997,37.86216039322784,-122.08284324084345,"PatientState(Location(""FIELD"", (37.86216039322784, -122.08284324084345), -1.0, FIELD), 245.93906837633324, UNKNOWN, NLVO)"
4,0.3315378076491477,0.31703916164181717,37.86316764196004,-122.08319572497808,"PatientState(Location(""FIELD"", (37.86316764196004, -122.08319572497808), -1.0, FIELD), 64.29491739318279, UNKNOWN, HEMORRHAGIC)"
5,0.3236395184874938,0.24418294143999997,37.86265628989206,-122.08524744431493,"PatientState(Location(""FIELD"", (37.86265628989206, -122.08524744431493), -1.0, FIELD), 99.91364196656914, UNKNOWN, LVO)"
