sample,reward_best,reward_CA,location_lat,location_lon,patient_state
1,0.3351619445713283,0.32348256120277297,37.777257467258586,-122.46801876921435,"PatientState(Location(""FIELD"", (37.777257467258586, -122.46801876921435), -1.0, FIELD), 71.5013391445826, UNKNOWN, LVO)"
2,0.3213905398613871,0.24418294143999997,37.77785482535329,-122.46754238160841,"PatientState(Location(""FIELD"", (37.77785482535329, -122.46754238160841), -1.0, FIELD), 131.56918329442715, UNKNOWN, NLVO)"
3,0.3359120014266271,0.3257263753525568,37.77485734304928,-122.47033987000796,"PatientState(Location(""FIELD"", (37.77485734304928, -122.47033987000796), -1.0, FIELD), 60.710741592580995, UNKNOWN, NLVO)"
4,0.24418294143999997,0.24418294143999997,37.77465652216271,-122.46800839200873,"PatientState(Location(""FIELD"", (37.77465652216271, -122.46800839200873), -1.0, FIELD), 252.59792039860517, UNKNOWN, HEMORRHAGIC)"
5,0.33254620858930944,0.3205730632323656,37.77474078896292,-122.47044125911751,"PatientState(Location(""FIELD"", (37.77474078896292, -122.47044125911751), -1.0, FIELD), 83.46970991088241, UNKNOWN, LVO)"
