sample,reward_best,reward_CA,location_lat,location_lon,patient_state
1,0.24418294143999997,0.24418294143999997,38.0222791856117,-122.12630929521166,"PatientState(Location(""FIELD"", (38.0222791856117, -122.12630929521166), -1.0, FIELD), 147.00321144219376, UNKNOWN, NLVO)"
2,0.2543838226655939,0.24418294143999997,38.01893405668156,-122.12964141424507,"PatientState(Location(""FIELD"", (38.01893405668156, -122.12964141424507), -1.0, FIELD), 128.9912634761648, UNKNOWN, LVO)"
3,0.24418294143999997,0.24418294143999997,38.01967151034635,-122.12885710492183,"PatientState(Location(""FIELD"", (38.01967151034635, -122.12885710492183), -1.0, FIELD), 155.5974092037628, UNKNOWN, LVO)"
4,0.24418294143999997,0.24418294143999997,38.021410572100656,-122.13068015789642,"PatientState(Location(""FIELD"", (38.021410572100656, -122.13068015789642), -1.0, FIELD), 241.20331437437935, UNKNOWN, LVO)"
5,0.3386376509289898,0.3289800153476526,38.01953813294863,-122.12916933939405,"PatientState(Location(""FIELD"", (38.01953813294863, -122.12916933939405), -1.0, FIELD), 5.955662509048235, UNKNOWN, HEMORRHAGIC)"
