sample,reward_best,reward_CA,location_lat,location_lon,patient_state
1,0.35680326263748946,0.35680326263748946,37.44705867124869,-121.87216392710727,"PatientState(Location(""FIELD"", (37.44705867124869, -121.87216392710727), -1.0, FIELD), 7.624410397817716, UNKNOWN, LVO)"
2,0.3364794983378239,0.3364794983378239,37.44812934244325,-121.87235442089946,"PatientState(Location(""FIELD"", (37.44812934244325, -121.87235442089946), -1.0, FIELD), 93.672402527612, UNKNOWN, NLVO)"
3,0.24418294143999997,0.24418294143999997,37.448323179594205,-121.8715002114865,"PatientState(Location(""FIELD"", (37.448323179594205, -121.8715002114865), -1.0, FIELD), 234.17991996021343, UNKNOWN, NLVO)"
4,0.3488998100098921,0.3488998100098921,37.44855966621466,-121.87277075755907,"PatientState(Location(""FIELD"", (37.44855966621466, -121.87277075755907), -1.0, FIELD), 40.384346145252586, UNKNOWN, LVO)"
5,0.3422387798664511,0.3422387798664511,37.44529067061353,-121.87226995031821,"PatientState(Location(""FIELD"", (37.44529067061353, -121.87226995031821), -1.0, FIELD), 70.28389595665274, UNKNOWN, LVO)"
