sample,reward_best,reward_CA,location_lat,location_lon,patient_state
1,0.34600051482865396,0.3410795534190566,37.29590804443019,-121.9673074611192,"PatientState(Location(""FIELD"", (37.29590804443019, -121.9673074611192), -1.0, FIELD), 54.128926294782715, UNKNOWN, NLVO)"
2,0.3230639230996648,0.2592328480740967,37.294038435481326,-121.96889866269146,"PatientState(Location(""FIELD"", (37.294038435481326, -121.96889866269146), -1.0, FIELD), 154.18022763970896, UNKNOWN, LVO)"
3,0.32618681305320485,0.26173205710219305,37.2942689352821,-121.97031043976223,"PatientState(Location(""FIELD"", (37.2942689352821, -121.97031043976223), -1.0, FIELD), 139.77965869321437, UNKNOWN, LVO)"
4,0.3540031321210196,0.3490876074594255,37.29520329097563,-121.96717469556224,"PatientState(Location(""FIELD"", (37.29520329097563, -121.96717469556224), -1.0, FIELD), 20.222345409064953, UNKNOWN, LVO)"
5,0.24418294143999997,0.24418294143999997,37.296915279505214,-121.97071003480809,"PatientState(Location(""FIELD"", (37.296915279505214, -121.97071003480809), -1.0, FIELD), 207.02263701462562, UNKNOWN, MIMIC)"
