sample,reward_best,reward_CA,location_lat,location_lon,patient_state
1,0.34918421419601814,0.3475406026879582,37.653497767558555,-122.47220200283682,"PatientState(Location(""FIELD"", (37.653497767558555, -122.47220200283682), -1.0, FIELD), 25.55825399610242, UNKNOWN, MIMIC)"
2,0.32612291764957535,0.2649701668374711,37.65252192246251,-122.47148258125245,"PatientState(Location(""FIELD"", (37.65252192246251, -122.47148258125245), -1.0, FIELD), 125.8597569218978, UNKNOWN, HEMORRHAGIC)"
3,0.35279600948739687,0.3511784245745691,37.64894409455106,-122.47310070464798,"PatientState(Location(""FIELD"", (37.64894409455106, -122.47310070464798), -1.0, FIELD), 11.421704796323635, UNKNOWN, HEMORRHAGIC)"
4,0.3479735376422906,0.34632131313540604,37.65272656296057,-122.47487563192696,"PatientState(Location(""FIELD"", (37.65272656296057, -122.47487563192696), -1.0, FIELD), 29.92304512844377, UNKNOWN, HEMORRHAGIC)"
5,0.3398570670002507,0.33814852808214924,37.64884535257279,-122.47199491815209,"PatientState(Location(""FIELD"", (37.64884535257279, -122.47199491815209), -1.0, FIELD), 66.65556244676505, UNKNOWN, HEMORRHAGIC)"
