sample,reward_best,reward_CA,location_lat,location_lon,patient_state
1,0.3206999725031815,0.24418294143999997,37.51854543911197,-122.10473662218375,"PatientState(Location(""FIELD"", (37.51854543911197, -122.10473662218375), -1.0, FIELD), 147.52233264513504, UNKNOWN, LVO)"
2,0.33647699193527497,0.31744065572685437,37.51787602172111,-122.10253318440633,"PatientState(Location(""FIELD"", (37.51787602172111, -122.10253318440633), -1.0, FIELD), 78.3065904688802, UNKNOWN, LVO)"
3,0.35221512195900884,0.3326692368182472,37.5142078038985,-122.10356695013546,"PatientState(Location(""FIELD"", (37.5142078038985, -122.10356695013546), -1.0, FIELD), 10.184606517693759, UNKNOWN, HEMORRHAGIC)"
4,0.24418294143999997,0.24418294143999997,37.51398159102198,-122.10411323682966,"PatientState(Location(""FIELD"", (37.51398159102198, -122.10411323682966), -1.0, FIELD), 237.6638855912416, UNKNOWN, LVO)"
5,0.24418294143999997,0.24418294143999997,37.51663562819033,-122.10532189429148,"PatientState(Location(""FIELD"", (37.51663562819033, -122.10532189429148), -1.0, FIELD), 250.83385925089084, UNKNOWN, HEMORRHAGIC)"
