sample,reward_best,reward_CA,location_lat,location_lon,patient_state
1,0.3227528128673933,0.24418294143999997,37.629573936432834,-121.78567434052609,"PatientState(Location(""FIELD"", (37.629573936432834, -121.78567434052609), -1.0, FIELD), 131.66052532057606, UNKNOWN, LVO)"
2,0.34730415370754913,0.3279641141351202,37.628968754503354,-121.78527183919643,"PatientState(Location(""FIELD"", (37.628968754503354, -121.78527183919643), -1.0, FIELD), 24.993220886763876, UNKNOWN, LVO)"
3,0.33184736521024016,0.24418294143999997,37.62975751465869,-121.78102825049174,"PatientState(Location(""FIELD"", (37.62975751465869, -121.78102825049174), -1.0, FIELD), 92.63665978983012, UNKNOWN, LVO)"
4,0.352811414408069,0.33330144966904196,37.62913451584233,-121.78469142511314,"PatientState(Location(""FIELD"", (37.62913451584233, -121.78469142511314), -1.0, FIELD), 1.6916379070395482, UNKNOWN, LVO)"
5,0.24418294143999997,0.24418294143999997,37.629109066942604,-121.78370754174885,"PatientState(Location(""FIELD"", (37.629109066942604, -121.78370754174885), -1.0, FIELD), 248.3716658569492, UNKNOWN, LVO)"
