sample,reward_best,reward_CA,location_lat,location_lon,patient_state
1,0.32882450076723796,0.2525119198565004,37.83517056317533,-122.20848884327086,"PatientState(Location(""FIELD"", (37.83517056317533, -122.20848884327086), -1.0, FIELD), 92.64668824745762, UNKNOWN, MIMIC)"
2,0.34484985562656223,0.33048167396077643,37.834432642813375,-122.20597966313026,"PatientState(Location(""FIELD"", (37.834432642813375, -122.20597966313026), -1.0, FIELD), 25.071767384533583, UNKNOWN, LVO)"
3,0.32804353215385973,0.25191681948733646,37.837483630869365,-122.20827698102202,"PatientState(Location(""FIELD"", (37.837483630869365, -122.20827698102202), -1.0, FIELD), 97.30298286739539, UNKNOWN, MIMIC)"
4,0.3171743612317759,0.24418294143999997,37.8349577960426,-122.20593707514432,"PatientState(Location(""FIELD"", (37.8349577960426, -122.20593707514432), -1.0, FIELD), 145.9322691492395, UNKNOWN, LVO)"
5,0.32549332472707887,0.24418294143999997,37.837669858776515,-122.20737648859225,"PatientState(Location(""FIELD"", (37.837669858776515, -122.20737648859225), -1.0, FIELD), 107.10957118828831, UNKNOWN, HEMORRHAGIC)"
