sample,reward_best,reward_CA,location_lat,location_lon,patient_state
1,0.31646075134590496,0.2553708190015683,37.2441621046766,-121.76198293461377,"PatientState(Location(""FIELD"", (37.2441621046766, -121.76198293461377), -1.0, FIELD), 176.94472596402304, UNKNOWN, HEMORRHAGIC)"
2,0.35156110775618454,0.34839939365172434,37.24531257705701,-121.7625226582,"PatientState(Location(""FIELD"", (37.24531257705701, -121.7625226582), -1.0, FIELD), 23.803925135010513, UNKNOWN, HEMORRHAGIC)"
3,0.3544798212021273,0.35132861770981266,37.246840565231416,-121.76503956836845,"PatientState(Location(""FIELD"", (37.246840565231416, -121.76503956836845), -1.0, FIELD), 13.311288753394608, UNKNOWN, LVO)"
4,0.33774087368137523,0.3345361314916919,37.24568500090074,-121.76511478831064,"PatientState(Location(""FIELD"", (37.24568500090074, -121.76511478831064), -1.0, FIELD), 85.92541116329231, UNKNOWN, MIMIC)"
5,0.3411918138046448,0.33799654166484105,37.24582846103225,-121.76534327306038,"PatientState(Location(""FIELD"", (37.24582846103225, -121.76534327306038), -1.0, FIELD), 71.37475024758865, UNKNOWN, HEMORRHAGIC)"
