sample,reward_best,reward_CA,location_lat,location_lon,patient_state
1,0.31567643160663167,0.31567643160663167,37.45068904822505,-121.8074953213486,"PatientState(Location(""FIELD"", (37.45068904822505, -121.8074953213486), -1.0, FIELD), 167.19169433972488, UNKNOWN, LVO)"
2,0.24418294143999997,0.24418294143999997,37.453148225232326,-121.81046297200818,"PatientState(Location(""FIELD"", (37.453148225232326, -121.81046297200818), -1.0, FIELD), 227.33412338753124, UNKNOWN, HEMORRHAGIC)"
3,0.3138021553827167,0.3138021553827167,37.45255654221292,-121.80865601701525,"PatientState(Location(""FIELD"", (37.45255654221292, -121.80865601701525), -1.0, FIELD), 175.38639096495723, UNKNOWN, LVO)"
4,0.24418294143999997,0.24418294143999997,37.450422992545825,-121.80999132767191,"PatientState(Location(""FIELD"", (37.450422992545825, -121.80999132767191), -1.0, FIELD), 206.75557308185893, UNKNOWN, HEMORRHAGIC)"
5,0.24418294143999997,0.24418294143999997,37.45292541373274,-121.80778535573063,"PatientState(Location(""FIELD"", (37.45292541373274, -121.80778535573063), -1.0, FIELD), 265.4182482044559, UNKNOWN, LVO)"
