sample,reward_best,reward_CA,location_lat,location_lon,patient_state
1,0.24418294143999997,0.24418294143999997,37.674323546278075,-122.01074130448312,"PatientState(Location(""FIELD"", (37.674323546278075, -122.01074130448312), -1.0, FIELD), 242.26331300671544, UNKNOWN, MIMIC)"
2,0.3379936070378608,0.32039982375435533,37.67837272969873,-122.0096002452391,"PatientState(Location(""FIELD"", (37.67837272969873, -122.0096002452391), -1.0, FIELD), 61.06839331251589, UNKNOWN, HEMORRHAGIC)"
3,0.24418294143999997,0.24418294143999997,37.67746096407335,-122.00622574306485,"PatientState(Location(""FIELD"", (37.67746096407335, -122.00622574306485), -1.0, FIELD), 231.50284342260346, UNKNOWN, HEMORRHAGIC)"
4,0.3195186080319737,0.24418294143999997,37.676694719907516,-122.01046361561869,"PatientState(Location(""FIELD"", (37.676694719907516, -122.01046361561869), -1.0, FIELD), 142.29707230651223, UNKNOWN, HEMORRHAGIC)"
5,0.24418294143999997,0.24418294143999997,37.67869438144987,-122.00685697176618,"PatientState(Location(""FIELD"", (37.67869438144987, -122.00685697176618), -1.0, FIELD), 188.33169382423685, UNKNOWN, LVO)"
