sample,reward_best,reward_CA,location_lat,location_lon,patient_state
1,0.3571808479683296,0.35229523708192845,37.30683380536969,-122.02723887220036,"PatientState(Location(""FIELD"", (37.30683380536969, -122.02723887220036), -1.0, FIELD), 6.473739055388748, UNKNOWN, LVO)"
2,0.340266349958457,0.3354560594616457,37.30624056767302,-122.02602766349644,"PatientState(Location(""FIELD"", (37.30624056767302, -122.02602766349644), -1.0, FIELD), 78.55340301867786, UNKNOWN, LVO)"
3,0.32944055830113106,0.26443523563680577,37.307511928460606,-122.02759970361933,"PatientState(Location(""FIELD"", (37.307511928460606, -122.02759970361933), -1.0, FIELD), 126.30466035740417, UNKNOWN, MIMIC)"
4,0.331508219676228,0.2658478111920046,37.306060800445636,-122.02857749109265,"PatientState(Location(""FIELD"", (37.306060800445636, -122.02857749109265), -1.0, FIELD), 118.01247604719363, UNKNOWN, LVO)"
5,0.3231278437179033,0.2596231823804574,37.307461731989534,-122.02597038057071,"PatientState(Location(""FIELD"", (37.307461731989534, -122.02597038057071), -1.0, FIELD), 153.18839988259612, UNKNOWN, HEMORRHAGIC)"
