sample,reward_best,reward_CA,location_lat,location_lon,patient_state
1,0.3165718265587036,0.2562429265873577,37.57988994386243,-122.36758265386253,"PatientState(Location(""FIELD"", (37.57988994386243, -122.36758265386253), -1.0, FIELD), 177.33235854113903, UNKNOWN, NLVO)"
2,0.24418294143999997,0.24418294143999997,37.583432561155426,-122.36722010146605,"PatientState(Location(""FIELD"", (37.583432561155426, -122.36722010146605), -1.0, FIELD), 223.02944862481766, UNKNOWN, LVO)"
3,0.3401478639137921,0.33757911262111434,37.58123524104697,-122.36717627488014,"PatientState(Location(""FIELD"", (37.58123524104697, -122.36717627488014), -1.0, FIELD), 74.56675667410964, UNKNOWN, LVO)"
4,0.31784589374843025,0.2574355557122774,37.57885130304734,-122.37047131889273,"PatientState(Location(""FIELD"", (37.57885130304734, -122.37047131889273), -1.0, FIELD), 169.7496115821346, UNKNOWN, HEMORRHAGIC)"
5,0.33795822536415315,0.33551855104941025,37.582946333264566,-122.3697009327284,"PatientState(Location(""FIELD"", (37.582946333264566, -122.3697009327284), -1.0, FIELD), 83.91291093870093, UNKNOWN, LVO)"
