sample,reward_best,reward_CA,location_lat,location_lon,patient_state
1,0.3211670429059767,0.24418294143999997,37.885213013013676,-121.82432477084281,"PatientState(Location(""FIELD"", (37.885213013013676, -121.82432477084281), -1.0, FIELD), 26.011794744201477, UNKNOWN, NLVO)"
2,0.24418294143999997,0.24418294143999997,37.88465545753725,-121.822774200703,"PatientState(Location(""FIELD"", (37.88465545753725, -121.822774200703), -1.0, FIELD), 249.79366321173205, UNKNOWN, LVO)"
3,0.24418294143999997,0.24418294143999997,37.887756708797376,-121.82508169707619,"PatientState(Location(""FIELD"", (37.887756708797376, -121.82508169707619), -1.0, FIELD), 129.9108623269187, UNKNOWN, LVO)"
4,0.24418294143999997,0.24418294143999997,37.884897251454255,-121.8225527405197,"PatientState(Location(""FIELD"", (37.884897251454255, -121.8225527405197), -1.0, FIELD), 155.21451075581808, UNKNOWN, HEMORRHAGIC)"
5,0.24418294143999997,0.24418294143999997,37.8875294963798,-121.82311420814452,"PatientState(Location(""FIELD"", (37.8875294963798, -121.82311420814452), -1.0, FIELD), 76.56770812146137, UNKNOWN, LVO)"
