sample,reward_best,reward_CA,location_lat,location_lon,patient_state
1,0.24418294143999997,0.24418294143999997,38.06585661534387,-122.15701670007432,"PatientState(Location(""FIELD"", (38.06585661534387, -122.15701670007432), -1.0, FIELD), 213.290413938897, UNKNOWN, NLVO)"
2,0.3206923152127304,0.31971697272829713,38.06654419071454,-122.15621820197609,"PatientState(Location(""FIELD"", (38.06654419071454, -122.15621820197609), -1.0, FIELD), 43.10394011812149, UNKNOWN, MIMIC)"
3,0.24418294143999997,0.24418294143999997,38.06812916835997,-122.1579578784616,"PatientState(Location(""FIELD"", (38.06812916835997, -122.1579578784616), -1.0, FIELD), 183.22135140264592, UNKNOWN, HEMORRHAGIC)"
4,0.24418294143999997,0.24418294143999997,38.06450527373214,-122.15808125618257,"PatientState(Location(""FIELD"", (38.06450527373214, -122.15808125618257), -1.0, FIELD), 251.56662654682748, UNKNOWN, LVO)"
5,0.24418294143999997,0.24418294143999997,38.06836434454758,-122.15580565933102,"PatientState(Location(""FIELD"", (38.06836434454758, -122.15580565933102), -1.0, FIELD), 259.06840518489963, UNKNOWN, HEMORRHAGIC)"
