sample,reward_best,reward_CA,location_lat,location_lon,patient_state
1,0.3317015252273757,0.24418294143999997,37.65159889831429,-121.726947116796,"PatientState(Location(""FIELD"", (37.65159889831429, -121.726947116796), -1.0, FIELD), 82.91166906006426, UNKNOWN, LVO)"
2,0.32583172163610447,0.24418294143999997,37.65021921694597,-121.72675026633566,"PatientState(Location(""FIELD"", (37.65021921694597, -121.72675026633566), -1.0, FIELD), 108.57928907431132, UNKNOWN, LVO)"
3,0.3452822295960381,0.32335045430174353,37.650465673404355,-121.72674846060292,"PatientState(Location(""FIELD"", (37.650465673404355, -121.72674846060292), -1.0, FIELD), 24.233034511266826, UNKNOWN, LVO)"
4,0.34430758557697766,0.32241204154619674,37.649420763304825,-121.72605659507254,"PatientState(Location(""FIELD"", (37.649420763304825, -121.72605659507254), -1.0, FIELD), 28.06169305784807, UNKNOWN, NLVO)"
5,0.3434689065905083,0.32160406542195324,37.65045814764307,-121.72692369512903,"PatientState(Location(""FIELD"", (37.65045814764307, -121.72692369512903), -1.0, FIELD), 31.97593880954015, UNKNOWN, NLVO)"
