sample,reward_best,reward_CA,location_lat,location_lon,patient_state
1,0.3386817620283093,0.3196228165097993,37.52999787040275,-121.75531315010302,"PatientState(Location(""FIELD"", (37.52999787040275, -121.75531315010302), -1.0, FIELD), 25.725612547689416, UNKNOWN, LVO)"
2,0.3244215527846888,0.24418294143999997,37.532775945503296,-121.75183228420705,"PatientState(Location(""FIELD"", (37.532775945503296, -121.75183228420705), -1.0, FIELD), 87.6363640470442, UNKNOWN, LVO)"
3,0.3437761878524035,0.32454882678755403,37.529536036990656,-121.7508556637039,"PatientState(Location(""FIELD"", (37.529536036990656, -121.7508556637039), -1.0, FIELD), 0.4803457887698248, UNKNOWN, MIMIC)"
4,0.3193686007406047,0.24418294143999997,37.532018082196444,-121.75512307585855,"PatientState(Location(""FIELD"", (37.532018082196444, -121.75512307585855), -1.0, FIELD), 111.46875417454493, UNKNOWN, NLVO)"
5,0.3150710057743258,0.24418294143999997,37.53019980965272,-121.75312829170306,"PatientState(Location(""FIELD"", (37.53019980965272, -121.75312829170306), -1.0, FIELD), 129.41807165335118, UNKNOWN, HEMORRHAGIC)"
