sample,reward_best,reward_CA,location_lat,location_lon,patient_state
1,0.24418294143999997,0.24418294143999997,38.07213956016294,-121.86991015230177,"PatientState(Location(""FIELD"", (38.07213956016294, -121.86991015230177), -1.0, FIELD), 183.00216768609477, UNKNOWN, HEMORRHAGIC)"
2,0.24418294143999997,0.24418294143999997,38.0732792500553,-121.87016906989258,"PatientState(Location(""FIELD"", (38.0732792500553, -121.87016906989258), -1.0, FIELD), 21.078591167239157, UNKNOWN, HEMORRHAGIC)"
3,0.24418294143999997,0.24418294143999997,38.07121448851188,-121.86744890266188,"PatientState(Location(""FIELD"", (38.07121448851188, -121.86744890266188), -1.0, FIELD), 41.71524427205881, UNKNOWN, LVO)"
4,0.24418294143999997,0.24418294143999997,38.071376071243265,-121.87074228572305,"PatientState(Location(""FIELD"", (38.071376071243265, -121.87074228572305), -1.0, FIELD), 218.4660509950738, UNKNOWN, LVO)"
5,0.24418294143999997,0.24418294143999997,38.07285570032688,-121.86840381027194,"PatientState(Location(""FIELD"", (38.07285570032688, -121.86840381027194), -1.0, FIELD), 251.82424207544696, UNKNOWN, LVO)"
