sample,reward_best,reward_CA,location_lat,location_lon,patient_state
1,0.24418294143999997,0.24418294143999997,37.3746722631145,-122.12338521567898,"PatientState(Location(""FIELD"", (37.3746722631145, -122.12338521567898), -1.0, FIELD), 221.74140944385346, UNKNOWN, LVO)"
2,0.35283297602469493,0.33798349265119587,37.37603722851472,-122.12235466510793,"PatientState(Location(""FIELD"", (37.37603722851472, -122.12235466510793), -1.0, FIELD), 20.235568898380382, UNKNOWN, HEMORRHAGIC)"
3,0.3156547225899311,0.24418294143999997,37.37779280635303,-122.1247440890736,"PatientState(Location(""FIELD"", (37.37779280635303, -122.1247440890736), -1.0, FIELD), 181.78439679167653, UNKNOWN, LVO)"
4,0.323404623648443,0.24418294143999997,37.375461567912524,-122.12241056158584,"PatientState(Location(""FIELD"", (37.375461567912524, -122.12241056158584), -1.0, FIELD), 147.18291631765874, UNKNOWN, MIMIC)"
5,0.34115897322170186,0.3265841747623277,37.37858348120366,-122.12567504408563,"PatientState(Location(""FIELD"", (37.37858348120366, -122.12567504408563), -1.0, FIELD), 70.27422710231981, UNKNOWN, HEMORRHAGIC)"
