sample,reward_best,reward_CA,location_lat,location_lon,patient_state
1,0.34991307110574055,0.34554256640492814,37.39959842431855,-122.00050500830427,"PatientState(Location(""FIELD"", (37.39959842431855, -122.00050500830427), -1.0, FIELD), 33.638689169975834, UNKNOWN, NLVO)"
2,0.33348698003078786,0.3290923721052826,37.403787486849325,-121.99944263881503,"PatientState(Location(""FIELD"", (37.403787486849325, -121.99944263881503), -1.0, FIELD), 104.66985669635434, UNKNOWN, HEMORRHAGIC)"
3,0.3578218040796318,0.35346977319857315,37.40126431704752,-121.99825085470766,"PatientState(Location(""FIELD"", (37.40126431704752, -121.99825085470766), -1.0, FIELD), 0.0038790537610922105, UNKNOWN, HEMORRHAGIC)"
4,0.33888442024200316,0.33449559485110375,37.399596473570654,-121.99659975519711,"PatientState(Location(""FIELD"", (37.399596473570654, -121.99659975519711), -1.0, FIELD), 82.04626896449983, UNKNOWN, LVO)"
5,0.31453464137193177,0.2531698638479595,37.399349798948364,-122.00033925078652,"PatientState(Location(""FIELD"", (37.399349798948364, -122.00033925078652), -1.0, FIELD), 188.16961919985772, UNKNOWN, LVO)"
