sample,reward_best,reward_CA,location_lat,location_lon,patient_state
1,0.31847870577752374,0.31847870577752374,37.9091749834821,-121.88866119934825,"PatientState(Location(""FIELD"", (37.9091749834821, -121.88866119934825), -1.0, FIELD), 42.72058246392356, UNKNOWN, HEMORRHAGIC)"
2,0.24418294143999997,0.24418294143999997,37.91154354078789,-121.8875083372225,"PatientState(Location(""FIELD"", (37.91154354078789, -121.8875083372225), -1.0, FIELD), 70.36973454689746, UNKNOWN, LVO)"
3,0.24418294143999997,0.24418294143999997,37.90899758001364,-121.89038669406044,"PatientState(Location(""FIELD"", (37.90899758001364, -121.89038669406044), -1.0, FIELD), 92.36229048574555, UNKNOWN, HEMORRHAGIC)"
4,0.25259784675043,0.25259784675043,37.912870508670196,-121.88943678036507,"PatientState(Location(""FIELD"", (37.912870508670196, -121.88943678036507), -1.0, FIELD), 64.17706556351573, UNKNOWN, HEMORRHAGIC)"
5,0.24418294143999997,0.24418294143999997,37.90889769243238,-121.88880632793703,"PatientState(Location(""FIELD"", (37.90889769243238, -121.88880632793703), -1.0, FIELD), 261.95075625925693, UNKNOWN, LVO)"
