sample,reward_best,reward_CA,location_lat,location_lon,patient_state
1,0.24418294143999997,0.24418294143999997,37.19750763704969,-121.86075575858507,"PatientState(Location(""FIELD"", (37.19750763704969, -121.86075575858507), -1.0, FIELD), 260.346463982178, UNKNOWN, LVO)"
2,0.33461004146049367,0.33461004146049367,37.19510259300416,-121.8566192742043,"PatientState(Location(""FIELD"", (37.19510259300416, -121.8566192742043), -1.0, FIELD), 91.04288339895498, UNKNOWN, HEMORRHAGIC)"
3,0.34022725420761313,0.34022725420761313,37.19604148413761,-121.85712025886417,"PatientState(Location(""FIELD"", (37.19604148413761, -121.85712025886417), -1.0, FIELD), 66.80834570443375, UNKNOWN, LVO)"
4,0.24418294143999997,0.24418294143999997,37.198382694612945,-121.85640866802495,"PatientState(Location(""FIELD"", (37.198382694612945, -121.85640866802495), -1.0, FIELD), 186.8953751188009, UNKNOWN, HEMORRHAGIC)"
5,0.34296524423517516,0.34296524423517516,37.19855822782118,-121.85831937313883,"PatientState(Location(""FIELD"", (37.19855822782118, -121.85831937313883), -1.0, FIELD), 55.5653398592782, UNKNOWN, LVO)"
