sample,reward_best,reward_CA,location_lat,location_lon,patient_state
1,0.3427005496254924,0.3308895759312129,37.85228585451535,-122.47758450411145,"PatientState(Location(""FIELD"", (37.85228585451535, -122.47758450411145), -1.0, FIELD), 26.016659852581686, UNKNOWN, HEMORRHAGIC)"
2,0.3281073813138616,0.31656920156499513,37.852447240368434,-122.4775224853474,"PatientState(Location(""FIELD"", (37.852447240368434, -122.4775224853474), -1.0, FIELD), 89.31074085475817, UNKNOWN, LVO)"
3,0.24418294143999997,0.24418294143999997,37.849416674164516,-122.48011585449385,"PatientState(Location(""FIELD"", (37.849416674164516, -122.48011585449385), -1.0, FIELD), 222.69379129061684, UNKNOWN, NLVO)"
4,0.24418294143999997,0.24418294143999997,37.8521179746003,-122.47771971066642,"PatientState(Location(""FIELD"", (37.8521179746003, -122.47771971066642), -1.0, FIELD), 266.42181702276116, UNKNOWN, HEMORRHAGIC)"
5,0.24418294143999997,0.24418294143999997,37.85290089860882,-122.48071664957338,"PatientState(Location(""FIELD"", (37.85290089860882, -122.48071664957338), -1.0, FIELD), 269.29617509614206, UNKNOWN, NLVO)"
