sample,reward_best,reward_CA,location_lat,location_lon,patient_state
1,0.24418294143999997,0.24418294143999997,37.53304157718752,-121.66859983263299,"PatientState(Location(""FIELD"", (37.53304157718752, -121.66859983263299), -1.0, FIELD), 166.64161591138244, UNKNOWN, HEMORRHAGIC)"
2,0.32074403152633796,0.24418294143999997,37.53353528343252,-121.66963826783436,"PatientState(Location(""FIELD"", (37.53353528343252, -121.66963826783436), -1.0, FIELD), 102.44269927323329, UNKNOWN, LVO)"
3,0.24418294143999997,0.24418294143999997,37.52897617446662,-121.67077356304355,"PatientState(Location(""FIELD"", (37.52897617446662, -121.67077356304355), -1.0, FIELD), 206.04034371337698, UNKNOWN, HEMORRHAGIC)"
4,0.24418294143999997,0.24418294143999997,37.53239732047156,-121.67044733392707,"PatientState(Location(""FIELD"", (37.53239732047156, -121.67044733392707), -1.0, FIELD), 228.02916086037695, UNKNOWN, NLVO)"
5,0.3199874813771728,0.24418294143999997,37.533471637450845,-121.66883618267971,"PatientState(Location(""FIELD"", (37.533471637450845, -121.66883618267971), -1.0, FIELD), 105.81576609269815, UNKNOWN, HEMORRHAGIC)"
