sample,reward_best,reward_CA,location_lat,location_lon,patient_state
1,0.3230848443200064,0.3230848443200064,37.92541474795915,-121.9685553340154,"PatientState(Location(""FIELD"", (37.92541474795915, -121.9685553340154), -1.0, FIELD), 26.734061522013953, UNKNOWN, LVO)"
2,0.24418294143999997,0.24418294143999997,37.92448946794004,-121.97024840773514,"PatientState(Location(""FIELD"", (37.92448946794004, -121.97024840773514), -1.0, FIELD), 135.80486831634533, UNKNOWN, NLVO)"
3,0.24418294143999997,0.24418294143999997,37.92565276431673,-121.96811453757506,"PatientState(Location(""FIELD"", (37.92565276431673, -121.96811453757506), -1.0, FIELD), 80.28309682403729, UNKNOWN, MIMIC)"
4,0.24418294143999997,0.24418294143999997,37.92659071877807,-121.96810546784428,"PatientState(Location(""FIELD"", (37.92659071877807, -121.96810546784428), -1.0, FIELD), 242.9658198768066, UNKNOWN, LVO)"
5,0.3216991280487346,0.3216991280487346,37.92688083153459,-121.96789489858865,"PatientState(Location(""FIELD"", (37.92688083153459, -121.96789489858865), -1.0, FIELD), 34.161370512491445, UNKNOWN, LVO)"
