sample,reward_best,reward_CA,location_lat,location_lon,patient_state
1,0.24418294143999997,0.24418294143999997,38.12267179876686,-121.72332203889886,"PatientState(Location(""FIELD"", (38.12267179876686, -121.72332203889886), -1.0, FIELD), 194.47006020257476, UNKNOWN, HEMORRHAGIC)"
2,0.24418294143999997,0.24418294143999997,38.12253280861762,-121.72402761287572,"PatientState(Location(""FIELD"", (38.12253280861762, -121.72402761287572), -1.0, FIELD), 259.9238164110696, UNKNOWN, HEMORRHAGIC)"
3,0.24418294143999997,0.24418294143999997,38.12285895486626,-121.72148430102163,"PatientState(Location(""FIELD"", (38.12285895486626, -121.72148430102163), -1.0, FIELD), 47.59929762156811, UNKNOWN, NLVO)"
4,0.3167631978317941,0.24418294143999997,38.12298879779822,-121.72125552081414,"PatientState(Location(""FIELD"", (38.12298879779822, -121.72125552081414), -1.0, FIELD), 10.466093513412094, UNKNOWN, HEMORRHAGIC)"
5,0.24418294143999997,0.24418294143999997,38.120470927210825,-121.72465493849334,"PatientState(Location(""FIELD"", (38.120470927210825, -121.72465493849334), -1.0, FIELD), 81.22729995008783, UNKNOWN, LVO)"
