sample,reward_best,reward_CA,location_lat,location_lon,patient_state
1,0.3248774811115988,0.24418294143999997,37.67730224971128,-122.06108150800138,"PatientState(Location(""FIELD"", (37.67730224971128, -122.06108150800138), -1.0, FIELD), 124.78685659239626, UNKNOWN, LVO)"
2,0.24418294143999997,0.24418294143999997,37.676089419236845,-122.06466863670164,"PatientState(Location(""FIELD"", (37.676089419236845, -122.06466863670164), -1.0, FIELD), 176.03003705747483, UNKNOWN, HEMORRHAGIC)"
3,0.326942754094463,0.24418294143999997,37.67388304328858,-122.06113129238365,"PatientState(Location(""FIELD"", (37.67388304328858, -122.06113129238365), -1.0, FIELD), 114.6719667763538, UNKNOWN, LVO)"
4,0.32586526271717703,0.24418294143999997,37.67537679904883,-122.06211956498501,"PatientState(Location(""FIELD"", (37.67537679904883, -122.06211956498501), -1.0, FIELD), 119.24962982268225, UNKNOWN, MIMIC)"
5,0.35014823155413544,0.3308139802706704,37.67662276042845,-122.06373548079857,"PatientState(Location(""FIELD"", (37.67662276042845, -122.06373548079857), -1.0, FIELD), 16.411486078829476, UNKNOWN, LVO)"
