sample,reward_best,reward_CA,location_lat,location_lon,patient_state
1,0.317314788841255,0.24418294143999997,37.50053359852148,-122.38377031919174,"PatientState(Location(""FIELD"", (37.50053359852148, -122.38377031919174), -1.0, FIELD), 162.61395609757605, UNKNOWN, HEMORRHAGIC)"
2,0.3333862465433096,0.3219556659072365,37.50042501351752,-122.38475469463503,"PatientState(Location(""FIELD"", (37.50042501351752, -122.38475469463503), -1.0, FIELD), 75.95595865941537, UNKNOWN, NLVO)"
3,0.3316002978119385,0.31670659798708445,37.49971745654793,-122.38215725043557,"PatientState(Location(""FIELD"", (37.49971745654793, -122.38215725043557), -1.0, FIELD), 99.40701387759651, UNKNOWN, HEMORRHAGIC)"
4,0.3434672877167013,0.3282605329323704,37.499622387659706,-122.38228237149984,"PatientState(Location(""FIELD"", (37.499622387659706, -122.38228237149984), -1.0, FIELD), 48.09787150762503, UNKNOWN, LVO)"
5,0.24418294143999997,0.24418294143999997,37.49894738491292,-122.38371428795914,"PatientState(Location(""FIELD"", (37.49894738491292, -122.38371428795914), -1.0, FIELD), 220.71068919762206, UNKNOWN, LVO)"
