sample,reward_best,reward_CA,location_lat,location_lon,patient_state
1,0.24418294143999997,0.24418294143999997,37.5834307987658,-121.69276613515244,"PatientState(Location(""FIELD"", (37.5834307987658, -121.69276613515244), -1.0, FIELD), 165.0301129355498, UNKNOWN, HEMORRHAGIC)"
2,0.31633718636589464,0.24418294143999997,37.582319812028295,-121.69142473572344,"PatientState(Location(""FIELD"", (37.582319812028295, -121.69142473572344), -1.0, FIELD), 129.32833904154793, UNKNOWN, HEMORRHAGIC)"
3,0.24418294143999997,0.24418294143999997,37.58267815726737,-121.69471872228623,"PatientState(Location(""FIELD"", (37.58267815726737, -121.69471872228623), -1.0, FIELD), 219.52828088880563, UNKNOWN, LVO)"
4,0.24418294143999997,0.24418294143999997,37.58326437946735,-121.69460897547302,"PatientState(Location(""FIELD"", (37.58326437946735, -121.69460897547302), -1.0, FIELD), 192.88581019760846, UNKNOWN, LVO)"
5,0.24418294143999997,0.24418294143999997,37.5809204864413,-121.69266183056453,"PatientState(Location(""FIELD"", (37.5809204864413, -121.69266183056453), -1.0, FIELD), 239.40137188934798, UNKNOWN, LVO)"
