sample,reward_best,reward_CA,location_lat,location_lon,patient_state
1,0.24418294143999997,0.24418294143999997,37.48146818738831,-121.61422874775839,"PatientState(Location(""FIELD"", (37.48146818738831, -121.61422874775839), -1.0, FIELD), 255.32942402983952, UNKNOWN, LVO)"
2,0.24418294143999997,0.24418294143999997,37.48102110132717,-121.61540793503123,"PatientState(Location(""FIELD"", (37.48102110132717, -121.61540793503123), -1.0, FIELD), 208.8695700325561, UNKNOWN, LVO)"
3,0.24418294143999997,0.24418294143999997,37.48070363142635,-121.614927944018,"PatientState(Location(""FIELD"", (37.48070363142635, -121.614927944018), -1.0, FIELD), 222.22776998462732, UNKNOWN, LVO)"
4,0.33187516364120717,0.24418294143999997,37.48003559187067,-121.61475946552757,"PatientState(Location(""FIELD"", (37.48003559187067, -121.61475946552757), -1.0, FIELD), 31.36698857432412, UNKNOWN, LVO)"
5,0.31942506522258096,0.24418294143999997,37.48271287048042,-121.6135713485299,"PatientState(Location(""FIELD"", (37.48271287048042, -121.6135713485299), -1.0, FIELD), 88.41486278837765, UNKNOWN, HEMORRHAGIC)"
