sample,reward_best,reward_CA,location_lat,location_lon,patient_state
1,0.3539163059157531,0.34994771502869104,37.29333033766135,-121.9306353356058,"PatientState(Location(""FIELD"", (37.29333033766135, -121.9306353356058), -1.0, FIELD), 22.763487413314543, UNKNOWN, LVO)"
2,0.332528135062593,0.3285223267374253,37.29379079078939,-121.93064715169312,"PatientState(Location(""FIELD"", (37.29379079078939, -121.93064715169312), -1.0, FIELD), 114.2701735457814, UNKNOWN, HEMORRHAGIC)"
3,0.3578100652571995,0.35385146797168954,37.290500538316536,-121.9292501574198,"PatientState(Location(""FIELD"", (37.290500538316536, -121.9292501574198), -1.0, FIELD), 5.398121914962447, UNKNOWN, HEMORRHAGIC)"
4,0.35116770192755575,0.3470068353727398,37.28887260189402,-121.9269899677545,"PatientState(Location(""FIELD"", (37.28887260189402, -121.9269899677545), -1.0, FIELD), 32.83564176626035, UNKNOWN, LVO)"
5,0.33790500430504705,0.3339057217184238,37.290226294582574,-121.9285131406784,"PatientState(Location(""FIELD"", (37.290226294582574, -121.9285131406784), -1.0, FIELD), 89.83951247270319, UNKNOWN, HEMORRHAGIC)"
