sample,reward_best,reward_CA,location_lat,location_lon,patient_state
1,0.3364030778592884,0.3268013761143922,38.00620394223194,-122.09094417508852,"PatientState(Location(""FIELD"", (38.00620394223194, -122.09094417508852), -1.0, FIELD), 21.859740597177563, UNKNOWN, HEMORRHAGIC)"
2,0.24418294143999997,0.24418294143999997,38.00708897491676,-122.09348769031264,"PatientState(Location(""FIELD"", (38.00708897491676, -122.09348769031264), -1.0, FIELD), 182.8566206829448, UNKNOWN, NLVO)"
3,0.2553243654448102,0.24418294143999997,38.006518167153494,-122.09532405477576,"PatientState(Location(""FIELD"", (38.006518167153494, -122.09532405477576), -1.0, FIELD), 126.64855824782919, UNKNOWN, HEMORRHAGIC)"
4,0.25284131355475564,0.24418294143999997,38.00854671564247,-122.0908477060402,"PatientState(Location(""FIELD"", (38.00854671564247, -122.0908477060402), -1.0, FIELD), 141.2400502255288, UNKNOWN, LVO)"
5,0.24418294143999997,0.24418294143999997,38.00613978752738,-122.09368297398431,"PatientState(Location(""FIELD"", (38.00613978752738, -122.09368297398431), -1.0, FIELD), 264.1365335466936, UNKNOWN, HEMORRHAGIC)"
