sample,reward_best,reward_CA,location_lat,location_lon,patient_state
1,0.3367664476824685,0.3325472527955573,37.285434053036994,-121.75366332307023,"PatientState(Location(""FIELD"", (37.285434053036994, -121.75366332307023), -1.0, FIELD), 85.0433281553005, UNKNOWN, LVO)"
2,0.24418294143999997,0.24418294143999997,37.28547372046583,-121.75491160621135,"PatientState(Location(""FIELD"", (37.28547372046583, -121.75491160621135), -1.0, FIELD), 261.102422563908, UNKNOWN, LVO)"
3,0.33162288551775104,0.3273996305178612,37.284831186507965,-121.75333886405564,"PatientState(Location(""FIELD"", (37.284831186507965, -121.75333886405564), -1.0, FIELD), 107.40504411703246, UNKNOWN, LVO)"
4,0.32948863126245087,0.26498993870838533,37.28525000526904,-121.75475504424547,"PatientState(Location(""FIELD"", (37.28525000526904, -121.75475504424547), -1.0, FIELD), 116.74227084380574, UNKNOWN, HEMORRHAGIC)"
5,0.32905952842609,0.2646443794351869,37.28421114581072,-121.75548538262304,"PatientState(Location(""FIELD"", (37.28421114581072, -121.75548538262304), -1.0, FIELD), 118.73883888179954, UNKNOWN, HEMORRHAGIC)"
