sample,reward_best,reward_CA,location_lat,location_lon,patient_state
1,0.2630474322053157,0.24418294143999997,38.02606831148049,-122.21812094550484,"PatientState(Location(""FIELD"", (38.02606831148049, -122.21812094550484), -1.0, FIELD), 72.02521227314925, UNKNOWN, MIMIC)"
2,0.24418294143999997,0.24418294143999997,38.02709027408963,-122.22066987224188,"PatientState(Location(""FIELD"", (38.02709027408963, -122.22066987224188), -1.0, FIELD), 245.41609197719848, UNKNOWN, HEMORRHAGIC)"
3,0.24418294143999997,0.24418294143999997,38.025641284125584,-122.22005811055044,"PatientState(Location(""FIELD"", (38.025641284125584, -122.22005811055044), -1.0, FIELD), 223.1569359951869, UNKNOWN, HEMORRHAGIC)"
4,0.33692179024485047,0.3255388446075234,38.026807823662054,-122.22009402981334,"PatientState(Location(""FIELD"", (38.026807823662054, -122.22009402981334), -1.0, FIELD), 6.940327718602587, UNKNOWN, NLVO)"
5,0.3327185199042396,0.32145458014954825,38.024548439284644,-122.22018440623036,"PatientState(Location(""FIELD"", (38.024548439284644, -122.22018440623036), -1.0, FIELD), 25.02122937112729, UNKNOWN, HEMORRHAGIC)"
