sample,reward_best,reward_CA,location_lat,location_lon,patient_state
1,0.32576760547313527,0.26529244931802054,37.587116419921735,-122.4549559124486,"PatientState(Location(""FIELD"", (37.587116419921735, -122.4549559124486), -1.0, FIELD), 112.20221297832914, UNKNOWN, MIMIC)"
2,0.3325699013749845,0.3325699013749845,37.58565841292203,-122.45554189555713,"PatientState(Location(""FIELD"", (37.58565841292203, -122.45554189555713), -1.0, FIELD), 71.95585669390235, UNKNOWN, NLVO)"
3,0.3205631499245494,0.2610803927620731,37.58841700459496,-122.45484466099538,"PatientState(Location(""FIELD"", (37.58841700459496, -122.45484466099538), -1.0, FIELD), 135.28203761042133, UNKNOWN, LVO)"
4,0.3307864634257044,0.27083174814823185,37.58591068091792,-122.45550106645136,"PatientState(Location(""FIELD"", (37.58591068091792, -122.45550106645136), -1.0, FIELD), 82.4825721867764, UNKNOWN, NLVO)"
5,0.24418294143999997,0.24418294143999997,37.58764902094016,-122.45386356625124,"PatientState(Location(""FIELD"", (37.58764902094016, -122.45386356625124), -1.0, FIELD), 200.12997079272873, UNKNOWN, LVO)"
