sample,reward_best,reward_CA,location_lat,location_lon,patient_state
1,0.33390403409876007,0.3226062674187213,37.954263202012044,-122.33000054931136,"PatientState(Location(""FIELD"", (37.954263202012044, -122.33000054931136), -1.0, FIELD), 47.658560230978324, UNKNOWN, HEMORRHAGIC)"
2,0.24418294143999997,0.24418294143999997,37.955117887718956,-122.32846505101014,"PatientState(Location(""FIELD"", (37.955117887718956, -122.32846505101014), -1.0, FIELD), 248.35393512285546, UNKNOWN, LVO)"
3,0.24418294143999997,0.24418294143999997,37.95722176973186,-122.32702597939735,"PatientState(Location(""FIELD"", (37.95722176973186, -122.32702597939735), -1.0, FIELD), 242.13802899394847, UNKNOWN, HEMORRHAGIC)"
4,0.3318518511374382,0.3206498282311911,37.9569395234023,-122.32687137088509,"PatientState(Location(""FIELD"", (37.9569395234023, -122.32687137088509), -1.0, FIELD), 55.73216190790504, UNKNOWN, LVO)"
5,0.24418294143999997,0.24418294143999997,37.95761955567768,-122.32956428354268,"PatientState(Location(""FIELD"", (37.95761955567768, -122.32956428354268), -1.0, FIELD), 193.13925891240592, UNKNOWN, LVO)"
