sample,reward_best,reward_CA,location_lat,location_lon,patient_state
1,0.24418294143999997,0.24418294143999997,37.52560163570905,-121.81659973926357,"PatientState(Location(""FIELD"", (37.52560163570905, -121.81659973926357), -1.0, FIELD), 266.3844179560539, UNKNOWN, LVO)"
2,0.3471149949000129,0.32778091563171347,37.5286067789417,-121.81880641497405,"PatientState(Location(""FIELD"", (37.5286067789417, -121.81880641497405), -1.0, FIELD), 23.61868481230752, UNKNOWN, HEMORRHAGIC)"
3,0.35156923424095865,0.33209722294513927,37.52553473724055,-121.8193397759497,"PatientState(Location(""FIELD"", (37.52553473724055, -121.8193397759497), -1.0, FIELD), 4.317873804029717, UNKNOWN, LVO)"
4,0.3331409947508882,0.3142730208227685,37.52452698420391,-121.8195074207401,"PatientState(Location(""FIELD"", (37.52452698420391, -121.8195074207401), -1.0, FIELD), 80.25793238472316, UNKNOWN, HEMORRHAGIC)"
5,0.33111339994901207,0.24418294143999997,37.52777186266854,-121.818706286806,"PatientState(Location(""FIELD"", (37.52777186266854, -121.818706286806), -1.0, FIELD), 91.75748966525123, UNKNOWN, HEMORRHAGIC)"
