sample,reward_best,reward_CA,location_lat,location_lon,patient_state
1,0.24418294143999997,0.24418294143999997,38.03914799715798,-121.64509862093205,"PatientState(Location(""FIELD"", (38.03914799715798, -121.64509862093205), -1.0, FIELD), 93.60820837084098, UNKNOWN, MIMIC)"
2,0.24418294143999997,0.24418294143999997,38.04247413793275,-121.64203429197603,"PatientState(Location(""FIELD"", (38.04247413793275, -121.64203429197603), -1.0, FIELD), 146.0009117772977, UNKNOWN, MIMIC)"
3,0.24418294143999997,0.24418294143999997,38.041444106526136,-121.6446502298506,"PatientState(Location(""FIELD"", (38.041444106526136, -121.6446502298506), -1.0, FIELD), 91.61513358532518, UNKNOWN, LVO)"
4,0.24418294143999997,0.24418294143999997,38.040734942408456,-121.64305030291784,"PatientState(Location(""FIELD"", (38.040734942408456, -121.64305030291784), -1.0, FIELD), 61.75573633942365, UNKNOWN, LVO)"
5,0.24418294143999997,0.24418294143999997,38.04028299905529,-121.6427800353855,"PatientState(Location(""FIELD"", (38.04028299905529, -121.6427800353855), -1.0, FIELD), 207.56361822109986, UNKNOWN, MIMIC)"
