sample,reward_best,reward_CA,location_lat,location_lon,patient_state
1,0.33443423325255783,0.33443423325255783,37.269791435186676,-122.06090035702813,"PatientState(Location(""FIELD"", (37.269791435186676, -122.06090035702813), -1.0, FIELD), 97.69843714061278, UNKNOWN, LVO)"
2,0.24418294143999997,0.24418294143999997,37.27169096397731,-122.06267396727011,"PatientState(Location(""FIELD"", (37.27169096397731, -122.06267396727011), -1.0, FIELD), 257.4605254854373, UNKNOWN, LVO)"
3,0.3433550598225422,0.3433550598225422,37.27210054518865,-122.06239551122006,"PatientState(Location(""FIELD"", (37.27210054518865, -122.06239551122006), -1.0, FIELD), 58.651854258902546, UNKNOWN, MIMIC)"
4,0.32286930372137934,0.32286930372137934,37.273223130905684,-122.06354186733289,"PatientState(Location(""FIELD"", (37.273223130905684, -122.06354186733289), -1.0, FIELD), 147.48192983951466, UNKNOWN, LVO)"
5,0.319217852023438,0.319217852023438,37.27120744798465,-122.06180057209993,"PatientState(Location(""FIELD"", (37.27120744798465, -122.06180057209993), -1.0, FIELD), 164.6839472853458, UNKNOWN, LVO)"
