sample,reward_best,reward_CA,location_lat,location_lon,patient_state
1,0.31625967588843296,0.24418294143999997,37.73454449896519,-122.04810064212661,"PatientState(Location(""FIELD"", (37.73454449896519, -122.04810064212661), -1.0, FIELD), 155.8850622395313, UNKNOWN, LVO)"
2,0.24418294143999997,0.24418294143999997,37.7343595089437,-122.04756508798765,"PatientState(Location(""FIELD"", (37.7343595089437, -122.04756508798765), -1.0, FIELD), 189.1944912976484, UNKNOWN, LVO)"
3,0.3298317380891442,0.24418294143999997,37.73411220805719,-122.04848183937537,"PatientState(Location(""FIELD"", (37.73411220805719, -122.04848183937537), -1.0, FIELD), 95.75382155340586, UNKNOWN, NLVO)"
4,0.3311175014727881,0.31462776791813496,37.73503046643975,-122.04768585865429,"PatientState(Location(""FIELD"", (37.73503046643975, -122.04768585865429), -1.0, FIELD), 90.00456349223305, UNKNOWN, NLVO)"
5,0.3501702866410719,0.33313333065942907,37.73639591434743,-122.04949465773248,"PatientState(Location(""FIELD"", (37.73639591434743, -122.04949465773248), -1.0, FIELD), 7.781311733416966, UNKNOWN, HEMORRHAGIC)"
