sample,reward_best,reward_CA,location_lat,location_lon,patient_state
1,0.34840467770785294,0.3312043854655655,37.76887830177503,-122.22174189805054,"PatientState(Location(""FIELD"", (37.76887830177503, -122.22174189805054), -1.0, FIELD), 21.411524154310076, UNKNOWN, HEMORRHAGIC)"
2,0.24418294143999997,0.24418294143999997,37.7698429027245,-122.22151596168881,"PatientState(Location(""FIELD"", (37.7698429027245, -122.22151596168881), -1.0, FIELD), 233.4127414617489, UNKNOWN, HEMORRHAGIC)"
3,0.24418294143999997,0.24418294143999997,37.76995771489294,-122.22143751800711,"PatientState(Location(""FIELD"", (37.76995771489294, -122.22143751800711), -1.0, FIELD), 238.11699087214225, UNKNOWN, NLVO)"
4,0.33997304361873093,0.32316030514905153,37.76893992470278,-122.22553126343584,"PatientState(Location(""FIELD"", (37.76893992470278, -122.22553126343584), -1.0, FIELD), 56.11444332245702, UNKNOWN, LVO)"
5,0.3354523089354038,0.31957723713672254,37.77301447377372,-122.22227045725715,"PatientState(Location(""FIELD"", (37.77301447377372, -122.22227045725715), -1.0, FIELD), 75.92637713298251, UNKNOWN, MIMIC)"
