sample,reward_best,reward_CA,location_lat,location_lon,patient_state
1,0.33939581340963726,0.32379187584132146,37.780502086692124,-122.211688636788,"PatientState(Location(""FIELD"", (37.780502086692124, -122.211688636788), -1.0, FIELD), 56.704537074661005, UNKNOWN, NLVO)"
2,0.3180287914284866,0.24418294143999997,37.77923420565379,-122.21493598777664,"PatientState(Location(""FIELD"", (37.77923420565379, -122.21493598777664), -1.0, FIELD), 151.42857751161677, UNKNOWN, HEMORRHAGIC)"
3,0.3188726783855474,0.24418294143999997,37.78314473947889,-122.21322001082423,"PatientState(Location(""FIELD"", (37.78314473947889, -122.21322001082423), -1.0, FIELD), 145.92356229558825, UNKNOWN, LVO)"
4,0.3324332158287921,0.3168432937040798,37.77956282652733,-122.21223898221098,"PatientState(Location(""FIELD"", (37.77956282652733, -122.21223898221098), -1.0, FIELD), 87.30404291697508, UNKNOWN, HEMORRHAGIC)"
5,0.24418294143999997,0.24418294143999997,37.78357596737609,-122.21106925602554,"PatientState(Location(""FIELD"", (37.78357596737609, -122.21106925602554), -1.0, FIELD), 232.94800467462156, UNKNOWN, HEMORRHAGIC)"
