sample,reward_best,reward_CA,location_lat,location_lon,patient_state
1,0.3280488177117782,0.3169535718145433,38.02232164506912,-122.27398077535966,"PatientState(Location(""FIELD"", (38.02232164506912, -122.27398077535966), -1.0, FIELD), 66.06138110191054, UNKNOWN, LVO)"
2,0.2548511769378436,0.24418294143999997,38.02098947004353,-122.27344129557434,"PatientState(Location(""FIELD"", (38.02098947004353, -122.27344129557434), -1.0, FIELD), 139.0510149223112, UNKNOWN, LVO)"
3,0.24418294143999997,0.24418294143999997,38.022099361947795,-122.27521890830992,"PatientState(Location(""FIELD"", (38.022099361947795, -122.27521890830992), -1.0, FIELD), 254.90303417800862, UNKNOWN, LVO)"
4,0.24418294143999997,0.24418294143999997,38.02350779769351,-122.27314631542504,"PatientState(Location(""FIELD"", (38.02350779769351, -122.27314631542504), -1.0, FIELD), 228.89391686938094, UNKNOWN, HEMORRHAGIC)"
5,0.33586914460564077,0.32451576035663227,38.01890045231619,-122.27576626810819,"PatientState(Location(""FIELD"", (38.01890045231619, -122.27576626810819), -1.0, FIELD), 33.21976211007226, UNKNOWN, HEMORRHAGIC)"
