sample,reward_best,reward_CA,location_lat,location_lon,patient_state
1,0.3148630417369772,0.3148630417369772,37.46487318785661,-122.15987656249838,"PatientState(Location(""FIELD"", (37.46487318785661, -122.15987656249838), -1.0, FIELD), 193.93703271144338, UNKNOWN, HEMORRHAGIC)"
2,0.24418294143999997,0.24418294143999997,37.46431675545995,-122.16041314409303,"PatientState(Location(""FIELD"", (37.46431675545995, -122.16041314409303), -1.0, FIELD), 199.56155160429805, UNKNOWN, LVO)"
3,0.24418294143999997,0.24418294143999997,37.46827141176312,-122.15775569424909,"PatientState(Location(""FIELD"", (37.46827141176312, -122.15775569424909), -1.0, FIELD), 261.90621231864037, UNKNOWN, LVO)"
4,0.3583083206603943,0.3583083206603943,37.46612047866215,-122.15978660479382,"PatientState(Location(""FIELD"", (37.46612047866215, -122.15978660479382), -1.0, FIELD), 5.443680821975683, UNKNOWN, HEMORRHAGIC)"
5,0.24418294143999997,0.24418294143999997,37.46771879269605,-122.16035137644083,"PatientState(Location(""FIELD"", (37.46771879269605, -122.16035137644083), -1.0, FIELD), 255.48977025570647, UNKNOWN, LVO)"
