sample,reward_best,reward_CA,location_lat,location_lon,patient_state
1,0.3598784443348519,0.3598784443348519,37.22849837580051,-121.96700570591294,"PatientState(Location(""FIELD"", (37.22849837580051, -121.96700570591294), -1.0, FIELD), 0.3183361946167107, UNKNOWN, LVO)"
2,0.33534831974382395,0.33534831974382395,37.22660973857468,-121.97024799579663,"PatientState(Location(""FIELD"", (37.22660973857468, -121.97024799579663), -1.0, FIELD), 103.16754093355783, UNKNOWN, HEMORRHAGIC)"
3,0.3210689450752012,0.3210689450752012,37.22589903813462,-121.96665435266151,"PatientState(Location(""FIELD"", (37.22589903813462, -121.96665435266151), -1.0, FIELD), 167.4389354667676, UNKNOWN, NLVO)"
4,0.3410582140311543,0.3410582140311543,37.22735963786169,-121.96895774722469,"PatientState(Location(""FIELD"", (37.22735963786169, -121.96895774722469), -1.0, FIELD), 79.95565305953482, UNKNOWN, MIMIC)"
5,0.3462149087248333,0.3462149087248333,37.22502028984623,-121.97066383627143,"PatientState(Location(""FIELD"", (37.22502028984623, -121.97066383627143), -1.0, FIELD), 56.74949841670393, UNKNOWN, LVO)"
