sample,reward_best,reward_CA,location_lat,location_lon,patient_state
1,0.24418294143999997,0.24418294143999997,38.06009727481509,-121.69387976322557,"PatientState(Location(""FIELD"", (38.06009727481509, -121.69387976322557), -1.0, FIELD), 197.86672836516675, UNKNOWN, LVO)"
2,0.24418294143999997,0.24418294143999997,38.06075632717599,-121.69185838277319,"PatientState(Location(""FIELD"", (38.06075632717599, -121.69185838277319), -1.0, FIELD), 84.08407889457789, UNKNOWN, HEMORRHAGIC)"
3,0.24418294143999997,0.24418294143999997,38.06018904191724,-121.69254433009276,"PatientState(Location(""FIELD"", (38.06018904191724, -121.69254433009276), -1.0, FIELD), 63.43939364428561, UNKNOWN, HEMORRHAGIC)"
4,0.3189202321901969,0.24418294143999997,38.06137309126901,-121.69195551246237,"PatientState(Location(""FIELD"", (38.06137309126901, -121.69195551246237), -1.0, FIELD), 27.302217143805372, UNKNOWN, LVO)"
5,0.24418294143999997,0.24418294143999997,38.05950760436669,-121.69374116088112,"PatientState(Location(""FIELD"", (38.05950760436669, -121.69374116088112), -1.0, FIELD), 128.30010196606463, UNKNOWN, MIMIC)"
