sample,reward_best,reward_CA,location_lat,location_lon,patient_state
1,0.32865787719488887,0.2639436441687069,37.28901629683313,-121.77933291696611,"PatientState(Location(""FIELD"", (37.28901629683313, -121.77933291696611), -1.0, FIELD), 124.40134522004249, UNKNOWN, HEMORRHAGIC)"
2,0.3250119143626954,0.3250119143626954,37.29372885867605,-121.78015958141847,"PatientState(Location(""FIELD"", (37.29372885867605, -121.78015958141847), -1.0, FIELD), 141.47103652904977, UNKNOWN, HEMORRHAGIC)"
3,0.24418294143999997,0.24418294143999997,37.2902362163963,-121.7772909576885,"PatientState(Location(""FIELD"", (37.2902362163963, -121.7772909576885), -1.0, FIELD), 204.11018119755374, UNKNOWN, HEMORRHAGIC)"
4,0.24418294143999997,0.24418294143999997,37.289904980435296,-121.77902085510314,"PatientState(Location(""FIELD"", (37.289904980435296, -121.77902085510314), -1.0, FIELD), 244.92334942271853, UNKNOWN, NLVO)"
5,0.3243541444066991,0.2604780786044598,37.29056268138415,-121.7786077082327,"PatientState(Location(""FIELD"", (37.29056268138415, -121.7786077082327), -1.0, FIELD), 143.45959873348755, UNKNOWN, NLVO)"
