sample,reward_best,reward_CA,location_lat,location_lon,patient_state
1,0.3157456975290681,0.3157456975290681,37.38715366765118,-122.23096867240807,"PatientState(Location(""FIELD"", (37.38715366765118, -122.23096867240807), -1.0, FIELD), 181.78498877811927, UNKNOWN, LVO)"
2,0.3415130980819284,0.3415130980819284,37.38462406113539,-122.23152098838227,"PatientState(Location(""FIELD"", (37.38462406113539, -122.23152098838227), -1.0, FIELD), 71.3893095387488, UNKNOWN, LVO)"
3,0.3372330261270874,0.3372330261270874,37.387542614630995,-122.23526366195182,"PatientState(Location(""FIELD"", (37.387542614630995, -122.23526366195182), -1.0, FIELD), 91.19610590036424, UNKNOWN, LVO)"
4,0.32725005104495936,0.32725005104495936,37.38459542329536,-122.2317206235801,"PatientState(Location(""FIELD"", (37.38459542329536, -122.2317206235801), -1.0, FIELD), 133.38752586279185, UNKNOWN, HEMORRHAGIC)"
5,0.33992535180815175,0.33992535180815175,37.3859639826372,-122.23101164624198,"PatientState(Location(""FIELD"", (37.3859639826372, -122.23101164624198), -1.0, FIELD), 76.74314982529687, UNKNOWN, MIMIC)"
