sample,reward_best,reward_CA,location_lat,location_lon,patient_state
1,0.3301075016660018,0.26716148641896215,37.2419260163811,-122.39965472822695,"PatientState(Location(""FIELD"", (37.2419260163811, -122.39965472822695), -1.0, FIELD), 81.05112607384099, UNKNOWN, LVO)"
2,0.24418294143999997,0.24418294143999997,37.238892833460426,-122.3988489797732,"PatientState(Location(""FIELD"", (37.238892833460426, -122.3988489797732), -1.0, FIELD), 213.5932079723445, UNKNOWN, HEMORRHAGIC)"
3,0.3211721574728592,0.2599516297885474,37.241426984757666,-122.39901825024444,"PatientState(Location(""FIELD"", (37.241426984757666, -122.39901825024444), -1.0, FIELD), 120.44443983832073, UNKNOWN, NLVO)"
4,0.3256294445294304,0.2635346279023047,37.243011267721585,-122.39639186120144,"PatientState(Location(""FIELD"", (37.243011267721585, -122.39639186120144), -1.0, FIELD), 101.6653200355718, UNKNOWN, HEMORRHAGIC)"
5,0.24418294143999997,0.24418294143999997,37.240677948578565,-122.39610913234185,"PatientState(Location(""FIELD"", (37.240677948578565, -122.39610913234185), -1.0, FIELD), 178.0550649099484, UNKNOWN, HEMORRHAGIC)"
