sample,reward_best,reward_CA,location_lat,location_lon,patient_state
1,0.24418294143999997,0.24418294143999997,37.768631066093505,-122.27479804425336,"PatientState(Location(""FIELD"", (37.768631066093505, -122.27479804425336), -1.0, FIELD), 217.7395668574405, UNKNOWN, HEMORRHAGIC)"
2,0.3264064894002571,0.24418294143999997,37.766674679817555,-122.2726470467302,"PatientState(Location(""FIELD"", (37.766674679817555, -122.2726470467302), -1.0, FIELD), 106.93118649723283, UNKNOWN, LVO)"
3,0.24418294143999997,0.24418294143999997,37.76759025863709,-122.27397143360834,"PatientState(Location(""FIELD"", (37.76759025863709, -122.27397143360834), -1.0, FIELD), 178.5486585404003, UNKNOWN, HEMORRHAGIC)"
4,0.3270890388015814,0.24418294143999997,37.76439784524862,-122.27434935176755,"PatientState(Location(""FIELD"", (37.76439784524862, -122.27434935176755), -1.0, FIELD), 103.14790155420195, UNKNOWN, HEMORRHAGIC)"
5,0.24418294143999997,0.24418294143999997,37.765426744025646,-122.27430053702511,"PatientState(Location(""FIELD"", (37.765426744025646, -122.27430053702511), -1.0, FIELD), 202.10678118145813, UNKNOWN, LVO)"
