sample,reward_best,reward_CA,location_lat,location_lon,patient_state
1,0.32724988986937953,0.32724988986937953,37.24620556992696,-122.11167701222041,"PatientState(Location(""FIELD"", (37.24620556992696, -122.11167701222041), -1.0, FIELD), 119.26990185333658, UNKNOWN, HEMORRHAGIC)"
2,0.3451239683101185,0.3451239683101185,37.24873141986241,-122.11239854655703,"PatientState(Location(""FIELD"", (37.24873141986241, -122.11239854655703), -1.0, FIELD), 41.52563924052727, UNKNOWN, LVO)"
3,0.24418294143999997,0.24418294143999997,37.24398412312989,-122.11081999791789,"PatientState(Location(""FIELD"", (37.24398412312989, -122.11081999791789), -1.0, FIELD), 203.97290665616703, UNKNOWN, HEMORRHAGIC)"
4,0.34111168150640514,0.34111168150640514,37.24383008529651,-122.11359384114124,"PatientState(Location(""FIELD"", (37.24383008529651, -122.11359384114124), -1.0, FIELD), 59.18082550778685, UNKNOWN, HEMORRHAGIC)"
5,0.35409587382585767,0.35409587382585767,37.24764071099333,-122.11153707655076,"PatientState(Location(""FIELD"", (37.24764071099333, -122.11153707655076), -1.0, FIELD), 3.597973451596015, UNKNOWN, HEMORRHAGIC)"
