sample,reward_best,reward_CA,location_lat,location_lon,patient_state
1,0.24418294143999997,0.24418294143999997,37.930102400651215,-121.94648989712019,"PatientState(Location(""FIELD"", (37.930102400651215, -121.94648989712019), -1.0, FIELD), 235.63926111338492, UNKNOWN, LVO)"
2,0.24418294143999997,0.24418294143999997,37.93179478040892,-121.9487099518545,"PatientState(Location(""FIELD"", (37.93179478040892, -121.9487099518545), -1.0, FIELD), 208.11767771078888, UNKNOWN, HEMORRHAGIC)"
3,0.24418294143999997,0.24418294143999997,37.93300977948898,-121.94623669084955,"PatientState(Location(""FIELD"", (37.93300977948898, -121.94623669084955), -1.0, FIELD), 110.1423003774893, UNKNOWN, LVO)"
4,0.24418294143999997,0.24418294143999997,37.93001211955781,-121.94619909387559,"PatientState(Location(""FIELD"", (37.93001211955781, -121.94619909387559), -1.0, FIELD), 213.1203073124235, UNKNOWN, HEMORRHAGIC)"
5,0.24418294143999997,0.24418294143999997,37.9317934096943,-121.9463996023545,"PatientState(Location(""FIELD"", (37.9317934096943, -121.9463996023545), -1.0, FIELD), 129.8775431096844, UNKNOWN, LVO)"
