sample,reward_best,reward_CA,location_lat,location_lon,patient_state
1,0.3170368586243387,0.24418294143999997,37.543096564728835,-121.99416671205309,"PatientState(Location(""FIELD"", (37.543096564728835, -121.99416671205309), -1.0, FIELD), 170.47429956407038, UNKNOWN, NLVO)"
2,0.31987280977431104,0.24418294143999997,37.54309296957531,-121.99142203039682,"PatientState(Location(""FIELD"", (37.54309296957531, -121.99142203039682), -1.0, FIELD), 157.5541298436304, UNKNOWN, HEMORRHAGIC)"
3,0.24418294143999997,0.24418294143999997,37.539201588775505,-121.99085245183328,"PatientState(Location(""FIELD"", (37.539201588775505, -121.99085245183328), -1.0, FIELD), 264.2496666050426, UNKNOWN, HEMORRHAGIC)"
4,0.32683847147546025,0.24418294143999997,37.54017403522283,-121.99385560680965,"PatientState(Location(""FIELD"", (37.54017403522283, -121.99385560680965), -1.0, FIELD), 126.3862095709333, UNKNOWN, LVO)"
5,0.3533191726550642,0.3370072315547741,37.54178519757266,-121.99328576486279,"PatientState(Location(""FIELD"", (37.54178519757266, -121.99328576486279), -1.0, FIELD), 12.566103057484494, UNKNOWN, LVO)"
