sample,reward_best,reward_CA,location_lat,location_lon,patient_state
1,0.3328570820308421,0.3285163739783746,37.276572214910914,-121.8221624327292,"PatientState(Location(""FIELD"", (37.276572214910914, -121.8221624327292), -1.0, FIELD), 107.2647489202621, UNKNOWN, HEMORRHAGIC)"
2,0.24418294143999997,0.24418294143999997,37.275034412523745,-121.82576372578812,"PatientState(Location(""FIELD"", (37.275034412523745, -121.82576372578812), -1.0, FIELD), 259.95474290737434, UNKNOWN, NLVO)"
3,0.24418294143999997,0.24418294143999997,37.274877276641696,-121.82541145137785,"PatientState(Location(""FIELD"", (37.274877276641696, -121.82541145137785), -1.0, FIELD), 236.90572367198752, UNKNOWN, MIMIC)"
4,0.24418294143999997,0.24418294143999997,37.27451129585831,-121.82093409342818,"PatientState(Location(""FIELD"", (37.27451129585831, -121.82093409342818), -1.0, FIELD), 268.3770056921537, UNKNOWN, LVO)"
5,0.24418294143999997,0.24418294143999997,37.27858437988387,-121.82127799693816,"PatientState(Location(""FIELD"", (37.27858437988387, -121.82127799693816), -1.0, FIELD), 243.55132676025883, UNKNOWN, MIMIC)"
