sample,reward_best,reward_CA,location_lat,location_lon,patient_state
1,0.24418294143999997,0.24418294143999997,37.69390656096382,-122.08362167274888,"PatientState(Location(""FIELD"", (37.69390656096382, -122.08362167274888), -1.0, FIELD), 182.46452907569056, UNKNOWN, LVO)"
2,0.24418294143999997,0.24418294143999997,37.69746271679448,-122.08434308048943,"PatientState(Location(""FIELD"", (37.69746271679448, -122.08434308048943), -1.0, FIELD), 254.92791989397801, UNKNOWN, HEMORRHAGIC)"
3,0.24418294143999997,0.24418294143999997,37.69704875893192,-122.0808989903587,"PatientState(Location(""FIELD"", (37.69704875893192, -122.0808989903587), -1.0, FIELD), 201.3317075831908, UNKNOWN, MIMIC)"
4,0.32677372591765197,0.24418294143999997,37.69633390835975,-122.08130301445179,"PatientState(Location(""FIELD"", (37.69633390835975, -122.08130301445179), -1.0, FIELD), 115.8780487017344, UNKNOWN, HEMORRHAGIC)"
5,0.34380377902409237,0.32664830085052143,37.69613899576794,-122.08172406116614,"PatientState(Location(""FIELD"", (37.69613899576794, -122.08172406116614), -1.0, FIELD), 42.40391427363938, UNKNOWN, HEMORRHAGIC)"
