sample,reward_best,reward_CA,location_lat,location_lon,patient_state
1,0.24418294143999997,0.24418294143999997,38.16039422474152,-122.22578642055248,"PatientState(Location(""FIELD"", (38.16039422474152, -122.22578642055248), -1.0, FIELD), 254.2731370610186, UNKNOWN, LVO)"
2,0.24418294143999997,0.24418294143999997,38.161802667633786,-122.22145229409306,"PatientState(Location(""FIELD"", (38.161802667633786, -122.22145229409306), -1.0, FIELD), 257.5148398197844, UNKNOWN, LVO)"
3,0.24418294143999997,0.24418294143999997,38.163757795686266,-122.22114323584145,"PatientState(Location(""FIELD"", (38.163757795686266, -122.22114323584145), -1.0, FIELD), 178.57772795050386, UNKNOWN, HEMORRHAGIC)"
4,0.3233538347942436,0.24418294143999997,38.161654946569236,-122.22098189137995,"PatientState(Location(""FIELD"", (38.161654946569236, -122.22098189137995), -1.0, FIELD), 33.49933297346886, UNKNOWN, LVO)"
5,0.24418294143999997,0.24418294143999997,38.161297223119846,-122.22511954315667,"PatientState(Location(""FIELD"", (38.161297223119846, -122.22511954315667), -1.0, FIELD), 87.77366106287054, UNKNOWN, NLVO)"
