sample,reward_best,reward_CA,location_lat,location_lon,patient_state
1,0.24418294143999997,0.24418294143999997,38.117206191280374,-122.49757060822778,"PatientState(Location(""FIELD"", (38.117206191280374, -122.49757060822778), -1.0, FIELD), 196.82460914010113, UNKNOWN, NLVO)"
2,0.24418294143999997,0.24418294143999997,38.117324578821474,-122.49635625618717,"PatientState(Location(""FIELD"", (38.117324578821474, -122.49635625618717), -1.0, FIELD), 243.70514997144878, UNKNOWN, NLVO)"
3,0.2527121617837145,0.2517391495870373,38.11852677605199,-122.49933071335076,"PatientState(Location(""FIELD"", (38.11852677605199, -122.49933071335076), -1.0, FIELD), 72.99768606645429, UNKNOWN, HEMORRHAGIC)"
4,0.3257119651574655,0.2611646903119248,38.11594332592218,-122.49803190151479,"PatientState(Location(""FIELD"", (38.11594332592218, -122.49803190151479), -1.0, FIELD), 19.555881166187287, UNKNOWN, NLVO)"
5,0.2542065921094421,0.2532265079610756,38.11573127190908,-122.49582798094492,"PatientState(Location(""FIELD"", (38.11573127190908, -122.49582798094492), -1.0, FIELD), 64.48124242494141, UNKNOWN, MIMIC)"
