sample,reward_best,reward_CA,location_lat,location_lon,patient_state
1,0.33364292484965,0.31468524990905317,37.56707943224126,-122.07862032226535,"PatientState(Location(""FIELD"", (37.56707943224126, -122.07862032226535), -1.0, FIELD), 95.22950331981421, UNKNOWN, NLVO)"
2,0.31772300303967804,0.24418294143999997,37.568722080255725,-122.07806255496699,"PatientState(Location(""FIELD"", (37.568722080255725, -122.07806255496699), -1.0, FIELD), 165.83198751490337, UNKNOWN, LVO)"
3,0.24418294143999997,0.24418294143999997,37.563864717694265,-122.08014367475687,"PatientState(Location(""FIELD"", (37.563864717694265, -122.08014367475687), -1.0, FIELD), 244.44202868315767, UNKNOWN, MIMIC)"
4,0.3402002577349801,0.3210177943880447,37.56388113895983,-122.07686932845134,"PatientState(Location(""FIELD"", (37.56388113895983, -122.07686932845134), -1.0, FIELD), 66.96621679796213, UNKNOWN, LVO)"
5,0.35493830968126855,0.3352904081859947,37.56632498748861,-122.08014818794166,"PatientState(Location(""FIELD"", (37.56632498748861, -122.08014818794166), -1.0, FIELD), 4.106534967709951, UNKNOWN, LVO)"
