sample,reward_best,reward_CA,location_lat,location_lon,patient_state
1,0.35529177819594737,0.35035713008097485,37.408241072226325,-122.06816413496632,"PatientState(Location(""FIELD"", (37.408241072226325, -122.06816413496632), -1.0, FIELD), 15.251684466261281, UNKNOWN, LVO)"
2,0.35819528557719027,0.3543742352091956,37.405824350630446,-122.06758057233965,"PatientState(Location(""FIELD"", (37.405824350630446, -122.06758057233965), -1.0, FIELD), 0.41424033982964237, UNKNOWN, HEMORRHAGIC)"
3,0.3435447286645156,0.34015888981908227,37.40443550733376,-122.06863528524359,"PatientState(Location(""FIELD"", (37.40443550733376, -122.06863528524359), -1.0, FIELD), 60.939589625181526, UNKNOWN, HEMORRHAGIC)"
4,0.3504083216566704,0.34624457946621146,37.407734415405855,-122.06785378544336,"PatientState(Location(""FIELD"", (37.407734415405855, -122.06785378544336), -1.0, FIELD), 33.953963088217016, UNKNOWN, HEMORRHAGIC)"
5,0.35461591355517064,0.3501216730558947,37.40855641840756,-122.06768055572438,"PatientState(Location(""FIELD"", (37.40855641840756, -122.06768055572438), -1.0, FIELD), 14.999527741863929, UNKNOWN, LVO)"
