sample,reward_best,reward_CA,location_lat,location_lon,patient_state
1,0.3259705068909156,0.26460584356605105,37.42869730308461,-122.42588360288549,"PatientState(Location(""FIELD"", (37.42869730308461, -122.42588360288549), -1.0, FIELD), 116.2003227860298, UNKNOWN, LVO)"
2,0.3459545347746384,0.34255665172382566,37.42500840460252,-122.43042775815974,"PatientState(Location(""FIELD"", (37.42500840460252, -122.43042775815974), -1.0, FIELD), 29.253411211572757, UNKNOWN, LVO)"
3,0.25169865617398396,0.25169865617398396,37.42799089672575,-122.43031954608425,"PatientState(Location(""FIELD"", (37.42799089672575, -122.43031954608425), -1.0, FIELD), 187.60340195003386, UNKNOWN, LVO)"
4,0.24418294143999997,0.24418294143999997,37.427029959334945,-122.42812782143919,"PatientState(Location(""FIELD"", (37.427029959334945, -122.42812782143919), -1.0, FIELD), 243.50104706418068, UNKNOWN, HEMORRHAGIC)"
5,0.24418294143999997,0.24418294143999997,37.4264749757517,-122.427259762215,"PatientState(Location(""FIELD"", (37.4264749757517, -122.427259762215), -1.0, FIELD), 249.30114107914588, UNKNOWN, LVO)"
