sample,reward_best,reward_CA,location_lat,location_lon,patient_state
1,0.3251445215456645,0.24418294143999997,37.53872944101024,-121.6438670526584,"PatientState(Location(""FIELD"", (37.53872944101024, -121.6438670526584), -1.0, FIELD), 72.00843299259932, UNKNOWN, LVO)"
2,0.24418294143999997,0.24418294143999997,37.53728398653256,-121.64173226130507,"PatientState(Location(""FIELD"", (37.53728398653256, -121.64173226130507), -1.0, FIELD), 135.86446328979332, UNKNOWN, LVO)"
3,0.3335226801909218,0.24418294143999997,37.53771474479542,-121.6417582686345,"PatientState(Location(""FIELD"", (37.53771474479542, -121.6417582686345), -1.0, FIELD), 35.334470200867386, UNKNOWN, HEMORRHAGIC)"
4,0.24418294143999997,0.24418294143999997,37.53733687824533,-121.6450340972975,"PatientState(Location(""FIELD"", (37.53733687824533, -121.6450340972975), -1.0, FIELD), 160.2946820421213, UNKNOWN, LVO)"
5,0.32077373726341707,0.24418294143999997,37.53709346857836,-121.64084725237005,"PatientState(Location(""FIELD"", (37.53709346857836, -121.64084725237005), -1.0, FIELD), 91.06035818453473, UNKNOWN, NLVO)"
