sample,reward_best,reward_CA,location_lat,location_lon,patient_state
1,0.24418294143999997,0.24418294143999997,37.88170563977804,-121.84156106829727,"PatientState(Location(""FIELD"", (37.88170563977804, -121.84156106829727), -1.0, FIELD), 266.8336721289187, UNKNOWN, LVO)"
2,0.24418294143999997,0.24418294143999997,37.8818859488421,-121.84284387790889,"PatientState(Location(""FIELD"", (37.8818859488421, -121.84284387790889), -1.0, FIELD), 155.7403663222581, UNKNOWN, HEMORRHAGIC)"
3,0.24418294143999997,0.24418294143999997,37.88201814604456,-121.84432128790087,"PatientState(Location(""FIELD"", (37.88201814604456, -121.84432128790087), -1.0, FIELD), 113.85557689116733, UNKNOWN, NLVO)"
4,0.24418294143999997,0.24418294143999997,37.88062098037741,-121.84272478857379,"PatientState(Location(""FIELD"", (37.88062098037741, -121.84272478857379), -1.0, FIELD), 234.28488149569438, UNKNOWN, HEMORRHAGIC)"
5,0.24418294143999997,0.24418294143999997,37.88043228223132,-121.84347673355495,"PatientState(Location(""FIELD"", (37.88043228223132, -121.84347673355495), -1.0, FIELD), 126.83948469487498, UNKNOWN, NLVO)"
