sample,reward_best,reward_CA,location_lat,location_lon,patient_state
1,0.3328271328186082,0.3153968597377105,37.700016007892906,-122.00785611373445,"PatientState(Location(""FIELD"", (37.700016007892906, -122.00785611373445), -1.0, FIELD), 87.35191941701535, UNKNOWN, LVO)"
2,0.34897102135868063,0.3284277182781009,37.70328863920591,-122.00587062615,"PatientState(Location(""FIELD"", (37.70328863920591, -122.00587062615), -1.0, FIELD), 20.345224191877854, UNKNOWN, HEMORRHAGIC)"
3,0.3436128507210731,0.3258482759526646,37.70137504457811,-122.00848795776704,"PatientState(Location(""FIELD"", (37.70137504457811, -122.00848795776704), -1.0, FIELD), 40.806245675178666, UNKNOWN, NLVO)"
4,0.24418294143999997,0.24418294143999997,37.70230897298696,-122.00601018820365,"PatientState(Location(""FIELD"", (37.70230897298696, -122.00601018820365), -1.0, FIELD), 218.83227199813962, UNKNOWN, HEMORRHAGIC)"
5,0.34928449559177427,0.3313559735564825,37.70284194534669,-122.010239878013,"PatientState(Location(""FIELD"", (37.70284194534669, -122.010239878013), -1.0, FIELD), 16.734182577973357, UNKNOWN, MIMIC)"
