sample,reward_best,reward_CA,location_lat,location_lon,patient_state
1,0.3497549285124716,0.33057727346116206,37.60187120362975,-121.87893683591258,"PatientState(Location(""FIELD"", (37.60187120362975, -121.87893683591258), -1.0, FIELD), 26.616154160701242, UNKNOWN, HEMORRHAGIC)"
2,0.3456017870403021,0.3265527751366935,37.6016358528268,-121.87982117598519,"PatientState(Location(""FIELD"", (37.6016358528268, -121.87982117598519), -1.0, FIELD), 44.35869187461484, UNKNOWN, HEMORRHAGIC)"
3,0.3498513063703547,0.33067071757449745,37.601128553725175,-121.87829749676969,"PatientState(Location(""FIELD"", (37.601128553725175, -121.87829749676969), -1.0, FIELD), 26.185660240271044, UNKNOWN, LVO)"
4,0.24418294143999997,0.24418294143999997,37.60163659526825,-121.87867955908091,"PatientState(Location(""FIELD"", (37.60163659526825, -121.87867955908091), -1.0, FIELD), 189.3582943031021, UNKNOWN, HEMORRHAGIC)"
5,0.34015702211654003,0.32128369203509954,37.60204484109197,-121.87948434727899,"PatientState(Location(""FIELD"", (37.60204484109197, -121.87948434727899), -1.0, FIELD), 67.60399862603357, UNKNOWN, LVO)"
