sample,reward_best,reward_CA,location_lat,location_lon,patient_state
1,0.24418294143999997,0.24418294143999997,37.38588286581932,-122.06429745916196,"PatientState(Location(""FIELD"", (37.38588286581932, -122.06429745916196), -1.0, FIELD), 214.21600688833433, UNKNOWN, LVO)"
2,0.2519147938495177,0.2519147938495177,37.38770600602914,-122.06321481178918,"PatientState(Location(""FIELD"", (37.38770600602914, -122.06321481178918), -1.0, FIELD), 199.9913462658375, UNKNOWN, LVO)"
3,0.34707424690748107,0.34401963320850115,37.384638644947266,-122.06519984293307,"PatientState(Location(""FIELD"", (37.384638644947266, -122.06519984293307), -1.0, FIELD), 44.84222505838358, UNKNOWN, LVO)"
4,0.33264412642615454,0.32953608423851455,37.38642265721275,-122.06222498132225,"PatientState(Location(""FIELD"", (37.38642265721275, -122.06222498132225), -1.0, FIELD), 107.45951716992717, UNKNOWN, HEMORRHAGIC)"
5,0.24418294143999997,0.24418294143999997,37.38643964755828,-122.06461185823727,"PatientState(Location(""FIELD"", (37.38643964755828, -122.06461185823727), -1.0, FIELD), 238.5513602241473, UNKNOWN, LVO)"
