sample,reward_best,reward_CA,location_lat,location_lon,patient_state
1,0.24418294143999997,0.24418294143999997,37.92244348730063,-121.81098688915549,"PatientState(Location(""FIELD"", (37.92244348730063, -121.81098688915549), -1.0, FIELD), 62.06372180782737, UNKNOWN, HEMORRHAGIC)"
2,0.24418294143999997,0.24418294143999997,37.922696812403046,-121.81184814956366,"PatientState(Location(""FIELD"", (37.922696812403046, -121.81184814956366), -1.0, FIELD), 173.18701273605967, UNKNOWN, LVO)"
3,0.24418294143999997,0.24418294143999997,37.92368769812671,-121.8132470557713,"PatientState(Location(""FIELD"", (37.92368769812671, -121.8132470557713), -1.0, FIELD), 108.07437162628223, UNKNOWN, LVO)"
4,0.2526855566760257,0.24418294143999997,37.92264852878261,-121.81382045658518,"PatientState(Location(""FIELD"", (37.92264852878261, -121.81382045658518), -1.0, FIELD), 37.32905948395697, UNKNOWN, LVO)"
5,0.3165048811815816,0.24418294143999997,37.9231495639853,-121.81307230334156,"PatientState(Location(""FIELD"", (37.9231495639853, -121.81307230334156), -1.0, FIELD), 28.232071974512642, UNKNOWN, HEMORRHAGIC)"
