sample,reward_best,reward_CA,location_lat,location_lon,patient_state
1,0.24418294143999997,0.24418294143999997,38.10035600291935,-121.63733739476235,"PatientState(Location(""FIELD"", (38.10035600291935, -121.63733739476235), -1.0, FIELD), 120.70783958377065, UNKNOWN, HEMORRHAGIC)"
2,0.24418294143999997,0.24418294143999997,38.10350098163044,-121.63927376924293,"PatientState(Location(""FIELD"", (38.10350098163044, -121.63927376924293), -1.0, FIELD), 151.50273448829765, UNKNOWN, HEMORRHAGIC)"
3,0.24418294143999997,0.24418294143999997,38.102853413674076,-121.63914516871215,"PatientState(Location(""FIELD"", (38.102853413674076, -121.63914516871215), -1.0, FIELD), 264.3581558301621, UNKNOWN, LVO)"
4,0.24418294143999997,0.24418294143999997,38.1018637112673,-121.6364104142783,"PatientState(Location(""FIELD"", (38.1018637112673, -121.6364104142783), -1.0, FIELD), 125.25458267973877, UNKNOWN, HEMORRHAGIC)"
5,0.24418294143999997,0.24418294143999997,38.10026667655241,-121.63775454987453,"PatientState(Location(""FIELD"", (38.10026667655241, -121.63775454987453), -1.0, FIELD), 112.63293592070693, UNKNOWN, NLVO)"
