sample,reward_best,reward_CA,location_lat,location_lon,patient_state
1,0.31977732958610916,0.24418294143999997,37.567183936502765,-122.06374976057657,"PatientState(Location(""FIELD"", (37.567183936502765, -122.06374976057657), -1.0, FIELD), 157.17361056304952, UNKNOWN, LVO)"
2,0.24418294143999997,0.24418294143999997,37.56664812875358,-122.06305876617263,"PatientState(Location(""FIELD"", (37.56664812875358, -122.06305876617263), -1.0, FIELD), 218.14662213484107, UNKNOWN, HEMORRHAGIC)"
3,0.339685546444991,0.32069384769183695,37.567073110583515,-122.06455556759917,"PatientState(Location(""FIELD"", (37.567073110583515, -122.06455556759917), -1.0, FIELD), 70.07605183589689, UNKNOWN, HEMORRHAGIC)"
4,0.3390592242809193,0.3200880430639576,37.56536104591693,-122.06526400811964,"PatientState(Location(""FIELD"", (37.56536104591693, -122.06526400811964), -1.0, FIELD), 73.4539964236525, UNKNOWN, HEMORRHAGIC)"
5,0.24418294143999997,0.24418294143999997,37.56828363840244,-122.06406450860295,"PatientState(Location(""FIELD"", (37.56828363840244, -122.06406450860295), -1.0, FIELD), 246.692577554496, UNKNOWN, LVO)"
