sample,reward_best,reward_CA,location_lat,location_lon,patient_state
1,0.3199082170996305,0.3199082170996305,37.981209687448946,-121.98540751707202,"PatientState(Location(""FIELD"", (37.981209687448946, -121.98540751707202), -1.0, FIELD), 40.157730688788284, UNKNOWN, LVO)"
2,0.3168730689071456,0.3168979857263252,37.97959661207984,-121.98149130653884,"PatientState(Location(""FIELD"", (37.97959661207984, -121.98149130653884), -1.0, FIELD), 52.95974612113272, UNKNOWN, NLVO)"
3,0.24418294143999997,0.24418294143999997,37.981698815459076,-121.98562913037163,"PatientState(Location(""FIELD"", (37.981698815459076, -121.98562913037163), -1.0, FIELD), 175.49902233455967, UNKNOWN, LVO)"
4,0.3225174812363322,0.3225174812363322,37.982618660641165,-121.98494196919997,"PatientState(Location(""FIELD"", (37.982618660641165, -121.98494196919997), -1.0, FIELD), 29.258042174644686, UNKNOWN, LVO)"
5,0.24418294143999997,0.24418294143999997,37.98280405513632,-121.98198154010632,"PatientState(Location(""FIELD"", (37.98280405513632, -121.98198154010632), -1.0, FIELD), 242.86597495386678, UNKNOWN, LVO)"
