sample,reward_best,reward_CA,location_lat,location_lon,patient_state
1,0.3565137270395903,0.3402547750213902,37.35201758652135,-122.15131172042656,"PatientState(Location(""FIELD"", (37.35201758652135, -122.15131172042656), -1.0, FIELD), 3.4125298600822305, UNKNOWN, NLVO)"
2,0.24418294143999997,0.24418294143999997,37.34941874820135,-122.15315291021044,"PatientState(Location(""FIELD"", (37.34941874820135, -122.15315291021044), -1.0, FIELD), 223.74286358121248, UNKNOWN, HEMORRHAGIC)"
3,0.2522228558874463,0.24418294143999997,37.35171031721108,-122.1529112455572,"PatientState(Location(""FIELD"", (37.35171031721108, -122.1529112455572), -1.0, FIELD), 190.50549023575994, UNKNOWN, LVO)"
4,0.24418294143999997,0.24418294143999997,37.35320986110165,-122.1512546565251,"PatientState(Location(""FIELD"", (37.35320986110165, -122.1512546565251), -1.0, FIELD), 263.2253045511904, UNKNOWN, LVO)"
5,0.3489982166319145,0.3329237296907999,37.349216559112186,-122.15334746029662,"PatientState(Location(""FIELD"", (37.349216559112186, -122.15334746029662), -1.0, FIELD), 34.11972628676485, UNKNOWN, HEMORRHAGIC)"
