sample,reward_best,reward_CA,location_lat,location_lon,patient_state
1,0.32263221902811,0.24418294143999997,37.86936322108178,-121.95225708626029,"PatientState(Location(""FIELD"", (37.86936322108178, -121.95225708626029), -1.0, FIELD), 90.93411544057948, UNKNOWN, HEMORRHAGIC)"
2,0.3417587544295269,0.3282473955728486,37.87326285879668,-121.95266590950669,"PatientState(Location(""FIELD"", (37.87326285879668, -121.95266590950669), -1.0, FIELD), 1.1326205335323802, UNKNOWN, LVO)"
3,0.33999431147810333,0.3265216304950479,37.87227129110641,-121.95472738378415,"PatientState(Location(""FIELD"", (37.87227129110641, -121.95472738378415), -1.0, FIELD), 9.059530201076358, UNKNOWN, LVO)"
4,0.3258280613590658,0.24418294143999997,37.86934211820713,-121.95121093453683,"PatientState(Location(""FIELD"", (37.86934211820713, -121.95121093453683), -1.0, FIELD), 76.69877312414182, UNKNOWN, LVO)"
5,0.24418294143999997,0.24418294143999997,37.87273351672565,-121.95270380745897,"PatientState(Location(""FIELD"", (37.87273351672565, -121.95270380745897), -1.0, FIELD), 248.36722983070135, UNKNOWN, HEMORRHAGIC)"
