sample,reward_best,reward_CA,location_lat,location_lon,patient_state
1,0.32512414889456576,0.24418294143999997,37.73819142886239,-121.71422040398132,"PatientState(Location(""FIELD"", (37.73819142886239, -121.71422040398132), -1.0, FIELD), 110.01677532355264, UNKNOWN, MIMIC)"
2,0.32325162698732296,0.24418294143999997,37.73869924558629,-121.71508256849975,"PatientState(Location(""FIELD"", (37.73869924558629, -121.71508256849975), -1.0, FIELD), 118.2828396978813, UNKNOWN, NLVO)"
3,0.3294944820864425,0.24418294143999997,37.735483124031575,-121.71404549942247,"PatientState(Location(""FIELD"", (37.735483124031575, -121.71404549942247), -1.0, FIELD), 91.37329226274038, UNKNOWN, LVO)"
4,0.3388012473916002,0.31904419514966753,37.73576251782526,-121.7137369795789,"PatientState(Location(""FIELD"", (37.73576251782526, -121.7137369795789), -1.0, FIELD), 50.89673968977959, UNKNOWN, NLVO)"
5,0.24418294143999997,0.24418294143999997,37.734818312564826,-121.71493503300863,"PatientState(Location(""FIELD"", (37.734818312564826, -121.71493503300863), -1.0, FIELD), 251.66623818491348, UNKNOWN, LVO)"
