sample,reward_best,reward_CA,location_lat,location_lon,patient_state
1,0.24418294143999997,0.24418294143999997,38.112635883819785,-121.80336147891198,"PatientState(Location(""FIELD"", (38.112635883819785, -121.80336147891198), -1.0, FIELD), 236.56292693857066, UNKNOWN, HEMORRHAGIC)"
2,0.24418294143999997,0.24418294143999997,38.10955478780485,-121.80119517842908,"PatientState(Location(""FIELD"", (38.10955478780485, -121.80119517842908), -1.0, FIELD), 25.513455968814938, UNKNOWN, LVO)"
3,0.24418294143999997,0.24418294143999997,38.10988924606759,-121.8052830210427,"PatientState(Location(""FIELD"", (38.10988924606759, -121.8052830210427), -1.0, FIELD), 73.68265978268876, UNKNOWN, LVO)"
4,0.24418294143999997,0.24418294143999997,38.11375135271062,-121.8045538861894,"PatientState(Location(""FIELD"", (38.11375135271062, -121.8045538861894), -1.0, FIELD), 212.29015016001077, UNKNOWN, LVO)"
5,0.24418294143999997,0.24418294143999997,38.11254054826814,-121.80146242708646,"PatientState(Location(""FIELD"", (38.11254054826814, -121.80146242708646), -1.0, FIELD), 146.3694755951874, UNKNOWN, LVO)"
