sample,reward_best,reward_CA,location_lat,location_lon,patient_state
1,0.24418294143999997,0.24418294143999997,38.14729243155944,-121.6228694850805,"PatientState(Location(""FIELD"", (38.14729243155944, -121.6228694850805), -1.0, FIELD), 138.57970840166237, UNKNOWN, HEMORRHAGIC)"
2,0.24418294143999997,0.24418294143999997,38.146708016409505,-121.62474562899892,"PatientState(Location(""FIELD"", (38.146708016409505, -121.62474562899892), -1.0, FIELD), 52.46074603797174, UNKNOWN, LVO)"
3,0.24418294143999997,0.24418294143999997,38.14728241294007,-121.62129780130118,"PatientState(Location(""FIELD"", (38.14728241294007, -121.62129780130118), -1.0, FIELD), 258.5813678556618, UNKNOWN, HEMORRHAGIC)"
4,0.24418294143999997,0.24418294143999997,38.148206795980094,-121.62169055934848,"PatientState(Location(""FIELD"", (38.148206795980094, -121.62169055934848), -1.0, FIELD), 82.37618236950856, UNKNOWN, LVO)"
5,0.24418294143999997,0.24418294143999997,38.14456794337857,-121.6240768467061,"PatientState(Location(""FIELD"", (38.14456794337857, -121.6240768467061), -1.0, FIELD), 47.59051034242648, UNKNOWN, MIMIC)"
