sample,reward_best,reward_CA,location_lat,location_lon,patient_state
1,0.34258011328665244,0.34258011328665244,37.37871862745845,-121.78065633952185,"PatientState(Location(""FIELD"", (37.37871862745845, -121.78065633952185), -1.0, FIELD), 68.81475020999179, UNKNOWN, NLVO)"
2,0.24418294143999997,0.24418294143999997,37.378053674165756,-121.77996411451744,"PatientState(Location(""FIELD"", (37.378053674165756, -121.77996411451744), -1.0, FIELD), 249.30786727496553, UNKNOWN, LVO)"
3,0.3350950911014554,0.3350950911014554,37.3782570639726,-121.77815906721462,"PatientState(Location(""FIELD"", (37.3782570639726, -121.77815906721462), -1.0, FIELD), 100.80818662680733, UNKNOWN, HEMORRHAGIC)"
4,0.3324966731007913,0.3324966731007913,37.37420246014004,-121.77600146495735,"PatientState(Location(""FIELD"", (37.37420246014004, -121.77600146495735), -1.0, FIELD), 110.9273472961484, UNKNOWN, LVO)"
5,0.24418294143999997,0.24418294143999997,37.376801769391676,-121.78010615015907,"PatientState(Location(""FIELD"", (37.376801769391676, -121.78010615015907), -1.0, FIELD), 226.4763560860683, UNKNOWN, LVO)"
