sample,reward_best,reward_CA,location_lat,location_lon,patient_state
1,0.3515903701187472,0.3515903701187472,37.537676401285935,-122.52260798844998,"PatientState(Location(""FIELD"", (37.537676401285935, -122.52260798844998), -1.0, FIELD), 9.6868546513589, UNKNOWN, LVO)"
2,0.25708621658315206,0.25708621658315206,37.53537079361379,-122.52266764313633,"PatientState(Location(""FIELD"", (37.53537079361379, -122.52266764313633), -1.0, FIELD), 176.38756462879772, UNKNOWN, LVO)"
3,0.33531838741220676,0.33531838741220676,37.535279401276505,-122.52208688675641,"PatientState(Location(""FIELD"", (37.535279401276505, -122.52208688675641), -1.0, FIELD), 78.92186792452215, UNKNOWN, LVO)"
4,0.32014000286209104,0.2647763890035139,37.537269682565515,-122.52175628169742,"PatientState(Location(""FIELD"", (37.537269682565515, -122.52175628169742), -1.0, FIELD), 133.43535024054194, UNKNOWN, LVO)"
5,0.34020164253825436,0.34020164253825436,37.537227794883385,-122.52080297650724,"PatientState(Location(""FIELD"", (37.537227794883385, -122.52080297650724), -1.0, FIELD), 57.71329652534888, UNKNOWN, HEMORRHAGIC)"
