sample,reward_best,reward_CA,location_lat,location_lon,patient_state
1,0.3434922322563068,0.32434326927018425,37.67048980573092,-122.04447240396712,"PatientState(Location(""FIELD"", (37.67048980573092, -122.04447240396712), -1.0, FIELD), 41.507717101042644, UNKNOWN, HEMORRHAGIC)"
2,0.32095307976365955,0.24418294143999997,37.670554752661964,-122.04121864459815,"PatientState(Location(""FIELD"", (37.670554752661964, -122.04121864459815), -1.0, FIELD), 138.75820401289133, UNKNOWN, HEMORRHAGIC)"
3,0.24418294143999997,0.24418294143999997,37.67148829587432,-122.04193621528798,"PatientState(Location(""FIELD"", (37.67148829587432, -122.04193621528798), -1.0, FIELD), 207.5103382104164, UNKNOWN, MIMIC)"
4,0.24418294143999997,0.24418294143999997,37.6695803240835,-122.0429978418201,"PatientState(Location(""FIELD"", (37.6695803240835, -122.0429978418201), -1.0, FIELD), 178.48696316865207, UNKNOWN, NLVO)"
5,0.32448859852883155,0.24418294143999997,37.669391732985034,-122.04388813041496,"PatientState(Location(""FIELD"", (37.669391732985034, -122.04388813041496), -1.0, FIELD), 124.38143781956379, UNKNOWN, LVO)"
