sample,reward_best,reward_CA,location_lat,location_lon,patient_state
1,0.25623137190031486,0.24418294143999997,37.995012617704006,-122.5719645486007,"PatientState(Location(""FIELD"", (37.995012617704006, -122.5719645486007), -1.0, FIELD), 119.29104113778793, UNKNOWN, HEMORRHAGIC)"
2,0.25313862468834014,0.24418294143999997,37.994530229461745,-122.5708226116582,"PatientState(Location(""FIELD"", (37.994530229461745, -122.5708226116582), -1.0, FIELD), 137.63891845079561, UNKNOWN, LVO)"
3,0.24418294143999997,0.24418294143999997,37.99416031686108,-122.57113011382562,"PatientState(Location(""FIELD"", (37.99416031686108, -122.57113011382562), -1.0, FIELD), 215.87998777966015, UNKNOWN, LVO)"
4,0.3347933818074511,0.26155286667389815,37.994811894024636,-122.57213977063842,"PatientState(Location(""FIELD"", (37.994811894024636, -122.57213977063842), -1.0, FIELD), 25.394918658767192, UNKNOWN, HEMORRHAGIC)"
5,0.3335928964743191,0.2606182042647286,37.99393253658057,-122.57349783513537,"PatientState(Location(""FIELD"", (37.99393253658057, -122.57349783513537), -1.0, FIELD), 31.649374357723715, UNKNOWN, HEMORRHAGIC)"
