sample,reward_best,reward_CA,location_lat,location_lon,patient_state
1,0.3210054690407828,0.3210054690407828,37.2383782099583,-121.98435506637077,"PatientState(Location(""FIELD"", (37.2383782099583, -121.98435506637077), -1.0, FIELD), 164.27990608817802, UNKNOWN, MIMIC)"
2,0.24418294143999997,0.24418294143999997,37.236741532066056,-121.98437664458976,"PatientState(Location(""FIELD"", (37.236741532066056, -121.98437664458976), -1.0, FIELD), 206.60720457589488, UNKNOWN, LVO)"
3,0.24418294143999997,0.24418294143999997,37.236652363083024,-121.9831863492085,"PatientState(Location(""FIELD"", (37.236652363083024, -121.9831863492085), -1.0, FIELD), 252.38989712431035, UNKNOWN, HEMORRHAGIC)"
4,0.3575886115201553,0.3575886115201553,37.23752155024351,-121.98474735674701,"PatientState(Location(""FIELD"", (37.23752155024351, -121.98474735674701), -1.0, FIELD), 6.4955699763844645, UNKNOWN, HEMORRHAGIC)"
5,0.324623513180955,0.324623513180955,37.23398759267707,-121.98112484858193,"PatientState(Location(""FIELD"", (37.23398759267707, -121.98112484858193), -1.0, FIELD), 149.61139013852682, UNKNOWN, LVO)"
