sample,reward_best,reward_CA,location_lat,location_lon,patient_state
1,0.32837768127342964,0.263570642270351,37.38781670657516,-121.97014427887163,"PatientState(Location(""FIELD"", (37.38781670657516, -121.97014427887163), -1.0, FIELD), 127.11830759151917, UNKNOWN, HEMORRHAGIC)"
2,0.35792851949804394,0.35312649227954773,37.384208364763936,-121.9701074094077,"PatientState(Location(""FIELD"", (37.384208364763936, -121.9701074094077), -1.0, FIELD), 2.4595901749176683, UNKNOWN, LVO)"
3,0.32164818852237137,0.25819880377230814,37.38515392732057,-121.96803869324049,"PatientState(Location(""FIELD"", (37.38515392732057, -121.96803869324049), -1.0, FIELD), 155.35803048893578, UNKNOWN, MIMIC)"
4,0.3243069671727669,0.2603136823207722,37.387725037811784,-121.96869025577573,"PatientState(Location(""FIELD"", (37.387725037811784, -121.96869025577573), -1.0, FIELD), 144.98001393542765, UNKNOWN, LVO)"
5,0.35543870154343893,0.35063331595093994,37.38540328048654,-121.96648811468299,"PatientState(Location(""FIELD"", (37.38540328048654, -121.96648811468299), -1.0, FIELD), 10.919982163521261, UNKNOWN, LVO)"
