sample,reward_best,reward_CA,location_lat,location_lon,patient_state
1,0.24418294143999997,0.24418294143999997,37.859626590552054,-121.62969823353195,"PatientState(Location(""FIELD"", (37.859626590552054, -121.62969823353195), -1.0, FIELD), 165.37148427695934, UNKNOWN, LVO)"
2,0.24418294143999997,0.24418294143999997,37.85964205379879,-121.6307616074384,"PatientState(Location(""FIELD"", (37.85964205379879, -121.6307616074384), -1.0, FIELD), 106.8065793733829, UNKNOWN, LVO)"
3,0.24418294143999997,0.24418294143999997,37.85940408867982,-121.62831877023444,"PatientState(Location(""FIELD"", (37.85940408867982, -121.62831877023444), -1.0, FIELD), 252.11923523515077, UNKNOWN, LVO)"
4,0.24418294143999997,0.24418294143999997,37.8589133897651,-121.62798511783392,"PatientState(Location(""FIELD"", (37.8589133897651, -121.62798511783392), -1.0, FIELD), 62.022478964671365, UNKNOWN, LVO)"
5,0.24418294143999997,0.24418294143999997,37.85924550205714,-121.63048022554047,"PatientState(Location(""FIELD"", (37.85924550205714, -121.63048022554047), -1.0, FIELD), 179.88324085209004, UNKNOWN, HEMORRHAGIC)"
