sample,reward_best,reward_CA,location_lat,location_lon,patient_state
1,0.2526108331470363,0.24418294143999997,37.88589315232725,-122.1953231877371,"PatientState(Location(""FIELD"", (37.88589315232725, -122.1953231877371), -1.0, FIELD), 157.7006630700799, UNKNOWN, LVO)"
2,0.24418294143999997,0.24418294143999997,37.88561601447129,-122.19114161908091,"PatientState(Location(""FIELD"", (37.88561601447129, -122.19114161908091), -1.0, FIELD), 186.37800971298168, UNKNOWN, LVO)"
3,0.24418294143999997,0.24418294143999997,37.88388047768493,-122.19220914828938,"PatientState(Location(""FIELD"", (37.88388047768493, -122.19220914828938), -1.0, FIELD), 194.5205332531049, UNKNOWN, MIMIC)"
4,0.3273574282442919,0.24418294143999997,37.884215197154276,-122.1950196991623,"PatientState(Location(""FIELD"", (37.884215197154276, -122.1950196991623), -1.0, FIELD), 93.97501168104257, UNKNOWN, HEMORRHAGIC)"
5,0.24418294143999997,0.24418294143999997,37.88661544194161,-122.19147003240406,"PatientState(Location(""FIELD"", (37.88661544194161, -122.19147003240406), -1.0, FIELD), 260.73360933283, UNKNOWN, MIMIC)"
