sample,reward_best,reward_CA,location_lat,location_lon,patient_state
1,0.24418294143999997,0.24418294143999997,37.29294765176731,-121.97689769651181,"PatientState(Location(""FIELD"", (37.29294765176731, -121.97689769651181), -1.0, FIELD), 250.31464545591842, UNKNOWN, HEMORRHAGIC)"
2,0.35304944066199195,0.34826965833251095,37.29270804704998,-121.9794825314784,"PatientState(Location(""FIELD"", (37.29270804704998, -121.9794825314784), -1.0, FIELD), 22.741448029667556, UNKNOWN, HEMORRHAGIC)"
3,0.3400999119216548,0.3350126035821108,37.289041923144694,-121.97688492666337,"PatientState(Location(""FIELD"", (37.289041923144694, -121.97688492666337), -1.0, FIELD), 79.26152572250763, UNKNOWN, LVO)"
4,0.3443066570068813,0.3394692253604451,37.29255375127585,-121.97653215927507,"PatientState(Location(""FIELD"", (37.29255375127585, -121.97653215927507), -1.0, FIELD), 60.782331108371395, UNKNOWN, LVO)"
5,0.352448417231678,0.3475282168032158,37.291236810979875,-121.97614032191579,"PatientState(Location(""FIELD"", (37.291236810979875, -121.97614032191579), -1.0, FIELD), 26.368564258517, UNKNOWN, LVO)"
