sample,reward_best,reward_CA,location_lat,location_lon,patient_state
1,0.31846384803987954,0.31846384803987954,37.27334842895153,-122.05648873025748,"PatientState(Location(""FIELD"", (37.27334842895153, -122.05648873025748), -1.0, FIELD), 164.99909249623772, UNKNOWN, NLVO)"
2,0.3146906490107906,0.3146906490107906,37.27302472800804,-122.05651609336752,"PatientState(Location(""FIELD"", (37.27302472800804, -122.05651609336752), -1.0, FIELD), 181.87431167484758, UNKNOWN, NLVO)"
3,0.24418294143999997,0.24418294143999997,37.27064204378721,-122.05960905467782,"PatientState(Location(""FIELD"", (37.27064204378721, -122.05960905467782), -1.0, FIELD), 204.5106671518971, UNKNOWN, LVO)"
4,0.32999699959028,0.32999699959028,37.27068593917175,-122.05746515251901,"PatientState(Location(""FIELD"", (37.27068593917175, -122.05746515251901), -1.0, FIELD), 117.20166116855528, UNKNOWN, LVO)"
5,0.3468207864471655,0.3468207864471655,37.27292667039102,-122.0607652398578,"PatientState(Location(""FIELD"", (37.27292667039102, -122.0607652398578), -1.0, FIELD), 44.360249846033405, UNKNOWN, HEMORRHAGIC)"
