sample,reward_best,reward_CA,location_lat,location_lon,patient_state
1,0.31705762006800975,0.24418294143999997,38.03470709080706,-121.61903808863634,"PatientState(Location(""FIELD"", (38.03470709080706, -121.61903808863634), -1.0, FIELD), 27.02214623469683, UNKNOWN, LVO)"
2,0.24418294143999997,0.24418294143999997,38.03382489344347,-121.61793755524718,"PatientState(Location(""FIELD"", (38.03382489344347, -121.61793755524718), -1.0, FIELD), 187.9918777083183, UNKNOWN, LVO)"
3,0.24418294143999997,0.24418294143999997,38.0367707072731,-121.62003491674264,"PatientState(Location(""FIELD"", (38.0367707072731, -121.62003491674264), -1.0, FIELD), 85.30726507957054, UNKNOWN, LVO)"
4,0.24418294143999997,0.24418294143999997,38.034598413231386,-121.61866996849494,"PatientState(Location(""FIELD"", (38.034598413231386, -121.61866996849494), -1.0, FIELD), 224.8221379827231, UNKNOWN, LVO)"
5,0.24418294143999997,0.24418294143999997,38.03458745357745,-121.61796868171061,"PatientState(Location(""FIELD"", (38.03458745357745, -121.61796868171061), -1.0, FIELD), 55.66707750312568, UNKNOWN, NLVO)"
