sample,reward_best,reward_CA,location_lat,location_lon,patient_state
1,0.3518745080272142,0.3518745080272142,37.23648434181533,-122.14906656814262,"PatientState(Location(""FIELD"", (37.23648434181533, -122.14906656814262), -1.0, FIELD), 7.911491847474506, UNKNOWN, NLVO)"
2,0.31913275968163013,0.31913275968163013,37.238076650551605,-122.14761885303263,"PatientState(Location(""FIELD"", (37.238076650551605, -122.14761885303263), -1.0, FIELD), 150.13755107203082, UNKNOWN, HEMORRHAGIC)"
3,0.24418294143999997,0.24418294143999997,37.23794735824357,-122.14864179000574,"PatientState(Location(""FIELD"", (37.23794735824357, -122.14864179000574), -1.0, FIELD), 210.72059478303873, UNKNOWN, HEMORRHAGIC)"
4,0.3196969292283619,0.3196969292283619,37.23662235467076,-122.14890024113723,"PatientState(Location(""FIELD"", (37.23662235467076, -122.14890024113723), -1.0, FIELD), 147.54751557461884, UNKNOWN, MIMIC)"
5,0.24418294143999997,0.24418294143999997,37.23393210441781,-122.14915584785166,"PatientState(Location(""FIELD"", (37.23393210441781, -122.14915584785166), -1.0, FIELD), 249.71364830207864, UNKNOWN, LVO)"
