sample,reward_best,reward_CA,location_lat,location_lon,patient_state
1,0.3346341997728076,0.31502480441930164,37.802611422216,-121.77997696604923,"PatientState(Location(""FIELD"", (37.802611422216, -121.77997696604923), -1.0, FIELD), 61.79959993299356, UNKNOWN, LVO)"
2,0.3356048201125016,0.31596060158119,37.79943427088301,-121.77734015330792,"PatientState(Location(""FIELD"", (37.79943427088301, -121.77734015330792), -1.0, FIELD), 57.294840116261376, UNKNOWN, LVO)"
3,0.33462716736118026,0.31501802526929584,37.79887482799496,-121.77596310424595,"PatientState(Location(""FIELD"", (37.79887482799496, -121.77596310424595), -1.0, FIELD), 61.68348348921931, UNKNOWN, HEMORRHAGIC)"
4,0.24418294143999997,0.24418294143999997,37.801423890648955,-121.77788204221794,"PatientState(Location(""FIELD"", (37.801423890648955, -121.77788204221794), -1.0, FIELD), 255.40317698528875, UNKNOWN, NLVO)"
5,0.3339443606022589,0.31435987455574105,37.801060319240314,-121.77990048588634,"PatientState(Location(""FIELD"", (37.801060319240314, -121.77990048588634), -1.0, FIELD), 64.83647247397377, UNKNOWN, LVO)"
