sample,reward_best,reward_CA,location_lat,location_lon,patient_state
1,0.24418294143999997,0.24418294143999997,37.755248967076675,-121.63166240898907,"PatientState(Location(""FIELD"", (37.755248967076675, -121.63166240898907), -1.0, FIELD), 165.70341072461963, UNKNOWN, LVO)"
2,0.3401362529403515,0.3203329067854853,37.75381675163397,-121.63187466750263,"PatientState(Location(""FIELD"", (37.75381675163397, -121.63187466750263), -1.0, FIELD), 35.89674103743907, UNKNOWN, LVO)"
3,0.32665712203332803,0.24418294143999997,37.75523767757757,-121.63317686952719,"PatientState(Location(""FIELD"", (37.75523767757757, -121.63317686952719), -1.0, FIELD), 93.93838369387467, UNKNOWN, LVO)"
4,0.3372502390507002,0.3175475850576857,37.754865856577304,-121.63275902819045,"PatientState(Location(""FIELD"", (37.754865856577304, -121.63275902819045), -1.0, FIELD), 47.8466552072789, UNKNOWN, HEMORRHAGIC)"
5,0.24418294143999997,0.24418294143999997,37.7585685450382,-121.63463233914172,"PatientState(Location(""FIELD"", (37.7585685450382, -121.63463233914172), -1.0, FIELD), 256.8919511091493, UNKNOWN, HEMORRHAGIC)"
