sample,reward_best,reward_CA,location_lat,location_lon,patient_state
1,0.2596679378106113,0.24418294143999997,38.021438407077966,-122.13376738619657,"PatientState(Location(""FIELD"", (38.021438407077966, -122.13376738619657), -1.0, FIELD), 99.09091196803642, UNKNOWN, HEMORRHAGIC)"
2,0.24418294143999997,0.24418294143999997,38.02197799400844,-122.13186916375092,"PatientState(Location(""FIELD"", (38.02197799400844, -122.13186916375092), -1.0, FIELD), 244.71886591009712, UNKNOWN, LVO)"
3,0.26160035816596416,0.24418294143999997,38.02023750500016,-122.13389543081846,"PatientState(Location(""FIELD"", (38.02023750500016, -122.13389543081846), -1.0, FIELD), 89.41783086794435, UNKNOWN, HEMORRHAGIC)"
4,0.33986829673710167,0.329822066326356,38.021857251024215,-122.13201060567424,"PatientState(Location(""FIELD"", (38.021857251024215, -122.13201060567424), -1.0, FIELD), 2.6505576109548343, UNKNOWN, HEMORRHAGIC)"
5,0.24418294143999997,0.24418294143999997,38.02101727594165,-122.13231907764339,"PatientState(Location(""FIELD"", (38.02101727594165, -122.13231907764339), -1.0, FIELD), 241.32520414422117, UNKNOWN, HEMORRHAGIC)"
