sample,reward_best,reward_CA,location_lat,location_lon,patient_state
1,0.24418294143999997,0.24418294143999997,37.3362742666468,-121.90071385645483,"PatientState(Location(""FIELD"", (37.3362742666468, -121.90071385645483), -1.0, FIELD), 233.8796948952929, UNKNOWN, LVO)"
2,0.3267706529080019,0.262560408311947,37.33752130575255,-121.90048934118244,"PatientState(Location(""FIELD"", (37.33752130575255, -121.90048934118244), -1.0, FIELD), 138.47658464449663, UNKNOWN, MIMIC)"
3,0.3570146115967248,0.3525762320212387,37.33765220216045,-121.90049128623284,"PatientState(Location(""FIELD"", (37.33765220216045, -121.90049128623284), -1.0, FIELD), 8.518416888589307, UNKNOWN, LVO)"
4,0.3198462790074463,0.25704243829818885,37.338267624961844,-121.89896123449044,"PatientState(Location(""FIELD"", (37.338267624961844, -121.89896123449044), -1.0, FIELD), 169.4958673437721, UNKNOWN, LVO)"
5,0.3383016468006295,0.3340103757296859,37.337001078798096,-121.89792086948425,"PatientState(Location(""FIELD"", (37.337001078798096, -121.89792086948425), -1.0, FIELD), 89.4630168287334, UNKNOWN, MIMIC)"
