sample,reward_best,reward_CA,location_lat,location_lon,patient_state
1,0.32806274147999764,0.24418294143999997,37.77110226734765,-121.84812860649578,"PatientState(Location(""FIELD"", (37.77110226734765, -121.84812860649578), -1.0, FIELD), 98.10356702080648, UNKNOWN, HEMORRHAGIC)"
2,0.33101510006237955,0.24418294143999997,37.77198292717824,-121.84868718449039,"PatientState(Location(""FIELD"", (37.77198292717824, -121.84868718449039), -1.0, FIELD), 85.163825704084, UNKNOWN, LVO)"
3,0.24418294143999997,0.24418294143999997,37.77291372550483,-121.84968146757711,"PatientState(Location(""FIELD"", (37.77291372550483, -121.84968146757711), -1.0, FIELD), 193.25182244866636, UNKNOWN, MIMIC)"
4,0.24418294143999997,0.24418294143999997,37.7712033074016,-121.84875252932736,"PatientState(Location(""FIELD"", (37.7712033074016, -121.84875252932736), -1.0, FIELD), 203.15467016365332, UNKNOWN, HEMORRHAGIC)"
5,0.32668650133472005,0.24418294143999997,37.77284164070607,-121.84857576000282,"PatientState(Location(""FIELD"", (37.77284164070607, -121.84857576000282), -1.0, FIELD), 104.15895041436922, UNKNOWN, HEMORRHAGIC)"
