sample,reward_best,reward_CA,location_lat,location_lon,patient_state
1,0.24418294143999997,0.24418294143999997,37.94301999445885,-121.97419185469097,"PatientState(Location(""FIELD"", (37.94301999445885, -121.97419185469097), -1.0, FIELD), 118.60244050344402, UNKNOWN, NLVO)"
2,0.32948841818940927,0.32948841818940927,37.94252728515681,-121.97502986558223,"PatientState(Location(""FIELD"", (37.94252728515681, -121.97502986558223), -1.0, FIELD), 4.149708197441563, UNKNOWN, HEMORRHAGIC)"
3,0.31765898789445723,0.31765898789445723,37.940565443151314,-121.97331745816746,"PatientState(Location(""FIELD"", (37.940565443151314, -121.97331745816746), -1.0, FIELD), 58.32217689635268, UNKNOWN, MIMIC)"
4,0.24418294143999997,0.24418294143999997,37.94083994842971,-121.97280771456651,"PatientState(Location(""FIELD"", (37.94083994842971, -121.97280771456651), -1.0, FIELD), 84.48268467261596, UNKNOWN, LVO)"
5,0.24418294143999997,0.24418294143999997,37.93968228478549,-121.97373165133482,"PatientState(Location(""FIELD"", (37.93968228478549, -121.97373165133482), -1.0, FIELD), 124.75321628408068, UNKNOWN, LVO)"
