sample,reward_best,reward_CA,location_lat,location_lon,patient_state
1,0.24418294143999997,0.24418294143999997,37.949604972449805,-121.93543610271433,"PatientState(Location(""FIELD"", (37.949604972449805, -121.93543610271433), -1.0, FIELD), 247.27105832992694, UNKNOWN, LVO)"
2,0.24418294143999997,0.24418294143999997,37.94926260622667,-121.93211033865917,"PatientState(Location(""FIELD"", (37.94926260622667, -121.93211033865917), -1.0, FIELD), 112.50380487995137, UNKNOWN, HEMORRHAGIC)"
3,0.24418294143999997,0.24418294143999997,37.953680918495465,-121.9344001263128,"PatientState(Location(""FIELD"", (37.953680918495465, -121.9344001263128), -1.0, FIELD), 217.311445935227, UNKNOWN, HEMORRHAGIC)"
4,0.24418294143999997,0.24418294143999997,37.953394107667854,-121.93478785684948,"PatientState(Location(""FIELD"", (37.953394107667854, -121.93478785684948), -1.0, FIELD), 130.99757441271922, UNKNOWN, NLVO)"
5,0.24418294143999997,0.24418294143999997,37.95367049685444,-121.9308345045496,"PatientState(Location(""FIELD"", (37.95367049685444, -121.9308345045496), -1.0, FIELD), 206.57766266311668, UNKNOWN, NLVO)"
