sample,reward_best,reward_CA,location_lat,location_lon,patient_state
1,0.35026621437629446,0.3361697439499395,37.83114866826638,-122.26262872501904,"PatientState(Location(""FIELD"", (37.83114866826638, -122.26262872501904), -1.0, FIELD), 0.9913050981246319, UNKNOWN, LVO)"
2,0.24418294143999997,0.24418294143999997,37.83057043186511,-122.26497558937407,"PatientState(Location(""FIELD"", (37.83057043186511, -122.26497558937407), -1.0, FIELD), 248.0415465768517, UNKNOWN, HEMORRHAGIC)"
3,0.318566258161622,0.24418294143999997,37.83185017393461,-122.2613549068434,"PatientState(Location(""FIELD"", (37.83185017393461, -122.2613549068434), -1.0, FIELD), 138.83916454697555, UNKNOWN, LVO)"
4,0.3465808865753746,0.3323431595696096,37.832858601127995,-122.26487154330113,"PatientState(Location(""FIELD"", (37.832858601127995, -122.26487154330113), -1.0, FIELD), 18.594219941075384, UNKNOWN, MIMIC)"
5,0.3186909369471561,0.24418294143999997,37.83181951531033,-122.26163708645316,"PatientState(Location(""FIELD"", (37.83181951531033, -122.26163708645316), -1.0, FIELD), 138.3813820585534, UNKNOWN, LVO)"
