sample,reward_best,reward_CA,location_lat,location_lon,patient_state
1,0.24418294143999997,0.24418294143999997,37.67354223634561,-122.39486662932556,"PatientState(Location(""FIELD"", (37.67354223634561, -122.39486662932556), -1.0, FIELD), 204.00053926243302, UNKNOWN, NLVO)"
2,0.3191372463185052,0.25813526440501045,37.66958613428218,-122.39102874840789,"PatientState(Location(""FIELD"", (37.66958613428218, -122.39102874840789), -1.0, FIELD), 157.52249907640655, UNKNOWN, HEMORRHAGIC)"
3,0.33393769645248633,0.33063690894705144,37.67284678250623,-122.39124243947172,"PatientState(Location(""FIELD"", (37.67284678250623, -122.39124243947172), -1.0, FIELD), 96.51879018651957, UNKNOWN, MIMIC)"
4,0.3474812117448865,0.34423824774589,37.67067203481418,-122.3926062742789,"PatientState(Location(""FIELD"", (37.67067203481418, -122.3926062742789), -1.0, FIELD), 37.93782262112598, UNKNOWN, LVO)"
5,0.3440518750851697,0.34079296227339734,37.67157495752343,-122.39447986803151,"PatientState(Location(""FIELD"", (37.67157495752343, -122.39447986803151), -1.0, FIELD), 53.950550633485236, UNKNOWN, LVO)"
