sample,reward_best,reward_CA,location_lat,location_lon,patient_state
1,0.24418294143999997,0.24418294143999997,37.81690006520055,-121.85836278812891,"PatientState(Location(""FIELD"", (37.81690006520055, -121.85836278812891), -1.0, FIELD), 159.62185862413693, UNKNOWN, LVO)"
2,0.24418294143999997,0.24418294143999997,37.81648059134132,-121.8603388423988,"PatientState(Location(""FIELD"", (37.81648059134132, -121.8603388423988), -1.0, FIELD), 201.16018387769427, UNKNOWN, LVO)"
3,0.24418294143999997,0.24418294143999997,37.81424072654786,-121.85853584397914,"PatientState(Location(""FIELD"", (37.81424072654786, -121.85853584397914), -1.0, FIELD), 199.19277224749067, UNKNOWN, LVO)"
4,0.342302228271149,0.3239164492418872,37.816161470568446,-121.85671419257773,"PatientState(Location(""FIELD"", (37.816161470568446, -121.85671419257773), -1.0, FIELD), 21.573342180740266, UNKNOWN, HEMORRHAGIC)"
5,0.24418294143999997,0.24418294143999997,37.81878266152655,-121.85846125327765,"PatientState(Location(""FIELD"", (37.81878266152655, -121.85846125327765), -1.0, FIELD), 232.28283991711055, UNKNOWN, NLVO)"
