sample,reward_best,reward_CA,location_lat,location_lon,patient_state
1,0.33610347653620665,0.3356148269799025,37.62465756169806,-122.43587397990215,"PatientState(Location(""FIELD"", (37.62465756169806, -122.43587397990215), -1.0, FIELD), 75.08036694541491, UNKNOWN, NLVO)"
2,0.24418294143999997,0.24418294143999997,37.62622898875272,-122.44006032489067,"PatientState(Location(""FIELD"", (37.62622898875272, -122.44006032489067), -1.0, FIELD), 257.1298651260916, UNKNOWN, NLVO)"
3,0.34216984709274756,0.34019481401310137,37.628243903562364,-122.44027593799221,"PatientState(Location(""FIELD"", (37.628243903562364, -122.44027593799221), -1.0, FIELD), 58.011344037666994, UNKNOWN, LVO)"
4,0.3147470341949454,0.2556180215606008,37.62682375099489,-122.43695104910874,"PatientState(Location(""FIELD"", (37.62682375099489, -122.43695104910874), -1.0, FIELD), 177.92338682284117, UNKNOWN, LVO)"
5,0.31796190647601397,0.2581806360924251,37.62609211581727,-122.43583695629953,"PatientState(Location(""FIELD"", (37.62609211581727, -122.43583695629953), -1.0, FIELD), 163.44651549148188, UNKNOWN, HEMORRHAGIC)"
