sample,reward_best,reward_CA,location_lat,location_lon,patient_state
1,0.3533188382273787,0.3367914146493369,37.376220073492775,-122.18211288392396,"PatientState(Location(""FIELD"", (37.376220073492775, -122.18211288392396), -1.0, FIELD), 14.73918125019138, UNKNOWN, LVO)"
2,0.3327850645983115,0.31681645753372795,37.37481115360767,-122.18214891072823,"PatientState(Location(""FIELD"", (37.37481115360767, -122.18214891072823), -1.0, FIELD), 102.75857660059356, UNKNOWN, LVO)"
3,0.24418294143999997,0.24418294143999997,37.37414486765285,-122.18148418399802,"PatientState(Location(""FIELD"", (37.37414486765285, -122.18148418399802), -1.0, FIELD), 249.66365577170185, UNKNOWN, LVO)"
4,0.35826675018413645,0.34140180769790357,37.37855509707121,-122.18258500991193,"PatientState(Location(""FIELD"", (37.37855509707121, -122.18258500991193), -1.0, FIELD), 1.1912876344916434, UNKNOWN, LVO)"
5,0.24418294143999997,0.24418294143999997,37.37381086063671,-122.18095321893348,"PatientState(Location(""FIELD"", (37.37381086063671, -122.18095321893348), -1.0, FIELD), 201.85095274611038, UNKNOWN, NLVO)"
