sample,reward_best,reward_CA,location_lat,location_lon,patient_state
1,0.33235876390328584,0.3180763909499845,37.526210702092385,-122.30413728849028,"PatientState(Location(""FIELD"", (37.526210702092385, -122.30413728849028), -1.0, FIELD), 112.5620511260572, UNKNOWN, LVO)"
2,0.24418294143999997,0.24418294143999997,37.527797302724906,-122.3031505370292,"PatientState(Location(""FIELD"", (37.527797302724906, -122.3031505370292), -1.0, FIELD), 262.57374211615314, UNKNOWN, LVO)"
3,0.24418294143999997,0.24418294143999997,37.52449908895796,-122.30405042761781,"PatientState(Location(""FIELD"", (37.52449908895796, -122.30405042761781), -1.0, FIELD), 208.49001410048527, UNKNOWN, LVO)"
4,0.31828105474404367,0.24418294143999997,37.52687964571766,-122.30438616223142,"PatientState(Location(""FIELD"", (37.52687964571766, -122.30438616223142), -1.0, FIELD), 174.68728172752517, UNKNOWN, HEMORRHAGIC)"
5,0.24418294143999997,0.24418294143999997,37.52605237658237,-122.30371073490778,"PatientState(Location(""FIELD"", (37.52605237658237, -122.30371073490778), -1.0, FIELD), 231.08272125748704, UNKNOWN, NLVO)"
