sample,reward_best,reward_CA,location_lat,location_lon,patient_state
1,0.24418294143999997,0.24418294143999997,37.68754357927512,-121.79393827063535,"PatientState(Location(""FIELD"", (37.68754357927512, -121.79393827063535), -1.0, FIELD), 173.6511244845674, UNKNOWN, LVO)"
2,0.3496681847972086,0.3281479473623144,37.68867557216504,-121.79152127883988,"PatientState(Location(""FIELD"", (37.68867557216504, -121.79152127883988), -1.0, FIELD), 14.524163066279955, UNKNOWN, LVO)"
3,0.32483769414639196,0.24418294143999997,37.68535310171959,-121.79304934366439,"PatientState(Location(""FIELD"", (37.68535310171959, -121.79304934366439), -1.0, FIELD), 120.44939792935423, UNKNOWN, LVO)"
4,0.24418294143999997,0.24418294143999997,37.68387565434228,-121.79502350692228,"PatientState(Location(""FIELD"", (37.68387565434228, -121.79502350692228), -1.0, FIELD), 250.63588997193625, UNKNOWN, HEMORRHAGIC)"
5,0.3146071452903934,0.24418294143999997,37.688486799637516,-121.79375700834534,"PatientState(Location(""FIELD"", (37.688486799637516, -121.79375700834534), -1.0, FIELD), 167.69757675102454, UNKNOWN, NLVO)"
