sample,reward_best,reward_CA,location_lat,location_lon,patient_state
1,0.24418294143999997,0.24418294143999997,38.14396305672545,-121.75391456673998,"PatientState(Location(""FIELD"", (38.14396305672545, -121.75391456673998), -1.0, FIELD), 151.98323199482235, UNKNOWN, LVO)"
2,0.24418294143999997,0.24418294143999997,38.14606276977591,-121.75486085943135,"PatientState(Location(""FIELD"", (38.14606276977591, -121.75486085943135), -1.0, FIELD), 244.32175356495767, UNKNOWN, MIMIC)"
3,0.24418294143999997,0.24418294143999997,38.14483504972286,-121.75384760334997,"PatientState(Location(""FIELD"", (38.14483504972286, -121.75384760334997), -1.0, FIELD), 38.18049226354484, UNKNOWN, LVO)"
4,0.24418294143999997,0.24418294143999997,38.14448356655768,-121.75199240366942,"PatientState(Location(""FIELD"", (38.14448356655768, -121.75199240366942), -1.0, FIELD), 216.26219901661736, UNKNOWN, HEMORRHAGIC)"
5,0.24418294143999997,0.24418294143999997,38.14396491258232,-121.75342026005616,"PatientState(Location(""FIELD"", (38.14396491258232, -121.75342026005616), -1.0, FIELD), 196.68297832249644, UNKNOWN, HEMORRHAGIC)"
