sample,reward_best,reward_CA,location_lat,location_lon,patient_state
1,0.35017319746110476,0.330743493684601,37.65346935122859,-121.78235764524223,"PatientState(Location(""FIELD"", (37.65346935122859, -121.78235764524223), -1.0, FIELD), 15.553970856565014, UNKNOWN, HEMORRHAGIC)"
2,0.24418294143999997,0.24418294143999997,37.651793393768465,-121.78482821379366,"PatientState(Location(""FIELD"", (37.651793393768465, -121.78482821379366), -1.0, FIELD), 245.93592578402786, UNKNOWN, LVO)"
3,0.34471468218745904,0.32545703358744665,37.65290557714856,-121.78165427626057,"PatientState(Location(""FIELD"", (37.65290557714856, -121.78165427626057), -1.0, FIELD), 38.91613401809697, UNKNOWN, LVO)"
4,0.24418294143999997,0.24418294143999997,37.651522342924196,-121.78228954406678,"PatientState(Location(""FIELD"", (37.651522342924196, -121.78228954406678), -1.0, FIELD), 240.13578538127334, UNKNOWN, HEMORRHAGIC)"
5,0.24418294143999997,0.24418294143999997,37.649699615645694,-121.78538425126892,"PatientState(Location(""FIELD"", (37.649699615645694, -121.78538425126892), -1.0, FIELD), 194.38220201509196, UNKNOWN, HEMORRHAGIC)"
