sample,reward_best,reward_CA,location_lat,location_lon,patient_state
1,0.24418294143999997,0.24418294143999997,37.97658833636101,-122.3505143439034,"PatientState(Location(""FIELD"", (37.97658833636101, -122.3505143439034), -1.0, FIELD), 221.04607442528356, UNKNOWN, HEMORRHAGIC)"
2,0.34099487360633945,0.3294994240623457,37.97719550487282,-122.34674507291757,"PatientState(Location(""FIELD"", (37.97719550487282, -122.34674507291757), -1.0, FIELD), 10.767280631918457, UNKNOWN, HEMORRHAGIC)"
3,0.24418294143999997,0.24418294143999997,37.97674031752524,-122.34837553913579,"PatientState(Location(""FIELD"", (37.97674031752524, -122.34837553913579), -1.0, FIELD), 254.83699914124526, UNKNOWN, LVO)"
4,0.24418294143999997,0.24418294143999997,37.97838075073184,-122.34775412329665,"PatientState(Location(""FIELD"", (37.97838075073184, -122.34775412329665), -1.0, FIELD), 200.96964128360534, UNKNOWN, LVO)"
5,0.24418294143999997,0.24418294143999997,37.97548383687264,-122.34906216545433,"PatientState(Location(""FIELD"", (37.97548383687264, -122.34906216545433), -1.0, FIELD), 232.024768390376, UNKNOWN, HEMORRHAGIC)"
