sample,reward_best,reward_CA,location_lat,location_lon,patient_state
1,0.3445353129256293,0.3237975299756476,37.7870830911301,-121.98826290999942,"PatientState(Location(""FIELD"", (37.7870830911301, -121.98826290999942), -1.0, FIELD), 32.85790116132234, UNKNOWN, LVO)"
2,0.32635830965107077,0.24418294143999997,37.78510766748498,-121.99025034642202,"PatientState(Location(""FIELD"", (37.78510766748498, -121.99025034642202), -1.0, FIELD), 111.64022643523414, UNKNOWN, LVO)"
3,0.24418294143999997,0.24418294143999997,37.784707791764625,-121.98707005431979,"PatientState(Location(""FIELD"", (37.784707791764625, -121.98707005431979), -1.0, FIELD), 198.10674335893114, UNKNOWN, LVO)"
4,0.24418294143999997,0.24418294143999997,37.786658027413345,-121.98880963075216,"PatientState(Location(""FIELD"", (37.786658027413345, -121.98880963075216), -1.0, FIELD), 226.44961981818116, UNKNOWN, NLVO)"
5,0.24418294143999997,0.24418294143999997,37.78757877823136,-121.98940193699002,"PatientState(Location(""FIELD"", (37.78757877823136, -121.98940193699002), -1.0, FIELD), 220.95259960051948, UNKNOWN, HEMORRHAGIC)"
