sample,reward_best,reward_CA,location_lat,location_lon,patient_state
1,0.24418294143999997,0.24418294143999997,38.02346408224345,-122.5554854425383,"PatientState(Location(""FIELD"", (38.02346408224345, -122.5554854425383), -1.0, FIELD), 222.42096237533718, UNKNOWN, HEMORRHAGIC)"
2,0.24418294143999997,0.24418294143999997,38.01969403842307,-122.55441118027909,"PatientState(Location(""FIELD"", (38.01969403842307, -122.55441118027909), -1.0, FIELD), 211.85182738636237, UNKNOWN, HEMORRHAGIC)"
3,0.24418294143999997,0.24418294143999997,38.02202045982004,-122.55424155062644,"PatientState(Location(""FIELD"", (38.02202045982004, -122.55424155062644), -1.0, FIELD), 220.03909252854984, UNKNOWN, HEMORRHAGIC)"
4,0.24418294143999997,0.24418294143999997,38.018808254709384,-122.55113579339819,"PatientState(Location(""FIELD"", (38.018808254709384, -122.55113579339819), -1.0, FIELD), 223.69089839023928, UNKNOWN, MIMIC)"
5,0.31751055242037973,0.25468778271755077,38.02167452957664,-122.55517315907522,"PatientState(Location(""FIELD"", (38.02167452957664, -122.55517315907522), -1.0, FIELD), 61.86823427203081, UNKNOWN, LVO)"
