sample,reward_best,reward_CA,location_lat,location_lon,patient_state
1,0.34218808095552045,0.3267335852681314,37.85983808266276,-122.11328274392243,"PatientState(Location(""FIELD"", (37.85983808266276, -122.11328274392243), -1.0, FIELD), 19.418101831500415, UNKNOWN, HEMORRHAGIC)"
2,0.3336992228571679,0.3184655218481132,37.85944582276439,-122.11430624213062,"PatientState(Location(""FIELD"", (37.85944582276439, -122.11430624213062), -1.0, FIELD), 56.101200190976925, UNKNOWN, NLVO)"
3,0.3293526058328813,0.25268680047658587,37.86324794141152,-122.11403772019129,"PatientState(Location(""FIELD"", (37.86324794141152, -122.11403772019129), -1.0, FIELD), 75.62690435041064, UNKNOWN, LVO)"
4,0.3141647819336967,0.24418294143999997,37.86313820754715,-122.11387929106323,"PatientState(Location(""FIELD"", (37.86313820754715, -122.11387929106323), -1.0, FIELD), 143.17370310622664, UNKNOWN, HEMORRHAGIC)"
5,0.24418294143999997,0.24418294143999997,37.86201986029159,-122.1116165915518,"PatientState(Location(""FIELD"", (37.86201986029159, -122.1116165915518), -1.0, FIELD), 199.46914856091428, UNKNOWN, LVO)"
