sample,reward_best,reward_CA,location_lat,location_lon,patient_state
1,0.24418294143999997,0.24418294143999997,38.00492048002481,-122.18941605882043,"PatientState(Location(""FIELD"", (38.00492048002481, -122.18941605882043), -1.0, FIELD), 157.4297559758701, UNKNOWN, MIMIC)"
2,0.3361730499971351,0.32384561133376083,38.00423002976911,-122.1904430441757,"PatientState(Location(""FIELD"", (38.00423002976911, -122.1904430441757), -1.0, FIELD), 19.28179042254528, UNKNOWN, NLVO)"
3,0.25261970712349324,0.24418294143999997,38.007983567291284,-122.18907917402971,"PatientState(Location(""FIELD"", (38.007983567291284, -122.18907917402971), -1.0, FIELD), 144.26959666157927, UNKNOWN, NLVO)"
4,0.33362684896235845,0.3213766474848717,38.008142023012155,-122.18772161421323,"PatientState(Location(""FIELD"", (38.008142023012155, -122.18772161421323), -1.0, FIELD), 34.793025171792635, UNKNOWN, HEMORRHAGIC)"
5,0.24418294143999997,0.24418294143999997,38.00575914003513,-122.19032524176295,"PatientState(Location(""FIELD"", (38.00575914003513, -122.19032524176295), -1.0, FIELD), 152.96889951719783, UNKNOWN, HEMORRHAGIC)"
