sample,reward_best,reward_CA,location_lat,location_lon,patient_state
1,0.24418294143999997,0.24418294143999997,37.61063293629299,-121.87786609705044,"PatientState(Location(""FIELD"", (37.61063293629299, -121.87786609705044), -1.0, FIELD), 195.910365563909, UNKNOWN, LVO)"
2,0.33785054079516097,0.31881972225243016,37.610448305842695,-121.87592831099889,"PatientState(Location(""FIELD"", (37.610448305842695, -121.87592831099889), -1.0, FIELD), 77.81483596062313, UNKNOWN, HEMORRHAGIC)"
3,0.24418294143999997,0.24418294143999997,37.61085054810592,-121.8788062356665,"PatientState(Location(""FIELD"", (37.61085054810592, -121.8788062356665), -1.0, FIELD), 190.72715525224345, UNKNOWN, LVO)"
4,0.24418294143999997,0.24418294143999997,37.61273644747655,-121.87950548689238,"PatientState(Location(""FIELD"", (37.61273644747655, -121.87950548689238), -1.0, FIELD), 246.7545654229939, UNKNOWN, LVO)"
5,0.31664650855208437,0.24418294143999997,37.609518632841244,-121.87685163990336,"PatientState(Location(""FIELD"", (37.609518632841244, -121.87685163990336), -1.0, FIELD), 171.2435602115833, UNKNOWN, LVO)"
