sample,reward_best,reward_CA,location_lat,location_lon,patient_state
1,0.34326794998404847,0.34326794998404847,37.45853130903791,-122.157939801089,"PatientState(Location(""FIELD"", (37.45853130903791, -122.157939801089), -1.0, FIELD), 67.29165245516283, UNKNOWN, NLVO)"
2,0.33554049878817704,0.33554049878817704,37.457479537338855,-122.15760639010287,"PatientState(Location(""FIELD"", (37.457479537338855, -122.15760639010287), -1.0, FIELD), 100.36882155156394, UNKNOWN, LVO)"
3,0.3577418982059779,0.3577418982059779,37.45632424583363,-122.16019010865847,"PatientState(Location(""FIELD"", (37.45632424583363, -122.16019010865847), -1.0, FIELD), 5.994089230933791, UNKNOWN, MIMIC)"
4,0.3429225352458442,0.3429225352458442,37.455818832013925,-122.15777203190788,"PatientState(Location(""FIELD"", (37.455818832013925, -122.15777203190788), -1.0, FIELD), 68.02172003483979, UNKNOWN, LVO)"
5,0.24418294143999997,0.24418294143999997,37.456470792269876,-122.15958949562352,"PatientState(Location(""FIELD"", (37.456470792269876, -122.15958949562352), -1.0, FIELD), 255.59666948159128, UNKNOWN, HEMORRHAGIC)"
