sample,reward_best,reward_CA,location_lat,location_lon,patient_state
1,0.24418294143999997,0.24418294143999997,37.46912316363287,-122.44444642253089,"PatientState(Location(""FIELD"", (37.46912316363287, -122.44444642253089), -1.0, FIELD), 203.1514434161339, UNKNOWN, LVO)"
2,0.24418294143999997,0.24418294143999997,37.4713136348376,-122.44550439571233,"PatientState(Location(""FIELD"", (37.4713136348376, -122.44550439571233), -1.0, FIELD), 247.18096710129717, UNKNOWN, NLVO)"
3,0.33281175395696033,0.27088995547246475,37.47179092904819,-122.44388856615267,"PatientState(Location(""FIELD"", (37.47179092904819, -122.44388856615267), -1.0, FIELD), 88.31393549711552, UNKNOWN, LVO)"
4,0.32855044242484294,0.2668113832433109,37.47011498749126,-122.44308009193074,"PatientState(Location(""FIELD"", (37.47011498749126, -122.44308009193074), -1.0, FIELD), 105.14966750532253, UNKNOWN, NLVO)"
5,0.3189706030664004,0.25964431896928625,37.47218099717476,-122.44148754617947,"PatientState(Location(""FIELD"", (37.47218099717476, -122.44148754617947), -1.0, FIELD), 149.5690589670523, UNKNOWN, HEMORRHAGIC)"
