sample,reward_best,reward_CA,location_lat,location_lon,patient_state
1,0.24418294143999997,0.24418294143999997,37.85831164807122,-122.1324521386141,"PatientState(Location(""FIELD"", (37.85831164807122, -122.1324521386141), -1.0, FIELD), 156.1012504454895, UNKNOWN, LVO)"
2,0.24418294143999997,0.24418294143999997,37.855630838589576,-122.13415064893167,"PatientState(Location(""FIELD"", (37.855630838589576, -122.13415064893167), -1.0, FIELD), 261.4150363910504, UNKNOWN, HEMORRHAGIC)"
3,0.3161337006264753,0.24418294143999997,37.85777278369937,-122.13471482409435,"PatientState(Location(""FIELD"", (37.85777278369937, -122.13471482409435), -1.0, FIELD), 131.71640610780096, UNKNOWN, NLVO)"
4,0.24418294143999997,0.24418294143999997,37.85782893148174,-122.13456209257343,"PatientState(Location(""FIELD"", (37.85782893148174, -122.13456209257343), -1.0, FIELD), 167.4081326556303, UNKNOWN, LVO)"
5,0.3448816174623721,0.3293602632486254,37.85493669518786,-122.13407627374467,"PatientState(Location(""FIELD"", (37.85493669518786, -122.13407627374467), -1.0, FIELD), 6.057708634654219, UNKNOWN, LVO)"
