sample,reward_best,reward_CA,location_lat,location_lon,patient_state
1,0.24418294143999997,0.24418294143999997,37.78735281785628,-122.05890521025145,"PatientState(Location(""FIELD"", (37.78735281785628, -122.05890521025145), -1.0, FIELD), 231.7449282416654, UNKNOWN, HEMORRHAGIC)"
2,0.3495689731133011,0.3325480250383072,37.78493653393757,-122.05892594266193,"PatientState(Location(""FIELD"", (37.78493653393757, -122.05892594266193), -1.0, FIELD), 0.7534573587992799, UNKNOWN, LVO)"
3,0.3170641399405947,0.24418294143999997,37.788336921168614,-122.05640494713188,"PatientState(Location(""FIELD"", (37.788336921168614, -122.05640494713188), -1.0, FIELD), 142.18686354222763, UNKNOWN, NLVO)"
4,0.31446010144399184,0.24418294143999997,37.787822302510946,-122.05914240609786,"PatientState(Location(""FIELD"", (37.787822302510946, -122.05914240609786), -1.0, FIELD), 155.34089656510355, UNKNOWN, LVO)"
5,0.3172452931792043,0.24418294143999997,37.78510720811362,-122.05744455767862,"PatientState(Location(""FIELD"", (37.78510720811362, -122.05744455767862), -1.0, FIELD), 141.2473686671833, UNKNOWN, HEMORRHAGIC)"
