sample,reward_best,reward_CA,location_lat,location_lon,patient_state
1,0.24418294143999997,0.24418294143999997,37.56114603129565,-121.98164726814541,"PatientState(Location(""FIELD"", (37.56114603129565, -121.98164726814541), -1.0, FIELD), 214.83901883681835, UNKNOWN, HEMORRHAGIC)"
2,0.3246832655764736,0.24418294143999997,37.55977187616359,-121.98374262384766,"PatientState(Location(""FIELD"", (37.55977187616359, -121.98374262384766), -1.0, FIELD), 130.8738259359778, UNKNOWN, LVO)"
3,0.33051730660554607,0.31665440242842857,37.559609402583376,-121.98281155217079,"PatientState(Location(""FIELD"", (37.559609402583376, -121.98281155217079), -1.0, FIELD), 105.6758246906337, UNKNOWN, NLVO)"
4,0.24418294143999997,0.24418294143999997,37.56087925006487,-121.98523618801778,"PatientState(Location(""FIELD"", (37.56087925006487, -121.98523618801778), -1.0, FIELD), 201.9470306355162, UNKNOWN, LVO)"
5,0.24418294143999997,0.24418294143999997,37.563313090695814,-121.981163308981,"PatientState(Location(""FIELD"", (37.563313090695814, -121.981163308981), -1.0, FIELD), 206.65090470861415, UNKNOWN, HEMORRHAGIC)"
