sample,reward_best,reward_CA,location_lat,location_lon,patient_state
1,0.24418294143999997,0.24418294143999997,38.0531520910013,-122.14247262770883,"PatientState(Location(""FIELD"", (38.0531520910013, -122.14247262770883), -1.0, FIELD), 165.5842452179611, UNKNOWN, LVO)"
2,0.24418294143999997,0.24418294143999997,38.04982444442926,-122.14106911819194,"PatientState(Location(""FIELD"", (38.04982444442926, -122.14106911819194), -1.0, FIELD), 111.35386536384975, UNKNOWN, HEMORRHAGIC)"
3,0.3264604363778714,0.3264604363778714,38.05310689997821,-122.1422212648489,"PatientState(Location(""FIELD"", (38.05310689997821, -122.1422212648489), -1.0, FIELD), 17.652327801116474, UNKNOWN, LVO)"
4,0.24418294143999997,0.24418294143999997,38.053754641405995,-122.14401607804258,"PatientState(Location(""FIELD"", (38.053754641405995, -122.14401607804258), -1.0, FIELD), 139.27151044305563, UNKNOWN, LVO)"
5,0.24418294143999997,0.24418294143999997,38.05343403859445,-122.14482768750821,"PatientState(Location(""FIELD"", (38.05343403859445, -122.14482768750821), -1.0, FIELD), 152.2461652602604, UNKNOWN, HEMORRHAGIC)"
