sample,reward_best,reward_CA,location_lat,location_lon,patient_state
1,0.34110020386697804,0.3219604601115789,37.54900585358976,-121.91939697909288,"PatientState(Location(""FIELD"", (37.54900585358976, -121.91939697909288), -1.0, FIELD), 68.26682665026888, UNKNOWN, HEMORRHAGIC)"
2,0.24418294143999997,0.24418294143999997,37.54882453724129,-121.91961720769476,"PatientState(Location(""FIELD"", (37.54882453724129, -121.91961720769476), -1.0, FIELD), 227.24086559183857, UNKNOWN, MIMIC)"
3,0.317563224494056,0.24418294143999997,37.55288942950148,-121.9189238074964,"PatientState(Location(""FIELD"", (37.55288942950148, -121.9189238074964), -1.0, FIELD), 172.59487145959602, UNKNOWN, HEMORRHAGIC)"
4,0.24418294143999997,0.24418294143999997,37.55267342203042,-121.92034486408998,"PatientState(Location(""FIELD"", (37.55267342203042, -121.92034486408998), -1.0, FIELD), 266.2460014748053, UNKNOWN, NLVO)"
5,0.35372754515545657,0.3341901190113553,37.55009768452734,-121.916683759629,"PatientState(Location(""FIELD"", (37.55009768452734, -121.916683759629), -1.0, FIELD), 14.789635160133132, UNKNOWN, LVO)"
