sample,reward_best,reward_CA,location_lat,location_lon,patient_state
1,0.24418294143999997,0.24418294143999997,37.204674308510114,-122.06657447339607,"PatientState(Location(""FIELD"", (37.204674308510114, -122.06657447339607), -1.0, FIELD), 235.33150233732604, UNKNOWN, NLVO)"
2,0.3415702746216091,0.3415702746216091,37.20670303728587,-122.06595353356632,"PatientState(Location(""FIELD"", (37.20670303728587, -122.06595353356632), -1.0, FIELD), 59.85204977909808, UNKNOWN, LVO)"
3,0.3182025869120891,0.3182025869120891,37.20437430460393,-122.06913362652888,"PatientState(Location(""FIELD"", (37.20437430460393, -122.06913362652888), -1.0, FIELD), 160.95359790544327, UNKNOWN, HEMORRHAGIC)"
4,0.24418294143999997,0.24418294143999997,37.20538572390464,-122.0697218043742,"PatientState(Location(""FIELD"", (37.20538572390464, -122.0697218043742), -1.0, FIELD), 263.71777511881686, UNKNOWN, HEMORRHAGIC)"
5,0.3513448170793082,0.3513448170793082,37.204176792912854,-122.06944507117333,"PatientState(Location(""FIELD"", (37.204176792912854, -122.06944507117333), -1.0, FIELD), 16.880904221367235, UNKNOWN, LVO)"
