sample,reward_best,reward_CA,location_lat,location_lon,patient_state
1,0.34709179448229255,0.34709179448229255,37.37155245364993,-121.8816521852653,"PatientState(Location(""FIELD"", (37.37155245364993, -121.8816521852653), -1.0, FIELD), 54.01415765864055, UNKNOWN, LVO)"
2,0.33293182807486693,0.33293182807486693,37.37043979619728,-121.8853677404027,"PatientState(Location(""FIELD"", (37.37043979619728, -121.8853677404027), -1.0, FIELD), 113.73073875134537, UNKNOWN, NLVO)"
3,0.33425228622851394,0.33425228622851394,37.36952859231668,-121.88201654326109,"PatientState(Location(""FIELD"", (37.36952859231668, -121.88201654326109), -1.0, FIELD), 109.16757079781573, UNKNOWN, LVO)"
4,0.3536294685739628,0.3536294685739628,37.3696001224565,-121.88472943170534,"PatientState(Location(""FIELD"", (37.3696001224565, -121.88472943170534), -1.0, FIELD), 25.345048009678706, UNKNOWN, LVO)"
5,0.3234184039098515,0.3234184039098515,37.372409985316054,-121.8844027103726,"PatientState(Location(""FIELD"", (37.372409985316054, -121.8844027103726), -1.0, FIELD), 155.63683604414723, UNKNOWN, LVO)"
