sample,reward_best,reward_CA,location_lat,location_lon,patient_state
1,0.32895241309134715,0.32895241309134715,37.202392106372386,-122.1552778065055,"PatientState(Location(""FIELD"", (37.202392106372386, -122.1552778065055), -1.0, FIELD), 100.73541966282194, UNKNOWN, HEMORRHAGIC)"
2,0.351917346611847,0.351917346611847,37.202318530509416,-122.15283640631968,"PatientState(Location(""FIELD"", (37.202318530509416, -122.15283640631968), -1.0, FIELD), 1.8786524415834627, UNKNOWN, HEMORRHAGIC)"
3,0.3499570957406092,0.3499570957406092,37.20013142214624,-122.15479778537751,"PatientState(Location(""FIELD"", (37.20013142214624, -122.15479778537751), -1.0, FIELD), 10.145309223541268, UNKNOWN, NLVO)"
4,0.24418294143999997,0.24418294143999997,37.200387806849555,-122.15362016862075,"PatientState(Location(""FIELD"", (37.200387806849555, -122.15362016862075), -1.0, FIELD), 212.06169453748635, UNKNOWN, HEMORRHAGIC)"
5,0.24418294143999997,0.24418294143999997,37.2026274331839,-122.15449566487628,"PatientState(Location(""FIELD"", (37.2026274331839, -122.15449566487628), -1.0, FIELD), 195.90973741714595, UNKNOWN, LVO)"
