sample,reward_best,reward_CA,location_lat,location_lon,patient_state
1,0.24418294143999997,0.24418294143999997,37.986155179832615,-121.65567223539959,"PatientState(Location(""FIELD"", (37.986155179832615, -121.65567223539959), -1.0, FIELD), 126.45413165143887, UNKNOWN, LVO)"
2,0.3164898838216096,0.24418294143999997,37.988759508863474,-121.65569258564196,"PatientState(Location(""FIELD"", (37.988759508863474, -121.65569258564196), -1.0, FIELD), 39.14606464530794, UNKNOWN, HEMORRHAGIC)"
3,0.24418294143999997,0.24418294143999997,37.98382890871409,-121.65269870424585,"PatientState(Location(""FIELD"", (37.98382890871409, -121.65269870424585), -1.0, FIELD), 114.41133064035198, UNKNOWN, LVO)"
4,0.24418294143999997,0.24418294143999997,37.98813143166349,-121.65138801530546,"PatientState(Location(""FIELD"", (37.98813143166349, -121.65138801530546), -1.0, FIELD), 64.03246029947601, UNKNOWN, LVO)"
5,0.24418294143999997,0.24418294143999997,37.98441020010318,-121.65246686382378,"PatientState(Location(""FIELD"", (37.98441020010318, -121.65246686382378), -1.0, FIELD), 77.55092702592009, UNKNOWN, MIMIC)"
