sample,reward_best,reward_CA,location_lat,location_lon,patient_state
1,0.3339872395825225,0.3339872395825225,37.25303725394203,-121.98820585850488,"PatientState(Location(""FIELD"", (37.25303725394203, -121.98820585850488), -1.0, FIELD), 103.2316535183409, UNKNOWN, LVO)"
2,0.24418294143999997,0.24418294143999997,37.249759835654096,-121.98632061223611,"PatientState(Location(""FIELD"", (37.249759835654096, -121.98632061223611), -1.0, FIELD), 199.0551002939658, UNKNOWN, MIMIC)"
3,0.24418294143999997,0.24418294143999997,37.25338512844147,-121.9880366898535,"PatientState(Location(""FIELD"", (37.25338512844147, -121.9880366898535), -1.0, FIELD), 200.97901136716968, UNKNOWN, HEMORRHAGIC)"
4,0.32689763234242636,0.32689763234242636,37.252840367129,-121.98688042528903,"PatientState(Location(""FIELD"", (37.252840367129, -121.98688042528903), -1.0, FIELD), 134.7156644891113, UNKNOWN, LVO)"
5,0.24418294143999997,0.24418294143999997,37.25207061209042,-121.98603746488425,"PatientState(Location(""FIELD"", (37.25207061209042, -121.98603746488425), -1.0, FIELD), 261.4520508836494, UNKNOWN, LVO)"
