sample,reward_best,reward_CA,location_lat,location_lon,patient_state
1,0.31412558080917463,0.24418294143999997,37.77584468517845,-122.45431835362429,"PatientState(Location(""FIELD"", (37.77584468517845, -122.45431835362429), -1.0, FIELD), 165.62234973988572, UNKNOWN, MIMIC)"
2,0.31931478125387847,0.24418294143999997,37.7749843463828,-122.4512193459691,"PatientState(Location(""FIELD"", (37.7749843463828, -122.4512193459691), -1.0, FIELD), 143.21918993308995, UNKNOWN, NLVO)"
3,0.24418294143999997,0.24418294143999997,37.77510123480212,-122.45501784859681,"PatientState(Location(""FIELD"", (37.77510123480212, -122.45501784859681), -1.0, FIELD), 250.1788035020596, UNKNOWN, HEMORRHAGIC)"
4,0.24418294143999997,0.24418294143999997,37.77767077935471,-122.45121042380717,"PatientState(Location(""FIELD"", (37.77767077935471, -122.45121042380717), -1.0, FIELD), 265.763841273577, UNKNOWN, LVO)"
5,0.34727913823971496,0.3356345265934112,37.77491966689104,-122.45491409395487,"PatientState(Location(""FIELD"", (37.77491966689104, -122.45491409395487), -1.0, FIELD), 20.811393787074795, UNKNOWN, LVO)"
