sample,reward_best,reward_CA,location_lat,location_lon,patient_state
1,0.24418294143999997,0.24418294143999997,37.47314545553438,-122.43294533152692,"PatientState(Location(""FIELD"", (37.47314545553438, -122.43294533152692), -1.0, FIELD), 215.63036718116257, UNKNOWN, LVO)"
2,0.3494139183180593,0.346491955707441,37.47254949288745,-122.4342442340913,"PatientState(Location(""FIELD"", (37.47254949288745, -122.4342442340913), -1.0, FIELD), 18.794818953961176, UNKNOWN, LVO)"
3,0.3429325622727199,0.33963294271531624,37.4708935442929,-122.43149663151449,"PatientState(Location(""FIELD"", (37.4708935442929, -122.43149663151449), -1.0, FIELD), 47.457077349460825, UNKNOWN, HEMORRHAGIC)"
4,0.24418294143999997,0.24418294143999997,37.46962023590867,-122.43178416213232,"PatientState(Location(""FIELD"", (37.46962023590867, -122.43178416213232), -1.0, FIELD), 249.18841812418054, UNKNOWN, HEMORRHAGIC)"
5,0.3367648515779147,0.3337534161087935,37.47366275419328,-122.43289511379957,"PatientState(Location(""FIELD"", (37.47366275419328, -122.43289511379957), -1.0, FIELD), 72.06190385689172, UNKNOWN, LVO)"
