sample,reward_best,reward_CA,location_lat,location_lon,patient_state
1,0.3301103655726536,0.3155220378359613,37.91422934480274,-122.12651205714629,"PatientState(Location(""FIELD"", (37.91422934480274, -122.12651205714629), -1.0, FIELD), 68.18192014272358, UNKNOWN, HEMORRHAGIC)"
2,0.24418294143999997,0.24418294143999997,37.916457737966745,-122.12626398855772,"PatientState(Location(""FIELD"", (37.916457737966745, -122.12626398855772), -1.0, FIELD), 235.60071011662856, UNKNOWN, LVO)"
3,0.32009428144681507,0.24418294143999997,37.917421513795915,-122.12597338562477,"PatientState(Location(""FIELD"", (37.917421513795915, -122.12597338562477), -1.0, FIELD), 113.41929740115214, UNKNOWN, MIMIC)"
4,0.323843593647544,0.24418294143999997,37.915619046486036,-122.12738923682761,"PatientState(Location(""FIELD"", (37.915619046486036, -122.12738923682761), -1.0, FIELD), 95.77632069156873, UNKNOWN, HEMORRHAGIC)"
5,0.3141126106601269,0.24418294143999997,37.915596446706964,-122.12762554880923,"PatientState(Location(""FIELD"", (37.915596446706964, -122.12762554880923), -1.0, FIELD), 139.28424212930733, UNKNOWN, HEMORRHAGIC)"
