sample,reward_best,reward_CA,location_lat,location_lon,patient_state
1,0.35076554211824873,0.32889050651276663,37.6190449451327,-122.10401107538226,"PatientState(Location(""FIELD"", (37.6190449451327, -122.10401107538226), -1.0, FIELD), 21.05371113827689, UNKNOWN, HEMORRHAGIC)"
2,0.3145520843851063,0.24418294143999997,37.62087495879495,-122.10225625757214,"PatientState(Location(""FIELD"", (37.62087495879495, -122.10225625757214), -1.0, FIELD), 180.124268091114, UNKNOWN, HEMORRHAGIC)"
3,0.24418294143999997,0.24418294143999997,37.61915804062003,-122.10157351787184,"PatientState(Location(""FIELD"", (37.61915804062003, -122.10157351787184), -1.0, FIELD), 246.7182062428868, UNKNOWN, NLVO)"
4,0.24418294143999997,0.24418294143999997,37.62289630988365,-122.10486326512229,"PatientState(Location(""FIELD"", (37.62289630988365, -122.10486326512229), -1.0, FIELD), 265.8655719493156, UNKNOWN, LVO)"
5,0.24418294143999997,0.24418294143999997,37.621789153645715,-122.10443459461489,"PatientState(Location(""FIELD"", (37.621789153645715, -122.10443459461489), -1.0, FIELD), 233.14078217230121, UNKNOWN, HEMORRHAGIC)"
