sample,reward_best,reward_CA,location_lat,location_lon,patient_state
1,0.24418294143999997,0.24418294143999997,37.7170674615247,-121.63917489090169,"PatientState(Location(""FIELD"", (37.7170674615247, -121.63917489090169), -1.0, FIELD), 180.61824452514426, UNKNOWN, NLVO)"
2,0.3176814052176822,0.24418294143999997,37.71576304863559,-121.63985184317903,"PatientState(Location(""FIELD"", (37.71576304863559, -121.63985184317903), -1.0, FIELD), 139.34343025204316, UNKNOWN, NLVO)"
3,0.24418294143999997,0.24418294143999997,37.71839945546217,-121.63928603278167,"PatientState(Location(""FIELD"", (37.71839945546217, -121.63928603278167), -1.0, FIELD), 237.55322547108133, UNKNOWN, HEMORRHAGIC)"
4,0.34353373978094115,0.3236147662639326,37.71387537599203,-121.64078689123461,"PatientState(Location(""FIELD"", (37.71387537599203, -121.64078689123461), -1.0, FIELD), 26.541643459222108, UNKNOWN, LVO)"
5,0.33015380435785974,0.24418294143999997,37.71447593389688,-121.63718246116522,"PatientState(Location(""FIELD"", (37.71447593389688, -121.63718246116522), -1.0, FIELD), 84.38340321201729, UNKNOWN, LVO)"
