sample,reward_best,reward_CA,location_lat,location_lon,patient_state
1,0.2527701792158372,0.25241224840515813,38.1017032869102,-122.09106803548248,"PatientState(Location(""FIELD"", (38.1017032869102, -122.09106803548248), -1.0, FIELD), 63.38402217694082, UNKNOWN, HEMORRHAGIC)"
2,0.3194047399892082,0.3194278350403502,38.10015931779938,-122.0908638657411,"PatientState(Location(""FIELD"", (38.10015931779938, -122.0908638657411), -1.0, FIELD), 38.88565771777868, UNKNOWN, NLVO)"
3,0.24418294143999997,0.24418294143999997,38.100882305466605,-122.09220883284543,"PatientState(Location(""FIELD"", (38.100882305466605, -122.09220883284543), -1.0, FIELD), 95.86738884231508, UNKNOWN, MIMIC)"
4,0.24418294143999997,0.24418294143999997,38.100499718101304,-122.09438830467126,"PatientState(Location(""FIELD"", (38.100499718101304, -122.09438830467126), -1.0, FIELD), 185.17397013128974, UNKNOWN, NLVO)"
5,0.3252769931904264,0.3252769931904264,38.10135434207958,-122.0955118908211,"PatientState(Location(""FIELD"", (38.10135434207958, -122.0955118908211), -1.0, FIELD), 14.441192339520683, UNKNOWN, HEMORRHAGIC)"
