sample,reward_best,reward_CA,location_lat,location_lon,patient_state
1,0.3220223110794689,0.24418294143999997,37.6795233881516,-121.72170366309079,"PatientState(Location(""FIELD"", (37.6795233881516, -121.72170366309079), -1.0, FIELD), 125.10642153203285, UNKNOWN, LVO)"
2,0.32821479901326833,0.24418294143999997,37.679678840891924,-121.72245607654428,"PatientState(Location(""FIELD"", (37.679678840891924, -121.72245607654428), -1.0, FIELD), 98.1254499707333, UNKNOWN, LVO)"
3,0.3457199922053405,0.3250606103587401,37.68258301643751,-121.72186235019781,"PatientState(Location(""FIELD"", (37.68258301643751, -121.72186235019781), -1.0, FIELD), 21.635852032256835, UNKNOWN, NLVO)"
4,0.34991398099850285,0.3292227037092006,37.68192103516639,-121.72473391471733,"PatientState(Location(""FIELD"", (37.68192103516639, -121.72473391471733), -1.0, FIELD), 3.5931634282501603, UNKNOWN, HEMORRHAGIC)"
5,0.3302400204361773,0.24418294143999997,37.68350744228802,-121.72338154142038,"PatientState(Location(""FIELD"", (37.68350744228802, -121.72338154142038), -1.0, FIELD), 86.88930883499427, UNKNOWN, LVO)"
