sample,reward_best,reward_CA,location_lat,location_lon,patient_state
1,0.24418294143999997,0.24418294143999997,38.15520601042592,-122.57283110516569,"PatientState(Location(""FIELD"", (38.15520601042592, -122.57283110516569), -1.0, FIELD), 124.37925406715776, UNKNOWN, LVO)"
2,0.24418294143999997,0.24418294143999997,38.156760450958046,-122.57382645304996,"PatientState(Location(""FIELD"", (38.156760450958046, -122.57382645304996), -1.0, FIELD), 96.4364154247475, UNKNOWN, MIMIC)"
3,0.24418294143999997,0.24418294143999997,38.15471844667189,-122.5755438920441,"PatientState(Location(""FIELD"", (38.15471844667189, -122.5755438920441), -1.0, FIELD), 230.78811893947406, UNKNOWN, LVO)"
4,0.24418294143999997,0.24418294143999997,38.15814150367929,-122.57492176775474,"PatientState(Location(""FIELD"", (38.15814150367929, -122.57492176775474), -1.0, FIELD), 240.9702596277401, UNKNOWN, HEMORRHAGIC)"
5,0.24418294143999997,0.24418294143999997,38.155378789591374,-122.57444033402439,"PatientState(Location(""FIELD"", (38.155378789591374, -122.57444033402439), -1.0, FIELD), 251.06828173557597, UNKNOWN, HEMORRHAGIC)"
