sample,reward_best,reward_CA,location_lat,location_lon,patient_state
1,0.34396838875675506,0.34396838875675506,37.35513002129874,-121.68974384090461,"PatientState(Location(""FIELD"", (37.35513002129874, -121.68974384090461), -1.0, FIELD), 31.206108237805747, UNKNOWN, LVO)"
2,0.32329548243780515,0.32329548243780515,37.35846239062127,-121.68852640593911,"PatientState(Location(""FIELD"", (37.35846239062127, -121.68852640593911), -1.0, FIELD), 120.10673525144084, UNKNOWN, HEMORRHAGIC)"
3,0.3338431596659831,0.3338431596659831,37.355809516959084,-121.68820482720449,"PatientState(Location(""FIELD"", (37.355809516959084, -121.68820482720449), -1.0, FIELD), 74.69832776410236, UNKNOWN, HEMORRHAGIC)"
4,0.3159026734431647,0.3159026734431647,37.35635299871362,-121.68749370899944,"PatientState(Location(""FIELD"", (37.35635299871362, -121.68749370899944), -1.0, FIELD), 153.48540682849506, UNKNOWN, HEMORRHAGIC)"
5,0.3168040537697649,0.3168040537697649,37.35873288752183,-121.68844440708307,"PatientState(Location(""FIELD"", (37.35873288752183, -121.68844440708307), -1.0, FIELD), 148.97938050290264, UNKNOWN, HEMORRHAGIC)"
