sample,reward_best,reward_CA,location_lat,location_lon,patient_state
1,0.24418294143999997,0.24418294143999997,37.94421358714295,-121.90737359203807,"PatientState(Location(""FIELD"", (37.94421358714295, -121.90737359203807), -1.0, FIELD), 193.04697953421098, UNKNOWN, LVO)"
2,0.24418294143999997,0.24418294143999997,37.94397593113912,-121.91008011388998,"PatientState(Location(""FIELD"", (37.94397593113912, -121.91008011388998), -1.0, FIELD), 132.20863333436702, UNKNOWN, HEMORRHAGIC)"
3,0.24418294143999997,0.24418294143999997,37.94428694932463,-121.90823887853168,"PatientState(Location(""FIELD"", (37.94428694932463, -121.90823887853168), -1.0, FIELD), 121.78509986807181, UNKNOWN, HEMORRHAGIC)"
4,0.31992737003425914,0.31992737003425914,37.94419814199562,-121.9101631072405,"PatientState(Location(""FIELD"", (37.94419814199562, -121.9101631072405), -1.0, FIELD), 33.13733360841996, UNKNOWN, LVO)"
5,0.24418294143999997,0.24418294143999997,37.945560013656376,-121.91023145853751,"PatientState(Location(""FIELD"", (37.945560013656376, -121.91023145853751), -1.0, FIELD), 72.56667096028762, UNKNOWN, LVO)"
