sample,reward_best,reward_CA,location_lat,location_lon,patient_state
1,0.3189233927508698,0.24418294143999997,38.1224026493166,-122.22350477010706,"PatientState(Location(""FIELD"", (38.1224026493166, -122.22350477010706), -1.0, FIELD), 57.24004181073004, UNKNOWN, NLVO)"
2,0.24418294143999997,0.24418294143999997,38.12203948045829,-122.22404739134296,"PatientState(Location(""FIELD"", (38.12203948045829, -122.22404739134296), -1.0, FIELD), 155.31434343223466, UNKNOWN, HEMORRHAGIC)"
3,0.24418294143999997,0.24418294143999997,38.123049182835345,-122.22156240435437,"PatientState(Location(""FIELD"", (38.123049182835345, -122.22156240435437), -1.0, FIELD), 135.7464237558942, UNKNOWN, LVO)"
4,0.24418294143999997,0.24418294143999997,38.12042293203778,-122.22414465830285,"PatientState(Location(""FIELD"", (38.12042293203778, -122.22414465830285), -1.0, FIELD), 151.843384376704, UNKNOWN, LVO)"
5,0.24418294143999997,0.24418294143999997,38.12194963068172,-122.22536237740017,"PatientState(Location(""FIELD"", (38.12194963068172, -122.22536237740017), -1.0, FIELD), 178.5090817459895, UNKNOWN, LVO)"
