sample,reward_best,reward_CA,location_lat,location_lon,patient_state
1,0.24418294143999997,0.24418294143999997,37.59011244701284,-121.93021510655952,"PatientState(Location(""FIELD"", (37.59011244701284, -121.93021510655952), -1.0, FIELD), 193.03767845830845, UNKNOWN, NLVO)"
2,0.24418294143999997,0.24418294143999997,37.59266228913888,-121.9274682101711,"PatientState(Location(""FIELD"", (37.59266228913888, -121.9274682101711), -1.0, FIELD), 258.3828538594583, UNKNOWN, HEMORRHAGIC)"
3,0.32743172832786654,0.24418294143999997,37.59022862890353,-121.93043161246102,"PatientState(Location(""FIELD"", (37.59022862890353, -121.93043161246102), -1.0, FIELD), 119.31977436461219, UNKNOWN, LVO)"
4,0.339125771624552,0.3224821814115703,37.59279011503022,-121.92987846195574,"PatientState(Location(""FIELD"", (37.59279011503022, -121.92987846195574), -1.0, FIELD), 68.58203029231484, UNKNOWN, LVO)"
5,0.3491046710363568,0.332231344024335,37.590442924485856,-121.92875729899487,"PatientState(Location(""FIELD"", (37.590442924485856, -121.92875729899487), -1.0, FIELD), 25.78099361192676, UNKNOWN, LVO)"
