sample,reward_best,reward_CA,location_lat,location_lon,patient_state
1,0.24418294143999997,0.24418294143999997,37.94005454015793,-121.64618093006709,"PatientState(Location(""FIELD"", (37.94005454015793, -121.64618093006709), -1.0, FIELD), 260.9145552359188, UNKNOWN, LVO)"
2,0.24418294143999997,0.24418294143999997,37.93956939933478,-121.6492140080247,"PatientState(Location(""FIELD"", (37.93956939933478, -121.6492140080247), -1.0, FIELD), 99.38093863480984, UNKNOWN, HEMORRHAGIC)"
3,0.24418294143999997,0.24418294143999997,37.939947871996395,-121.64655475935896,"PatientState(Location(""FIELD"", (37.939947871996395, -121.64655475935896), -1.0, FIELD), 128.06982955175292, UNKNOWN, LVO)"
4,0.24418294143999997,0.24418294143999997,37.938939720425395,-121.64697995593454,"PatientState(Location(""FIELD"", (37.938939720425395, -121.64697995593454), -1.0, FIELD), 81.746592877541, UNKNOWN, LVO)"
5,0.3178532744847565,0.24418294143999997,37.94013777471734,-121.64611699721092,"PatientState(Location(""FIELD"", (37.94013777471734, -121.64611699721092), -1.0, FIELD), 26.198862472460497, UNKNOWN, NLVO)"
