sample,reward_best,reward_CA,location_lat,location_lon,patient_state
1,0.32688927492664227,0.24418294143999997,37.488377131046796,-122.3884073804169,"PatientState(Location(""FIELD"", (37.488377131046796, -122.3884073804169), -1.0, FIELD), 122.40080225858087, UNKNOWN, MIMIC)"
2,0.24418294143999997,0.24418294143999997,37.488463250516624,-122.38912712010767,"PatientState(Location(""FIELD"", (37.488463250516624, -122.38912712010767), -1.0, FIELD), 195.52265809262806, UNKNOWN, MIMIC)"
3,0.3145875421529429,0.24418294143999997,37.48762610379728,-122.38651387366379,"PatientState(Location(""FIELD"", (37.48762610379728, -122.38651387366379), -1.0, FIELD), 176.86099552540747, UNKNOWN, HEMORRHAGIC)"
4,0.33478553864460975,0.31980489448575394,37.48702582855916,-122.38606500568893,"PatientState(Location(""FIELD"", (37.48702582855916, -122.38606500568893), -1.0, FIELD), 87.87057464331225, UNKNOWN, LVO)"
5,0.24418294143999997,0.24418294143999997,37.486964818556345,-122.38728048144993,"PatientState(Location(""FIELD"", (37.486964818556345, -122.38728048144993), -1.0, FIELD), 229.56690482574126, UNKNOWN, LVO)"
