sample,reward_best,reward_CA,location_lat,location_lon,patient_state
1,0.24418294143999997,0.24418294143999997,38.14117520423942,-122.55650501643309,"PatientState(Location(""FIELD"", (38.14117520423942, -122.55650501643309), -1.0, FIELD), 85.83167561785393, UNKNOWN, LVO)"
2,0.24418294143999997,0.24418294143999997,38.1408795524347,-122.56025722902935,"PatientState(Location(""FIELD"", (38.1408795524347, -122.56025722902935), -1.0, FIELD), 251.29956000290235, UNKNOWN, HEMORRHAGIC)"
3,0.24418294143999997,0.24418294143999997,38.13930094922947,-122.56009800130684,"PatientState(Location(""FIELD"", (38.13930094922947, -122.56009800130684), -1.0, FIELD), 134.8910839838212, UNKNOWN, HEMORRHAGIC)"
4,0.24418294143999997,0.24418294143999997,38.14222255991714,-122.559523746892,"PatientState(Location(""FIELD"", (38.14222255991714, -122.559523746892), -1.0, FIELD), 103.99005926147893, UNKNOWN, HEMORRHAGIC)"
5,0.24418294143999997,0.24418294143999997,38.141066976391485,-122.55784416153502,"PatientState(Location(""FIELD"", (38.141066976391485, -122.55784416153502), -1.0, FIELD), 89.52599377438216, UNKNOWN, LVO)"
