sample,reward_best,reward_CA,location_lat,location_lon,patient_state
1,0.31387451547043155,0.24418294143999997,37.857179097656605,-122.27885379483527,"PatientState(Location(""FIELD"", (37.857179097656605, -122.27885379483527), -1.0, FIELD), 156.01283425958067, UNKNOWN, HEMORRHAGIC)"
2,0.3140341832695362,0.24418294143999997,37.85832208665393,-122.28052644284699,"PatientState(Location(""FIELD"", (37.85832208665393, -122.28052644284699), -1.0, FIELD), 155.33003501514253, UNKNOWN, LVO)"
3,0.34132271588584784,0.32884622592086815,37.8569861984558,-122.27692329610764,"PatientState(Location(""FIELD"", (37.8569861984558, -122.27692329610764), -1.0, FIELD), 34.76389391558234, UNKNOWN, HEMORRHAGIC)"
4,0.24418294143999997,0.24418294143999997,37.8559020854251,-122.2791015235641,"PatientState(Location(""FIELD"", (37.8559020854251, -122.2791015235641), -1.0, FIELD), 234.3864293017536, UNKNOWN, NLVO)"
5,0.24418294143999997,0.24418294143999997,37.857923659872704,-122.28045673681135,"PatientState(Location(""FIELD"", (37.857923659872704, -122.28045673681135), -1.0, FIELD), 246.64545638792245, UNKNOWN, LVO)"
