sample,reward_best,reward_CA,location_lat,location_lon,patient_state
1,0.35326682311494806,0.35227976696218954,37.64638088813721,-122.42737868965119,"PatientState(Location(""FIELD"", (37.64638088813721, -122.42737868965119), -1.0, FIELD), 11.51039724778768, UNKNOWN, LVO)"
2,0.24418294143999997,0.24418294143999997,37.64536854226924,-122.42966439470969,"PatientState(Location(""FIELD"", (37.64536854226924, -122.42966439470969), -1.0, FIELD), 239.1152025221811, UNKNOWN, LVO)"
3,0.24418294143999997,0.24418294143999997,37.6478743837144,-122.42962887425423,"PatientState(Location(""FIELD"", (37.6478743837144, -122.42962887425423), -1.0, FIELD), 219.7322940606666, UNKNOWN, HEMORRHAGIC)"
4,0.35269836987617964,0.3516923426087605,37.64877398569091,-122.43057323495914,"PatientState(Location(""FIELD"", (37.64877398569091, -122.43057323495914), -1.0, FIELD), 13.98914515751109, UNKNOWN, HEMORRHAGIC)"
5,0.3156518777417035,0.2567965285938489,37.64562265897863,-122.42868724293317,"PatientState(Location(""FIELD"", (37.64562265897863, -122.42868724293317), -1.0, FIELD), 175.878867153167, UNKNOWN, NLVO)"
