sample,reward_best,reward_CA,location_lat,location_lon,patient_state
1,0.3149029315316528,0.3149029315316528,37.941548393559586,-122.03307338779943,"PatientState(Location(""FIELD"", (37.941548393559586, -122.03307338779943), -1.0, FIELD), 76.59350017417982, UNKNOWN, NLVO)"
2,0.24418294143999997,0.24418294143999997,37.942632893590925,-122.03344413397028,"PatientState(Location(""FIELD"", (37.942632893590925, -122.03344413397028), -1.0, FIELD), 167.97277152760074, UNKNOWN, LVO)"
3,0.24418294143999997,0.24418294143999997,37.939733337096506,-122.03241343045677,"PatientState(Location(""FIELD"", (37.939733337096506, -122.03241343045677), -1.0, FIELD), 200.4575286777817, UNKNOWN, HEMORRHAGIC)"
4,0.25266358248233595,0.24418294143999997,37.93896195035657,-122.03385968731737,"PatientState(Location(""FIELD"", (37.93896195035657, -122.03385968731737), -1.0, FIELD), 143.05547619963454, UNKNOWN, LVO)"
5,0.26374898632311167,0.25238549212665823,37.942752495295196,-122.03309481737386,"PatientState(Location(""FIELD"", (37.942752495295196, -122.03309481737386), -1.0, FIELD), 79.41315719207007, UNKNOWN, LVO)"
