sample,reward_best,reward_CA,location_lat,location_lon,patient_state
1,0.34875879202760596,0.3304137570298644,37.514826030933385,-122.04123317329436,"PatientState(Location(""FIELD"", (37.514826030933385, -122.04123317329436), -1.0, FIELD), 29.676716961896062, UNKNOWN, LVO)"
2,0.3341207825791942,0.31623123409842835,37.51549003841277,-122.04104337896013,"PatientState(Location(""FIELD"", (37.51549003841277, -122.04104337896013), -1.0, FIELD), 92.53261363463427, UNKNOWN, LVO)"
3,0.24418294143999997,0.24418294143999997,37.51440121199514,-122.04274285566866,"PatientState(Location(""FIELD"", (37.51440121199514, -122.04274285566866), -1.0, FIELD), 262.5678106622098, UNKNOWN, HEMORRHAGIC)"
4,0.3409732815410028,0.3228638981453385,37.5176838572287,-122.04093066623285,"PatientState(Location(""FIELD"", (37.5176838572287, -122.04093066623285), -1.0, FIELD), 63.234105023425556, UNKNOWN, HEMORRHAGIC)"
5,0.35027064630252974,0.33177161264261457,37.5184432320283,-122.04385019238126,"PatientState(Location(""FIELD"", (37.5184432320283, -122.04385019238126), -1.0, FIELD), 23.68085121206756, UNKNOWN, LVO)"
