sample,reward_best,reward_CA,location_lat,location_lon,patient_state
1,0.3300468540245737,0.24418294143999997,37.66553611529128,-121.6584662779055,"PatientState(Location(""FIELD"", (37.66553611529128, -121.6584662779055), -1.0, FIELD), 85.32834595769368, UNKNOWN, LVO)"
2,0.32795554377102193,0.24418294143999997,37.66731043283427,-121.65836769963352,"PatientState(Location(""FIELD"", (37.66731043283427, -121.65836769963352), -1.0, FIELD), 94.48968743976486, UNKNOWN, HEMORRHAGIC)"
3,0.24418294143999997,0.24418294143999997,37.66408837205625,-121.65988978375826,"PatientState(Location(""FIELD"", (37.66408837205625, -121.65988978375826), -1.0, FIELD), 178.98696534520093, UNKNOWN, LVO)"
4,0.24418294143999997,0.24418294143999997,37.66738100115731,-121.65816512201798,"PatientState(Location(""FIELD"", (37.66738100115731, -121.65816512201798), -1.0, FIELD), 256.48712824855704, UNKNOWN, HEMORRHAGIC)"
5,0.3461988244955605,0.3245357011825583,37.66519043704768,-121.66042698344732,"PatientState(Location(""FIELD"", (37.66519043704768, -121.66042698344732), -1.0, FIELD), 15.898090245140065, UNKNOWN, HEMORRHAGIC)"
