sample,reward_best,reward_CA,location_lat,location_lon,patient_state
1,0.3283504836221322,0.24418294143999997,37.78283210681997,-121.69728701559266,"PatientState(Location(""FIELD"", (37.78283210681997, -121.69728701559266), -1.0, FIELD), 89.32609455434014, UNKNOWN, LVO)"
2,0.24418294143999997,0.24418294143999997,37.779100897333684,-121.69717770937572,"PatientState(Location(""FIELD"", (37.779100897333684, -121.69717770937572), -1.0, FIELD), 207.79297863002344, UNKNOWN, HEMORRHAGIC)"
3,0.24418294143999997,0.24418294143999997,37.77967112987617,-121.69943037372597,"PatientState(Location(""FIELD"", (37.77967112987617, -121.69943037372597), -1.0, FIELD), 237.32734907332403, UNKNOWN, LVO)"
4,0.24418294143999997,0.24418294143999997,37.78175862978586,-121.69995527391424,"PatientState(Location(""FIELD"", (37.78175862978586, -121.69995527391424), -1.0, FIELD), 235.79684217471504, UNKNOWN, NLVO)"
5,0.24418294143999997,0.24418294143999997,37.78058183029777,-121.69863202555192,"PatientState(Location(""FIELD"", (37.78058183029777, -121.69863202555192), -1.0, FIELD), 198.20350571125584, UNKNOWN, HEMORRHAGIC)"
