sample,reward_best,reward_CA,location_lat,location_lon,patient_state
1,0.24418294143999997,0.24418294143999997,37.815552733134574,-121.62502586094587,"PatientState(Location(""FIELD"", (37.815552733134574, -121.62502586094587), -1.0, FIELD), 160.76365063166247, UNKNOWN, LVO)"
2,0.24418294143999997,0.24418294143999997,37.818133054846136,-121.62157291305337,"PatientState(Location(""FIELD"", (37.818133054846136, -121.62157291305337), -1.0, FIELD), 90.0863288996872, UNKNOWN, LVO)"
3,0.3247810068520786,0.24418294143999997,37.817347639453054,-121.62101358673037,"PatientState(Location(""FIELD"", (37.817347639453054, -121.62101358673037), -1.0, FIELD), 6.425145132277422, UNKNOWN, LVO)"
4,0.24418294143999997,0.24418294143999997,37.81763041041312,-121.62321354741404,"PatientState(Location(""FIELD"", (37.81763041041312, -121.62321354741404), -1.0, FIELD), 243.77425191439067, UNKNOWN, HEMORRHAGIC)"
5,0.24418294143999997,0.24418294143999997,37.81619333138003,-121.62447311023766,"PatientState(Location(""FIELD"", (37.81619333138003, -121.62447311023766), -1.0, FIELD), 68.78389382032094, UNKNOWN, LVO)"
