sample,reward_best,reward_CA,location_lat,location_lon,patient_state
1,0.32371080945842534,0.26100433042284243,37.303532904890666,-121.99974587679965,"PatientState(Location(""FIELD"", (37.303532904890666, -121.99974587679965), -1.0, FIELD), 148.54447275825834, UNKNOWN, NLVO)"
2,0.24418294143999997,0.24418294143999997,37.300681985555684,-121.99708232021301,"PatientState(Location(""FIELD"", (37.300681985555684, -121.99708232021301), -1.0, FIELD), 259.54229106948407, UNKNOWN, HEMORRHAGIC)"
3,0.31901852301659156,0.2570313816793263,37.29923719621309,-121.99676421948949,"PatientState(Location(""FIELD"", (37.29923719621309, -121.99676421948949), -1.0, FIELD), 169.65149891721458, UNKNOWN, MIMIC)"
4,0.33346058077035284,0.32978495408213915,37.30117393836316,-122.00051700813701,"PatientState(Location(""FIELD"", (37.30117393836316, -122.00051700813701), -1.0, FIELD), 104.66643340270494, UNKNOWN, LVO)"
5,0.25297611227307215,0.25297611227307215,37.29925361740411,-121.99894453330859,"PatientState(Location(""FIELD"", (37.29925361740411, -121.99894453330859), -1.0, FIELD), 191.49877452522958, UNKNOWN, HEMORRHAGIC)"
