sample,reward_best,reward_CA,location_lat,location_lon,patient_state
1,0.34530537682500717,0.3244307100702935,37.677609007920715,-121.92652810968127,"PatientState(Location(""FIELD"", (37.677609007920715, -121.92652810968127), -1.0, FIELD), 38.99085240451487, UNKNOWN, LVO)"
2,0.24418294143999997,0.24418294143999997,37.67387774820156,-121.92606499095706,"PatientState(Location(""FIELD"", (37.67387774820156, -121.92606499095706), -1.0, FIELD), 210.5309940685731, UNKNOWN, HEMORRHAGIC)"
3,0.24418294143999997,0.24418294143999997,37.67401809665425,-121.92688316198912,"PatientState(Location(""FIELD"", (37.67401809665425, -121.92688316198912), -1.0, FIELD), 196.69400019092882, UNKNOWN, HEMORRHAGIC)"
4,0.34332698613729823,0.32251028755598327,37.677477368147535,-121.92618767233513,"PatientState(Location(""FIELD"", (37.677477368147535, -121.92618767233513), -1.0, FIELD), 47.477101265573424, UNKNOWN, MIMIC)"
5,0.3397256457521284,0.3190684533648019,37.677992151252646,-121.92678793066504,"PatientState(Location(""FIELD"", (37.677992151252646, -121.92678793066504), -1.0, FIELD), 62.878306293083796, UNKNOWN, HEMORRHAGIC)"
