sample,reward_best,reward_CA,location_lat,location_lon,patient_state
1,0.31715878701333133,0.25747096572563466,37.34581662256931,-122.39553328786766,"PatientState(Location(""FIELD"", (37.34581662256931, -122.39553328786766), -1.0, FIELD), 147.5788151144713, UNKNOWN, HEMORRHAGIC)"
2,0.34640898303362905,0.3428803080111292,37.34470194340415,-122.39096979941124,"PatientState(Location(""FIELD"", (37.34470194340415, -122.39096979941124), -1.0, FIELD), 20.248658461710843, UNKNOWN, LVO)"
3,0.35010055281107066,0.3466643508672526,37.34641034029637,-122.39135013508917,"PatientState(Location(""FIELD"", (37.34641034029637, -122.39135013508917), -1.0, FIELD), 4.0869747439144035, UNKNOWN, HEMORRHAGIC)"
4,0.3370734264719386,0.333619791432498,37.34760810624276,-122.3947697509075,"PatientState(Location(""FIELD"", (37.34760810624276, -122.3947697509075), -1.0, FIELD), 60.098186343455446, UNKNOWN, LVO)"
5,0.32509208518255295,0.26389504423365495,37.348313002072004,-122.39487664472418,"PatientState(Location(""FIELD"", (37.348313002072004, -122.39487664472418), -1.0, FIELD), 112.54844385163436, UNKNOWN, LVO)"
