sample,reward_best,reward_CA,location_lat,location_lon,patient_state
1,0.24418294143999997,0.24418294143999997,37.90283709797301,-122.2676345371579,"PatientState(Location(""FIELD"", (37.90283709797301, -122.2676345371579), -1.0, FIELD), 235.56465700090868, UNKNOWN, HEMORRHAGIC)"
2,0.24418294143999997,0.24418294143999997,37.90195071473659,-122.2706311789176,"PatientState(Location(""FIELD"", (37.90195071473659, -122.2706311789176), -1.0, FIELD), 201.63518976376213, UNKNOWN, HEMORRHAGIC)"
3,0.24418294143999997,0.24418294143999997,37.903305451383225,-122.26651837210298,"PatientState(Location(""FIELD"", (37.903305451383225, -122.26651837210298), -1.0, FIELD), 208.19123425637645, UNKNOWN, NLVO)"
4,0.31769936597241266,0.24418294143999997,37.90234652034169,-122.26967738269676,"PatientState(Location(""FIELD"", (37.90234652034169, -122.26967738269676), -1.0, FIELD), 129.7062610152362, UNKNOWN, LVO)"
5,0.33594504019177807,0.32325785538708723,37.899063534204636,-122.26585014107123,"PatientState(Location(""FIELD"", (37.899063534204636, -122.26585014107123), -1.0, FIELD), 50.30303412550932, UNKNOWN, LVO)"
