sample,reward_best,reward_CA,location_lat,location_lon,patient_state
1,0.3190584791239763,0.24418294143999997,37.534872060298994,-121.84092160331727,"PatientState(Location(""FIELD"", (37.534872060298994, -121.84092160331727), -1.0, FIELD), 153.6478901807537, UNKNOWN, MIMIC)"
2,0.24418294143999997,0.24418294143999997,37.53861407445186,-121.84525495368916,"PatientState(Location(""FIELD"", (37.53861407445186, -121.84525495368916), -1.0, FIELD), 250.04160384757196, UNKNOWN, LVO)"
3,0.24418294143999997,0.24418294143999997,37.535867729069146,-121.8437626896512,"PatientState(Location(""FIELD"", (37.535867729069146, -121.8437626896512), -1.0, FIELD), 261.691568943926, UNKNOWN, LVO)"
4,0.24418294143999997,0.24418294143999997,37.53616784028016,-121.84531128132078,"PatientState(Location(""FIELD"", (37.53616784028016, -121.84531128132078), -1.0, FIELD), 268.2260312126788, UNKNOWN, LVO)"
5,0.34732899123791067,0.3279881697268899,37.53874708847968,-121.84364939435615,"PatientState(Location(""FIELD"", (37.53874708847968, -121.84364939435615), -1.0, FIELD), 31.290809501734675, UNKNOWN, LVO)"
