sample,reward_best,reward_CA,location_lat,location_lon,patient_state
1,0.24418294143999997,0.24418294143999997,37.85970703266804,-122.15532602709362,"PatientState(Location(""FIELD"", (37.85970703266804, -122.15532602709362), -1.0, FIELD), 237.06211168264713, UNKNOWN, LVO)"
2,0.32685094181531815,0.24418294143999997,37.86257020434113,-122.15462652318134,"PatientState(Location(""FIELD"", (37.86257020434113, -122.15462652318134), -1.0, FIELD), 90.39795438258349, UNKNOWN, HEMORRHAGIC)"
3,0.24418294143999997,0.24418294143999997,37.863496952588626,-122.15528754688596,"PatientState(Location(""FIELD"", (37.863496952588626, -122.15528754688596), -1.0, FIELD), 171.5501316015718, UNKNOWN, LVO)"
4,0.3138350980355201,0.24418294143999997,37.861087569804944,-122.15164440142213,"PatientState(Location(""FIELD"", (37.861087569804944, -122.15164440142213), -1.0, FIELD), 148.64089823619494, UNKNOWN, HEMORRHAGIC)"
5,0.34676013908458264,0.3320591123847097,37.85892776860947,-122.150864199392,"PatientState(Location(""FIELD"", (37.85892776860947, -122.150864199392), -1.0, FIELD), 4.966989655075898, UNKNOWN, LVO)"
