sample,reward_best,reward_CA,location_lat,location_lon,patient_state
1,0.24418294143999997,0.24418294143999997,37.90688671468461,-122.28767354382892,"PatientState(Location(""FIELD"", (37.90688671468461, -122.28767354382892), -1.0, FIELD), 220.86383938115165, UNKNOWN, LVO)"
2,0.3228692187303707,0.24418294143999997,37.90662470837755,-122.2907545332524,"PatientState(Location(""FIELD"", (37.90662470837755, -122.2907545332524), -1.0, FIELD), 109.41897361244135, UNKNOWN, HEMORRHAGIC)"
3,0.3154866850864898,0.24418294143999997,37.905190717559464,-122.28991159844473,"PatientState(Location(""FIELD"", (37.905190717559464, -122.28991159844473), -1.0, FIELD), 143.2191376287485, UNKNOWN, HEMORRHAGIC)"
4,0.31649693278313895,0.24418294143999997,37.90622156300651,-122.28916174801546,"PatientState(Location(""FIELD"", (37.90622156300651, -122.28916174801546), -1.0, FIELD), 137.87215916682848, UNKNOWN, LVO)"
5,0.24418294143999997,0.24418294143999997,37.90629153110453,-122.29057590363837,"PatientState(Location(""FIELD"", (37.90629153110453, -122.29057590363837), -1.0, FIELD), 167.5395782010413, UNKNOWN, LVO)"
