sample,reward_best,reward_CA,location_lat,location_lon,patient_state
1,0.24418294143999997,0.24418294143999997,38.01606223146731,-122.54500557727316,"PatientState(Location(""FIELD"", (38.01606223146731, -122.54500557727316), -1.0, FIELD), 182.22144235417886, UNKNOWN, LVO)"
2,0.24418294143999997,0.24418294143999997,38.014135323072686,-122.54164423121357,"PatientState(Location(""FIELD"", (38.014135323072686, -122.54164423121357), -1.0, FIELD), 221.0404223241315, UNKNOWN, LVO)"
3,0.34116847061656214,0.26556289839336894,38.017471972299894,-122.54391172063195,"PatientState(Location(""FIELD"", (38.017471972299894, -122.54391172063195), -1.0, FIELD), 3.6864879074196133, UNKNOWN, HEMORRHAGIC)"
4,0.2578945212092657,0.24418294143999997,38.015699123210474,-122.54137369876833,"PatientState(Location(""FIELD"", (38.015699123210474, -122.54137369876833), -1.0, FIELD), 118.9878041440753, UNKNOWN, NLVO)"
5,0.24418294143999997,0.24418294143999997,38.01743293980847,-122.54234462390761,"PatientState(Location(""FIELD"", (38.01743293980847, -122.54234462390761), -1.0, FIELD), 165.81442668048624, UNKNOWN, HEMORRHAGIC)"
