sample,reward_best,reward_CA,location_lat,location_lon,patient_state
1,0.31915788287390223,0.24418294143999997,37.79839839142704,-122.30336367428109,"PatientState(Location(""FIELD"", (37.79839839142704, -122.30336367428109), -1.0, FIELD), 138.22860434211444, UNKNOWN, LVO)"
2,0.24418294143999997,0.24418294143999997,37.79449034258107,-122.3034902786334,"PatientState(Location(""FIELD"", (37.79449034258107, -122.3034902786334), -1.0, FIELD), 266.0757522034016, UNKNOWN, LVO)"
3,0.34545519769340405,0.32889613415302305,37.798218184892214,-122.30397805911736,"PatientState(Location(""FIELD"", (37.798218184892214, -122.30397805911736), -1.0, FIELD), 23.267802638325463, UNKNOWN, HEMORRHAGIC)"
4,0.31678345204863306,0.24418294143999997,37.79543886600037,-122.30363826168148,"PatientState(Location(""FIELD"", (37.79543886600037, -122.30363826168148), -1.0, FIELD), 144.49855373783163, UNKNOWN, LVO)"
5,0.24418294143999997,0.24418294143999997,37.795044169377235,-122.30276077188785,"PatientState(Location(""FIELD"", (37.795044169377235, -122.30276077188785), -1.0, FIELD), 206.68536062729868, UNKNOWN, LVO)"
