sample,reward_best,reward_CA,location_lat,location_lon,patient_state
1,0.3495804162126427,0.3346809383794781,37.771198991704786,-122.29433009898733,"PatientState(Location(""FIELD"", (37.771198991704786, -122.29433009898733), -1.0, FIELD), 4.853233855582138, UNKNOWN, HEMORRHAGIC)"
2,0.24418294143999997,0.24418294143999997,37.77284054150456,-122.29108312845177,"PatientState(Location(""FIELD"", (37.77284054150456, -122.29108312845177), -1.0, FIELD), 237.57303076790657, UNKNOWN, LVO)"
3,0.24418294143999997,0.24418294143999997,37.77103610598423,-122.29319141017442,"PatientState(Location(""FIELD"", (37.77103610598423, -122.29319141017442), -1.0, FIELD), 171.93893221128636, UNKNOWN, NLVO)"
4,0.33012613408521413,0.31571468416546766,37.77170725049393,-122.2955744274896,"PatientState(Location(""FIELD"", (37.77170725049393, -122.2955744274896), -1.0, FIELD), 88.58121411529935, UNKNOWN, LVO)"
5,0.24418294143999997,0.24418294143999997,37.77243139302068,-122.2932460275961,"PatientState(Location(""FIELD"", (37.77243139302068, -122.2932460275961), -1.0, FIELD), 182.29985706534993, UNKNOWN, LVO)"
