sample,reward_best,reward_CA,location_lat,location_lon,patient_state
1,0.3397395472033282,0.32013931414466246,37.66651230355243,-122.0674401001308,"PatientState(Location(""FIELD"", (37.66651230355243, -122.0674401001308), -1.0, FIELD), 62.08342223153707, UNKNOWN, HEMORRHAGIC)"
2,0.32804526501195036,0.24418294143999997,37.66579179825001,-122.06783619980187,"PatientState(Location(""FIELD"", (37.66579179825001, -122.06783619980187), -1.0, FIELD), 112.97203432705427, UNKNOWN, LVO)"
3,0.24418294143999997,0.24418294143999997,37.664970201640116,-122.06770682604319,"PatientState(Location(""FIELD"", (37.664970201640116, -122.06770682604319), -1.0, FIELD), 178.3040062759192, UNKNOWN, LVO)"
4,0.32502352190235634,0.24418294143999997,37.66537611696831,-122.06689394224217,"PatientState(Location(""FIELD"", (37.66537611696831, -122.06689394224217), -1.0, FIELD), 125.99474177959647, UNKNOWN, MIMIC)"
5,0.3216428109993374,0.24418294143999997,37.66383577875444,-122.07066696853079,"PatientState(Location(""FIELD"", (37.66383577875444, -122.07066696853079), -1.0, FIELD), 141.7419466370608, UNKNOWN, LVO)"
