sample,reward_best,reward_CA,location_lat,location_lon,patient_state
1,0.24418294143999997,0.24418294143999997,37.94762123468528,-122.34830064512332,"PatientState(Location(""FIELD"", (37.94762123468528, -122.34830064512332), -1.0, FIELD), 181.15702798622192, UNKNOWN, LVO)"
2,0.3391602829889203,0.32775909855852103,37.9483697180821,-122.34993320439723,"PatientState(Location(""FIELD"", (37.9483697180821, -122.34993320439723), -1.0, FIELD), 23.513970246720916, UNKNOWN, LVO)"
3,0.24418294143999997,0.24418294143999997,37.947847889945876,-122.34838992059598,"PatientState(Location(""FIELD"", (37.947847889945876, -122.34838992059598), -1.0, FIELD), 263.75443212063607, UNKNOWN, LVO)"
4,0.24418294143999997,0.24418294143999997,37.94639260001811,-122.35034677670161,"PatientState(Location(""FIELD"", (37.94639260001811, -122.35034677670161), -1.0, FIELD), 201.7145281100333, UNKNOWN, HEMORRHAGIC)"
5,0.2599971339707442,0.24418294143999997,37.94649290467793,-122.3473321442503,"PatientState(Location(""FIELD"", (37.94649290467793, -122.3473321442503), -1.0, FIELD), 115.70482937992671, UNKNOWN, NLVO)"
