sample,reward_best,reward_CA,location_lat,location_lon,patient_state
1,0.24418294143999997,0.24418294143999997,37.88176717766885,-121.9137029678633,"PatientState(Location(""FIELD"", (37.88176717766885, -121.9137029678633), -1.0, FIELD), 174.22302689926744, UNKNOWN, NLVO)"
2,0.24418294143999997,0.24418294143999997,37.87958818029602,-121.91253762407533,"PatientState(Location(""FIELD"", (37.87958818029602, -121.91253762407533), -1.0, FIELD), 97.99626855337233, UNKNOWN, NLVO)"
3,0.24418294143999997,0.24418294143999997,37.88013864146518,-121.91376115730637,"PatientState(Location(""FIELD"", (37.88013864146518, -121.91376115730637), -1.0, FIELD), 165.15094106172788, UNKNOWN, HEMORRHAGIC)"
4,0.24418294143999997,0.24418294143999997,37.88217795888004,-121.91107669964124,"PatientState(Location(""FIELD"", (37.88217795888004, -121.91107669964124), -1.0, FIELD), 117.42802285446096, UNKNOWN, LVO)"
5,0.24418294143999997,0.24418294143999997,37.88177204978005,-121.91263785119764,"PatientState(Location(""FIELD"", (37.88177204978005, -121.91263785119764), -1.0, FIELD), 163.5719752754647, UNKNOWN, LVO)"
