sample,reward_best,reward_CA,location_lat,location_lon,patient_state
1,0.24418294143999997,0.24418294143999997,37.59942447093853,-121.82901689894776,"PatientState(Location(""FIELD"", (37.59942447093853, -121.82901689894776), -1.0, FIELD), 239.89879299020072, UNKNOWN, LVO)"
2,0.3330743169206814,0.3142086913894437,37.602339405659016,-121.82680075653438,"PatientState(Location(""FIELD"", (37.602339405659016, -121.82680075653438), -1.0, FIELD), 94.21334847818501, UNKNOWN, LVO)"
3,0.24418294143999997,0.24418294143999997,37.60357054000526,-121.82605290331827,"PatientState(Location(""FIELD"", (37.60357054000526, -121.82605290331827), -1.0, FIELD), 198.50176323043854, UNKNOWN, LVO)"
4,0.3146267759628108,0.24418294143999997,37.60126277959309,-121.83054668905336,"PatientState(Location(""FIELD"", (37.60126277959309, -121.83054668905336), -1.0, FIELD), 176.63237070385057, UNKNOWN, NLVO)"
5,0.32851656738335594,0.24418294143999997,37.602788066271565,-121.82601771977977,"PatientState(Location(""FIELD"", (37.602788066271565, -121.82601771977977), -1.0, FIELD), 114.05673653408212, UNKNOWN, HEMORRHAGIC)"
