sample,reward_best,reward_CA,location_lat,location_lon,patient_state
1,0.3157550074458276,0.3157550074458276,37.4133682726553,-122.25464990132782,"PatientState(Location(""FIELD"", (37.4133682726553, -122.25464990132782), -1.0, FIELD), 183.16976298511673, UNKNOWN, LVO)"
2,0.24418294143999997,0.24418294143999997,37.410557522586686,-122.25229632201246,"PatientState(Location(""FIELD"", (37.410557522586686, -122.25229632201246), -1.0, FIELD), 220.65237456631266, UNKNOWN, NLVO)"
3,0.24418294143999997,0.24418294143999997,37.410162777277804,-122.2519516045332,"PatientState(Location(""FIELD"", (37.410162777277804, -122.2519516045332), -1.0, FIELD), 232.6226309813692, UNKNOWN, NLVO)"
4,0.3145959823605096,0.3145959823605096,37.40955050565404,-122.25295528620397,"PatientState(Location(""FIELD"", (37.40955050565404, -122.25295528620397), -1.0, FIELD), 188.54959270358327, UNKNOWN, HEMORRHAGIC)"
5,0.24418294143999997,0.24418294143999997,37.410800945035824,-122.25575534833786,"PatientState(Location(""FIELD"", (37.410800945035824, -122.25575534833786), -1.0, FIELD), 251.80721388409282, UNKNOWN, LVO)"
