sample,reward_best,reward_CA,location_lat,location_lon,patient_state
1,0.24418294143999997,0.24418294143999997,37.65247499995395,-121.82085375031566,"PatientState(Location(""FIELD"", (37.65247499995395, -121.82085375031566), -1.0, FIELD), 214.43217088540993, UNKNOWN, LVO)"
2,0.3139757783906332,0.24418294143999997,37.64985029817888,-121.82275762322415,"PatientState(Location(""FIELD"", (37.64985029817888, -121.82275762322415), -1.0, FIELD), 171.01379030575146, UNKNOWN, HEMORRHAGIC)"
3,0.337919485059162,0.31888632660443117,37.65004915080231,-121.82114645268368,"PatientState(Location(""FIELD"", (37.65004915080231, -121.82114645268368), -1.0, FIELD), 66.72861488319082, UNKNOWN, HEMORRHAGIC)"
4,0.3208073342745119,0.24418294143999997,37.65126137698688,-121.82512274036668,"PatientState(Location(""FIELD"", (37.65126137698688, -121.82512274036668), -1.0, FIELD), 141.2923570805072, UNKNOWN, LVO)"
5,0.24418294143999997,0.24418294143999997,37.6527147238611,-121.82262252639433,"PatientState(Location(""FIELD"", (37.6527147238611, -121.82262252639433), -1.0, FIELD), 198.00915784565922, UNKNOWN, HEMORRHAGIC)"
