sample,reward_best,reward_CA,location_lat,location_lon,patient_state
1,0.24418294143999997,0.24418294143999997,38.078601835068255,-121.71804600434756,"PatientState(Location(""FIELD"", (38.078601835068255, -121.71804600434756), -1.0, FIELD), 248.0720275880255, UNKNOWN, MIMIC)"
2,0.24418294143999997,0.24418294143999997,38.078667104625794,-121.71959816887016,"PatientState(Location(""FIELD"", (38.078667104625794, -121.71959816887016), -1.0, FIELD), 141.78078896745694, UNKNOWN, LVO)"
3,0.3173124697648415,0.24418294143999997,38.07805568852521,-121.71844889801615,"PatientState(Location(""FIELD"", (38.07805568852521, -121.71844889801615), -1.0, FIELD), 40.65466528159914, UNKNOWN, LVO)"
4,0.3181727570851726,0.24418294143999997,38.07809008625251,-121.72025486355207,"PatientState(Location(""FIELD"", (38.07809008625251, -121.72025486355207), -1.0, FIELD), 36.91234344870759, UNKNOWN, HEMORRHAGIC)"
5,0.24418294143999997,0.24418294143999997,38.07776969567007,-121.71788803521515,"PatientState(Location(""FIELD"", (38.07776969567007, -121.71788803521515), -1.0, FIELD), 237.2778070654722, UNKNOWN, HEMORRHAGIC)"
