sample,reward_best,reward_CA,location_lat,location_lon,patient_state
1,0.24418294143999997,0.24418294143999997,37.96619210610139,-122.5624853738666,"PatientState(Location(""FIELD"", (37.96619210610139, -122.5624853738666), -1.0, FIELD), 182.94166223291856, UNKNOWN, LVO)"
2,0.2616834294948865,0.24418294143999997,37.96431788848262,-122.56177630437881,"PatientState(Location(""FIELD"", (37.96431788848262, -122.56177630437881), -1.0, FIELD), 96.7411920119234, UNKNOWN, LVO)"
3,0.25674165646074776,0.24418294143999997,37.96619652582833,-122.56455358350416,"PatientState(Location(""FIELD"", (37.96619652582833, -122.56455358350416), -1.0, FIELD), 123.78676377802663, UNKNOWN, HEMORRHAGIC)"
4,0.33016632154428727,0.2579615193854431,37.964194631251345,-122.56317005704065,"PatientState(Location(""FIELD"", (37.964194631251345, -122.56317005704065), -1.0, FIELD), 53.05686672047274, UNKNOWN, HEMORRHAGIC)"
5,0.33643461488638704,0.2628336629400854,37.9659631567369,-122.56193227719524,"PatientState(Location(""FIELD"", (37.9659631567369, -122.56193227719524), -1.0, FIELD), 26.35944459672191, UNKNOWN, HEMORRHAGIC)"
