sample,reward_best,reward_CA,location_lat,location_lon,patient_state
1,0.24418294143999997,0.24418294143999997,38.07275596209533,-122.15547236412876,"PatientState(Location(""FIELD"", (38.07275596209533, -122.15547236412876), -1.0, FIELD), 150.82474678206398, UNKNOWN, HEMORRHAGIC)"
2,0.3298164965244826,0.328594718837304,38.07134378810966,-122.15110962629677,"PatientState(Location(""FIELD"", (38.07134378810966, -122.15110962629677), -1.0, FIELD), 2.900231564704885, UNKNOWN, LVO)"
3,0.24418294143999997,0.24418294143999997,38.071473241339014,-122.15416817405548,"PatientState(Location(""FIELD"", (38.071473241339014, -122.15416817405548), -1.0, FIELD), 165.8518222398916, UNKNOWN, HEMORRHAGIC)"
4,0.3297350749400925,0.3285135364964935,38.07231686395088,-122.15424654088129,"PatientState(Location(""FIELD"", (38.07231686395088, -122.15424654088129), -1.0, FIELD), 3.736374575159874, UNKNOWN, LVO)"
5,0.24418294143999997,0.24418294143999997,38.073401776766616,-122.15551975093544,"PatientState(Location(""FIELD"", (38.073401776766616, -122.15551975093544), -1.0, FIELD), 143.35464776264354, UNKNOWN, NLVO)"
