sample,reward_best,reward_CA,location_lat,location_lon,patient_state
1,0.3223604799086542,0.24418294143999997,37.52297325099939,-121.97143619859854,"PatientState(Location(""FIELD"", (37.52297325099939, -121.97143619859854), -1.0, FIELD), 148.8906837647613, UNKNOWN, NLVO)"
2,0.3356933920523817,0.31829030396620517,37.52095649954772,-121.97365518929081,"PatientState(Location(""FIELD"", (37.52095649954772, -121.97365518929081), -1.0, FIELD), 89.33905887068256, UNKNOWN, LVO)"
3,0.24418294143999997,0.24418294143999997,37.52032422918177,-121.97148481480336,"PatientState(Location(""FIELD"", (37.52032422918177, -121.97148481480336), -1.0, FIELD), 212.55657379706048, UNKNOWN, LVO)"
4,0.3149385043701664,0.24418294143999997,37.52113524169167,-121.97412910902221,"PatientState(Location(""FIELD"", (37.52113524169167, -121.97412910902221), -1.0, FIELD), 180.81854272237757, UNKNOWN, LVO)"
5,0.344601269352575,0.3269271561514889,37.52113929251398,-121.97238541516218,"PatientState(Location(""FIELD"", (37.52113929251398, -121.97238541516218), -1.0, FIELD), 51.66592635831542, UNKNOWN, LVO)"
