sample,reward_best,reward_CA,location_lat,location_lon,patient_state
1,0.3485172935493674,0.34392186797651414,37.29089049792239,-121.86353899178694,"PatientState(Location(""FIELD"", (37.29089049792239, -121.86353899178694), -1.0, FIELD), 36.79454535428674, UNKNOWN, LVO)"
2,0.32593759154717394,0.26183316567612414,37.29249417727231,-121.86170692734522,"PatientState(Location(""FIELD"", (37.29249417727231, -121.86170692734522), -1.0, FIELD), 135.02719278390276, UNKNOWN, NLVO)"
3,0.3533406884896205,0.34875175532715746,37.29314403733025,-121.86179975433542,"PatientState(Location(""FIELD"", (37.29314403733025, -121.86179975433542), -1.0, FIELD), 16.89362543834668, UNKNOWN, HEMORRHAGIC)"
4,0.24418294143999997,0.24418294143999997,37.29037416778053,-121.86443982503245,"PatientState(Location(""FIELD"", (37.29037416778053, -121.86443982503245), -1.0, FIELD), 227.32294436287748, UNKNOWN, HEMORRHAGIC)"
5,0.24418294143999997,0.24418294143999997,37.29252703957864,-121.8631449920723,"PatientState(Location(""FIELD"", (37.29252703957864, -121.8631449920723), -1.0, FIELD), 265.1948194268207, UNKNOWN, LVO)"
