sample,reward_best,reward_CA,location_lat,location_lon,patient_state
1,0.24418294143999997,0.24418294143999997,37.31294948058399,-121.76691432324331,"PatientState(Location(""FIELD"", (37.31294948058399, -121.76691432324331), -1.0, FIELD), 216.00628312181007, UNKNOWN, LVO)"
2,0.3235256340149264,0.3235256340149264,37.311980246354345,-121.76785393542416,"PatientState(Location(""FIELD"", (37.311980246354345, -121.76785393542416), -1.0, FIELD), 145.99659876811614, UNKNOWN, LVO)"
3,0.3173232492474263,0.3173232492474263,37.31252055679345,-121.76906820655982,"PatientState(Location(""FIELD"", (37.31252055679345, -121.76906820655982), -1.0, FIELD), 173.97600710849645, UNKNOWN, MIMIC)"
4,0.3524413043738484,0.3524413043738484,37.30970661809454,-121.76972916596135,"PatientState(Location(""FIELD"", (37.30970661809454, -121.76972916596135), -1.0, FIELD), 20.39362255188478, UNKNOWN, LVO)"
5,0.33509646960507067,0.33509646960507067,37.31303391754969,-121.76660151748108,"PatientState(Location(""FIELD"", (37.31303391754969, -121.76660151748108), -1.0, FIELD), 94.25386949964619, UNKNOWN, LVO)"
