sample,reward_best,reward_CA,location_lat,location_lon,patient_state
1,0.3424381652972315,0.32842838523909257,37.95233074902084,-122.2712367341917,"PatientState(Location(""FIELD"", (37.95233074902084, -122.2712367341917), -1.0, FIELD), 4.041651621545556, UNKNOWN, HEMORRHAGIC)"
2,0.24418294143999997,0.24418294143999997,37.95021004514764,-122.27477659722449,"PatientState(Location(""FIELD"", (37.95021004514764, -122.27477659722449), -1.0, FIELD), 217.45106561316115, UNKNOWN, NLVO)"
3,0.24418294143999997,0.24418294143999997,37.95279199386529,-122.27112357749425,"PatientState(Location(""FIELD"", (37.95279199386529, -122.27112357749425), -1.0, FIELD), 241.88452908792328, UNKNOWN, HEMORRHAGIC)"
4,0.24418294143999997,0.24418294143999997,37.95251334974303,-122.27133926262894,"PatientState(Location(""FIELD"", (37.95251334974303, -122.27133926262894), -1.0, FIELD), 184.35298244763223, UNKNOWN, HEMORRHAGIC)"
5,0.2611805119907992,0.24418294143999997,37.949200765164576,-122.27086772703034,"PatientState(Location(""FIELD"", (37.949200765164576, -122.27086772703034), -1.0, FIELD), 101.41674201351518, UNKNOWN, HEMORRHAGIC)"
