sample,reward_best,reward_CA,location_lat,location_lon,patient_state
1,0.3382209555871615,0.3233553234751842,37.80306152947673,-122.14507751038433,"PatientState(Location(""FIELD"", (37.80306152947673, -122.14507751038433), -1.0, FIELD), 51.2031117083216, UNKNOWN, HEMORRHAGIC)"
2,0.3147085850474862,0.24418294143999997,37.80193895116458,-122.1423931818691,"PatientState(Location(""FIELD"", (37.80193895116458, -122.1423931818691), -1.0, FIELD), 155.43176267782843, UNKNOWN, HEMORRHAGIC)"
3,0.3217582475113432,0.24418294143999997,37.80065844435763,-122.14455401512981,"PatientState(Location(""FIELD"", (37.80065844435763, -122.14455401512981), -1.0, FIELD), 124.13527212226515, UNKNOWN, MIMIC)"
4,0.33694673298819094,0.32211367632717613,37.8017368731388,-122.14305231896121,"PatientState(Location(""FIELD"", (37.8017368731388, -122.14305231896121), -1.0, FIELD), 57.26304732993904, UNKNOWN, LVO)"
5,0.3309434034903404,0.3162683973220489,37.799017466636336,-122.14473416136046,"PatientState(Location(""FIELD"", (37.799017466636336, -122.14473416136046), -1.0, FIELD), 83.76559195250866, UNKNOWN, NLVO)"
