sample,reward_best,reward_CA,location_lat,location_lon,patient_state
1,0.323485487376836,0.24418294143999997,37.92682064247616,-121.6921406977292,"PatientState(Location(""FIELD"", (37.92682064247616, -121.6921406977292), -1.0, FIELD), 11.299271986052972, UNKNOWN, NLVO)"
2,0.24418294143999997,0.24418294143999997,37.92669170615375,-121.69245237300169,"PatientState(Location(""FIELD"", (37.92669170615375, -121.69245237300169), -1.0, FIELD), 246.61768281014676, UNKNOWN, HEMORRHAGIC)"
3,0.24418294143999997,0.24418294143999997,37.92831574465934,-121.69427718083165,"PatientState(Location(""FIELD"", (37.92831574465934, -121.69427718083165), -1.0, FIELD), 228.7262678870089, UNKNOWN, LVO)"
4,0.24418294143999997,0.24418294143999997,37.92737032026102,-121.69127661687794,"PatientState(Location(""FIELD"", (37.92737032026102, -121.69127661687794), -1.0, FIELD), 224.99284718956798, UNKNOWN, LVO)"
5,0.32090816765917723,0.24418294143999997,37.92737598463601,-121.69360992092517,"PatientState(Location(""FIELD"", (37.92737598463601, -121.69360992092517), -1.0, FIELD), 22.061857733799098, UNKNOWN, HEMORRHAGIC)"
