sample,reward_best,reward_CA,location_lat,location_lon,patient_state
1,0.3172179448537974,0.25469682341046773,37.36877172681569,-121.93870150020709,"PatientState(Location(""FIELD"", (37.36877172681569, -121.93870150020709), -1.0, FIELD), 181.36839396582255, UNKNOWN, LVO)"
2,0.24418294143999997,0.24418294143999997,37.36576300429996,-121.93807779767013,"PatientState(Location(""FIELD"", (37.36576300429996, -121.93807779767013), -1.0, FIELD), 225.10300150595646, UNKNOWN, HEMORRHAGIC)"
3,0.35858094471207674,0.3539384186760012,37.36778866992601,-121.93881660609034,"PatientState(Location(""FIELD"", (37.36778866992601, -121.93881660609034), -1.0, FIELD), 1.8776795524807233, UNKNOWN, LVO)"
4,0.24418294143999997,0.24418294143999997,37.3642446178234,-121.94077072642305,"PatientState(Location(""FIELD"", (37.3642446178234, -121.94077072642305), -1.0, FIELD), 220.67500371103412, UNKNOWN, HEMORRHAGIC)"
5,0.3465375646312168,0.3419306132306726,37.36585247943388,-121.93943936078301,"PatientState(Location(""FIELD"", (37.36585247943388, -121.93943936078301), -1.0, FIELD), 52.660536884450856, UNKNOWN, LVO)"
