sample,reward_best,reward_CA,location_lat,location_lon,patient_state
1,0.3338743594672813,0.32858714891895,37.398373286846756,-121.90661646565046,"PatientState(Location(""FIELD"", (37.398373286846756, -121.90661646565046), -1.0, FIELD), 106.65594478382882, UNKNOWN, LVO)"
2,0.24418294143999997,0.24418294143999997,37.39787546541691,-121.90733703854843,"PatientState(Location(""FIELD"", (37.39787546541691, -121.90733703854843), -1.0, FIELD), 260.96998349625744, UNKNOWN, HEMORRHAGIC)"
3,0.3443722671336788,0.3397030748760834,37.39756669070791,-121.90853306742638,"PatientState(Location(""FIELD"", (37.39756669070791, -121.90853306742638), -1.0, FIELD), 61.600071669275074, UNKNOWN, LVO)"
4,0.3526332986107295,0.34797398128392387,37.39548898720596,-121.91032230610612,"PatientState(Location(""FIELD"", (37.39548898720596, -121.91032230610612), -1.0, FIELD), 26.739044761059752, UNKNOWN, HEMORRHAGIC)"
5,0.35386413852335785,0.34925906547613317,37.39866593153336,-121.90876702553787,"PatientState(Location(""FIELD"", (37.39866593153336, -121.90876702553787), -1.0, FIELD), 22.911829425752593, UNKNOWN, MIMIC)"
