sample,reward_best,reward_CA,location_lat,location_lon,patient_state
1,0.24418294143999997,0.24418294143999997,38.16702384419675,-121.84828720356732,"PatientState(Location(""FIELD"", (38.16702384419675, -121.84828720356732), -1.0, FIELD), 131.55841104624722, UNKNOWN, LVO)"
2,0.24418294143999997,0.24418294143999997,38.165227596880364,-121.84670651581715,"PatientState(Location(""FIELD"", (38.165227596880364, -121.84670651581715), -1.0, FIELD), 87.78891923293388, UNKNOWN, HEMORRHAGIC)"
3,0.24418294143999997,0.24418294143999997,38.166611470967574,-121.84582566443638,"PatientState(Location(""FIELD"", (38.166611470967574, -121.84582566443638), -1.0, FIELD), 219.8133090205255, UNKNOWN, LVO)"
4,0.24418294143999997,0.24418294143999997,38.16761925689839,-121.85043133927407,"PatientState(Location(""FIELD"", (38.16761925689839, -121.85043133927407), -1.0, FIELD), 237.69516928123025, UNKNOWN, HEMORRHAGIC)"
5,0.24418294143999997,0.24418294143999997,38.164912822594694,-121.8486139622399,"PatientState(Location(""FIELD"", (38.164912822594694, -121.8486139622399), -1.0, FIELD), 160.6721354459051, UNKNOWN, LVO)"
