sample,reward_best,reward_CA,location_lat,location_lon,patient_state
1,0.24418294143999997,0.24418294143999997,37.3159899050549,-122.32760728180806,"PatientState(Location(""FIELD"", (37.3159899050549, -122.32760728180806), -1.0, FIELD), 234.01579936272174, UNKNOWN, LVO)"
2,0.34750815314109595,0.34750815314109595,37.314442311680445,-122.32593468353582,"PatientState(Location(""FIELD"", (37.314442311680445, -122.32593468353582), -1.0, FIELD), 23.95481784366021, UNKNOWN, HEMORRHAGIC)"
3,0.24418294143999997,0.24418294143999997,37.31429301324094,-122.33061846236632,"PatientState(Location(""FIELD"", (37.31429301324094, -122.33061846236632), -1.0, FIELD), 245.24532294007588, UNKNOWN, LVO)"
4,0.24418294143999997,0.24418294143999997,37.3178659642539,-122.32669607859536,"PatientState(Location(""FIELD"", (37.3178659642539, -122.32669607859536), -1.0, FIELD), 182.20055580275817, UNKNOWN, HEMORRHAGIC)"
5,0.24418294143999997,0.24418294143999997,37.317528445116274,-122.32921826540186,"PatientState(Location(""FIELD"", (37.317528445116274, -122.32921826540186), -1.0, FIELD), 245.10931286859176, UNKNOWN, LVO)"
