sample,reward_best,reward_CA,location_lat,location_lon,patient_state
1,0.3251741418622652,0.26187633763417995,37.34124562610558,-121.92057815620763,"PatientState(Location(""FIELD"", (37.34124562610558, -121.92057815620763), -1.0, FIELD), 145.83757270732144, UNKNOWN, LVO)"
2,0.24418294143999997,0.24418294143999997,37.33992486663276,-121.91972957333522,"PatientState(Location(""FIELD"", (37.33992486663276, -121.91972957333522), -1.0, FIELD), 229.0606965719863, UNKNOWN, LVO)"
3,0.24418294143999997,0.24418294143999997,37.33967066749531,-121.91832169930072,"PatientState(Location(""FIELD"", (37.33967066749531, -121.91832169930072), -1.0, FIELD), 251.93870135796837, UNKNOWN, LVO)"
4,0.24418294143999997,0.24418294143999997,37.34112444062912,-121.9206208047586,"PatientState(Location(""FIELD"", (37.34112444062912, -121.9206208047586), -1.0, FIELD), 249.60159426526243, UNKNOWN, HEMORRHAGIC)"
5,0.348756817280362,0.3452581198278753,37.33942234888748,-121.91735699393615,"PatientState(Location(""FIELD"", (37.33942234888748, -121.91735699393615), -1.0, FIELD), 42.651773137717456, UNKNOWN, LVO)"
