sample,reward_best,reward_CA,location_lat,location_lon,patient_state
1,0.31855040409392266,0.31855040409392266,37.2727552281215,-122.03397896737265,"PatientState(Location(""FIELD"", (37.2727552281215, -122.03397896737265), -1.0, FIELD), 171.34676834659254, UNKNOWN, MIMIC)"
2,0.24418294143999997,0.24418294143999997,37.271371526181525,-122.03110729094588,"PatientState(Location(""FIELD"", (37.271371526181525, -122.03110729094588), -1.0, FIELD), 260.8205792064207, UNKNOWN, LVO)"
3,0.33513058446765914,0.33513058446765914,37.270379598407516,-122.03443002844058,"PatientState(Location(""FIELD"", (37.270379598407516, -122.03443002844058), -1.0, FIELD), 98.92578849781812, UNKNOWN, HEMORRHAGIC)"
4,0.3419052034164737,0.3419052034164737,37.27112125069401,-122.03185931759855,"PatientState(Location(""FIELD"", (37.27112125069401, -122.03185931759855), -1.0, FIELD), 70.19719263134282, UNKNOWN, MIMIC)"
5,0.32977068341086685,0.32977068341086685,37.27259238718201,-122.03461276254238,"PatientState(Location(""FIELD"", (37.27259238718201, -122.03461276254238), -1.0, FIELD), 121.77295470567759, UNKNOWN, LVO)"
