sample,reward_best,reward_CA,location_lat,location_lon,patient_state
1,0.32585023749906783,0.32585023749906783,37.26060398666106,-122.13583448507221,"PatientState(Location(""FIELD"", (37.26060398666106, -122.13583448507221), -1.0, FIELD), 125.08925746541289, UNKNOWN, LVO)"
2,0.3364920468035014,0.3364920468035014,37.26093999993935,-122.13596399865564,"PatientState(Location(""FIELD"", (37.26093999993935, -122.13596399865564), -1.0, FIELD), 78.56139224793057, UNKNOWN, LVO)"
3,0.34106572464122525,0.34106572464122525,37.26009970269431,-122.13580529759847,"PatientState(Location(""FIELD"", (37.26009970269431, -122.13580529759847), -1.0, FIELD), 58.84503452699031, UNKNOWN, HEMORRHAGIC)"
4,0.3487072379348378,0.3487072379348378,37.26086077964911,-122.13601134121298,"PatientState(Location(""FIELD"", (37.26086077964911, -122.13601134121298), -1.0, FIELD), 26.17574715365566, UNKNOWN, NLVO)"
5,0.34015308283005363,0.34015308283005363,37.262361182817976,-122.13728069088035,"PatientState(Location(""FIELD"", (37.262361182817976, -122.13728069088035), -1.0, FIELD), 62.705956603585776, UNKNOWN, HEMORRHAGIC)"
