sample,reward_best,reward_CA,location_lat,location_lon,patient_state
1,0.3304183598736082,0.2539351876718014,37.723469382383925,-122.4716723690034,"PatientState(Location(""FIELD"", (37.723469382383925, -122.4716723690034), -1.0, FIELD), 103.10044251715242, UNKNOWN, HEMORRHAGIC)"
2,0.3443490527492231,0.3289668918097629,37.72304335436012,-122.47482369951851,"PatientState(Location(""FIELD"", (37.72304335436012, -122.47482369951851), -1.0, FIELD), 42.42268200138929, UNKNOWN, HEMORRHAGIC)"
3,0.3391965301532542,0.32332510442495827,37.720129327351586,-122.47574342143542,"PatientState(Location(""FIELD"", (37.720129327351586, -122.47574342143542), -1.0, FIELD), 66.00693856125336, UNKNOWN, HEMORRHAGIC)"
4,0.31474673863754277,0.24418294143999997,37.72240580100762,-122.47175530415637,"PatientState(Location(""FIELD"", (37.72240580100762, -122.47175530415637), -1.0, FIELD), 172.4530528385243, UNKNOWN, LVO)"
5,0.24418294143999997,0.24418294143999997,37.72192853678859,-122.47347296319654,"PatientState(Location(""FIELD"", (37.72192853678859, -122.47347296319654), -1.0, FIELD), 197.1956397660701, UNKNOWN, HEMORRHAGIC)"
