sample,reward_best,reward_CA,location_lat,location_lon,patient_state
1,0.24418294143999997,0.24418294143999997,37.77105454080814,-121.78546985082872,"PatientState(Location(""FIELD"", (37.77105454080814, -121.78546985082872), -1.0, FIELD), 191.7606766542323, UNKNOWN, HEMORRHAGIC)"
2,0.24418294143999997,0.24418294143999997,37.77268828134677,-121.78446441896294,"PatientState(Location(""FIELD"", (37.77268828134677, -121.78446441896294), -1.0, FIELD), 260.12273490367454, UNKNOWN, NLVO)"
3,0.3252824087794766,0.24418294143999997,37.76940973452778,-121.78392381899765,"PatientState(Location(""FIELD"", (37.76940973452778, -121.78392381899765), -1.0, FIELD), 108.1576524691136, UNKNOWN, LVO)"
4,0.3418087147789405,0.3219480585028252,37.769307872435384,-121.78165821595685,"PatientState(Location(""FIELD"", (37.769307872435384, -121.78165821595685), -1.0, FIELD), 37.098105436352746, UNKNOWN, HEMORRHAGIC)"
5,0.3145720144699548,0.24418294143999997,37.77157828019934,-121.78164963554366,"PatientState(Location(""FIELD"", (37.77157828019934, -121.78164963554366), -1.0, FIELD), 156.1077014161367, UNKNOWN, LVO)"
