sample,reward_best,reward_CA,location_lat,location_lon,patient_state
1,0.3346817506004703,0.315759845845352,37.57690436530874,-121.72836971571809,"PatientState(Location(""FIELD"", (37.57690436530874, -121.72836971571809), -1.0, FIELD), 45.708039038870595, UNKNOWN, HEMORRHAGIC)"
2,0.24418294143999997,0.24418294143999997,37.57452862538051,-121.7280187666461,"PatientState(Location(""FIELD"", (37.57452862538051, -121.7280187666461), -1.0, FIELD), 162.87458223993676, UNKNOWN, HEMORRHAGIC)"
3,0.34046290159844794,0.3213443003124268,37.576237355626574,-121.72986828812054,"PatientState(Location(""FIELD"", (37.576237355626574, -121.72986828812054), -1.0, FIELD), 20.99423111218151, UNKNOWN, HEMORRHAGIC)"
4,0.3238864467805852,0.24418294143999997,37.574441306843546,-121.72805119241505,"PatientState(Location(""FIELD"", (37.574441306843546, -121.72805119241505), -1.0, FIELD), 92.49820585203676, UNKNOWN, HEMORRHAGIC)"
5,0.3203909177398448,0.24418294143999997,37.57416464871811,-121.7293434154098,"PatientState(Location(""FIELD"", (37.57416464871811, -121.7293434154098), -1.0, FIELD), 109.548098319955, UNKNOWN, LVO)"
