sample,reward_best,reward_CA,location_lat,location_lon,patient_state
1,0.3161900366561101,0.24418294143999997,37.54981017707653,-122.02526152614442,"PatientState(Location(""FIELD"", (37.54981017707653, -122.02526152614442), -1.0, FIELD), 175.9047863424775, UNKNOWN, NLVO)"
2,0.24418294143999997,0.24418294143999997,37.55102583154222,-122.02112772997476,"PatientState(Location(""FIELD"", (37.55102583154222, -122.02112772997476), -1.0, FIELD), 205.03317770324037, UNKNOWN, LVO)"
3,0.3139020366702195,0.24418294143999997,37.552303268964366,-122.02566898650622,"PatientState(Location(""FIELD"", (37.552303268964366, -122.02566898650622), -1.0, FIELD), 183.4135188915274, UNKNOWN, LVO)"
4,0.319898578274843,0.24418294143999997,37.549075965359314,-122.02243047051297,"PatientState(Location(""FIELD"", (37.549075965359314, -122.02243047051297), -1.0, FIELD), 156.9608001606257, UNKNOWN, HEMORRHAGIC)"
5,0.24418294143999997,0.24418294143999997,37.549103104929394,-122.0220615841637,"PatientState(Location(""FIELD"", (37.549103104929394, -122.0220615841637), -1.0, FIELD), 219.63870307261914, UNKNOWN, NLVO)"
