sample,reward_best,reward_CA,location_lat,location_lon,patient_state
1,0.24418294143999997,0.24418294143999997,37.767861475026045,-122.17513281914187,"PatientState(Location(""FIELD"", (37.767861475026045, -122.17513281914187), -1.0, FIELD), 174.69423578774473, UNKNOWN, LVO)"
2,0.24418294143999997,0.24418294143999997,37.76404265410043,-122.1724371930834,"PatientState(Location(""FIELD"", (37.76404265410043, -122.1724371930834), -1.0, FIELD), 228.46416785207325, UNKNOWN, LVO)"
3,0.33321733752415356,0.317258718389926,37.7669161295508,-122.17149792474298,"PatientState(Location(""FIELD"", (37.7669161295508, -122.17149792474298), -1.0, FIELD), 83.29212806478033, UNKNOWN, LVO)"
4,0.338257807151214,0.3221753858458801,37.76686761116029,-122.17216539316313,"PatientState(Location(""FIELD"", (37.76686761116029, -122.17216539316313), -1.0, FIELD), 61.665646001423795, UNKNOWN, LVO)"
5,0.3266990482870602,0.24418294143999997,37.766319739863086,-122.17385760517021,"PatientState(Location(""FIELD"", (37.766319739863086, -122.17385760517021), -1.0, FIELD), 112.86200909219463, UNKNOWN, LVO)"
