sample,reward_best,reward_CA,location_lat,location_lon,patient_state
1,0.24418294143999997,0.24418294143999997,37.867711637720234,-121.6134852168522,"PatientState(Location(""FIELD"", (37.867711637720234, -121.6134852168522), -1.0, FIELD), 218.17628990059015, UNKNOWN, LVO)"
2,0.24418294143999997,0.24418294143999997,37.86637460247553,-121.61338889801861,"PatientState(Location(""FIELD"", (37.86637460247553, -121.61338889801861), -1.0, FIELD), 73.70160487462512, UNKNOWN, LVO)"
3,0.24418294143999997,0.24418294143999997,37.86727588131066,-121.61556549837111,"PatientState(Location(""FIELD"", (37.86727588131066, -121.61556549837111), -1.0, FIELD), 122.52030052996368, UNKNOWN, MIMIC)"
4,0.31875724875633277,0.24418294143999997,37.86769416994242,-121.61270559629737,"PatientState(Location(""FIELD"", (37.86769416994242, -121.61270559629737), -1.0, FIELD), 30.167617545547706, UNKNOWN, HEMORRHAGIC)"
5,0.24418294143999997,0.24418294143999997,37.86848915534874,-121.61245578096354,"PatientState(Location(""FIELD"", (37.86848915534874, -121.61245578096354), -1.0, FIELD), 267.5944858652941, UNKNOWN, LVO)"
