sample,reward_best,reward_CA,location_lat,location_lon,patient_state
1,0.24418294143999997,0.24418294143999997,38.104142546280656,-121.78188325868815,"PatientState(Location(""FIELD"", (38.104142546280656, -121.78188325868815), -1.0, FIELD), 67.09238822173467, UNKNOWN, MIMIC)"
2,0.24418294143999997,0.24418294143999997,38.108251618353606,-121.78234509724408,"PatientState(Location(""FIELD"", (38.108251618353606, -121.78234509724408), -1.0, FIELD), 143.88043858654834, UNKNOWN, LVO)"
3,0.24418294143999997,0.24418294143999997,38.104286679627734,-121.78526592101063,"PatientState(Location(""FIELD"", (38.104286679627734, -121.78526592101063), -1.0, FIELD), 134.59986368565555, UNKNOWN, MIMIC)"
4,0.24418294143999997,0.24418294143999997,38.104846941171864,-121.7838135903248,"PatientState(Location(""FIELD"", (38.104846941171864, -121.7838135903248), -1.0, FIELD), 215.77847453262828, UNKNOWN, HEMORRHAGIC)"
5,0.24418294143999997,0.24418294143999997,38.10833035268883,-121.785690869308,"PatientState(Location(""FIELD"", (38.10833035268883, -121.785690869308), -1.0, FIELD), 133.01843547723706, UNKNOWN, LVO)"
