sample,reward_best,reward_CA,location_lat,location_lon,patient_state
1,0.2585894348332726,0.24418294143999997,37.94379940105595,-122.56935243890386,"PatientState(Location(""FIELD"", (37.94379940105595, -122.56935243890386), -1.0, FIELD), 105.03252237014819, UNKNOWN, HEMORRHAGIC)"
2,0.24418294143999997,0.24418294143999997,37.940515866961356,-122.56825316556184,"PatientState(Location(""FIELD"", (37.940515866961356, -122.56825316556184), -1.0, FIELD), 229.77666519107976, UNKNOWN, NLVO)"
3,0.24418294143999997,0.24418294143999997,37.93890033475369,-122.56971184048086,"PatientState(Location(""FIELD"", (37.93890033475369, -122.56971184048086), -1.0, FIELD), 241.33532951170244, UNKNOWN, LVO)"
4,0.316663891932264,0.2552519219110707,37.94278092625582,-122.56702288232302,"PatientState(Location(""FIELD"", (37.94278092625582, -122.56702288232302), -1.0, FIELD), 61.02011639726436, UNKNOWN, LVO)"
5,0.24418294143999997,0.24418294143999997,37.9420903611493,-122.569059629626,"PatientState(Location(""FIELD"", (37.9420903611493, -122.569059629626), -1.0, FIELD), 170.60123366098432, UNKNOWN, MIMIC)"
