sample,reward_best,reward_CA,location_lat,location_lon,patient_state
1,0.3137441664584964,0.2532267139008803,37.23586793715116,-121.73773622067006,"PatientState(Location(""FIELD"", (37.23586793715116, -121.73773622067006), -1.0, FIELD), 188.98172750081832, UNKNOWN, HEMORRHAGIC)"
2,0.34005851911281637,0.33685993764816025,37.23520624415454,-121.7400332256579,"PatientState(Location(""FIELD"", (37.23520624415454, -121.7400332256579), -1.0, FIELD), 73.41806992311643, UNKNOWN, LVO)"
3,0.24418294143999997,0.24418294143999997,37.234187320312294,-121.7360023042617,"PatientState(Location(""FIELD"", (37.234187320312294, -121.7360023042617), -1.0, FIELD), 247.0598896244441, UNKNOWN, LVO)"
4,0.3520465101984538,0.3488865116702835,37.237947277542794,-121.74020238100874,"PatientState(Location(""FIELD"", (37.237947277542794, -121.74020238100874), -1.0, FIELD), 11.61079441477929, UNKNOWN, LVO)"
5,0.3535730927310086,0.35041897039889996,37.238681467283676,-121.73846698399579,"PatientState(Location(""FIELD"", (37.238681467283676, -121.73846698399579), -1.0, FIELD), 6.06456759537371, UNKNOWN, LVO)"
