sample,reward_best,reward_CA,location_lat,location_lon,patient_state
1,0.24418294143999997,0.24418294143999997,37.228445874680155,-121.99960986816717,"PatientState(Location(""FIELD"", (37.228445874680155, -121.99960986816717), -1.0, FIELD), 250.17593161350223, UNKNOWN, HEMORRHAGIC)"
2,0.3143790763966593,0.3143790763966593,37.227181163413526,-121.99686075974158,"PatientState(Location(""FIELD"", (37.227181163413526, -121.99686075974158), -1.0, FIELD), 191.72648955456924, UNKNOWN, LVO)"
3,0.24418294143999997,0.24418294143999997,37.22548912244983,-121.99800970333746,"PatientState(Location(""FIELD"", (37.22548912244983, -121.99800970333746), -1.0, FIELD), 213.62885632392354, UNKNOWN, HEMORRHAGIC)"
4,0.24418294143999997,0.24418294143999997,37.228231860584216,-121.99744209879344,"PatientState(Location(""FIELD"", (37.228231860584216, -121.99744209879344), -1.0, FIELD), 214.93319375527724, UNKNOWN, HEMORRHAGIC)"
5,0.3306005394900687,0.3306005394900687,37.22829062940325,-121.99634449530765,"PatientState(Location(""FIELD"", (37.22829062940325, -121.99634449530765), -1.0, FIELD), 120.60835623799035, UNKNOWN, NLVO)"
