sample,reward_best,reward_CA,location_lat,location_lon,patient_state
1,0.34901566089482133,0.34901566089482133,37.22236182995198,-122.03980396128517,"PatientState(Location(""FIELD"", (37.22236182995198, -122.03980396128517), -1.0, FIELD), 17.023976525261414, UNKNOWN, MIMIC)"
2,0.3493366288065065,0.3493366288065065,37.22154856171952,-122.03947500637769,"PatientState(Location(""FIELD"", (37.22154856171952, -122.03947500637769), -1.0, FIELD), 15.66121238432035, UNKNOWN, HEMORRHAGIC)"
3,0.34331540894665913,0.34331540894665913,37.21973567540339,-122.03829918319171,"PatientState(Location(""FIELD"", (37.21973567540339, -122.03829918319171), -1.0, FIELD), 39.7000242885751, UNKNOWN, LVO)"
4,0.34692706267000506,0.34692706267000506,37.223463876219995,-122.03616189394016,"PatientState(Location(""FIELD"", (37.223463876219995, -122.03616189394016), -1.0, FIELD), 25.952484336841206, UNKNOWN, HEMORRHAGIC)"
5,0.33166309724092236,0.33166309724092236,37.22256532131776,-122.03959905632367,"PatientState(Location(""FIELD"", (37.22256532131776, -122.03959905632367), -1.0, FIELD), 91.71945641744404, UNKNOWN, HEMORRHAGIC)"
