sample,reward_best,reward_CA,location_lat,location_lon,patient_state
1,0.33665360387754906,0.31697205217592855,37.70194550499069,-121.67172658222185,"PatientState(Location(""FIELD"", (37.70194550499069, -121.67172658222185), -1.0, FIELD), 55.86683858980156, UNKNOWN, LVO)"
2,0.3161052077097271,0.24418294143999997,37.69940979595287,-121.67514963404872,"PatientState(Location(""FIELD"", (37.69940979595287, -121.67514963404872), -1.0, FIELD), 147.03952113858549, UNKNOWN, LVO)"
3,0.24418294143999997,0.24418294143999997,37.702162819419144,-121.67195388847291,"PatientState(Location(""FIELD"", (37.702162819419144, -121.67195388847291), -1.0, FIELD), 236.72760686699687, UNKNOWN, LVO)"
4,0.33407199713771296,0.31448289224945425,37.7003891539515,-121.6708938887709,"PatientState(Location(""FIELD"", (37.7003891539515, -121.6708938887709), -1.0, FIELD), 67.09140658728279, UNKNOWN, NLVO)"
5,0.327071078776307,0.24418294143999997,37.70078792815512,-121.67272747146228,"PatientState(Location(""FIELD"", (37.70078792815512, -121.67272747146228), -1.0, FIELD), 97.94530037385739, UNKNOWN, LVO)"
