sample,reward_best,reward_CA,location_lat,location_lon,patient_state
1,0.24418294143999997,0.24418294143999997,37.5490179466812,-122.23730244514145,"PatientState(Location(""FIELD"", (37.5490179466812, -122.23730244514145), -1.0, FIELD), 201.78544792031184, UNKNOWN, HEMORRHAGIC)"
2,0.31625364144363777,0.31625364144363777,37.549905656508045,-122.24038489528728,"PatientState(Location(""FIELD"", (37.549905656508045, -122.24038489528728), -1.0, FIELD), 180.52885450198093, UNKNOWN, LVO)"
3,0.32824069784555165,0.32824069784555165,37.548830702612484,-122.23827281474662,"PatientState(Location(""FIELD"", (37.548830702612484, -122.23827281474662), -1.0, FIELD), 127.37833950659191, UNKNOWN, LVO)"
4,0.3521961336680587,0.3521961336680587,37.5492739004732,-122.23927866726639,"PatientState(Location(""FIELD"", (37.5492739004732, -122.23927866726639), -1.0, FIELD), 24.364876457376916, UNKNOWN, HEMORRHAGIC)"
5,0.3283589053255494,0.3283589053255494,37.54969780107985,-122.23808791530148,"PatientState(Location(""FIELD"", (37.54969780107985, -122.23808791530148), -1.0, FIELD), 126.85410532831297, UNKNOWN, HEMORRHAGIC)"
