sample,reward_best,reward_CA,location_lat,location_lon,patient_state
1,0.24418294143999997,0.24418294143999997,37.70998085792662,-122.17383678551687,"PatientState(Location(""FIELD"", (37.70998085792662, -122.17383678551687), -1.0, FIELD), 186.72538725817458, UNKNOWN, HEMORRHAGIC)"
2,0.24418294143999997,0.24418294143999997,37.712632533614,-122.17316732593775,"PatientState(Location(""FIELD"", (37.712632533614, -122.17316732593775), -1.0, FIELD), 222.063546618858, UNKNOWN, MIMIC)"
3,0.24418294143999997,0.24418294143999997,37.711281487038235,-122.17401257424618,"PatientState(Location(""FIELD"", (37.711281487038235, -122.17401257424618), -1.0, FIELD), 211.08728563341126, UNKNOWN, HEMORRHAGIC)"
4,0.3270361357102385,0.24418294143999997,37.70989276517709,-122.17217927626119,"PatientState(Location(""FIELD"", (37.70989276517709, -122.17217927626119), -1.0, FIELD), 118.34913779730681, UNKNOWN, MIMIC)"
5,0.35288791424934407,0.33354526715983135,37.70989325374264,-122.17479870022976,"PatientState(Location(""FIELD"", (37.70989325374264, -122.17479870022976), -1.0, FIELD), 4.580207479992795, UNKNOWN, NLVO)"
