sample,reward_best,reward_CA,location_lat,location_lon,patient_state
1,0.24418294143999997,0.24418294143999997,37.93926040585729,-122.56375901659743,"PatientState(Location(""FIELD"", (37.93926040585729, -122.56375901659743), -1.0, FIELD), 227.33341751413468, UNKNOWN, HEMORRHAGIC)"
2,0.3289474658041646,0.2577858595829923,37.94290598670246,-122.56313144591287,"PatientState(Location(""FIELD"", (37.94290598670246, -122.56313144591287), -1.0, FIELD), 50.35443680646491, UNKNOWN, LVO)"
3,0.26058395436380544,0.24418294143999997,37.93957890357257,-122.56195564745144,"PatientState(Location(""FIELD"", (37.93957890357257, -122.56195564745144), -1.0, FIELD), 96.30755207358509, UNKNOWN, HEMORRHAGIC)"
4,0.3338230723704054,0.26157949017783827,37.9412532794639,-122.56357757654955,"PatientState(Location(""FIELD"", (37.9412532794639, -122.56357757654955), -1.0, FIELD), 27.86465328824541, UNKNOWN, LVO)"
5,0.2517224670032756,0.24418294143999997,37.94048805834653,-122.5654293363784,"PatientState(Location(""FIELD"", (37.94048805834653, -122.5654293363784), -1.0, FIELD), 145.21910463935743, UNKNOWN, NLVO)"
