sample,reward_best,reward_CA,location_lat,location_lon,patient_state
1,0.24418294143999997,0.24418294143999997,38.01487681593596,-122.07134354364577,"PatientState(Location(""FIELD"", (38.01487681593596, -122.07134354364577), -1.0, FIELD), 189.9782633721977, UNKNOWN, LVO)"
2,0.31683020785025356,0.31683020785025356,38.014661050719354,-122.0752935082931,"PatientState(Location(""FIELD"", (38.014661050719354, -122.0752935082931), -1.0, FIELD), 59.3587882729349, UNKNOWN, HEMORRHAGIC)"
3,0.24418294143999997,0.24418294143999997,38.01450651721941,-122.07447832739675,"PatientState(Location(""FIELD"", (38.01450651721941, -122.07447832739675), -1.0, FIELD), 98.1681689038485, UNKNOWN, LVO)"
4,0.24418294143999997,0.24418294143999997,38.01419698766243,-122.07517842499031,"PatientState(Location(""FIELD"", (38.01419698766243, -122.07517842499031), -1.0, FIELD), 248.15545815870567, UNKNOWN, HEMORRHAGIC)"
5,0.24418294143999997,0.24418294143999997,38.01691181520964,-122.07268725402918,"PatientState(Location(""FIELD"", (38.01691181520964, -122.07268725402918), -1.0, FIELD), 107.88134175150466, UNKNOWN, HEMORRHAGIC)"
