sample,reward_best,reward_CA,location_lat,location_lon,patient_state
1,0.3199368374494353,0.2580090790377703,37.263332906862274,-121.7794566342564,"PatientState(Location(""FIELD"", (37.263332906862274, -121.7794566342564), -1.0, FIELD), 161.92673942185118, UNKNOWN, HEMORRHAGIC)"
2,0.25292500379313293,0.25292500379313293,37.26213230324528,-121.78071393784658,"PatientState(Location(""FIELD"", (37.26213230324528, -121.78071393784658), -1.0, FIELD), 190.71907187277102, UNKNOWN, HEMORRHAGIC)"
3,0.31690820559372573,0.25572499352191874,37.26173022954558,-121.77628707041978,"PatientState(Location(""FIELD"", (37.26173022954558, -121.77628707041978), -1.0, FIELD), 172.47677330120604, UNKNOWN, HEMORRHAGIC)"
4,0.35251700346641085,0.35251700346641085,37.26318405525494,-121.77992642170597,"PatientState(Location(""FIELD"", (37.26318405525494, -121.77992642170597), -1.0, FIELD), 6.706123148439433, UNKNOWN, NLVO)"
5,0.24418294143999997,0.24418294143999997,37.26276845200352,-121.7762195760086,"PatientState(Location(""FIELD"", (37.26276845200352, -121.7762195760086), -1.0, FIELD), 196.87085673386366, UNKNOWN, HEMORRHAGIC)"
