sample,reward_best,reward_CA,location_lat,location_lon,patient_state
1,0.3271956194140996,0.3271956194140996,37.380903750735634,-121.87742108287348,"PatientState(Location(""FIELD"", (37.380903750735634, -121.87742108287348), -1.0, FIELD), 141.28042133252114, UNKNOWN, LVO)"
2,0.3235896990838205,0.3235896990838205,37.378978458624175,-121.8807536764828,"PatientState(Location(""FIELD"", (37.378978458624175, -121.8807536764828), -1.0, FIELD), 156.9127123068316, UNKNOWN, HEMORRHAGIC)"
3,0.24418294143999997,0.24418294143999997,37.38245366224284,-121.87922270973134,"PatientState(Location(""FIELD"", (37.38245366224284, -121.87922270973134), -1.0, FIELD), 226.29600939292467, UNKNOWN, LVO)"
4,0.3544317806054331,0.3544317806054331,37.383379204781114,-121.88034913247692,"PatientState(Location(""FIELD"", (37.383379204781114, -121.88034913247692), -1.0, FIELD), 23.280401119405965, UNKNOWN, HEMORRHAGIC)"
5,0.24418294143999997,0.24418294143999997,37.37941203865556,-121.87748739864476,"PatientState(Location(""FIELD"", (37.37941203865556, -121.87748739864476), -1.0, FIELD), 235.99953862341997, UNKNOWN, LVO)"
