sample,reward_best,reward_CA,location_lat,location_lon,patient_state
1,0.24418294143999997,0.24418294143999997,37.26079488742076,-121.63565742641981,"PatientState(Location(""FIELD"", (37.26079488742076, -121.63565742641981), -1.0, FIELD), 201.03578537210709, UNKNOWN, LVO)"
2,0.24418294143999997,0.24418294143999997,37.26096268885752,-121.63562505594554,"PatientState(Location(""FIELD"", (37.26096268885752, -121.63562505594554), -1.0, FIELD), 257.9735093875683, UNKNOWN, LVO)"
3,0.3365364799560047,0.3365364799560047,37.25988196796504,-121.63426903321003,"PatientState(Location(""FIELD"", (37.25988196796504, -121.63426903321003), -1.0, FIELD), 19.38230813880337, UNKNOWN, HEMORRHAGIC)"
4,0.33463599694119256,0.33463599694119256,37.258852341853846,-121.634813954598,"PatientState(Location(""FIELD"", (37.258852341853846, -121.634813954598), -1.0, FIELD), 27.748459393963678, UNKNOWN, MIMIC)"
5,0.24418294143999997,0.24418294143999997,37.25940791922722,-121.6323694295709,"PatientState(Location(""FIELD"", (37.25940791922722, -121.6323694295709), -1.0, FIELD), 167.22564909064258, UNKNOWN, LVO)"
