sample,reward_best,reward_CA,location_lat,location_lon,patient_state
1,0.3227010697630501,0.24418294143999997,37.72136823842645,-122.05773515465609,"PatientState(Location(""FIELD"", (37.72136823842645, -122.05773515465609), -1.0, FIELD), 128.4685057838076, UNKNOWN, HEMORRHAGIC)"
2,0.3511669127479306,0.33410360180469356,37.72354768994793,-122.05884979605415,"PatientState(Location(""FIELD"", (37.72354768994793, -122.05884979605415), -1.0, FIELD), 4.745649495801102, UNKNOWN, MIMIC)"
3,0.3502709792071823,0.33323135048674357,37.72155943981506,-122.06052298020983,"PatientState(Location(""FIELD"", (37.72155943981506, -122.06052298020983), -1.0, FIELD), 6.782773346095947, UNKNOWN, HEMORRHAGIC)"
4,0.32847218707559117,0.24418294143999997,37.72100145377143,-122.056674117418,"PatientState(Location(""FIELD"", (37.72100145377143, -122.056674117418), -1.0, FIELD), 102.87827826923831, UNKNOWN, HEMORRHAGIC)"
5,0.3280649537625376,0.24418294143999997,37.72327607659914,-122.05649083734819,"PatientState(Location(""FIELD"", (37.72327607659914, -122.05649083734819), -1.0, FIELD), 104.0821786135624, UNKNOWN, LVO)"
