sample,reward_best,reward_CA,location_lat,location_lon,patient_state
1,0.24418294143999997,0.24418294143999997,37.68174201852427,-122.02123258637016,"PatientState(Location(""FIELD"", (37.68174201852427, -122.02123258637016), -1.0, FIELD), 201.86732327237758, UNKNOWN, LVO)"
2,0.24418294143999997,0.24418294143999997,37.6832563419068,-122.02264979684863,"PatientState(Location(""FIELD"", (37.6832563419068, -122.02264979684863), -1.0, FIELD), 223.51134499514052, UNKNOWN, LVO)"
3,0.24418294143999997,0.24418294143999997,37.679148468461804,-122.02559670562809,"PatientState(Location(""FIELD"", (37.679148468461804, -122.02559670562809), -1.0, FIELD), 186.06799109392014, UNKNOWN, NLVO)"
4,0.3502609653100548,0.3323049185244685,37.681595783820356,-122.02151643784568,"PatientState(Location(""FIELD"", (37.681595783820356, -122.02151643784568), -1.0, FIELD), 10.168556381939506, UNKNOWN, LVO)"
5,0.24418294143999997,0.24418294143999997,37.68011236063358,-122.02120698345628,"PatientState(Location(""FIELD"", (37.68011236063358, -122.02120698345628), -1.0, FIELD), 211.00837011057368, UNKNOWN, LVO)"
