sample,reward_best,reward_CA,location_lat,location_lon,patient_state
1,0.24418294143999997,0.24418294143999997,37.545867218978515,-121.88745271906352,"PatientState(Location(""FIELD"", (37.545867218978515, -121.88745271906352), -1.0, FIELD), 231.6098458188952, UNKNOWN, HEMORRHAGIC)"
2,0.24418294143999997,0.24418294143999997,37.548411695540366,-121.88817674615397,"PatientState(Location(""FIELD"", (37.548411695540366, -121.88817674615397), -1.0, FIELD), 210.19196457026308, UNKNOWN, MIMIC)"
3,0.24418294143999997,0.24418294143999997,37.54632684194318,-121.88810936497549,"PatientState(Location(""FIELD"", (37.54632684194318, -121.88810936497549), -1.0, FIELD), 258.9915768992527, UNKNOWN, LVO)"
4,0.24418294143999997,0.24418294143999997,37.54724910971912,-121.88809733161978,"PatientState(Location(""FIELD"", (37.54724910971912, -121.88809733161978), -1.0, FIELD), 205.05634086401005, UNKNOWN, LVO)"
5,0.33927674913875266,0.320197782646276,37.54692465142197,-121.88688810203978,"PatientState(Location(""FIELD"", (37.54692465142197, -121.88688810203978), -1.0, FIELD), 72.29776479579849, UNKNOWN, LVO)"
