sample,reward_best,reward_CA,location_lat,location_lon,patient_state
1,0.3378863428434644,0.31755870321558477,37.6495772568358,-122.06551870182292,"PatientState(Location(""FIELD"", (37.6495772568358, -122.06551870182292), -1.0, FIELD), 72.7234750446599, UNKNOWN, NLVO)"
2,0.3190423251107759,0.24418294143999997,37.65061426255778,-122.06298801783717,"PatientState(Location(""FIELD"", (37.65061426255778, -122.06298801783717), -1.0, FIELD), 153.7767655826411, UNKNOWN, HEMORRHAGIC)"
3,0.24418294143999997,0.24418294143999997,37.65126223524325,-122.06479516120635,"PatientState(Location(""FIELD"", (37.65126223524325, -122.06479516120635), -1.0, FIELD), 224.0580303165896, UNKNOWN, HEMORRHAGIC)"
4,0.24418294143999997,0.24418294143999997,37.652301016064435,-122.06479206271236,"PatientState(Location(""FIELD"", (37.652301016064435, -122.06479206271236), -1.0, FIELD), 255.8579690786091, UNKNOWN, HEMORRHAGIC)"
5,0.33274161680997427,0.24418294143999997,37.65328508660848,-122.06103564486467,"PatientState(Location(""FIELD"", (37.65328508660848, -122.06103564486467), -1.0, FIELD), 92.2362596024203, UNKNOWN, LVO)"
