sample,reward_best,reward_CA,location_lat,location_lon,patient_state
1,0.3440428125773797,0.3440428125773797,37.43118862404066,-122.24366176257539,"PatientState(Location(""FIELD"", (37.43118862404066, -122.24366176257539), -1.0, FIELD), 62.79432539117898, UNKNOWN, LVO)"
2,0.3491414706767693,0.3491414706767693,37.4307026731824,-122.24537589822191,"PatientState(Location(""FIELD"", (37.4307026731824, -122.24537589822191), -1.0, FIELD), 41.17473775492251, UNKNOWN, HEMORRHAGIC)"
3,0.3227507455354845,0.3227507455354845,37.42883999376721,-122.2433159435778,"PatientState(Location(""FIELD"", (37.42883999376721, -122.2433159435778), -1.0, FIELD), 154.65803348717964, UNKNOWN, LVO)"
4,0.3468405210773551,0.3468405210773551,37.43123535332634,-122.24115167278504,"PatientState(Location(""FIELD"", (37.43123535332634, -122.24115167278504), -1.0, FIELD), 50.55283619679557, UNKNOWN, HEMORRHAGIC)"
5,0.32199337749905166,0.32199337749905166,37.43172153804256,-122.24255592221424,"PatientState(Location(""FIELD"", (37.43172153804256, -122.24255592221424), -1.0, FIELD), 158.6716785466844, UNKNOWN, HEMORRHAGIC)"
