sample,reward_best,reward_CA,location_lat,location_lon,patient_state
1,0.24418294143999997,0.24418294143999997,37.600918193417634,-122.36524160099192,"PatientState(Location(""FIELD"", (37.600918193417634, -122.36524160099192), -1.0, FIELD), 217.3295249562675, UNKNOWN, HEMORRHAGIC)"
2,0.24418294143999997,0.24418294143999997,37.59998009668793,-122.36322698523931,"PatientState(Location(""FIELD"", (37.59998009668793, -122.36322698523931), -1.0, FIELD), 265.71688079870563, UNKNOWN, LVO)"
3,0.24418294143999997,0.24418294143999997,37.60079645909251,-122.36307583012086,"PatientState(Location(""FIELD"", (37.60079645909251, -122.36307583012086), -1.0, FIELD), 216.2349046648435, UNKNOWN, HEMORRHAGIC)"
4,0.2518877425833723,0.2518877425833723,37.5989547055781,-122.36109629785568,"PatientState(Location(""FIELD"", (37.5989547055781, -122.36109629785568), -1.0, FIELD), 199.71922742450292, UNKNOWN, LVO)"
5,0.33891771745476273,0.33585549583122737,37.60109113053868,-122.36296078859786,"PatientState(Location(""FIELD"", (37.60109113053868, -122.36296078859786), -1.0, FIELD), 79.69763981619114, UNKNOWN, LVO)"
