sample,reward_best,reward_CA,location_lat,location_lon,patient_state
1,0.24418294143999997,0.24418294143999997,37.71351178362495,-122.20004302749237,"PatientState(Location(""FIELD"", (37.71351178362495, -122.20004302749237), -1.0, FIELD), 256.76332772651665, UNKNOWN, LVO)"
2,0.33645236470073236,0.31810700258765434,37.71218597358038,-122.19589279262891,"PatientState(Location(""FIELD"", (37.71218597358038, -122.19589279262891), -1.0, FIELD), 72.74158065474634, UNKNOWN, HEMORRHAGIC)"
3,0.33524981298675793,0.3169433632093986,37.709315381983686,-122.19932899534122,"PatientState(Location(""FIELD"", (37.709315381983686, -122.19932899534122), -1.0, FIELD), 77.48665828955649, UNKNOWN, MIMIC)"
4,0.33298561261192244,0.3147541499764227,37.71125078998702,-122.20045090443718,"PatientState(Location(""FIELD"", (37.71125078998702, -122.20045090443718), -1.0, FIELD), 87.89141948641152, UNKNOWN, HEMORRHAGIC)"
5,0.3150303433827326,0.24418294143999997,37.70932288349342,-122.19819810242433,"PatientState(Location(""FIELD"", (37.70932288349342, -122.19819810242433), -1.0, FIELD), 166.83630559086563, UNKNOWN, HEMORRHAGIC)"
