sample,reward_best,reward_CA,location_lat,location_lon,patient_state
1,0.24418294143999997,0.24418294143999997,37.85988893766644,-121.67080419509452,"PatientState(Location(""FIELD"", (37.85988893766644, -121.67080419509452), -1.0, FIELD), 88.89837623515366, UNKNOWN, HEMORRHAGIC)"
2,0.24418294143999997,0.24418294143999997,37.860277135970925,-121.67103388742152,"PatientState(Location(""FIELD"", (37.860277135970925, -121.67103388742152), -1.0, FIELD), 223.88676616757238, UNKNOWN, LVO)"
3,0.24418294143999997,0.24418294143999997,37.861229026690424,-121.67394298784077,"PatientState(Location(""FIELD"", (37.861229026690424, -121.67394298784077), -1.0, FIELD), 223.14931155756526, UNKNOWN, HEMORRHAGIC)"
4,0.24418294143999997,0.24418294143999997,37.8620229917775,-121.67103803898627,"PatientState(Location(""FIELD"", (37.8620229917775, -121.67103803898627), -1.0, FIELD), 125.46896921125642, UNKNOWN, HEMORRHAGIC)"
5,0.24418294143999997,0.24418294143999997,37.86107706087182,-121.67548842372167,"PatientState(Location(""FIELD"", (37.86107706087182, -121.67548842372167), -1.0, FIELD), 233.737533379076, UNKNOWN, LVO)"
