sample,reward_best,reward_CA,location_lat,location_lon,patient_state
1,0.2633689212219863,0.24418294143999997,38.016255851640686,-122.17342773847463,"PatientState(Location(""FIELD"", (38.016255851640686, -122.17342773847463), -1.0, FIELD), 86.68720232658293, UNKNOWN, NLVO)"
2,0.25940626693970925,0.24418294143999997,38.018260550349915,-122.17551001256156,"PatientState(Location(""FIELD"", (38.018260550349915, -122.17551001256156), -1.0, FIELD), 108.49836161980711, UNKNOWN, HEMORRHAGIC)"
3,0.34121794296669,0.3293017104612951,38.01845186560311,-122.17419209317023,"PatientState(Location(""FIELD"", (38.01845186560311, -122.17419209317023), -1.0, FIELD), 4.939219483023837, UNKNOWN, LVO)"
4,0.24418294143999997,0.24418294143999997,38.0150767421648,-122.1710538529107,"PatientState(Location(""FIELD"", (38.0150767421648, -122.1710538529107), -1.0, FIELD), 233.4760758924373, UNKNOWN, LVO)"
5,0.24418294143999997,0.24418294143999997,38.01385213797344,-122.17251919079088,"PatientState(Location(""FIELD"", (38.01385213797344, -122.17251919079088), -1.0, FIELD), 252.57867320106502, UNKNOWN, HEMORRHAGIC)"
