sample,reward_best,reward_CA,location_lat,location_lon,patient_state
1,0.3288943096861418,0.2669806558389426,37.394113595040885,-122.41654076642078,"PatientState(Location(""FIELD"", (37.394113595040885, -122.41654076642078), -1.0, FIELD), 98.79368991664609, UNKNOWN, HEMORRHAGIC)"
2,0.31937082203229294,0.25928928347672764,37.39659976785899,-122.41902312886151,"PatientState(Location(""FIELD"", (37.39659976785899, -122.41902312886151), -1.0, FIELD), 142.8338312176368, UNKNOWN, HEMORRHAGIC)"
3,0.2522238462394619,0.2522238462394619,37.3950628862965,-122.41778381381131,"PatientState(Location(""FIELD"", (37.3950628862965, -122.41778381381131), -1.0, FIELD), 182.58478021307513, UNKNOWN, LVO)"
4,0.24418294143999997,0.24418294143999997,37.39515474583061,-122.41957721523306,"PatientState(Location(""FIELD"", (37.39515474583061, -122.41957721523306), -1.0, FIELD), 223.39894012053625, UNKNOWN, NLVO)"
5,0.24418294143999997,0.24418294143999997,37.397418021217234,-122.41671868361512,"PatientState(Location(""FIELD"", (37.397418021217234, -122.41671868361512), -1.0, FIELD), 220.97381741210347, UNKNOWN, MIMIC)"
