sample,reward_best,reward_CA,location_lat,location_lon,patient_state
1,0.3316884691823638,0.24418294143999997,37.609314998590655,-121.63296742556615,"PatientState(Location(""FIELD"", (37.609314998590655, -121.63296742556615), -1.0, FIELD), 60.95034081616005, UNKNOWN, MIMIC)"
2,0.24418294143999997,0.24418294143999997,37.61172687848932,-121.6337106605409,"PatientState(Location(""FIELD"", (37.61172687848932, -121.6337106605409), -1.0, FIELD), 192.9669904386729, UNKNOWN, NLVO)"
3,0.24418294143999997,0.24418294143999997,37.612919999114446,-121.63167590188003,"PatientState(Location(""FIELD"", (37.612919999114446, -121.63167590188003), -1.0, FIELD), 215.85287938142991, UNKNOWN, LVO)"
4,0.24418294143999997,0.24418294143999997,37.61281373353288,-121.631891735619,"PatientState(Location(""FIELD"", (37.61281373353288, -121.631891735619), -1.0, FIELD), 198.8206609351883, UNKNOWN, HEMORRHAGIC)"
5,0.33264591607226507,0.24418294143999997,37.6132095756285,-121.63573305634615,"PatientState(Location(""FIELD"", (37.6132095756285, -121.63573305634615), -1.0, FIELD), 54.730049458314525, UNKNOWN, LVO)"
