sample,reward_best,reward_CA,location_lat,location_lon,patient_state
1,0.3552255663449099,0.3510690064223725,37.3457819546734,-122.11748445681727,"PatientState(Location(""FIELD"", (37.3457819546734, -122.11748445681727), -1.0, FIELD), 7.590396672872802, UNKNOWN, LVO)"
2,0.24418294143999997,0.24418294143999997,37.346120808041135,-122.116512802662,"PatientState(Location(""FIELD"", (37.346120808041135, -122.116512802662), -1.0, FIELD), 242.81749135680286, UNKNOWN, NLVO)"
3,0.24418294143999997,0.24418294143999997,37.344332629378684,-122.12024233742379,"PatientState(Location(""FIELD"", (37.344332629378684, -122.12024233742379), -1.0, FIELD), 247.77815254700056, UNKNOWN, LVO)"
4,0.33197653538508326,0.3277715861410399,37.344290826410855,-122.11866467237672,"PatientState(Location(""FIELD"", (37.344290826410855, -122.11866467237672), -1.0, FIELD), 107.84455893589382, UNKNOWN, NLVO)"
5,0.3520179033242701,0.347852445468553,37.34487232157666,-122.11831083823066,"PatientState(Location(""FIELD"", (37.34487232157666, -122.11831083823066), -1.0, FIELD), 21.75175507854349, UNKNOWN, NLVO)"
