sample,reward_best,reward_CA,location_lat,location_lon,patient_state
1,0.24418294143999997,0.24418294143999997,38.16331340504559,-122.25178124410847,"PatientState(Location(""FIELD"", (38.16331340504559, -122.25178124410847), -1.0, FIELD), 141.8802494136117, UNKNOWN, LVO)"
2,0.25303288675924684,0.24418294143999997,38.16179151099838,-122.2539868843383,"PatientState(Location(""FIELD"", (38.16179151099838, -122.2539868843383), -1.0, FIELD), 71.4460100354246, UNKNOWN, LVO)"
3,0.24418294143999997,0.24418294143999997,38.160155576196935,-122.25270484732842,"PatientState(Location(""FIELD"", (38.160155576196935, -122.25270484732842), -1.0, FIELD), 170.6690925355086, UNKNOWN, LVO)"
4,0.3287679047803784,0.24418294143999997,38.16170904728534,-122.25404978378417,"PatientState(Location(""FIELD"", (38.16170904728534, -122.25404978378417), -1.0, FIELD), 7.635793014762036, UNKNOWN, LVO)"
5,0.24418294143999997,0.24418294143999997,38.16160975009482,-122.25551510913807,"PatientState(Location(""FIELD"", (38.16160975009482, -122.25551510913807), -1.0, FIELD), 253.94638098157213, UNKNOWN, MIMIC)"
