sample,reward_best,reward_CA,location_lat,location_lon,patient_state
1,0.24418294143999997,0.24418294143999997,37.78724015734964,-121.73725909574536,"PatientState(Location(""FIELD"", (37.78724015734964, -121.73725909574536), -1.0, FIELD), 149.7305696083487, UNKNOWN, LVO)"
2,0.24418294143999997,0.24418294143999997,37.7869428225005,-121.7379343408605,"PatientState(Location(""FIELD"", (37.7869428225005, -121.7379343408605), -1.0, FIELD), 208.6202497903101, UNKNOWN, HEMORRHAGIC)"
3,0.34235724013969415,0.24418294143999997,37.78720163844167,-121.73819353851236,"PatientState(Location(""FIELD"", (37.78720163844167, -121.73819353851236), -1.0, FIELD), 18.505673290529277, UNKNOWN, NLVO)"
4,0.3461895958595712,0.24418294143999997,37.78757204972155,-121.7402901571987,"PatientState(Location(""FIELD"", (37.78757204972155, -121.7402901571987), -1.0, FIELD), 2.1141135433967753, UNKNOWN, LVO)"
5,0.24418294143999997,0.24418294143999997,37.787766432618746,-121.73936466603138,"PatientState(Location(""FIELD"", (37.787766432618746, -121.73936466603138), -1.0, FIELD), 257.5375740027379, UNKNOWN, LVO)"
