sample,reward_best,reward_CA,location_lat,location_lon,patient_state
1,0.24418294143999997,0.24418294143999997,37.69512475338253,-122.48336632128778,"PatientState(Location(""FIELD"", (37.69512475338253, -122.48336632128778), -1.0, FIELD), 252.41324667750143, UNKNOWN, LVO)"
2,0.24418294143999997,0.24418294143999997,37.697376142808075,-122.48532500839046,"PatientState(Location(""FIELD"", (37.697376142808075, -122.48532500839046), -1.0, FIELD), 263.0015803974427, UNKNOWN, LVO)"
3,0.32078077333410127,0.2606657863074499,37.69454193914965,-122.48149949742925,"PatientState(Location(""FIELD"", (37.69454193914965, -122.48149949742925), -1.0, FIELD), 143.6823464617276, UNKNOWN, LVO)"
4,0.3145854259069173,0.24418294143999997,37.697275321512215,-122.4831454429923,"PatientState(Location(""FIELD"", (37.697275321512215, -122.4831454429923), -1.0, FIELD), 173.69220760690368, UNKNOWN, NLVO)"
5,0.33553157889280344,0.3212976063048966,37.69741931655486,-122.48546566662488,"PatientState(Location(""FIELD"", (37.69741931655486, -122.48546566662488), -1.0, FIELD), 80.81084560207212, UNKNOWN, LVO)"
