sample,reward_best,reward_CA,location_lat,location_lon,patient_state
1,0.24418294143999997,0.24418294143999997,37.66590136960453,-122.37655093096494,"PatientState(Location(""FIELD"", (37.66590136960453, -122.37655093096494), -1.0, FIELD), 205.20287688003594, UNKNOWN, HEMORRHAGIC)"
2,0.24418294143999997,0.24418294143999997,37.66448719930043,-122.37642204409872,"PatientState(Location(""FIELD"", (37.66448719930043, -122.37642204409872), -1.0, FIELD), 203.11520564442222, UNKNOWN, HEMORRHAGIC)"
3,0.2517710914302489,0.2517710914302489,37.66457497136738,-122.37858937659826,"PatientState(Location(""FIELD"", (37.66457497136738, -122.37858937659826), -1.0, FIELD), 194.72643055395946, UNKNOWN, LVO)"
4,0.33510095796377826,0.33180468210808045,37.6658241763536,-122.3801479747126,"PatientState(Location(""FIELD"", (37.6658241763536, -122.3801479747126), -1.0, FIELD), 88.31938657628645, UNKNOWN, LVO)"
5,0.33785410995506304,0.3345692148234314,37.66454349520316,-122.37926388090897,"PatientState(Location(""FIELD"", (37.66454349520316, -122.37926388090897), -1.0, FIELD), 76.29774718459424, UNKNOWN, LVO)"
