sample,reward_best,reward_CA,location_lat,location_lon,patient_state
1,0.24418294143999997,0.24418294143999997,37.865202414671096,-121.85930700495685,"PatientState(Location(""FIELD"", (37.865202414671096, -121.85930700495685), -1.0, FIELD), 265.0957484303285, UNKNOWN, LVO)"
2,0.24418294143999997,0.24418294143999997,37.86628299535092,-121.85737710381652,"PatientState(Location(""FIELD"", (37.86628299535092, -121.85737710381652), -1.0, FIELD), 119.67310788287051, UNKNOWN, LVO)"
3,0.3216186580524049,0.24418294143999997,37.866193187469065,-121.85651300024584,"PatientState(Location(""FIELD"", (37.866193187469065, -121.85651300024584), -1.0, FIELD), 24.200616733132648, UNKNOWN, HEMORRHAGIC)"
4,0.24418294143999997,0.24418294143999997,37.863919180195644,-121.85931173873463,"PatientState(Location(""FIELD"", (37.863919180195644, -121.85931173873463), -1.0, FIELD), 166.947904494804, UNKNOWN, HEMORRHAGIC)"
5,0.24418294143999997,0.24418294143999997,37.868660189172964,-121.8585165008286,"PatientState(Location(""FIELD"", (37.868660189172964, -121.8585165008286), -1.0, FIELD), 112.08603615503121, UNKNOWN, LVO)"
