sample,reward_best,reward_CA,location_lat,location_lon,patient_state
1,0.3443856168474963,0.3401843815399313,37.25692633186991,-121.84401711246089,"PatientState(Location(""FIELD"", (37.25692633186991, -121.84401711246089), -1.0, FIELD), 59.394649493838436, UNKNOWN, HEMORRHAGIC)"
2,0.3359308531503263,0.3317193405004454,37.2574850076951,-121.84192495181432,"PatientState(Location(""FIELD"", (37.2574850076951, -121.84192495181432), -1.0, FIELD), 95.89119672954615, UNKNOWN, HEMORRHAGIC)"
3,0.34453459946837545,0.3403335892274269,37.254202617455874,-121.8421984075496,"PatientState(Location(""FIELD"", (37.254202617455874, -121.8421984075496), -1.0, FIELD), 60.73095146669555, UNKNOWN, LVO)"
4,0.320164955882834,0.25753880943418117,37.253974581195926,-121.84209927686507,"PatientState(Location(""FIELD"", (37.253974581195926, -121.84209927686507), -1.0, FIELD), 167.15571794859002, UNKNOWN, LVO)"
5,0.24418294143999997,0.24418294143999997,37.256501479541235,-121.84248647596613,"PatientState(Location(""FIELD"", (37.256501479541235, -121.84248647596613), -1.0, FIELD), 237.60533342178817, UNKNOWN, NLVO)"
