sample,reward_best,reward_CA,location_lat,location_lon,patient_state
1,0.35071954592802956,0.33087487192555315,37.66977825078481,-122.163612803593,"PatientState(Location(""FIELD"", (37.66977825078481, -122.163612803593), -1.0, FIELD), 12.468558793562298, UNKNOWN, LVO)"
2,0.3301792694563228,0.24418294143999997,37.66914193838263,-122.16239229164748,"PatientState(Location(""FIELD"", (37.66914193838263, -122.16239229164748), -1.0, FIELD), 100.87858544333065, UNKNOWN, LVO)"
3,0.33718797582223553,0.31823965323713077,37.6727691058762,-122.16143174005225,"PatientState(Location(""FIELD"", (37.6727691058762, -122.16143174005225), -1.0, FIELD), 68.29263770684533, UNKNOWN, NLVO)"
4,0.3271261795472586,0.24418294143999997,37.6716221094957,-122.1610038135994,"PatientState(Location(""FIELD"", (37.6716221094957, -122.1610038135994), -1.0, FIELD), 112.19273827020729, UNKNOWN, LVO)"
5,0.24418294143999997,0.24418294143999997,37.66955727747088,-122.16155542717989,"PatientState(Location(""FIELD"", (37.66955727747088, -122.16155542717989), -1.0, FIELD), 205.81435333718056, UNKNOWN, HEMORRHAGIC)"
