sample,reward_best,reward_CA,location_lat,location_lon,patient_state
1,0.3475454112925167,0.3475454112925167,37.21274325223263,-122.21836322057138,"PatientState(Location(""FIELD"", (37.21274325223263, -122.21836322057138), -1.0, FIELD), 6.176242461391187, UNKNOWN, LVO)"
2,0.34905406919714554,0.34905406919714554,37.210401971854324,-122.21609644637725,"PatientState(Location(""FIELD"", (37.210401971854324, -122.21609644637725), -1.0, FIELD), 0.2642023856530973, UNKNOWN, LVO)"
3,0.24418294143999997,0.24418294143999997,37.213039660793456,-122.21995781950959,"PatientState(Location(""FIELD"", (37.213039660793456, -122.21995781950959), -1.0, FIELD), 227.44549915096434, UNKNOWN, NLVO)"
4,0.34022234670048546,0.34022234670048546,37.213330932666906,-122.21765449516614,"PatientState(Location(""FIELD"", (37.213330932666906, -122.21765449516614), -1.0, FIELD), 37.517802685096186, UNKNOWN, HEMORRHAGIC)"
5,0.3193446675870651,0.3193446675870651,37.212593571991846,-122.21932844255865,"PatientState(Location(""FIELD"", (37.212593571991846, -122.21932844255865), -1.0, FIELD), 129.00400447656142, UNKNOWN, MIMIC)"
