sample,reward_best,reward_CA,location_lat,location_lon,patient_state
1,0.319781022363995,0.24418294143999997,38.00159917068734,-121.79685915049376,"PatientState(Location(""FIELD"", (38.00159917068734, -121.79685915049376), -1.0, FIELD), 38.73493448954747, UNKNOWN, LVO)"
2,0.24418294143999997,0.24418294143999997,38.003320284529046,-121.79840557993211,"PatientState(Location(""FIELD"", (38.003320284529046, -121.79840557993211), -1.0, FIELD), 268.8177739796972, UNKNOWN, LVO)"
3,0.24418294143999997,0.24418294143999997,38.00341602076642,-121.7993384272928,"PatientState(Location(""FIELD"", (38.00341602076642, -121.7993384272928), -1.0, FIELD), 241.69435666618338, UNKNOWN, MIMIC)"
4,0.3222878837828507,0.24418294143999997,37.99969562774807,-121.79941873410205,"PatientState(Location(""FIELD"", (37.99969562774807, -121.79941873410205), -1.0, FIELD), 27.54183500595602, UNKNOWN, LVO)"
5,0.3173500206771768,0.24418294143999997,38.0004802499858,-121.79695846882389,"PatientState(Location(""FIELD"", (38.0004802499858, -121.79695846882389), -1.0, FIELD), 49.77470889230287, UNKNOWN, LVO)"
