sample,reward_best,reward_CA,location_lat,location_lon,patient_state
1,0.31915075175858504,0.2591130108571266,37.444259664235,-122.43259468712634,"PatientState(Location(""FIELD"", (37.444259664235, -122.43259468712634), -1.0, FIELD), 145.7771406788559, UNKNOWN, HEMORRHAGIC)"
2,0.34568726290649815,0.3422876278090459,37.448692079972396,-122.43468912652152,"PatientState(Location(""FIELD"", (37.448692079972396, -122.43468912652152), -1.0, FIELD), 30.798866870827265, UNKNOWN, HEMORRHAGIC)"
3,0.3494072555958531,0.34603242104935017,37.448681018353525,-122.43541755301378,"PatientState(Location(""FIELD"", (37.448681018353525, -122.43541755301378), -1.0, FIELD), 14.711431166776235, UNKNOWN, LVO)"
4,0.31948877948134646,0.25938379249869187,37.447011168012736,-122.43427356844148,"PatientState(Location(""FIELD"", (37.447011168012736, -122.43427356844148), -1.0, FIELD), 145.10695394576675, UNKNOWN, HEMORRHAGIC)"
5,0.3242661122180481,0.2632273594082402,37.445555270401066,-122.43330466750018,"PatientState(Location(""FIELD"", (37.445555270401066, -122.43330466750018), -1.0, FIELD), 123.54913609400379, UNKNOWN, HEMORRHAGIC)"
