sample,reward_best,reward_CA,location_lat,location_lon,patient_state
1,0.25507172748141826,0.24418294143999997,37.94200883197564,-122.52737806263386,"PatientState(Location(""FIELD"", (37.94200883197564, -122.52737806263386), -1.0, FIELD), 140.36276520037345, UNKNOWN, NLVO)"
2,0.24418294143999997,0.24418294143999997,37.942290101224415,-122.52775934072677,"PatientState(Location(""FIELD"", (37.942290101224415, -122.52775934072677), -1.0, FIELD), 209.97112102697048, UNKNOWN, HEMORRHAGIC)"
3,0.3353993362278883,0.2621779851123857,37.943298099687524,-122.52969707643595,"PatientState(Location(""FIELD"", (37.943298099687524, -122.52969707643595), -1.0, FIELD), 35.81791116857628, UNKNOWN, MIMIC)"
4,0.24418294143999997,0.24418294143999997,37.942510817011545,-122.52580663955241,"PatientState(Location(""FIELD"", (37.942510817011545, -122.52580663955241), -1.0, FIELD), 223.62670777659142, UNKNOWN, HEMORRHAGIC)"
5,0.24418294143999997,0.24418294143999997,37.943753278222175,-122.52850193168037,"PatientState(Location(""FIELD"", (37.943753278222175, -122.52850193168037), -1.0, FIELD), 237.30079256135747, UNKNOWN, HEMORRHAGIC)"
