sample,reward_best,reward_CA,location_lat,location_lon,patient_state
1,0.3253923090191632,0.24418294143999997,37.91258587870769,-122.1204734344317,"PatientState(Location(""FIELD"", (37.91258587870769, -122.1204734344317), -1.0, FIELD), 89.22228238162283, UNKNOWN, MIMIC)"
2,0.24418294143999997,0.24418294143999997,37.91003744444491,-122.11687843626514,"PatientState(Location(""FIELD"", (37.91003744444491, -122.11687843626514), -1.0, FIELD), 249.49380477684457, UNKNOWN, HEMORRHAGIC)"
3,0.32286531740042795,0.24418294143999997,37.911203950267904,-122.11952011399526,"PatientState(Location(""FIELD"", (37.911203950267904, -122.11952011399526), -1.0, FIELD), 103.53961726544985, UNKNOWN, LVO)"
4,0.24418294143999997,0.24418294143999997,37.91138954338558,-122.11879483223409,"PatientState(Location(""FIELD"", (37.91138954338558, -122.11879483223409), -1.0, FIELD), 209.2666115070402, UNKNOWN, LVO)"
5,0.33131096538491256,0.3166908288378455,37.912717008169004,-122.11687863395404,"PatientState(Location(""FIELD"", (37.912717008169004, -122.11687863395404), -1.0, FIELD), 66.35748738811895, UNKNOWN, LVO)"
