sample,reward_best,reward_CA,location_lat,location_lon,patient_state
1,0.3211374602733331,0.24418294143999997,38.1433459780548,-122.1831535437064,"PatientState(Location(""FIELD"", (38.1433459780548, -122.1831535437064), -1.0, FIELD), 38.97621020027342, UNKNOWN, NLVO)"
2,0.3169981486117316,0.24418294143999997,38.14355324727174,-122.18159725045759,"PatientState(Location(""FIELD"", (38.14355324727174, -122.18159725045759), -1.0, FIELD), 57.44916818544819, UNKNOWN, LVO)"
3,0.24418294143999997,0.24418294143999997,38.14359633383167,-122.18259803915115,"PatientState(Location(""FIELD"", (38.14359633383167, -122.18259803915115), -1.0, FIELD), 142.48174460403115, UNKNOWN, HEMORRHAGIC)"
4,0.24418294143999997,0.24418294143999997,38.14366145778712,-122.18086102953139,"PatientState(Location(""FIELD"", (38.14366145778712, -122.18086102953139), -1.0, FIELD), 171.28855216911163, UNKNOWN, LVO)"
5,0.24418294143999997,0.24418294143999997,38.14362621241108,-122.183578534787,"PatientState(Location(""FIELD"", (38.14362621241108, -122.183578534787), -1.0, FIELD), 245.86324587838993, UNKNOWN, LVO)"
