sample,reward_best,reward_CA,location_lat,location_lon,patient_state
1,0.3532198267508958,0.3260158197038057,37.61475512286314,-122.17364759754773,"PatientState(Location(""FIELD"", (37.61475512286314, -122.17364759754773), -1.0, FIELD), 18.462110143513843, UNKNOWN, HEMORRHAGIC)"
2,0.34403722854429025,0.317242874899436,37.614891704167306,-122.17257434819308,"PatientState(Location(""FIELD"", (37.614891704167306, -122.17257434819308), -1.0, FIELD), 57.42321745033042, UNKNOWN, LVO)"
3,0.24418294143999997,0.24418294143999997,37.61440565196148,-122.17527919499302,"PatientState(Location(""FIELD"", (37.61440565196148, -122.17527919499302), -1.0, FIELD), 205.59043116920265, UNKNOWN, LVO)"
4,0.24418294143999997,0.24418294143999997,37.615173785889525,-122.17351273342582,"PatientState(Location(""FIELD"", (37.615173785889525, -122.17351273342582), -1.0, FIELD), 203.65881977351344, UNKNOWN, LVO)"
5,0.35394669379119864,0.32671153415069204,37.61502120623105,-122.17165046622826,"PatientState(Location(""FIELD"", (37.61502120623105, -122.17165046622826), -1.0, FIELD), 15.283671487281191, UNKNOWN, HEMORRHAGIC)"
