sample,reward_best,reward_CA,location_lat,location_lon,patient_state
1,0.3209947587869528,0.24418294143999997,37.54497023241637,-121.7943131943069,"PatientState(Location(""FIELD"", (37.54497023241637, -121.7943131943069), -1.0, FIELD), 112.79759865256133, UNKNOWN, HEMORRHAGIC)"
2,0.3136709497756773,0.24418294143999997,37.54390975060149,-121.79131301780377,"PatientState(Location(""FIELD"", (37.54390975060149, -121.79131301780377), -1.0, FIELD), 142.92091070530532, UNKNOWN, LVO)"
3,0.24418294143999997,0.24418294143999997,37.54502439594595,-121.79255832775242,"PatientState(Location(""FIELD"", (37.54502439594595, -121.79255832775242), -1.0, FIELD), 181.80820033664023, UNKNOWN, LVO)"
4,0.24418294143999997,0.24418294143999997,37.5438266372868,-121.79256388617469,"PatientState(Location(""FIELD"", (37.5438266372868, -121.79256388617469), -1.0, FIELD), 232.0946444307569, UNKNOWN, HEMORRHAGIC)"
5,0.32082986316035783,0.24418294143999997,37.545636868626524,-121.7931236104817,"PatientState(Location(""FIELD"", (37.545636868626524, -121.7931236104817), -1.0, FIELD), 112.17366767046427, UNKNOWN, LVO)"
