sample,reward_best,reward_CA,location_lat,location_lon,patient_state
1,0.25173758558807063,0.25173758558807063,37.34989155650087,-122.397829035931,"PatientState(Location(""FIELD"", (37.34989155650087, -122.397829035931), -1.0, FIELD), 181.00672501067746, UNKNOWN, MIMIC)"
2,0.3435339860997734,0.34012040381945896,37.35221422159547,-122.39638661314854,"PatientState(Location(""FIELD"", (37.35221422159547, -122.39638661314854), -1.0, FIELD), 32.76225539255219, UNKNOWN, MIMIC)"
3,0.34326607192274555,0.3398507752341813,37.35113115792016,-122.39884978459006,"PatientState(Location(""FIELD"", (37.35113115792016, -122.39884978459006), -1.0, FIELD), 33.823030944942964, UNKNOWN, HEMORRHAGIC)"
4,0.3425240159662833,0.33910399495332827,37.3505539771319,-122.39627957931371,"PatientState(Location(""FIELD"", (37.3505539771319, -122.39627957931371), -1.0, FIELD), 36.873658627006456, UNKNOWN, LVO)"
5,0.33641468072716935,0.332957112728392,37.35183450010802,-122.39766524497993,"PatientState(Location(""FIELD"", (37.35183450010802, -122.39766524497993), -1.0, FIELD), 63.38979274059978, UNKNOWN, HEMORRHAGIC)"
