sample,reward_best,reward_CA,location_lat,location_lon,patient_state
1,0.24418294143999997,0.24418294143999997,38.08733223119627,-121.88255817946624,"PatientState(Location(""FIELD"", (38.08733223119627, -121.88255817946624), -1.0, FIELD), 112.69322081361976, UNKNOWN, LVO)"
2,0.24418294143999997,0.24418294143999997,38.0841231152071,-121.88299260008763,"PatientState(Location(""FIELD"", (38.0841231152071, -121.88299260008763), -1.0, FIELD), 88.6684989871808, UNKNOWN, LVO)"
3,0.24418294143999997,0.24418294143999997,38.088190777023456,-121.88302770465049,"PatientState(Location(""FIELD"", (38.088190777023456, -121.88302770465049), -1.0, FIELD), 206.15017473585425, UNKNOWN, LVO)"
4,0.24418294143999997,0.24418294143999997,38.08700833279954,-121.88211097062491,"PatientState(Location(""FIELD"", (38.08700833279954, -121.88211097062491), -1.0, FIELD), 111.58467947482256, UNKNOWN, LVO)"
5,0.3145570121693914,0.24418294143999997,38.0849830038595,-121.88212472621419,"PatientState(Location(""FIELD"", (38.0849830038595, -121.88212472621419), -1.0, FIELD), 4.918439039058323, UNKNOWN, HEMORRHAGIC)"
