sample,reward_best,reward_CA,location_lat,location_lon,patient_state
1,0.24418294143999997,0.24418294143999997,37.292756540938946,-122.06700774598177,"PatientState(Location(""FIELD"", (37.292756540938946, -122.06700774598177), -1.0, FIELD), 263.06610770411805, UNKNOWN, HEMORRHAGIC)"
2,0.24418294143999997,0.24418294143999997,37.29370905881628,-122.06796229882139,"PatientState(Location(""FIELD"", (37.29370905881628, -122.06796229882139), -1.0, FIELD), 231.83601001120266, UNKNOWN, NLVO)"
3,0.24418294143999997,0.24418294143999997,37.293690305810046,-122.06999494941189,"PatientState(Location(""FIELD"", (37.293690305810046, -122.06999494941189), -1.0, FIELD), 208.81480575992458, UNKNOWN, NLVO)"
4,0.3171786683473167,0.25405166604031015,37.29029830148112,-122.06898974148109,"PatientState(Location(""FIELD"", (37.29029830148112, -122.06898974148109), -1.0, FIELD), 173.38294412264486, UNKNOWN, NLVO)"
5,0.24418294143999997,0.24418294143999997,37.2924890072345,-122.06753662448584,"PatientState(Location(""FIELD"", (37.2924890072345, -122.06753662448584), -1.0, FIELD), 249.9465938374811, UNKNOWN, NLVO)"
