sample,reward_best,reward_CA,location_lat,location_lon,patient_state
1,0.3334320510029204,0.24418294143999997,37.761544632744304,-121.90053926767503,"PatientState(Location(""FIELD"", (37.761544632744304, -121.90053926767503), -1.0, FIELD), 80.11062290602938, UNKNOWN, MIMIC)"
2,0.24418294143999997,0.24418294143999997,37.761078406116134,-121.89773272344466,"PatientState(Location(""FIELD"", (37.761078406116134, -121.89773272344466), -1.0, FIELD), 237.5740188885911, UNKNOWN, HEMORRHAGIC)"
3,0.33828333037077524,0.3162116596873721,37.76053401186399,-121.89659649605429,"PatientState(Location(""FIELD"", (37.76053401186399, -121.89659649605429), -1.0, FIELD), 58.14543728416806, UNKNOWN, MIMIC)"
4,0.32494566278129383,0.24418294143999997,37.76127474334322,-121.89678152777304,"PatientState(Location(""FIELD"", (37.76127474334322, -121.89678152777304), -1.0, FIELD), 116.73382940871697, UNKNOWN, LVO)"
5,0.3510702898764282,0.3285705152043054,37.762046728310246,-121.89614303710354,"PatientState(Location(""FIELD"", (37.762046728310246, -121.89614303710354), -1.0, FIELD), 3.8197396254542615, UNKNOWN, HEMORRHAGIC)"
