sample,reward_best,reward_CA,location_lat,location_lon,patient_state
1,0.3550712566446865,0.3509465058919534,37.57348247660618,-122.342036519015,"PatientState(Location(""FIELD"", (37.57348247660618, -122.342036519015), -1.0, FIELD), 13.881712914158497, UNKNOWN, HEMORRHAGIC)"
2,0.3411405093859134,0.33670704616703967,37.56951667950041,-122.34100933792645,"PatientState(Location(""FIELD"", (37.56951667950041, -122.34100933792645), -1.0, FIELD), 72.46358491513082, UNKNOWN, HEMORRHAGIC)"
3,0.24418294143999997,0.24418294143999997,37.571157132799684,-122.34251607833853,"PatientState(Location(""FIELD"", (37.571157132799684, -122.34251607833853), -1.0, FIELD), 254.54963171487802, UNKNOWN, MIMIC)"
4,0.35347897048307186,0.34934978328625615,37.571451595429494,-122.34140048199778,"PatientState(Location(""FIELD"", (37.571451595429494, -122.34140048199778), -1.0, FIELD), 19.67838312895303, UNKNOWN, LVO)"
5,0.3406630923310813,0.33650450969243273,37.571201993058544,-122.34206414733283,"PatientState(Location(""FIELD"", (37.571201993058544, -122.34206414733283), -1.0, FIELD), 74.25133837485448, UNKNOWN, HEMORRHAGIC)"
