sample,reward_best,reward_CA,location_lat,location_lon,patient_state
1,0.24418294143999997,0.24418294143999997,38.008079804563245,-121.96396293397562,"PatientState(Location(""FIELD"", (38.008079804563245, -121.96396293397562), -1.0, FIELD), 228.03409377782694, UNKNOWN, NLVO)"
2,0.24418294143999997,0.24418294143999997,38.00740962096941,-121.96457294854703,"PatientState(Location(""FIELD"", (38.00740962096941, -121.96457294854703), -1.0, FIELD), 182.62772108893137, UNKNOWN, HEMORRHAGIC)"
3,0.25311428939538233,0.24418294143999997,38.00435158564023,-121.96117653060482,"PatientState(Location(""FIELD"", (38.00435158564023, -121.96117653060482), -1.0, FIELD), 67.578611318098, UNKNOWN, LVO)"
4,0.24418294143999997,0.24418294143999997,38.007710823700364,-121.96534866329262,"PatientState(Location(""FIELD"", (38.007710823700364, -121.96534866329262), -1.0, FIELD), 266.07748904219017, UNKNOWN, LVO)"
5,0.24418294143999997,0.24418294143999997,38.006095300552445,-121.96102653297856,"PatientState(Location(""FIELD"", (38.006095300552445, -121.96102653297856), -1.0, FIELD), 238.75941569679242, UNKNOWN, HEMORRHAGIC)"
