sample,reward_best,reward_CA,location_lat,location_lon,patient_state
1,0.32765604345154525,0.24418294143999997,38.1650138943051,-122.45038380386858,"PatientState(Location(""FIELD"", (38.1650138943051, -122.45038380386858), -1.0, FIELD), 8.604586915371685, UNKNOWN, MIMIC)"
2,0.24418294143999997,0.24418294143999997,38.1639924909106,-122.44928621814708,"PatientState(Location(""FIELD"", (38.1639924909106, -122.44928621814708), -1.0, FIELD), 221.68656333378206, UNKNOWN, LVO)"
3,0.3289065872771574,0.24418294143999997,38.165480909917775,-122.45030336713258,"PatientState(Location(""FIELD"", (38.165480909917775, -122.45030336713258), -1.0, FIELD), 3.006641549236384, UNKNOWN, LVO)"
4,0.24418294143999997,0.24418294143999997,38.16446212806252,-122.45039218919509,"PatientState(Location(""FIELD"", (38.16446212806252, -122.45039218919509), -1.0, FIELD), 209.96898112990803, UNKNOWN, MIMIC)"
5,0.2537300767311985,0.24418294143999997,38.164457648315825,-122.44957884812024,"PatientState(Location(""FIELD"", (38.164457648315825, -122.44957884812024), -1.0, FIELD), 64.64883739078154, UNKNOWN, LVO)"
