sample,reward_best,reward_CA,location_lat,location_lon,patient_state
1,0.32721371586422515,0.24418294143999997,38.164764827345536,-122.48453968740318,"PatientState(Location(""FIELD"", (38.164764827345536, -122.48453968740318), -1.0, FIELD), 5.493463995151355, UNKNOWN, HEMORRHAGIC)"
2,0.24418294143999997,0.24418294143999997,38.16476039154948,-122.48237265263974,"PatientState(Location(""FIELD"", (38.16476039154948, -122.48237265263974), -1.0, FIELD), 145.00978824792696, UNKNOWN, NLVO)"
3,0.24418294143999997,0.24418294143999997,38.167488101056506,-122.48414321271656,"PatientState(Location(""FIELD"", (38.167488101056506, -122.48414321271656), -1.0, FIELD), 245.42588638573005, UNKNOWN, HEMORRHAGIC)"
4,0.24418294143999997,0.24418294143999997,38.16455656693185,-122.48313084134328,"PatientState(Location(""FIELD"", (38.16455656693185, -122.48313084134328), -1.0, FIELD), 211.92146689571376, UNKNOWN, MIMIC)"
5,0.24418294143999997,0.24418294143999997,38.165591657876355,-122.48555112395772,"PatientState(Location(""FIELD"", (38.165591657876355, -122.48555112395772), -1.0, FIELD), 243.3110415839874, UNKNOWN, MIMIC)"
