sample,reward_best,reward_CA,location_lat,location_lon,patient_state
1,0.24418294143999997,0.24418294143999997,37.69307148566021,-122.3961594935794,"PatientState(Location(""FIELD"", (37.69307148566021, -122.3961594935794), -1.0, FIELD), 212.9535104963103, UNKNOWN, LVO)"
2,0.3373342766613106,0.32127127185707394,37.691685559453184,-122.39753325069006,"PatientState(Location(""FIELD"", (37.691685559453184, -122.39753325069006), -1.0, FIELD), 80.59986613659761, UNKNOWN, MIMIC)"
3,0.3169690199053581,0.24418294143999997,37.69128133620219,-122.39734111432254,"PatientState(Location(""FIELD"", (37.69128133620219, -122.39734111432254), -1.0, FIELD), 170.3304493351998, UNKNOWN, HEMORRHAGIC)"
4,0.24418294143999997,0.24418294143999997,37.69163540408307,-122.39817864862788,"PatientState(Location(""FIELD"", (37.69163540408307, -122.39817864862788), -1.0, FIELD), 250.13609458246722, UNKNOWN, HEMORRHAGIC)"
5,0.31650377659227547,0.24418294143999997,37.69221782731655,-122.39595421077094,"PatientState(Location(""FIELD"", (37.69221782731655, -122.39595421077094), -1.0, FIELD), 172.33807725976874, UNKNOWN, LVO)"
