sample,reward_best,reward_CA,location_lat,location_lon,patient_state
1,0.31613319797928235,0.31613319797928235,37.30435423230619,-121.82105534945072,"PatientState(Location(""FIELD"", (37.30435423230619, -121.82105534945072), -1.0, FIELD), 184.21199947041683, UNKNOWN, MIMIC)"
2,0.24418294143999997,0.24418294143999997,37.30854165285291,-121.82397635544658,"PatientState(Location(""FIELD"", (37.30854165285291, -121.82397635544658), -1.0, FIELD), 207.84052504142022, UNKNOWN, LVO)"
3,0.3340441307529365,0.3340441307529365,37.30644560393959,-121.8212579724824,"PatientState(Location(""FIELD"", (37.30644560393959, -121.8212579724824), -1.0, FIELD), 103.74591497736364, UNKNOWN, LVO)"
4,0.323408621152,0.323408621152,37.307517006858404,-121.82427093806021,"PatientState(Location(""FIELD"", (37.307517006858404, -121.82427093806021), -1.0, FIELD), 151.31853076558684, UNKNOWN, LVO)"
5,0.34586575079479215,0.34586575079479215,37.305854334540506,-121.82294882336136,"PatientState(Location(""FIELD"", (37.305854334540506, -121.82294882336136), -1.0, FIELD), 53.19887018830885, UNKNOWN, HEMORRHAGIC)"
