sample,reward_best,reward_CA,location_lat,location_lon,patient_state
1,0.24418294143999997,0.24418294143999997,38.158810352942226,-121.89024332992058,"PatientState(Location(""FIELD"", (38.158810352942226, -121.89024332992058), -1.0, FIELD), 224.916929290986, UNKNOWN, HEMORRHAGIC)"
2,0.24418294143999997,0.24418294143999997,38.1602633313104,-121.88693342897909,"PatientState(Location(""FIELD"", (38.1602633313104, -121.88693342897909), -1.0, FIELD), 234.0390201160904, UNKNOWN, LVO)"
3,0.24418294143999997,0.24418294143999997,38.15943593295639,-121.88814722636961,"PatientState(Location(""FIELD"", (38.15943593295639, -121.88814722636961), -1.0, FIELD), 99.53959830023413, UNKNOWN, LVO)"
4,0.25224020958196625,0.24418294143999997,38.16356130808187,-121.89063099434436,"PatientState(Location(""FIELD"", (38.16356130808187, -121.89063099434436), -1.0, FIELD), 35.788772252545506, UNKNOWN, LVO)"
5,0.24418294143999997,0.24418294143999997,38.16233620540357,-121.88956508879906,"PatientState(Location(""FIELD"", (38.16233620540357, -121.88956508879906), -1.0, FIELD), 168.27181753865233, UNKNOWN, HEMORRHAGIC)"
