sample,reward_best,reward_CA,location_lat,location_lon,patient_state
1,0.24418294143999997,0.24418294143999997,37.3464132577968,-121.63589092048349,"PatientState(Location(""FIELD"", (37.3464132577968, -121.63589092048349), -1.0, FIELD), 178.4121652037537, UNKNOWN, LVO)"
2,0.24418294143999997,0.24418294143999997,37.34614518887239,-121.63811515747908,"PatientState(Location(""FIELD"", (37.34614518887239, -121.63811515747908), -1.0, FIELD), 199.67080025302573, UNKNOWN, NLVO)"
3,0.3207581989480213,0.3207581989480213,37.34541983928449,-121.64046012188714,"PatientState(Location(""FIELD"", (37.34541983928449, -121.64046012188714), -1.0, FIELD), 136.23291482135, UNKNOWN, LVO)"
4,0.3199634265201167,0.3199634265201167,37.34677892354408,-121.63738020021701,"PatientState(Location(""FIELD"", (37.34677892354408, -121.63738020021701), -1.0, FIELD), 139.11642946050927, UNKNOWN, HEMORRHAGIC)"
5,0.24418294143999997,0.24418294143999997,37.344550796347,-121.63838733823059,"PatientState(Location(""FIELD"", (37.344550796347, -121.63838733823059), -1.0, FIELD), 193.693002310415, UNKNOWN, LVO)"
