sample,reward_best,reward_CA,location_lat,location_lon,patient_state
1,0.3284962452217028,0.3284962452217028,37.35244076562119,-121.67393789180933,"PatientState(Location(""FIELD"", (37.35244076562119, -121.67393789180933), -1.0, FIELD), 107.51763640004803, UNKNOWN, HEMORRHAGIC)"
2,0.24418294143999997,0.24418294143999997,37.34884195708217,-121.672398330484,"PatientState(Location(""FIELD"", (37.34884195708217, -121.672398330484), -1.0, FIELD), 203.26237594474418, UNKNOWN, HEMORRHAGIC)"
3,0.31390813063357637,0.31390813063357637,37.352361584071886,-121.67419421968854,"PatientState(Location(""FIELD"", (37.352361584071886, -121.67419421968854), -1.0, FIELD), 172.46599295479658, UNKNOWN, HEMORRHAGIC)"
4,0.3444504131700624,0.3444504131700624,37.34888701161297,-121.67324090067096,"PatientState(Location(""FIELD"", (37.34888701161297, -121.67324090067096), -1.0, FIELD), 38.819237169250016, UNKNOWN, LVO)"
5,0.34732311121048914,0.34732311121048914,37.35064338582919,-121.67362755614681,"PatientState(Location(""FIELD"", (37.35064338582919, -121.67362755614681), -1.0, FIELD), 26.334176445801837, UNKNOWN, LVO)"
