sample,reward_best,reward_CA,location_lat,location_lon,patient_state
1,0.33329948397705683,0.33008263620831657,37.240437004389825,-121.72206463925923,"PatientState(Location(""FIELD"", (37.240437004389825, -121.72206463925923), -1.0, FIELD), 88.36276422874192, UNKNOWN, LVO)"
2,0.24418294143999997,0.24418294143999997,37.24107988878223,-121.72186697800088,"PatientState(Location(""FIELD"", (37.24107988878223, -121.72186697800088), -1.0, FIELD), 221.42866213343473, UNKNOWN, LVO)"
3,0.3236584658288085,0.26110130778380236,37.23967874612841,-121.72492489931408,"PatientState(Location(""FIELD"", (37.23967874612841, -121.72492489931408), -1.0, FIELD), 141.87469660946718, UNKNOWN, LVO)"
4,0.3517648170795617,0.3486042167824145,37.2409467760661,-121.7235062917586,"PatientState(Location(""FIELD"", (37.2409467760661, -121.7235062917586), -1.0, FIELD), 9.312113214418243, UNKNOWN, LVO)"
5,0.33050613646830657,0.3272828590113204,37.24051253636207,-121.72275722230754,"PatientState(Location(""FIELD"", (37.24051253636207, -121.72275722230754), -1.0, FIELD), 100.54469693738957, UNKNOWN, HEMORRHAGIC)"
