sample,reward_best,reward_CA,location_lat,location_lon,patient_state
1,0.24418294143999997,0.24418294143999997,37.67650592142354,-121.78302908526464,"PatientState(Location(""FIELD"", (37.67650592142354, -121.78302908526464), -1.0, FIELD), 206.07469923415252, UNKNOWN, LVO)"
2,0.3243702094349356,0.24418294143999997,37.677224171206184,-121.78306368678058,"PatientState(Location(""FIELD"", (37.677224171206184, -121.78306368678058), -1.0, FIELD), 123.97685218713652, UNKNOWN, LVO)"
3,0.24418294143999997,0.24418294143999997,37.67622759007845,-121.78252798379933,"PatientState(Location(""FIELD"", (37.67622759007845, -121.78252798379933), -1.0, FIELD), 231.43726227108252, UNKNOWN, LVO)"
4,0.34915064683272695,0.32975290511011335,37.6746240824573,-121.78361086037792,"PatientState(Location(""FIELD"", (37.6746240824573, -121.78361086037792), -1.0, FIELD), 14.734109296092859, UNKNOWN, MIMIC)"
5,0.335442158525457,0.3137083107381343,37.67727407646698,-121.7833294514645,"PatientState(Location(""FIELD"", (37.67727407646698, -121.7833294514645), -1.0, FIELD), 75.55541186693661, UNKNOWN, LVO)"
