sample,reward_best,reward_CA,location_lat,location_lon,patient_state
1,0.25254193304226247,0.25254193304226247,37.17474877397452,-122.35773779599194,"PatientState(Location(""FIELD"", (37.17474877397452, -122.35773779599194), -1.0, FIELD), 156.11056586043128, UNKNOWN, HEMORRHAGIC)"
2,0.24418294143999997,0.24418294143999997,37.17581544875865,-122.35737112170969,"PatientState(Location(""FIELD"", (37.17581544875865, -122.35737112170969), -1.0, FIELD), 238.21956819124475, UNKNOWN, LVO)"
3,0.3326325013239418,0.26921872523434615,37.178626371498204,-122.35649421584286,"PatientState(Location(""FIELD"", (37.178626371498204, -122.35649421584286), -1.0, FIELD), 62.845191432019995, UNKNOWN, HEMORRHAGIC)"
4,0.24418294143999997,0.24418294143999997,37.17392677799716,-122.35746822660761,"PatientState(Location(""FIELD"", (37.17392677799716, -122.35746822660761), -1.0, FIELD), 204.21072628461917, UNKNOWN, HEMORRHAGIC)"
5,0.25383973131720955,0.25383973131720955,37.1756368410341,-122.35730560734773,"PatientState(Location(""FIELD"", (37.1756368410341, -122.35730560734773), -1.0, FIELD), 148.16138324825303, UNKNOWN, LVO)"
