sample,reward_best,reward_CA,location_lat,location_lon,patient_state
1,0.24418294143999997,0.24418294143999997,37.80100109423214,-121.96625960795059,"PatientState(Location(""FIELD"", (37.80100109423214, -121.96625960795059), -1.0, FIELD), 212.77735414722716, UNKNOWN, LVO)"
2,0.33689192855003824,0.31716510634069617,37.80223906721975,-121.96677582285832,"PatientState(Location(""FIELD"", (37.80223906721975, -121.96677582285832), -1.0, FIELD), 62.36021811874295, UNKNOWN, NLVO)"
3,0.24418294143999997,0.24418294143999997,37.80161820919585,-121.96638703152972,"PatientState(Location(""FIELD"", (37.80161820919585, -121.96638703152972), -1.0, FIELD), 248.57672636373354, UNKNOWN, HEMORRHAGIC)"
4,0.3196645903307809,0.24418294143999997,37.80029116387444,-121.97028948400008,"PatientState(Location(""FIELD"", (37.80029116387444, -121.97028948400008), -1.0, FIELD), 140.4635581884873, UNKNOWN, HEMORRHAGIC)"
5,0.24418294143999997,0.24418294143999997,37.80309128489577,-121.96822412029185,"PatientState(Location(""FIELD"", (37.80309128489577, -121.96822412029185), -1.0, FIELD), 228.53525781181327, UNKNOWN, MIMIC)"
