sample,reward_best,reward_CA,location_lat,location_lon,patient_state
1,0.24418294143999997,0.24418294143999997,37.64723089768364,-121.62908442183492,"PatientState(Location(""FIELD"", (37.64723089768364, -121.62908442183492), -1.0, FIELD), 254.29208171758708, UNKNOWN, HEMORRHAGIC)"
2,0.24418294143999997,0.24418294143999997,37.64692545721315,-121.62854822157324,"PatientState(Location(""FIELD"", (37.64692545721315, -121.62854822157324), -1.0, FIELD), 190.2246095756303, UNKNOWN, LVO)"
3,0.24418294143999997,0.24418294143999997,37.64698590488462,-121.62755088129612,"PatientState(Location(""FIELD"", (37.64698590488462, -121.62755088129612), -1.0, FIELD), 251.72751636217637, UNKNOWN, HEMORRHAGIC)"
4,0.33134453372772005,0.24418294143999997,37.645098680805255,-121.63012195150077,"PatientState(Location(""FIELD"", (37.645098680805255, -121.63012195150077), -1.0, FIELD), 77.77249440431245, UNKNOWN, LVO)"
5,0.24418294143999997,0.24418294143999997,37.64650511612185,-121.62930067793224,"PatientState(Location(""FIELD"", (37.64650511612185, -121.62930067793224), -1.0, FIELD), 216.53248603832958, UNKNOWN, LVO)"
