sample,reward_best,reward_CA,location_lat,location_lon,patient_state
1,0.31689560164398056,0.31518467711018083,37.93259159479922,-122.40211029717082,"PatientState(Location(""FIELD"", (37.93259159479922, -122.40211029717082), -1.0, FIELD), 80.81374922876125, UNKNOWN, HEMORRHAGIC)"
2,0.2629434887274514,0.24418294143999997,37.931640365571496,-122.40359410575572,"PatientState(Location(""FIELD"", (37.931640365571496, -122.40359410575572), -1.0, FIELD), 100.19189032281206, UNKNOWN, LVO)"
3,0.24418294143999997,0.24418294143999997,37.92920170302438,-122.40553897493828,"PatientState(Location(""FIELD"", (37.92920170302438, -122.40553897493828), -1.0, FIELD), 227.57516851304, UNKNOWN, HEMORRHAGIC)"
4,0.33642182738812787,0.25854621801935945,37.93204494791027,-122.40553189552709,"PatientState(Location(""FIELD"", (37.93204494791027, -122.40553189552709), -1.0, FIELD), 36.520969650115134, UNKNOWN, HEMORRHAGIC)"
5,0.25504365545085816,0.24418294143999997,37.932490100163264,-122.40561399999885,"PatientState(Location(""FIELD"", (37.932490100163264, -122.40561399999885), -1.0, FIELD), 133.36075310396564, UNKNOWN, NLVO)"
