sample,reward_best,reward_CA,location_lat,location_lon,patient_state
1,0.3381759244914891,0.32012160853383775,37.61314804171034,-122.07546779852476,"PatientState(Location(""FIELD"", (37.61314804171034, -122.07546779852476), -1.0, FIELD), 72.08424460032874, UNKNOWN, LVO)"
2,0.24418294143999997,0.24418294143999997,37.61124592236202,-122.07428607338602,"PatientState(Location(""FIELD"", (37.61124592236202, -122.07428607338602), -1.0, FIELD), 207.40169457389374, UNKNOWN, LVO)"
3,0.3416436553368511,0.32348030686335993,37.61059092304532,-122.07198114731463,"PatientState(Location(""FIELD"", (37.61059092304532, -122.07198114731463), -1.0, FIELD), 56.47355328786341, UNKNOWN, LVO)"
4,0.35272023900966165,0.3342271947359226,37.61272739437042,-122.07292434901888,"PatientState(Location(""FIELD"", (37.61272739437042, -122.07292434901888), -1.0, FIELD), 8.735095961287856, UNKNOWN, LVO)"
5,0.3324861242652456,0.31461825955458317,37.61304595452832,-122.07456411679584,"PatientState(Location(""FIELD"", (37.61304595452832, -122.07456411679584), -1.0, FIELD), 96.07834175583606, UNKNOWN, NLVO)"
