sample,reward_best,reward_CA,location_lat,location_lon,patient_state
1,0.2551625699421685,0.2551625699421685,37.505720829135505,-122.46506237441184,"PatientState(Location(""FIELD"", (37.505720829135505, -122.46506237441184), -1.0, FIELD), 180.2179280574079, UNKNOWN, HEMORRHAGIC)"
2,0.24418294143999997,0.24418294143999997,37.50500782628647,-122.46232913725841,"PatientState(Location(""FIELD"", (37.50500782628647, -122.46232913725841), -1.0, FIELD), 250.3642169556547, UNKNOWN, HEMORRHAGIC)"
3,0.31974045747698504,0.2629131706839567,37.50719169956816,-122.4644047889467,"PatientState(Location(""FIELD"", (37.50719169956816, -122.4644047889467), -1.0, FIELD), 135.80153295340693, UNKNOWN, LVO)"
4,0.24418294143999997,0.24418294143999997,37.50521745347372,-122.46227875757846,"PatientState(Location(""FIELD"", (37.50521745347372, -122.46227875757846), -1.0, FIELD), 217.39268363257435, UNKNOWN, LVO)"
5,0.24418294143999997,0.24418294143999997,37.506565374428945,-122.463968266672,"PatientState(Location(""FIELD"", (37.506565374428945, -122.463968266672), -1.0, FIELD), 203.93465687864972, UNKNOWN, HEMORRHAGIC)"
