sample,reward_best,reward_CA,location_lat,location_lon,patient_state
1,0.252743409868256,0.252743409868256,37.513365827595464,-122.4898630430174,"PatientState(Location(""FIELD"", (37.513365827595464, -122.4898630430174), -1.0, FIELD), 196.50129691979302, UNKNOWN, NLVO)"
2,0.33445459591450105,0.33445459591450105,37.51338089505686,-122.48911095896625,"PatientState(Location(""FIELD"", (37.51338089505686, -122.48911095896625), -1.0, FIELD), 78.05714855426895, UNKNOWN, HEMORRHAGIC)"
3,0.25258157295307837,0.25258157295307837,37.512243221468566,-122.48910074077318,"PatientState(Location(""FIELD"", (37.512243221468566, -122.48910074077318), -1.0, FIELD), 197.43239350386065, UNKNOWN, HEMORRHAGIC)"
4,0.32037383620951804,0.26440044570429533,37.51093914391526,-122.48764711634087,"PatientState(Location(""FIELD"", (37.51093914391526, -122.48764711634087), -1.0, FIELD), 132.64425353911457, UNKNOWN, NLVO)"
5,0.2538783587459116,0.2538783587459116,37.51306270824406,-122.48758908549586,"PatientState(Location(""FIELD"", (37.51306270824406, -122.48758908549586), -1.0, FIELD), 190.51043230447135, UNKNOWN, MIMIC)"
