sample,reward_best,reward_CA,location_lat,location_lon,patient_state
1,0.24418294143999997,0.24418294143999997,37.30003570738533,-121.82978338575754,"PatientState(Location(""FIELD"", (37.30003570738533, -121.82978338575754), -1.0, FIELD), 208.66418960169497, UNKNOWN, LVO)"
2,0.24418294143999997,0.24418294143999997,37.302441124722414,-121.83002917405891,"PatientState(Location(""FIELD"", (37.302441124722414, -121.83002917405891), -1.0, FIELD), 252.0149813024557, UNKNOWN, HEMORRHAGIC)"
3,0.32419262561227935,0.32419262561227935,37.2994633078869,-121.82944807870469,"PatientState(Location(""FIELD"", (37.2994633078869, -121.82944807870469), -1.0, FIELD), 147.92602607718965, UNKNOWN, LVO)"
4,0.3227589148473948,0.3227589148473948,37.30039055688346,-121.82722832052899,"PatientState(Location(""FIELD"", (37.30039055688346, -121.82722832052899), -1.0, FIELD), 154.45511156878555, UNKNOWN, HEMORRHAGIC)"
5,0.3539560845501063,0.3539560845501063,37.30082859764422,-121.82689218975241,"PatientState(Location(""FIELD"", (37.30082859764422, -121.82689218975241), -1.0, FIELD), 19.780737309282614, UNKNOWN, LVO)"
