sample,reward_best,reward_CA,location_lat,location_lon,patient_state
1,0.24418294143999997,0.24418294143999997,38.006136184584186,-122.08821030388944,"PatientState(Location(""FIELD"", (38.006136184584186, -122.08821030388944), -1.0, FIELD), 255.38463632371568, UNKNOWN, NLVO)"
2,0.33732790231285,0.32770297884178745,38.00771624519789,-122.08989790582308,"PatientState(Location(""FIELD"", (38.00771624519789, -122.08989790582308), -1.0, FIELD), 17.623447275516998, UNKNOWN, LVO)"
3,0.24418294143999997,0.24418294143999997,38.00654783472845,-122.08916052419445,"PatientState(Location(""FIELD"", (38.00654783472845, -122.08916052419445), -1.0, FIELD), 233.20956625642003, UNKNOWN, LVO)"
4,0.24418294143999997,0.24418294143999997,38.00466283834009,-122.08903980748238,"PatientState(Location(""FIELD"", (38.00466283834009, -122.08903980748238), -1.0, FIELD), 151.94708505620332, UNKNOWN, HEMORRHAGIC)"
5,0.33406619345747807,0.3245236286106188,38.00480498128141,-122.08785096860174,"PatientState(Location(""FIELD"", (38.00480498128141, -122.08785096860174), -1.0, FIELD), 30.61670020345536, UNKNOWN, LVO)"
