sample,reward_best,reward_CA,location_lat,location_lon,patient_state
1,0.35406510122622437,0.35406510122622437,37.40830233740356,-122.23728119574217,"PatientState(Location(""FIELD"", (37.40830233740356, -122.23728119574217), -1.0, FIELD), 22.232718289812393, UNKNOWN, HEMORRHAGIC)"
2,0.24418294143999997,0.24418294143999997,37.40575792599107,-122.24042165367354,"PatientState(Location(""FIELD"", (37.40575792599107, -122.24042165367354), -1.0, FIELD), 242.5852363129169, UNKNOWN, LVO)"
3,0.24418294143999997,0.24418294143999997,37.4072095467776,-122.23841038399868,"PatientState(Location(""FIELD"", (37.4072095467776, -122.23841038399868), -1.0, FIELD), 209.24280934727577, UNKNOWN, HEMORRHAGIC)"
4,0.24418294143999997,0.24418294143999997,37.40864458484135,-122.2405200385845,"PatientState(Location(""FIELD"", (37.40864458484135, -122.2405200385845), -1.0, FIELD), 207.02224597417933, UNKNOWN, MIMIC)"
5,0.3513726521399396,0.3513726521399396,37.404457162660044,-122.24004330286284,"PatientState(Location(""FIELD"", (37.404457162660044, -122.24004330286284), -1.0, FIELD), 33.32976089754743, UNKNOWN, LVO)"
