sample,reward_best,reward_CA,location_lat,location_lon,patient_state
1,0.33680554928126955,0.33680554928126955,37.37895640496868,-122.24704546490143,"PatientState(Location(""FIELD"", (37.37895640496868, -122.24704546490143), -1.0, FIELD), 85.77407533468069, UNKNOWN, HEMORRHAGIC)"
2,0.3293381579824286,0.3293381579824286,37.379796762423766,-122.24772174906026,"PatientState(Location(""FIELD"", (37.379796762423766, -122.24772174906026), -1.0, FIELD), 118.30191514917502, UNKNOWN, LVO)"
3,0.24418294143999997,0.24418294143999997,37.381321648897455,-122.25057795085617,"PatientState(Location(""FIELD"", (37.381321648897455, -122.25057795085617), -1.0, FIELD), 219.07585190196812, UNKNOWN, LVO)"
4,0.31999698130172544,0.31999698130172544,37.38048802824267,-122.2483761770245,"PatientState(Location(""FIELD"", (37.38048802824267, -122.2483761770245), -1.0, FIELD), 162.81171323724217, UNKNOWN, LVO)"
5,0.31640762892608815,0.31640762892608815,37.38363512945982,-122.24647643894396,"PatientState(Location(""FIELD"", (37.38363512945982, -122.24647643894396), -1.0, FIELD), 179.07676523800393, UNKNOWN, HEMORRHAGIC)"
