sample,reward_best,reward_CA,location_lat,location_lon,patient_state
1,0.24418294143999997,0.24418294143999997,38.0950601156255,-121.73684807261513,"PatientState(Location(""FIELD"", (38.0950601156255, -121.73684807261513), -1.0, FIELD), 87.46545120290767, UNKNOWN, HEMORRHAGIC)"
2,0.24418294143999997,0.24418294143999997,38.095793232362034,-121.73740820388414,"PatientState(Location(""FIELD"", (38.095793232362034, -121.73740820388414), -1.0, FIELD), 217.49295147555853, UNKNOWN, HEMORRHAGIC)"
3,0.24418294143999997,0.24418294143999997,38.09837806186087,-121.73581949341416,"PatientState(Location(""FIELD"", (38.09837806186087, -121.73581949341416), -1.0, FIELD), 238.37780238084738, UNKNOWN, LVO)"
4,0.24418294143999997,0.24418294143999997,38.093960051319584,-121.73679289046451,"PatientState(Location(""FIELD"", (38.093960051319584, -121.73679289046451), -1.0, FIELD), 198.55607392522, UNKNOWN, LVO)"
5,0.24418294143999997,0.24418294143999997,38.095134590676004,-121.73835821143629,"PatientState(Location(""FIELD"", (38.095134590676004, -121.73835821143629), -1.0, FIELD), 195.3076928121961, UNKNOWN, LVO)"
