sample,reward_best,reward_CA,location_lat,location_lon,patient_state
1,0.31648513472309053,0.25609454304311374,37.633240450894796,-122.41538798654335,"PatientState(Location(""FIELD"", (37.633240450894796, -122.41538798654335), -1.0, FIELD), 174.7468343802631, UNKNOWN, NLVO)"
2,0.34372392363220017,0.3409383457211161,37.63085145711264,-122.4136241738124,"PatientState(Location(""FIELD"", (37.63085145711264, -122.4136241738124), -1.0, FIELD), 56.17573220563696, UNKNOWN, HEMORRHAGIC)"
3,0.3147485276850549,0.25454798367592885,37.632573232186154,-122.4123262754128,"PatientState(Location(""FIELD"", (37.632573232186154, -122.4123262754128), -1.0, FIELD), 183.04998595084663, UNKNOWN, LVO)"
4,0.35146791338975214,0.35146791338975214,37.63195960518708,-122.4124486451969,"PatientState(Location(""FIELD"", (37.63195960518708, -122.4124486451969), -1.0, FIELD), 11.430039004305446, UNKNOWN, NLVO)"
5,0.24418294143999997,0.24418294143999997,37.63113518705204,-122.41303595286055,"PatientState(Location(""FIELD"", (37.63113518705204, -122.41303595286055), -1.0, FIELD), 231.39174315244819, UNKNOWN, HEMORRHAGIC)"
