sample,reward_best,reward_CA,location_lat,location_lon,patient_state
1,0.24418294143999997,0.24418294143999997,38.086958689272684,-121.88631555656778,"PatientState(Location(""FIELD"", (38.086958689272684, -121.88631555656778), -1.0, FIELD), 4.6922553489351095, UNKNOWN, HEMORRHAGIC)"
2,0.24418294143999997,0.24418294143999997,38.08873453080119,-121.8865537496318,"PatientState(Location(""FIELD"", (38.08873453080119, -121.8865537496318), -1.0, FIELD), 204.79404224274856, UNKNOWN, HEMORRHAGIC)"
3,0.24418294143999997,0.24418294143999997,38.08470012611004,-121.88749731926802,"PatientState(Location(""FIELD"", (38.08470012611004, -121.88749731926802), -1.0, FIELD), 136.9844168113156, UNKNOWN, HEMORRHAGIC)"
4,0.24418294143999997,0.24418294143999997,38.08607375661602,-121.89035149723622,"PatientState(Location(""FIELD"", (38.08607375661602, -121.89035149723622), -1.0, FIELD), 206.40203848471864, UNKNOWN, HEMORRHAGIC)"
5,0.24418294143999997,0.24418294143999997,38.08704815490507,-121.88874933035657,"PatientState(Location(""FIELD"", (38.08704815490507, -121.88874933035657), -1.0, FIELD), 3.4795922148392675, UNKNOWN, HEMORRHAGIC)"
