sample,reward_best,reward_CA,location_lat,location_lon,patient_state
1,0.24418294143999997,0.24418294143999997,37.78379810562983,-122.38494965836279,"PatientState(Location(""FIELD"", (37.78379810562983, -122.38494965836279), -1.0, FIELD), 257.44990545491146, UNKNOWN, LVO)"
2,0.3472474508623912,0.3347105191684802,37.78205912550961,-122.38340965775984,"PatientState(Location(""FIELD"", (37.78205912550961, -122.38340965775984), -1.0, FIELD), 27.481312142111317, UNKNOWN, LVO)"
3,0.3193080824624338,0.24418294143999997,37.780671490609244,-122.38496013539307,"PatientState(Location(""FIELD"", (37.780671490609244, -122.38496013539307), -1.0, FIELD), 149.12411822133987, UNKNOWN, LVO)"
4,0.3183220089375507,0.24418294143999997,37.7829746322488,-122.38477128006018,"PatientState(Location(""FIELD"", (37.7829746322488, -122.38477128006018), -1.0, FIELD), 153.62561009573147, UNKNOWN, MIMIC)"
5,0.3292996122764511,0.31711678754077594,37.780026291394,-122.3855701493919,"PatientState(Location(""FIELD"", (37.780026291394, -122.3855701493919), -1.0, FIELD), 104.3692535435294, UNKNOWN, LVO)"
