sample,reward_best,reward_CA,location_lat,location_lon,patient_state
1,0.24418294143999997,0.24418294143999997,37.72336046232014,-121.8228890317573,"PatientState(Location(""FIELD"", (37.72336046232014, -121.8228890317573), -1.0, FIELD), 265.64637356490834, UNKNOWN, MIMIC)"
2,0.3146827112010235,0.24418294143999997,37.718998848211406,-121.82169326144205,"PatientState(Location(""FIELD"", (37.718998848211406, -121.82169326144205), -1.0, FIELD), 158.50677475012765, UNKNOWN, HEMORRHAGIC)"
3,0.24418294143999997,0.24418294143999997,37.72272168622035,-121.82369592444498,"PatientState(Location(""FIELD"", (37.72272168622035, -121.82369592444498), -1.0, FIELD), 228.60487800510344, UNKNOWN, LVO)"
4,0.24418294143999997,0.24418294143999997,37.7218150374787,-121.82260164595635,"PatientState(Location(""FIELD"", (37.7218150374787, -121.82260164595635), -1.0, FIELD), 259.4229331462871, UNKNOWN, HEMORRHAGIC)"
5,0.32561193898851276,0.24418294143999997,37.72129162042593,-121.82315551059692,"PatientState(Location(""FIELD"", (37.72129162042593, -121.82315551059692), -1.0, FIELD), 109.25592526288185, UNKNOWN, LVO)"
