sample,reward_best,reward_CA,location_lat,location_lon,patient_state
1,0.32446560811013253,0.24418294143999997,38.14698651703784,-122.36597383684894,"PatientState(Location(""FIELD"", (38.14698651703784, -122.36597383684894), -1.0, FIELD), 17.558893143241804, UNKNOWN, LVO)"
2,0.32397141439359617,0.24418294143999997,38.14811342021219,-122.36743013844564,"PatientState(Location(""FIELD"", (38.14811342021219, -122.36743013844564), -1.0, FIELD), 19.235915691131634, UNKNOWN, HEMORRHAGIC)"
3,0.3169997203840141,0.24418294143999997,38.14570962395549,-122.37021545078741,"PatientState(Location(""FIELD"", (38.14570962395549, -122.37021545078741), -1.0, FIELD), 53.52379143635356, UNKNOWN, HEMORRHAGIC)"
4,0.32179475341354463,0.24418294143999997,38.145264051746196,-122.36880585712044,"PatientState(Location(""FIELD"", (38.145264051746196, -122.36880585712044), -1.0, FIELD), 32.03991598190937, UNKNOWN, HEMORRHAGIC)"
5,0.24418294143999997,0.24418294143999997,38.14834903750267,-122.36620390953611,"PatientState(Location(""FIELD"", (38.14834903750267, -122.36620390953611), -1.0, FIELD), 107.00871990039433, UNKNOWN, LVO)"
