sample,reward_best,reward_CA,location_lat,location_lon,patient_state
1,0.3366723719547097,0.32220054205731774,37.38720507835557,-122.13519122566042,"PatientState(Location(""FIELD"", (37.38720507835557, -122.13519122566042), -1.0, FIELD), 87.03225031174694, UNKNOWN, NLVO)"
2,0.24418294143999997,0.24418294143999997,37.387164414233474,-122.13153834347219,"PatientState(Location(""FIELD"", (37.387164414233474, -122.13153834347219), -1.0, FIELD), 244.98003525064914, UNKNOWN, NLVO)"
3,0.32784651274610843,0.306901610633859,37.3880936332669,-122.13342566422395,"PatientState(Location(""FIELD"", (37.3880936332669, -122.13342566422395), -1.0, FIELD), 126.53562553076414, UNKNOWN, HEMORRHAGIC)"
4,0.3224538402039187,0.24418294143999997,37.3843303846245,-122.13570625800918,"PatientState(Location(""FIELD"", (37.3843303846245, -122.13570625800918), -1.0, FIELD), 151.20441068967506, UNKNOWN, NLVO)"
5,0.3400338990884955,0.3253733878390752,37.3845508409752,-122.1321647013687,"PatientState(Location(""FIELD"", (37.3845508409752, -122.1321647013687), -1.0, FIELD), 73.48074022378711, UNKNOWN, LVO)"
