sample,reward_best,reward_CA,location_lat,location_lon,patient_state
1,0.24418294143999997,0.24418294143999997,38.042909560547386,-121.89594892759898,"PatientState(Location(""FIELD"", (38.042909560547386, -121.89594892759898), -1.0, FIELD), 201.74991619512383, UNKNOWN, HEMORRHAGIC)"
2,0.31806259692646843,0.24418294143999997,38.03886008679898,-121.89688961616463,"PatientState(Location(""FIELD"", (38.03886008679898, -121.89688961616463), -1.0, FIELD), 46.380264985059675, UNKNOWN, LVO)"
3,0.24418294143999997,0.24418294143999997,38.04283706923736,-121.89847520861845,"PatientState(Location(""FIELD"", (38.04283706923736, -121.89847520861845), -1.0, FIELD), 125.25812205349604, UNKNOWN, MIMIC)"
4,0.32503702285556596,0.24418294143999997,38.04053692289316,-121.89848246792296,"PatientState(Location(""FIELD"", (38.04053692289316, -121.89848246792296), -1.0, FIELD), 15.630494942310314, UNKNOWN, LVO)"
5,0.24418294143999997,0.24418294143999997,38.04096695147113,-121.89617802414925,"PatientState(Location(""FIELD"", (38.04096695147113, -121.89617802414925), -1.0, FIELD), 79.78678920978514, UNKNOWN, LVO)"
