sample,reward_best,reward_CA,location_lat,location_lon,patient_state
1,0.31565748129198457,0.2552677269977263,37.64160274102815,-122.39303072091684,"PatientState(Location(""FIELD"", (37.64160274102815, -122.39303072091684), -1.0, FIELD), 179.5703142159669, UNKNOWN, MIMIC)"
2,0.31378098555554645,0.25378368645351557,37.64288828236723,-122.39173717090941,"PatientState(Location(""FIELD"", (37.64288828236723, -122.39173717090941), -1.0, FIELD), 187.77870261691461, UNKNOWN, HEMORRHAGIC)"
3,0.3184414903018032,0.25747831613396444,37.641506206590655,-122.39476515059725,"PatientState(Location(""FIELD"", (37.641506206590655, -122.39476515059725), -1.0, FIELD), 167.10081720937396, UNKNOWN, LVO)"
4,0.3326770487354337,0.3293660879539147,37.64332174737892,-122.39252985645778,"PatientState(Location(""FIELD"", (37.64332174737892, -122.39252985645778), -1.0, FIELD), 101.43767976325127, UNKNOWN, MIMIC)"
5,0.33903998331153107,0.3362086303497267,37.64202392099543,-122.39362540543478,"PatientState(Location(""FIELD"", (37.64202392099543, -122.39362540543478), -1.0, FIELD), 76.65863995966136, UNKNOWN, LVO)"
