sample,reward_best,reward_CA,location_lat,location_lon,patient_state
1,0.24418294143999997,0.24418294143999997,37.18859535446534,-121.82499784805799,"PatientState(Location(""FIELD"", (37.18859535446534, -121.82499784805799), -1.0, FIELD), 198.33802942355288, UNKNOWN, LVO)"
2,0.3293386085775261,0.3293386085775261,37.18653228286373,-121.8208673269684,"PatientState(Location(""FIELD"", (37.18653228286373, -121.8208673269684), -1.0, FIELD), 114.18660623392259, UNKNOWN, LVO)"
3,0.3145854340212756,0.3145854340212756,37.18391167099897,-121.82421880852833,"PatientState(Location(""FIELD"", (37.18391167099897, -121.82421880852833), -1.0, FIELD), 169.9805043400101, UNKNOWN, LVO)"
4,0.33256642188858737,0.33256642188858737,37.1866241930168,-121.82577789428416,"PatientState(Location(""FIELD"", (37.1866241930168, -121.82577789428416), -1.0, FIELD), 90.31825354624264, UNKNOWN, HEMORRHAGIC)"
5,0.33064110240932176,0.33064110240932176,37.186243374000995,-121.82307539632826,"PatientState(Location(""FIELD"", (37.186243374000995, -121.82307539632826), -1.0, FIELD), 108.18091710513924, UNKNOWN, NLVO)"
