sample,reward_best,reward_CA,location_lat,location_lon,patient_state
1,0.24418294143999997,0.24418294143999997,37.182684078936504,-121.81906153579688,"PatientState(Location(""FIELD"", (37.182684078936504, -121.81906153579688), -1.0, FIELD), 210.85557031429366, UNKNOWN, MIMIC)"
2,0.24418294143999997,0.24418294143999997,37.1820323038929,-121.81907158741173,"PatientState(Location(""FIELD"", (37.1820323038929, -121.81907158741173), -1.0, FIELD), 263.11918476965695, UNKNOWN, HEMORRHAGIC)"
3,0.3384536121625963,0.3384536121625963,37.17931989226628,-121.81703577934182,"PatientState(Location(""FIELD"", (37.17931989226628, -121.81703577934182), -1.0, FIELD), 74.0436149571859, UNKNOWN, LVO)"
4,0.31556664555760655,0.31556664555760655,37.18236487634983,-121.81595746279952,"PatientState(Location(""FIELD"", (37.18236487634983, -121.81595746279952), -1.0, FIELD), 175.27416946448693, UNKNOWN, LVO)"
5,0.3394534968785379,0.3394534968785379,37.17898699868306,-121.81610558268807,"PatientState(Location(""FIELD"", (37.17898699868306, -121.81610558268807), -1.0, FIELD), 69.18592739655729, UNKNOWN, LVO)"
