sample,reward_best,reward_CA,location_lat,location_lon,patient_state
1,0.24418294143999997,0.24418294143999997,38.12880749082687,-121.9719930521521,"PatientState(Location(""FIELD"", (38.12880749082687, -121.9719930521521), -1.0, FIELD), 78.9336136292791, UNKNOWN, HEMORRHAGIC)"
2,0.24418294143999997,0.24418294143999997,38.13081651810312,-121.97131644407443,"PatientState(Location(""FIELD"", (38.13081651810312, -121.97131644407443), -1.0, FIELD), 242.29972496634304, UNKNOWN, LVO)"
3,0.25213696199405417,0.24418294143999997,38.12976690931232,-121.97366230938091,"PatientState(Location(""FIELD"", (38.12976690931232, -121.97366230938091), -1.0, FIELD), 25.57416296779032, UNKNOWN, LVO)"
4,0.24418294143999997,0.24418294143999997,38.13204400606313,-121.97464852143409,"PatientState(Location(""FIELD"", (38.13204400606313, -121.97464852143409), -1.0, FIELD), 261.36623535273026, UNKNOWN, LVO)"
5,0.31520591684748717,0.24418294143999997,38.12886547309758,-121.97315196651051,"PatientState(Location(""FIELD"", (38.12886547309758, -121.97315196651051), -1.0, FIELD), 19.786240783597147, UNKNOWN, NLVO)"
