sample,reward_best,reward_CA,location_lat,location_lon,patient_state
1,0.33575106084749645,0.26133067316524744,38.033261384295514,-122.52486692342657,"PatientState(Location(""FIELD"", (38.033261384295514, -122.52486692342657), -1.0, FIELD), 25.638530213718333, UNKNOWN, LVO)"
2,0.24418294143999997,0.24418294143999997,38.033422888239386,-122.52570562606866,"PatientState(Location(""FIELD"", (38.033422888239386, -122.52570562606866), -1.0, FIELD), 220.2932742465759, UNKNOWN, HEMORRHAGIC)"
3,0.24418294143999997,0.24418294143999997,38.029118504299895,-122.52176224613254,"PatientState(Location(""FIELD"", (38.029118504299895, -122.52176224613254), -1.0, FIELD), 166.52165369213705, UNKNOWN, HEMORRHAGIC)"
4,0.24418294143999997,0.24418294143999997,38.03259548731153,-122.52302426854176,"PatientState(Location(""FIELD"", (38.03259548731153, -122.52302426854176), -1.0, FIELD), 229.87727203601253, UNKNOWN, LVO)"
5,0.26035397802170457,0.24418294143999997,38.03283637159329,-122.52508575819662,"PatientState(Location(""FIELD"", (38.03283637159329, -122.52508575819662), -1.0, FIELD), 100.55638776064717, UNKNOWN, LVO)"
