sample,reward_best,reward_CA,location_lat,location_lon,patient_state
1,0.24418294143999997,0.24418294143999997,37.73080889186111,-122.44290933820889,"PatientState(Location(""FIELD"", (37.73080889186111, -122.44290933820889), -1.0, FIELD), 265.63894823501613, UNKNOWN, LVO)"
2,0.32815222016847606,0.2539736758054664,37.73052818531758,-122.44293416396079,"PatientState(Location(""FIELD"", (37.73052818531758, -122.44293416396079), -1.0, FIELD), 112.21872274098804, UNKNOWN, LVO)"
3,0.31506531098678087,0.24418294143999997,37.733727011039655,-122.44124565948938,"PatientState(Location(""FIELD"", (37.733727011039655, -122.44124565948938), -1.0, FIELD), 170.7170660650561, UNKNOWN, LVO)"
4,0.32272596869852493,0.24418294143999997,37.731548028013464,-122.44203729986252,"PatientState(Location(""FIELD"", (37.731548028013464, -122.44203729986252), -1.0, FIELD), 137.53966274115683, UNKNOWN, HEMORRHAGIC)"
5,0.3326708592046968,0.31983853561792974,37.730377078541395,-122.44490735838635,"PatientState(Location(""FIELD"", (37.730377078541395, -122.44490735838635), -1.0, FIELD), 92.93799183471535, UNKNOWN, LVO)"
