sample,reward_best,reward_CA,location_lat,location_lon,patient_state
1,0.3171130676825384,0.24418294143999997,37.948134080021475,-121.69633750815215,"PatientState(Location(""FIELD"", (37.948134080021475, -121.69633750815215), -1.0, FIELD), 40.538526905819, UNKNOWN, MIMIC)"
2,0.24418294143999997,0.24418294143999997,37.94546480940849,-121.69814404137027,"PatientState(Location(""FIELD"", (37.94546480940849, -121.69814404137027), -1.0, FIELD), 212.6220357342257, UNKNOWN, LVO)"
3,0.3249060291043422,0.24418294143999997,37.94819092919615,-121.69828263672701,"PatientState(Location(""FIELD"", (37.94819092919615, -121.69828263672701), -1.0, FIELD), 6.223941273737744, UNKNOWN, HEMORRHAGIC)"
4,0.24418294143999997,0.24418294143999997,37.94707768746275,-121.69889830568438,"PatientState(Location(""FIELD"", (37.94707768746275, -121.69889830568438), -1.0, FIELD), 81.67203656839881, UNKNOWN, HEMORRHAGIC)"
5,0.24418294143999997,0.24418294143999997,37.94724489043411,-121.6981057415192,"PatientState(Location(""FIELD"", (37.94724489043411, -121.6981057415192), -1.0, FIELD), 127.26855682091167, UNKNOWN, NLVO)"
