sample,reward_best,reward_CA,location_lat,location_lon,patient_state
1,0.24418294143999997,0.24418294143999997,38.137986232355566,-121.86771559238284,"PatientState(Location(""FIELD"", (38.137986232355566, -121.86771559238284), -1.0, FIELD), 247.2905517315137, UNKNOWN, HEMORRHAGIC)"
2,0.24418294143999997,0.24418294143999997,38.13536240195478,-121.87072486700656,"PatientState(Location(""FIELD"", (38.13536240195478, -121.87072486700656), -1.0, FIELD), 102.89364755093446, UNKNOWN, HEMORRHAGIC)"
3,0.24418294143999997,0.24418294143999997,38.137146104041065,-121.86593632158554,"PatientState(Location(""FIELD"", (38.137146104041065, -121.86593632158554), -1.0, FIELD), 168.17565819093605, UNKNOWN, HEMORRHAGIC)"
4,0.31820596938754486,0.24418294143999997,38.13597177139182,-121.86943480947166,"PatientState(Location(""FIELD"", (38.13597177139182, -121.86943480947166), -1.0, FIELD), 11.805268650739373, UNKNOWN, MIMIC)"
5,0.24418294143999997,0.24418294143999997,38.133995791807976,-121.86871933461222,"PatientState(Location(""FIELD"", (38.133995791807976, -121.86871933461222), -1.0, FIELD), 111.85691957082764, UNKNOWN, HEMORRHAGIC)"
