sample,reward_best,reward_CA,location_lat,location_lon,patient_state
1,0.24418294143999997,0.24418294143999997,37.70518275760422,-121.75863280308855,"PatientState(Location(""FIELD"", (37.70518275760422, -121.75863280308855), -1.0, FIELD), 262.66538424820254, UNKNOWN, MIMIC)"
2,0.24418294143999997,0.24418294143999997,37.70442148813482,-121.75940133019166,"PatientState(Location(""FIELD"", (37.70442148813482, -121.75940133019166), -1.0, FIELD), 252.89815412550325, UNKNOWN, MIMIC)"
3,0.32307067206169526,0.24418294143999997,37.706196699105206,-121.75793385178292,"PatientState(Location(""FIELD"", (37.706196699105206, -121.75793385178292), -1.0, FIELD), 122.17696034953525, UNKNOWN, MIMIC)"
4,0.3182530339504446,0.24418294143999997,37.70458677363636,-121.75984227616156,"PatientState(Location(""FIELD"", (37.70458677363636, -121.75984227616156), -1.0, FIELD), 143.13773011750544, UNKNOWN, HEMORRHAGIC)"
5,0.3510305490733103,0.33086737308840203,37.70577090725244,-121.7558898022258,"PatientState(Location(""FIELD"", (37.70577090725244, -121.7558898022258), -1.0, FIELD), 1.5246807126246997, UNKNOWN, LVO)"
