sample,reward_best,reward_CA,location_lat,location_lon,patient_state
1,0.3156561849551509,0.3156561849551509,37.340797280081595,-122.22420548107715,"PatientState(Location(""FIELD"", (37.340797280081595, -122.22420548107715), -1.0, FIELD), 174.81948187857495, UNKNOWN, NLVO)"
2,0.330022747304523,0.330022747304523,37.33948942026548,-122.22553459421863,"PatientState(Location(""FIELD"", (37.33948942026548, -122.22553459421863), -1.0, FIELD), 109.00224148547802, UNKNOWN, MIMIC)"
3,0.24418294143999997,0.24418294143999997,37.34080577302999,-122.22264890547041,"PatientState(Location(""FIELD"", (37.34080577302999, -122.22264890547041), -1.0, FIELD), 254.3416463874348, UNKNOWN, HEMORRHAGIC)"
4,0.24418294143999997,0.24418294143999997,37.34054648277482,-122.22215756305513,"PatientState(Location(""FIELD"", (37.34054648277482, -122.22215756305513), -1.0, FIELD), 200.1283495078474, UNKNOWN, LVO)"
5,0.33813363439315713,0.33813363439315713,37.341756574915784,-122.22452545109232,"PatientState(Location(""FIELD"", (37.341756574915784, -122.22452545109232), -1.0, FIELD), 75.83855356492066, UNKNOWN, HEMORRHAGIC)"
