sample,reward_best,reward_CA,location_lat,location_lon,patient_state
1,0.24418294143999997,0.24418294143999997,37.41365349839906,-121.99379933285395,"PatientState(Location(""FIELD"", (37.41365349839906, -121.99379933285395), -1.0, FIELD), 207.4115365208232, UNKNOWN, LVO)"
2,0.34911653294286477,0.3447196368629371,37.41352820823799,-121.9944183892359,"PatientState(Location(""FIELD"", (37.41352820823799, -121.9944183892359), -1.0, FIELD), 33.98562556138834, UNKNOWN, LVO)"
3,0.24418294143999997,0.24418294143999997,37.4098895689534,-121.99163534858525,"PatientState(Location(""FIELD"", (37.4098895689534, -121.99163534858525), -1.0, FIELD), 248.60347079197842, UNKNOWN, HEMORRHAGIC)"
4,0.32284230792232893,0.2597468528901749,37.409363279083514,-121.99215943741103,"PatientState(Location(""FIELD"", (37.409363279083514, -121.99215943741103), -1.0, FIELD), 149.84338030281236, UNKNOWN, LVO)"
5,0.24418294143999997,0.24418294143999997,37.4111908062365,-121.99243753420608,"PatientState(Location(""FIELD"", (37.4111908062365, -121.99243753420608), -1.0, FIELD), 207.0071350326454, UNKNOWN, LVO)"
