sample,reward_best,reward_CA,location_lat,location_lon,patient_state
1,0.3362378570923092,0.3211459160913112,37.866355143305675,-122.1292173232131,"PatientState(Location(""FIELD"", (37.866355143305675, -122.1292173232131), -1.0, FIELD), 46.67409911640828, UNKNOWN, LVO)"
2,0.24418294143999997,0.24418294143999997,37.8687900195132,-122.12860466454177,"PatientState(Location(""FIELD"", (37.8687900195132, -122.12860466454177), -1.0, FIELD), 161.96950069940002, UNKNOWN, HEMORRHAGIC)"
3,0.3237878364911093,0.24418294143999997,37.86870623185758,-122.12614874703392,"PatientState(Location(""FIELD"", (37.86870623185758, -122.12614874703392), -1.0, FIELD), 102.7766058913827, UNKNOWN, LVO)"
4,0.32574144584370757,0.24418294143999997,37.86467970808915,-122.12907984125863,"PatientState(Location(""FIELD"", (37.86467970808915, -122.12907984125863), -1.0, FIELD), 93.34598994166399, UNKNOWN, MIMIC)"
5,0.31948908968998846,0.24418294143999997,37.86612055196451,-122.12960136358545,"PatientState(Location(""FIELD"", (37.86612055196451, -122.12960136358545), -1.0, FIELD), 120.27390184012859, UNKNOWN, LVO)"
