sample,reward_best,reward_CA,location_lat,location_lon,patient_state
1,0.24418294143999997,0.24418294143999997,38.08471054487706,-122.13785453377841,"PatientState(Location(""FIELD"", (38.08471054487706, -122.13785453377841), -1.0, FIELD), 164.40896532827082, UNKNOWN, LVO)"
2,0.24418294143999997,0.24418294143999997,38.08855426400219,-122.14050955975608,"PatientState(Location(""FIELD"", (38.08855426400219, -122.14050955975608), -1.0, FIELD), 119.11213561243606, UNKNOWN, LVO)"
3,0.24418294143999997,0.24418294143999997,38.083880441540735,-122.13815634295432,"PatientState(Location(""FIELD"", (38.083880441540735, -122.13815634295432), -1.0, FIELD), 203.62393996305175, UNKNOWN, HEMORRHAGIC)"
4,0.3188833125023681,0.3188833125023681,38.085871536566465,-122.13731252021113,"PatientState(Location(""FIELD"", (38.085871536566465, -122.13731252021113), -1.0, FIELD), 45.040493776694525, UNKNOWN, LVO)"
5,0.32510092955627745,0.32510092955627745,38.0850728734732,-122.13811685441212,"PatientState(Location(""FIELD"", (38.0850728734732, -122.13811685441212), -1.0, FIELD), 17.333344959973807, UNKNOWN, LVO)"
