sample,reward_best,reward_CA,location_lat,location_lon,patient_state
1,0.34836364779324325,0.34836364779324325,37.344562667202545,-121.87803093708118,"PatientState(Location(""FIELD"", (37.344562667202545, -121.87803093708118), -1.0, FIELD), 49.144264601385395, UNKNOWN, NLVO)"
2,0.24418294143999997,0.24418294143999997,37.347529433266274,-121.87802317157042,"PatientState(Location(""FIELD"", (37.347529433266274, -121.87802317157042), -1.0, FIELD), 250.32823164598761, UNKNOWN, HEMORRHAGIC)"
3,0.35168620950459795,0.35168620950459795,37.347634472471796,-121.87696606108797,"PatientState(Location(""FIELD"", (37.347634472471796, -121.87696606108797), -1.0, FIELD), 36.0746405271223, UNKNOWN, HEMORRHAGIC)"
4,0.3447786475901166,0.3447786475901166,37.348411280060915,-121.87893715198409,"PatientState(Location(""FIELD"", (37.348411280060915, -121.87893715198409), -1.0, FIELD), 65.18107915929652, UNKNOWN, HEMORRHAGIC)"
5,0.33494756708077483,0.33494756708077483,37.34518422104564,-121.87766868247729,"PatientState(Location(""FIELD"", (37.34518422104564, -121.87766868247729), -1.0, FIELD), 107.14863776450858, UNKNOWN, HEMORRHAGIC)"
