sample,reward_best,reward_CA,location_lat,location_lon,patient_state
1,0.3169178962032443,0.24418294143999997,37.863865534817194,-122.50801976966844,"PatientState(Location(""FIELD"", (37.863865534817194, -122.50801976966844), -1.0, FIELD), 140.3482706765482, UNKNOWN, NLVO)"
2,0.32850783204731826,0.24418294143999997,37.867543227524116,-122.50718415719662,"PatientState(Location(""FIELD"", (37.867543227524116, -122.50718415719662), -1.0, FIELD), 88.57509238730572, UNKNOWN, NLVO)"
3,0.25301648141727534,0.24418294143999997,37.863888136876284,-122.50947469569806,"PatientState(Location(""FIELD"", (37.863888136876284, -122.50947469569806), -1.0, FIELD), 165.4268954677437, UNKNOWN, LVO)"
4,0.24418294143999997,0.24418294143999997,37.86763989353785,-122.50750391757754,"PatientState(Location(""FIELD"", (37.86763989353785, -122.50750391757754), -1.0, FIELD), 216.66318792134737, UNKNOWN, NLVO)"
5,0.3279718661526367,0.24418294143999997,37.86730548698722,-122.51070592376948,"PatientState(Location(""FIELD"", (37.86730548698722, -122.51070592376948), -1.0, FIELD), 87.73128006378985, UNKNOWN, LVO)"
