sample,reward_best,reward_CA,location_lat,location_lon,patient_state
1,0.3138322487865341,0.3138322487865341,37.37082124969711,-121.66767878822667,"PatientState(Location(""FIELD"", (37.37082124969711, -121.66767878822667), -1.0, FIELD), 149.1537699749652, UNKNOWN, HEMORRHAGIC)"
2,0.3239496788074726,0.3239496788074726,37.37317756305083,-121.66912575534946,"PatientState(Location(""FIELD"", (37.37317756305083, -121.66912575534946), -1.0, FIELD), 122.94486803277258, UNKNOWN, LVO)"
3,0.31593821610291,0.31593821610291,37.37046840655169,-121.66937096606011,"PatientState(Location(""FIELD"", (37.37046840655169, -121.66937096606011), -1.0, FIELD), 139.97719531342412, UNKNOWN, LVO)"
4,0.24418294143999997,0.24418294143999997,37.369786421712284,-121.66978455502108,"PatientState(Location(""FIELD"", (37.369786421712284, -121.66978455502108), -1.0, FIELD), 203.02387335986475, UNKNOWN, LVO)"
5,0.3358259484797669,0.3358259484797669,37.37356264866453,-121.66761257229679,"PatientState(Location(""FIELD"", (37.37356264866453, -121.66761257229679), -1.0, FIELD), 70.84763429691263, UNKNOWN, HEMORRHAGIC)"
