sample,reward_best,reward_CA,location_lat,location_lon,patient_state
1,0.3244713527959908,0.3244713527959908,37.4041284873992,-121.66634440480291,"PatientState(Location(""FIELD"", (37.4041284873992, -121.66634440480291), -1.0, FIELD), 110.87105821843133, UNKNOWN, HEMORRHAGIC)"
2,0.24418294143999997,0.24418294143999997,37.40630421110711,-121.66824804704213,"PatientState(Location(""FIELD"", (37.40630421110711, -121.66824804704213), -1.0, FIELD), 183.5247740567878, UNKNOWN, LVO)"
3,0.24418294143999997,0.24418294143999997,37.40403430904761,-121.66704570604503,"PatientState(Location(""FIELD"", (37.40403430904761, -121.66704570604503), -1.0, FIELD), 220.00257951951775, UNKNOWN, LVO)"
4,0.32159428586008476,0.32159428586008476,37.40488598577966,-121.66830548036091,"PatientState(Location(""FIELD"", (37.40488598577966, -121.66830548036091), -1.0, FIELD), 123.46776992753519, UNKNOWN, MIMIC)"
5,0.24418294143999997,0.24418294143999997,37.40415975130439,-121.66683279775154,"PatientState(Location(""FIELD"", (37.40415975130439, -121.66683279775154), -1.0, FIELD), 247.87229915382957, UNKNOWN, LVO)"
