sample,reward_best,reward_CA,location_lat,location_lon,patient_state
1,0.3412655334985082,0.31978270691418853,37.645611138555594,-121.61774751994626,"PatientState(Location(""FIELD"", (37.645611138555594, -121.61774751994626), -1.0, FIELD), 31.817941671700233, UNKNOWN, HEMORRHAGIC)"
2,0.24418294143999997,0.24418294143999997,37.64391878568743,-121.61919274333589,"PatientState(Location(""FIELD"", (37.64391878568743, -121.61919274333589), -1.0, FIELD), 181.0334567933728, UNKNOWN, LVO)"
3,0.24418294143999997,0.24418294143999997,37.64412333583768,-121.61664929414705,"PatientState(Location(""FIELD"", (37.64412333583768, -121.61664929414705), -1.0, FIELD), 167.5983446495483, UNKNOWN, HEMORRHAGIC)"
4,0.34534475172837353,0.32371195930039537,37.64491199203131,-121.61937140068665,"PatientState(Location(""FIELD"", (37.64491199203131, -121.61937140068665), -1.0, FIELD), 14.867712368019347, UNKNOWN, LVO)"
5,0.24418294143999997,0.24418294143999997,37.644619277767795,-121.61955174554333,"PatientState(Location(""FIELD"", (37.644619277767795, -121.61955174554333), -1.0, FIELD), 247.00479239517801, UNKNOWN, HEMORRHAGIC)"
