sample,reward_best,reward_CA,location_lat,location_lon,patient_state
1,0.31808807118818033,0.25828862951539494,37.63330051953331,-122.43390266546818,"PatientState(Location(""FIELD"", (37.63330051953331, -122.43390266546818), -1.0, FIELD), 163.99307304579972, UNKNOWN, LVO)"
2,0.24418294143999997,0.24418294143999997,37.6326336261334,-122.4312968152691,"PatientState(Location(""FIELD"", (37.6326336261334, -122.4312968152691), -1.0, FIELD), 264.94233170912554, UNKNOWN, NLVO)"
3,0.24418294143999997,0.24418294143999997,37.63195019710208,-122.43121383557208,"PatientState(Location(""FIELD"", (37.63195019710208, -122.43121383557208), -1.0, FIELD), 236.99552113531564, UNKNOWN, HEMORRHAGIC)"
4,0.24418294143999997,0.24418294143999997,37.6290732571433,-122.43530127258792,"PatientState(Location(""FIELD"", (37.6290732571433, -122.43530127258792), -1.0, FIELD), 238.04202600643598, UNKNOWN, LVO)"
5,0.3175959022688549,0.2578092032268502,37.633295564577324,-122.43300670181947,"PatientState(Location(""FIELD"", (37.633295564577324, -122.43300670181947), -1.0, FIELD), 166.64670596402095, UNKNOWN, MIMIC)"
