sample,reward_best,reward_CA,location_lat,location_lon,patient_state
1,0.3160360850112193,0.24418294143999997,37.80615897849446,-122.11492325744187,"PatientState(Location(""FIELD"", (37.80615897849446, -122.11492325744187), -1.0, FIELD), 134.86202073327814, UNKNOWN, NLVO)"
2,0.31692776925718447,0.24418294143999997,37.807003586289014,-122.11413129768268,"PatientState(Location(""FIELD"", (37.807003586289014, -122.11413129768268), -1.0, FIELD), 130.85561657326662, UNKNOWN, HEMORRHAGIC)"
3,0.33174025411982594,0.3151441016276277,37.80798142857286,-122.11519707839717,"PatientState(Location(""FIELD"", (37.80798142857286, -122.11519707839717), -1.0, FIELD), 65.4175792423422, UNKNOWN, LVO)"
4,0.24418294143999997,0.24418294143999997,37.808439776883326,-122.11135954702291,"PatientState(Location(""FIELD"", (37.808439776883326, -122.11135954702291), -1.0, FIELD), 168.73469031606223, UNKNOWN, LVO)"
5,0.31655861605550906,0.24418294143999997,37.807113091788715,-122.11190880677874,"PatientState(Location(""FIELD"", (37.807113091788715, -122.11190880677874), -1.0, FIELD), 132.51337091883758, UNKNOWN, LVO)"
