sample,reward_best,reward_CA,location_lat,location_lon,patient_state
1,0.24418294143999997,0.24418294143999997,38.089643440776406,-122.21658913006361,"PatientState(Location(""FIELD"", (38.089643440776406, -122.21658913006361), -1.0, FIELD), 88.39766594454062, UNKNOWN, NLVO)"
2,0.24418294143999997,0.24418294143999997,38.09016977803264,-122.21954578950472,"PatientState(Location(""FIELD"", (38.09016977803264, -122.21954578950472), -1.0, FIELD), 163.09161317866406, UNKNOWN, HEMORRHAGIC)"
3,0.31628963389875914,0.2520270865594405,38.09117363479467,-122.21850882125456,"PatientState(Location(""FIELD"", (38.09117363479467, -122.21850882125456), -1.0, FIELD), 69.57477142251653, UNKNOWN, HEMORRHAGIC)"
4,0.24418294143999997,0.24418294143999997,38.09286921039903,-122.2170896464966,"PatientState(Location(""FIELD"", (38.09286921039903, -122.2170896464966), -1.0, FIELD), 130.8650647686811, UNKNOWN, HEMORRHAGIC)"
5,0.24418294143999997,0.24418294143999997,38.09054399079793,-122.21928157545196,"PatientState(Location(""FIELD"", (38.09054399079793, -122.21928157545196), -1.0, FIELD), 229.36646122038746, UNKNOWN, NLVO)"
