sample,reward_best,reward_CA,location_lat,location_lon,patient_state
1,0.24418294143999997,0.24418294143999997,37.748509395824556,-121.59050430318459,"PatientState(Location(""FIELD"", (37.748509395824556, -121.59050430318459), -1.0, FIELD), 208.94617160604864, UNKNOWN, HEMORRHAGIC)"
2,0.3227974132611818,0.24418294143999997,37.74676807920803,-121.58919372873805,"PatientState(Location(""FIELD"", (37.74676807920803, -121.58919372873805), -1.0, FIELD), 116.10759726892864, UNKNOWN, MIMIC)"
3,0.24418294143999997,0.24418294143999997,37.74695340976322,-121.59053850005357,"PatientState(Location(""FIELD"", (37.74695340976322, -121.59053850005357), -1.0, FIELD), 234.23354039069753, UNKNOWN, HEMORRHAGIC)"
4,0.31729411214596387,0.24418294143999997,37.74606039589244,-121.58889803071685,"PatientState(Location(""FIELD"", (37.74606039589244, -121.58889803071685), -1.0, FIELD), 141.20837040129172, UNKNOWN, LVO)"
5,0.24418294143999997,0.24418294143999997,37.74680558430763,-121.58939980102934,"PatientState(Location(""FIELD"", (37.74680558430763, -121.58939980102934), -1.0, FIELD), 227.62581989615734, UNKNOWN, NLVO)"
