sample,reward_best,reward_CA,location_lat,location_lon,patient_state
1,0.3345832264662061,0.3200531662941737,37.76681625266283,-122.29113342666558,"PatientState(Location(""FIELD"", (37.76681625266283, -122.29113342666558), -1.0, FIELD), 70.67937989537681, UNKNOWN, LVO)"
2,0.24418294143999997,0.24418294143999997,37.76616698440888,-122.29174501924676,"PatientState(Location(""FIELD"", (37.76616698440888, -122.29174501924676), -1.0, FIELD), 178.15983401256514, UNKNOWN, HEMORRHAGIC)"
3,0.3405761166872074,0.3258930247676688,37.76847686645373,-122.29285336705664,"PatientState(Location(""FIELD"", (37.76847686645373, -122.29285336705664), -1.0, FIELD), 43.25047620314358, UNKNOWN, HEMORRHAGIC)"
4,0.24418294143999997,0.24418294143999997,37.76405368789889,-122.29094322605906,"PatientState(Location(""FIELD"", (37.76405368789889, -122.29094322605906), -1.0, FIELD), 176.0352954492496, UNKNOWN, HEMORRHAGIC)"
5,0.24418294143999997,0.24418294143999997,37.76845897366642,-122.29246859289547,"PatientState(Location(""FIELD"", (37.76845897366642, -122.29246859289547), -1.0, FIELD), 225.25496620898036, UNKNOWN, LVO)"
