sample,reward_best,reward_CA,location_lat,location_lon,patient_state
1,0.24418294143999997,0.24418294143999997,37.76277630001914,-121.60370147664125,"PatientState(Location(""FIELD"", (37.76277630001914, -121.60370147664125), -1.0, FIELD), 168.2580004752718, UNKNOWN, NLVO)"
2,0.3349348119966616,0.24418294143999997,37.75930309277406,-121.60313506365438,"PatientState(Location(""FIELD"", (37.75930309277406, -121.60313506365438), -1.0, FIELD), 51.83068601023282, UNKNOWN, HEMORRHAGIC)"
3,0.3373958297521571,0.24418294143999997,37.75900260177834,-121.60292057496365,"PatientState(Location(""FIELD"", (37.75900260177834, -121.60292057496365), -1.0, FIELD), 41.13201937730347, UNKNOWN, LVO)"
4,0.3233830169237667,0.24418294143999997,37.758942465018954,-121.60489691459686,"PatientState(Location(""FIELD"", (37.758942465018954, -121.60489691459686), -1.0, FIELD), 102.34535684858778, UNKNOWN, LVO)"
5,0.3405083360831071,0.24418294143999997,37.7611435837801,-121.60207683152636,"PatientState(Location(""FIELD"", (37.7611435837801, -121.60207683152636), -1.0, FIELD), 28.008746561988332, UNKNOWN, HEMORRHAGIC)"
