sample,reward_best,reward_CA,location_lat,location_lon,patient_state
1,0.24418294143999997,0.24418294143999997,37.89118873283413,-122.17901957908272,"PatientState(Location(""FIELD"", (37.89118873283413, -122.17901957908272), -1.0, FIELD), 191.99346570356357, UNKNOWN, NLVO)"
2,0.32522819435968164,0.24418294143999997,37.89335001347832,-122.17930723308262,"PatientState(Location(""FIELD"", (37.89335001347832, -122.17930723308262), -1.0, FIELD), 103.12212484879868, UNKNOWN, LVO)"
3,0.3315873073814008,0.3148129626971563,37.89375869779416,-122.1795662844585,"PatientState(Location(""FIELD"", (37.89375869779416, -122.1795662844585), -1.0, FIELD), 70.04374250103736, UNKNOWN, MIMIC)"
4,0.3436941277904771,0.3268649552435289,37.893024050999706,-122.17778176228416,"PatientState(Location(""FIELD"", (37.893024050999706, -122.17778176228416), -1.0, FIELD), 23.50328296306959, UNKNOWN, LVO)"
5,0.31864305609696897,0.24418294143999997,37.890175346872496,-122.17615716827122,"PatientState(Location(""FIELD"", (37.890175346872496, -122.17615716827122), -1.0, FIELD), 135.43890630952643, UNKNOWN, LVO)"
