sample,reward_best,reward_CA,location_lat,location_lon,patient_state
1,0.24418294143999997,0.24418294143999997,37.99097323470305,-122.01646192333222,"PatientState(Location(""FIELD"", (37.99097323470305, -122.01646192333222), -1.0, FIELD), 147.12064288435215, UNKNOWN, LVO)"
2,0.31996054451554423,0.31996054451554423,37.991805544075504,-122.015970767438,"PatientState(Location(""FIELD"", (37.991805544075504, -122.015970767438), -1.0, FIELD), 38.79275965313635, UNKNOWN, LVO)"
3,0.24418294143999997,0.24418294143999997,37.99087868300969,-122.01799856976368,"PatientState(Location(""FIELD"", (37.99087868300969, -122.01799856976368), -1.0, FIELD), 192.15926760765325, UNKNOWN, HEMORRHAGIC)"
4,0.32533630942249064,0.32533630942249064,37.99036174276127,-122.02031551941226,"PatientState(Location(""FIELD"", (37.99036174276127, -122.02031551941226), -1.0, FIELD), 26.674425169274013, UNKNOWN, HEMORRHAGIC)"
5,0.24418294143999997,0.24418294143999997,37.99104571428874,-122.01750874256177,"PatientState(Location(""FIELD"", (37.99104571428874, -122.01750874256177), -1.0, FIELD), 126.28770903384559, UNKNOWN, HEMORRHAGIC)"
