sample,reward_best,reward_CA,location_lat,location_lon,patient_state
1,0.3428279560933678,0.3380087052885431,37.27777696044088,-122.09523559010512,"PatientState(Location(""FIELD"", (37.27777696044088, -122.09523559010512), -1.0, FIELD), 40.78045437034936, UNKNOWN, LVO)"
2,0.34114630209925645,0.33632575368233725,37.27645757629196,-122.09088905607989,"PatientState(Location(""FIELD"", (37.27645757629196, -122.09088905607989), -1.0, FIELD), 45.94368750559674, UNKNOWN, HEMORRHAGIC)"
3,0.24418294143999997,0.24418294143999997,37.2759189533139,-122.09439814688861,"PatientState(Location(""FIELD"", (37.2759189533139, -122.09439814688861), -1.0, FIELD), 269.7790033241341, UNKNOWN, HEMORRHAGIC)"
4,0.322343396700201,0.25901517893119586,37.274919905157155,-122.09080762792932,"PatientState(Location(""FIELD"", (37.274919905157155, -122.09080762792932), -1.0, FIELD), 127.91989042383253, UNKNOWN, MIMIC)"
5,0.24418294143999997,0.24418294143999997,37.27790655651495,-122.09133638123082,"PatientState(Location(""FIELD"", (37.27790655651495, -122.09133638123082), -1.0, FIELD), 202.28053141259295, UNKNOWN, HEMORRHAGIC)"
