sample,reward_best,reward_CA,location_lat,location_lon,patient_state
1,0.3320091685619503,0.3320091685619503,37.49670075507874,-121.92354117719742,"PatientState(Location(""FIELD"", (37.49670075507874, -121.92354117719742), -1.0, FIELD), 113.38381706827904, UNKNOWN, HEMORRHAGIC)"
2,0.24418294143999997,0.24418294143999997,37.49698212353735,-121.92406633810226,"PatientState(Location(""FIELD"", (37.49698212353735, -121.92406633810226), -1.0, FIELD), 195.61663175024614, UNKNOWN, LVO)"
3,0.32455685108018384,0.32455685108018384,37.496335981476854,-121.92286167886675,"PatientState(Location(""FIELD"", (37.496335981476854, -121.92286167886675), -1.0, FIELD), 146.59954459895604, UNKNOWN, LVO)"
4,0.318863535739012,0.318863535739012,37.49509347163196,-121.92098943608853,"PatientState(Location(""FIELD"", (37.49509347163196, -121.92098943608853), -1.0, FIELD), 170.481111507901, UNKNOWN, LVO)"
5,0.24418294143999997,0.24418294143999997,37.49677250835876,-121.92186090864323,"PatientState(Location(""FIELD"", (37.49677250835876, -121.92186090864323), -1.0, FIELD), 216.92901681547437, UNKNOWN, NLVO)"
