sample,reward_best,reward_CA,location_lat,location_lon,patient_state
1,0.33423595210684226,0.314383652198411,37.5078480636381,-121.83215329792903,"PatientState(Location(""FIELD"", (37.5078480636381, -121.83215329792903), -1.0, FIELD), 87.92190944369476, UNKNOWN, HEMORRHAGIC)"
2,0.3197912348952236,0.24418294143999997,37.506969384479824,-121.83316407838674,"PatientState(Location(""FIELD"", (37.506969384479824, -121.83316407838674), -1.0, FIELD), 151.59321005530552, UNKNOWN, LVO)"
3,0.31755483296519726,0.24418294143999997,37.50785338562063,-121.83269340687656,"PatientState(Location(""FIELD"", (37.50785338562063, -121.83269340687656), -1.0, FIELD), 161.510826687713, UNKNOWN, LVO)"
4,0.24418294143999997,0.24418294143999997,37.50818657912855,-121.83185688773378,"PatientState(Location(""FIELD"", (37.50818657912855, -121.83185688773378), -1.0, FIELD), 207.7906364268338, UNKNOWN, LVO)"
5,0.33292125738405626,0.24418294143999997,37.50484188679226,-121.83102853707823,"PatientState(Location(""FIELD"", (37.50484188679226, -121.83102853707823), -1.0, FIELD), 93.86012721416469, UNKNOWN, NLVO)"
