sample,reward_best,reward_CA,location_lat,location_lon,patient_state
1,0.341835649238286,0.341835649238286,37.242818054828376,-121.86999659180798,"PatientState(Location(""FIELD"", (37.242818054828376, -121.86999659180798), -1.0, FIELD), 72.13746376887711, UNKNOWN, LVO)"
2,0.24418294143999997,0.24418294143999997,37.24308543386992,-121.86639084665744,"PatientState(Location(""FIELD"", (37.24308543386992, -121.86639084665744), -1.0, FIELD), 255.05209616055836, UNKNOWN, LVO)"
3,0.35133113587508896,0.35133113587508896,37.24076934429302,-121.86641533565022,"PatientState(Location(""FIELD"", (37.24076934429302, -121.86641533565022), -1.0, FIELD), 29.57214403251569, UNKNOWN, HEMORRHAGIC)"
4,0.33245845349980047,0.33245845349980047,37.240742624830446,-121.86728759847743,"PatientState(Location(""FIELD"", (37.240742624830446, -121.86728759847743), -1.0, FIELD), 111.0739943149325, UNKNOWN, HEMORRHAGIC)"
5,0.326183248657681,0.326183248657681,37.24194086047836,-121.86819908138037,"PatientState(Location(""FIELD"", (37.24194086047836, -121.86819908138037), -1.0, FIELD), 140.34870936514608, UNKNOWN, NLVO)"
