sample,reward_best,reward_CA,location_lat,location_lon,patient_state
1,0.3202569398454193,0.24418294143999997,37.88422156742516,-122.06452841102406,"PatientState(Location(""FIELD"", (37.88422156742516, -122.06452841102406), -1.0, FIELD), 115.99048509658347, UNKNOWN, NLVO)"
2,0.3422564916886094,0.32909357754715557,37.88450275536216,-122.06438570577265,"PatientState(Location(""FIELD"", (37.88450275536216, -122.06438570577265), -1.0, FIELD), 19.562902036523923, UNKNOWN, LVO)"
3,0.24418294143999997,0.24418294143999997,37.88841055651587,-122.06344988558554,"PatientState(Location(""FIELD"", (37.88841055651587, -122.06344988558554), -1.0, FIELD), 221.03979706166538, UNKNOWN, LVO)"
4,0.319471124454719,0.24418294143999997,37.88763231894533,-122.06305428483591,"PatientState(Location(""FIELD"", (37.88763231894533, -122.06305428483591), -1.0, FIELD), 121.0858053742928, UNKNOWN, NLVO)"
5,0.24418294143999997,0.24418294143999997,37.8861796974261,-122.0611506807024,"PatientState(Location(""FIELD"", (37.8861796974261, -122.0611506807024), -1.0, FIELD), 155.8903232065221, UNKNOWN, MIMIC)"
