sample,reward_best,reward_CA,location_lat,location_lon,patient_state
1,0.31913389797102854,0.26246653694525424,37.5058026634248,-122.4674206847025,"PatientState(Location(""FIELD"", (37.5058026634248, -122.4674206847025), -1.0, FIELD), 140.0274637315187, UNKNOWN, HEMORRHAGIC)"
2,0.316105168868526,0.2599635760582181,37.504253377077546,-122.46650774581268,"PatientState(Location(""FIELD"", (37.504253377077546, -122.46650774581268), -1.0, FIELD), 154.90469578852483, UNKNOWN, LVO)"
3,0.24418294143999997,0.24418294143999997,37.50556884252632,-122.46888432000794,"PatientState(Location(""FIELD"", (37.50556884252632, -122.46888432000794), -1.0, FIELD), 226.79181773352454, UNKNOWN, LVO)"
4,0.24418294143999997,0.24418294143999997,37.50835799951675,-122.4658768440658,"PatientState(Location(""FIELD"", (37.50835799951675, -122.4658768440658), -1.0, FIELD), 202.8822021491204, UNKNOWN, LVO)"
5,0.32967909502437287,0.2711528487410714,37.50584458053925,-122.46911691483605,"PatientState(Location(""FIELD"", (37.50584458053925, -122.46911691483605), -1.0, FIELD), 93.78257013368781, UNKNOWN, HEMORRHAGIC)"
