sample,reward_best,reward_CA,location_lat,location_lon,patient_state
1,0.3160855697126402,0.25395459244137153,37.45785531957153,-121.94250529758781,"PatientState(Location(""FIELD"", (37.45785531957153, -121.94250529758781), -1.0, FIELD), 177.5211587295818, UNKNOWN, MIMIC)"
2,0.327775884811261,0.263243118982684,37.4566751355633,-121.9448715439662,"PatientState(Location(""FIELD"", (37.4566751355633, -121.9448715439662), -1.0, FIELD), 124.23947105419171, UNKNOWN, LVO)"
3,0.24418294143999997,0.24418294143999997,37.45680423911212,-121.94530188279046,"PatientState(Location(""FIELD"", (37.45680423911212, -121.94530188279046), -1.0, FIELD), 220.56950982966637, UNKNOWN, HEMORRHAGIC)"
4,0.32740091171366975,0.2629422493206685,37.457802939434416,-121.94432378596218,"PatientState(Location(""FIELD"", (37.457802939434416, -121.94432378596218), -1.0, FIELD), 125.94702197078726, UNKNOWN, HEMORRHAGIC)"
5,0.24418294143999997,0.24418294143999997,37.45584231660255,-121.94414354136106,"PatientState(Location(""FIELD"", (37.45584231660255, -121.94414354136106), -1.0, FIELD), 212.290630317001, UNKNOWN, HEMORRHAGIC)"
