sample,reward_best,reward_CA,location_lat,location_lon,patient_state
1,0.24418294143999997,0.24418294143999997,38.01507766464066,-122.14948141423879,"PatientState(Location(""FIELD"", (38.01507766464066, -122.14948141423879), -1.0, FIELD), 259.05621125492587, UNKNOWN, LVO)"
2,0.3300306123213708,0.3199663057416924,38.01836005448998,-122.1490126314449,"PatientState(Location(""FIELD"", (38.01836005448998, -122.1490126314449), -1.0, FIELD), 44.35540773650558, UNKNOWN, NLVO)"
3,0.33345416757678686,0.3232981213982323,38.01592126498612,-122.14858340284678,"PatientState(Location(""FIELD"", (38.01592126498612, -122.14858340284678), -1.0, FIELD), 29.51244115780556, UNKNOWN, LVO)"
4,0.33058553281685266,0.32050618959905436,38.01669285781699,-122.15072979004617,"PatientState(Location(""FIELD"", (38.01669285781699, -122.15072979004617), -1.0, FIELD), 41.89639590754221, UNKNOWN, LVO)"
5,0.24418294143999997,0.24418294143999997,38.014814283472646,-122.14613797634259,"PatientState(Location(""FIELD"", (38.014814283472646, -122.14613797634259), -1.0, FIELD), 171.57285986718918, UNKNOWN, HEMORRHAGIC)"
