sample,reward_best,reward_CA,location_lat,location_lon,patient_state
1,0.24418294143999997,0.24418294143999997,37.63398754521535,-122.491855361079,"PatientState(Location(""FIELD"", (37.63398754521535, -122.491855361079), -1.0, FIELD), 200.8817779146078, UNKNOWN, NLVO)"
2,0.24418294143999997,0.24418294143999997,37.6353620503049,-122.49536195009708,"PatientState(Location(""FIELD"", (37.6353620503049, -122.49536195009708), -1.0, FIELD), 196.55482139541382, UNKNOWN, LVO)"
3,0.3200942928356774,0.2600782164186757,37.636072832444896,-122.4955101181408,"PatientState(Location(""FIELD"", (37.636072832444896, -122.4955101181408), -1.0, FIELD), 147.36924659716843, UNKNOWN, LVO)"
4,0.24418294143999997,0.24418294143999997,37.63722514999672,-122.49425653349009,"PatientState(Location(""FIELD"", (37.63722514999672, -122.49425653349009), -1.0, FIELD), 203.01432227149877, UNKNOWN, LVO)"
5,0.3222672252772134,0.2618529341146469,37.63449305672966,-122.49370163660852,"PatientState(Location(""FIELD"", (37.63449305672966, -122.49370163660852), -1.0, FIELD), 137.83656155564825, UNKNOWN, LVO)"
