sample,reward_best,reward_CA,location_lat,location_lon,patient_state
1,0.24418294143999997,0.24418294143999997,37.93340312201901,-121.92643118031106,"PatientState(Location(""FIELD"", (37.93340312201901, -121.92643118031106), -1.0, FIELD), 226.58935185653547, UNKNOWN, LVO)"
2,0.24418294143999997,0.24418294143999997,37.93180315552882,-121.92983139836616,"PatientState(Location(""FIELD"", (37.93180315552882, -121.92983139836616), -1.0, FIELD), 168.63524379249694, UNKNOWN, HEMORRHAGIC)"
3,0.24418294143999997,0.24418294143999997,37.92903629069675,-121.92754856278138,"PatientState(Location(""FIELD"", (37.92903629069675, -121.92754856278138), -1.0, FIELD), 214.6424097925077, UNKNOWN, NLVO)"
4,0.24418294143999997,0.24418294143999997,37.93083531215213,-121.92860897357603,"PatientState(Location(""FIELD"", (37.93083531215213, -121.92860897357603), -1.0, FIELD), 146.2684001831685, UNKNOWN, LVO)"
5,0.24418294143999997,0.24418294143999997,37.932743216202084,-121.93052136391783,"PatientState(Location(""FIELD"", (37.932743216202084, -121.93052136391783), -1.0, FIELD), 119.70566391379502, UNKNOWN, HEMORRHAGIC)"
