sample,reward_best,reward_CA,location_lat,location_lon,patient_state
1,0.3317577426807762,0.3159764118952869,37.74830088381015,-122.12328464119844,"PatientState(Location(""FIELD"", (37.74830088381015, -122.12328464119844), -1.0, FIELD), 86.7462281657397, UNKNOWN, LVO)"
2,0.31631011653783964,0.24418294143999997,37.74612421282361,-122.12560909455469,"PatientState(Location(""FIELD"", (37.74612421282361, -122.12560909455469), -1.0, FIELD), 152.76167145937157, UNKNOWN, HEMORRHAGIC)"
3,0.3265254963400999,0.24418294143999997,37.74572134101561,-122.12508767067192,"PatientState(Location(""FIELD"", (37.74572134101561, -122.12508767067192), -1.0, FIELD), 107.10002540877187, UNKNOWN, HEMORRHAGIC)"
4,0.34697783937488347,0.3308370765658454,37.74553707433493,-122.12519617952802,"PatientState(Location(""FIELD"", (37.74553707433493, -122.12519617952802), -1.0, FIELD), 18.462853884073702, UNKNOWN, LVO)"
5,0.3494278771096216,0.33318172789626227,37.74395776252637,-122.1234641078683,"PatientState(Location(""FIELD"", (37.74395776252637, -122.1234641078683), -1.0, FIELD), 8.207240609169027, UNKNOWN, LVO)"
