sample,reward_best,reward_CA,location_lat,location_lon,patient_state
1,0.24418294143999997,0.24418294143999997,37.57896971893114,-121.73554395904483,"PatientState(Location(""FIELD"", (37.57896971893114, -121.73554395904483), -1.0, FIELD), 261.9947658666438, UNKNOWN, HEMORRHAGIC)"
2,0.33662786510633547,0.3176387531183954,37.580363515313024,-121.7330354284178,"PatientState(Location(""FIELD"", (37.580363515313024, -121.7330354284178), -1.0, FIELD), 41.6082767342792, UNKNOWN, HEMORRHAGIC)"
3,0.24418294143999997,0.24418294143999997,37.58147610069562,-121.73116962070168,"PatientState(Location(""FIELD"", (37.58147610069562, -121.73116962070168), -1.0, FIELD), 268.04909125813367, UNKNOWN, HEMORRHAGIC)"
4,0.24418294143999997,0.24418294143999997,37.58057743215321,-121.73107294212511,"PatientState(Location(""FIELD"", (37.58057743215321, -121.73107294212511), -1.0, FIELD), 158.41701123236672, UNKNOWN, LVO)"
5,0.31878906103105187,0.24418294143999997,37.58244479624464,-121.73339326862192,"PatientState(Location(""FIELD"", (37.58244479624464, -121.73339326862192), -1.0, FIELD), 120.95416254404134, UNKNOWN, HEMORRHAGIC)"
