sample,reward_best,reward_CA,location_lat,location_lon,patient_state
1,0.34055428530727105,0.32654667217543615,37.82472903402023,-122.23123854367495,"PatientState(Location(""FIELD"", (37.82472903402023, -122.23123854367495), -1.0, FIELD), 42.27606173710302, UNKNOWN, LVO)"
2,0.24418294143999997,0.24418294143999997,37.82820511959766,-122.23496780171845,"PatientState(Location(""FIELD"", (37.82820511959766, -122.23496780171845), -1.0, FIELD), 237.77907997870713, UNKNOWN, HEMORRHAGIC)"
3,0.24418294143999997,0.24418294143999997,37.82656162308046,-122.23502192421243,"PatientState(Location(""FIELD"", (37.82656162308046, -122.23502192421243), -1.0, FIELD), 175.30684363603223, UNKNOWN, HEMORRHAGIC)"
4,0.3245002840660536,0.24418294143999997,37.824327166946944,-122.23419198641706,"PatientState(Location(""FIELD"", (37.824327166946944, -122.23419198641706), -1.0, FIELD), 111.96641452986736, UNKNOWN, HEMORRHAGIC)"
5,0.3254343783724068,0.24418294143999997,37.82427569291008,-122.23175000820036,"PatientState(Location(""FIELD"", (37.82427569291008, -122.23175000820036), -1.0, FIELD), 107.9965109620636, UNKNOWN, LVO)"
