sample,reward_best,reward_CA,location_lat,location_lon,patient_state
1,0.24418294143999997,0.24418294143999997,37.34098608361873,-122.07753117914727,"PatientState(Location(""FIELD"", (37.34098608361873, -122.07753117914727), -1.0, FIELD), 248.70010494725622, UNKNOWN, HEMORRHAGIC)"
2,0.3195956945313415,0.25790401869065965,37.338941727393006,-122.07860634393849,"PatientState(Location(""FIELD"", (37.338941727393006, -122.07860634393849), -1.0, FIELD), 163.0645051642815, UNKNOWN, LVO)"
3,0.3392316451687496,0.3392316451687496,37.3430336914612,-122.0799747480047,"PatientState(Location(""FIELD"", (37.3430336914612, -122.0799747480047), -1.0, FIELD), 63.89125750412536, UNKNOWN, NLVO)"
4,0.3303068552645261,0.326757900439074,37.3423153336283,-122.07984981498393,"PatientState(Location(""FIELD"", (37.3423153336283, -122.07984981498393), -1.0, FIELD), 117.96009929287932, UNKNOWN, LVO)"
5,0.34086061656183364,0.337339977486444,37.340647293772676,-122.07897994728222,"PatientState(Location(""FIELD"", (37.340647293772676, -122.07897994728222), -1.0, FIELD), 71.36851967478603, UNKNOWN, HEMORRHAGIC)"
