sample,reward_best,reward_CA,location_lat,location_lon,patient_state
1,0.32328876318521477,0.24418294143999997,37.81156353716996,-122.3733870277249,"PatientState(Location(""FIELD"", (37.81156353716996, -122.3733870277249), -1.0, FIELD), 125.37152471965275, UNKNOWN, MIMIC)"
2,0.33281861878502583,0.31938604814752014,37.8106780578396,-122.37560957570037,"PatientState(Location(""FIELD"", (37.8106780578396, -122.37560957570037), -1.0, FIELD), 83.36902058816463, UNKNOWN, HEMORRHAGIC)"
3,0.3153965644830661,0.24418294143999997,37.81342909485186,-122.37544958828417,"PatientState(Location(""FIELD"", (37.81342909485186, -122.37544958828417), -1.0, FIELD), 160.74991562277958, UNKNOWN, HEMORRHAGIC)"
4,0.3252016368450968,0.24418294143999997,37.81188606910543,-122.37278862480912,"PatientState(Location(""FIELD"", (37.81188606910543, -122.37278862480912), -1.0, FIELD), 117.03777510672745, UNKNOWN, MIMIC)"
5,0.35143938809342323,0.33761271284487643,37.81011776472117,-122.37269670398791,"PatientState(Location(""FIELD"", (37.81011776472117, -122.37269670398791), -1.0, FIELD), 3.4389912712333484, UNKNOWN, LVO)"
