sample,reward_best,reward_CA,location_lat,location_lon,patient_state
1,0.2517875978277665,0.24418294143999997,37.95795530561981,-122.1658052974021,"PatientState(Location(""FIELD"", (37.95795530561981, -122.1658052974021), -1.0, FIELD), 138.00105302321418, UNKNOWN, LVO)"
2,0.26173296419795483,0.24418294143999997,37.95464758998449,-122.16817361036843,"PatientState(Location(""FIELD"", (37.95464758998449, -122.16817361036843), -1.0, FIELD), 83.0046562653969, UNKNOWN, HEMORRHAGIC)"
3,0.24418294143999997,0.24418294143999997,37.95398026251003,-122.1669927886976,"PatientState(Location(""FIELD"", (37.95398026251003, -122.1669927886976), -1.0, FIELD), 151.34064706481186, UNKNOWN, NLVO)"
4,0.25588295023181085,0.24418294143999997,37.95633904404875,-122.16775644902613,"PatientState(Location(""FIELD"", (37.95633904404875, -122.16775644902613), -1.0, FIELD), 116.16326463477537, UNKNOWN, HEMORRHAGIC)"
5,0.24418294143999997,0.24418294143999997,37.958221343221325,-122.17038926044403,"PatientState(Location(""FIELD"", (37.958221343221325, -122.17038926044403), -1.0, FIELD), 262.32402308691354, UNKNOWN, NLVO)"
