sample,reward_best,reward_CA,location_lat,location_lon,patient_state
1,0.3281970767666505,0.3281970767666505,37.2717115943363,-121.97526267562702,"PatientState(Location(""FIELD"", (37.2717115943363, -121.97526267562702), -1.0, FIELD), 132.12164263665397, UNKNOWN, LVO)"
2,0.24418294143999997,0.24418294143999997,37.27301930239651,-121.97423904117134,"PatientState(Location(""FIELD"", (37.27301930239651, -121.97423904117134), -1.0, FIELD), 233.96109713109539, UNKNOWN, LVO)"
3,0.32165204371451533,0.32165204371451533,37.27107085777768,-121.97192936192897,"PatientState(Location(""FIELD"", (37.27107085777768, -121.97192936192897), -1.0, FIELD), 161.7208849508447, UNKNOWN, HEMORRHAGIC)"
4,0.24418294143999997,0.24418294143999997,37.27230797681474,-121.97401740122345,"PatientState(Location(""FIELD"", (37.27230797681474, -121.97401740122345), -1.0, FIELD), 213.00755754955065, UNKNOWN, LVO)"
5,0.3589322265733802,0.3589322265733802,37.27158927499822,-121.9755757589855,"PatientState(Location(""FIELD"", (37.27158927499822, -121.9755757589855), -1.0, FIELD), 0.375934931743932, UNKNOWN, HEMORRHAGIC)"
