sample,reward_best,reward_CA,location_lat,location_lon,patient_state
1,0.34524294882224327,0.3408176182983954,37.258188440415694,-122.40848219832904,"PatientState(Location(""FIELD"", (37.258188440415694, -122.40848219832904), -1.0, FIELD), 19.844121861507862, UNKNOWN, LVO)"
2,0.24418294143999997,0.24418294143999997,37.258467681248476,-122.40660793808175,"PatientState(Location(""FIELD"", (37.258467681248476, -122.40660793808175), -1.0, FIELD), 261.16114386262467, UNKNOWN, NLVO)"
3,0.34374713506808147,0.3393141867438832,37.2572959025137,-122.4067832970528,"PatientState(Location(""FIELD"", (37.2572959025137, -122.4067832970528), -1.0, FIELD), 25.818038867511085, UNKNOWN, LVO)"
4,0.3224804573073273,0.2610003999545049,37.257038322631864,-122.40613545555763,"PatientState(Location(""FIELD"", (37.257038322631864, -122.40613545555763), -1.0, FIELD), 118.47955292710628, UNKNOWN, HEMORRHAGIC)"
5,0.24418294143999997,0.24418294143999997,37.255549566489464,-122.40810029349639,"PatientState(Location(""FIELD"", (37.255549566489464, -122.40810029349639), -1.0, FIELD), 220.97303698986437, UNKNOWN, LVO)"
