sample,reward_best,reward_CA,location_lat,location_lon,patient_state
1,0.24418294143999997,0.24418294143999997,37.86305148203379,-122.00232401073347,"PatientState(Location(""FIELD"", (37.86305148203379, -122.00232401073347), -1.0, FIELD), 241.22393742906695, UNKNOWN, LVO)"
2,0.24418294143999997,0.24418294143999997,37.86250890679785,-122.0018940371165,"PatientState(Location(""FIELD"", (37.86250890679785, -122.0018940371165), -1.0, FIELD), 266.23231350353205, UNKNOWN, HEMORRHAGIC)"
3,0.315134823548152,0.24418294143999997,37.85972829438373,-122.00101921155077,"PatientState(Location(""FIELD"", (37.85972829438373, -122.00101921155077), -1.0, FIELD), 140.26719188440845, UNKNOWN, HEMORRHAGIC)"
4,0.3228529773629251,0.24418294143999997,37.86145388156218,-122.0008225593059,"PatientState(Location(""FIELD"", (37.86145388156218, -122.0008225593059), -1.0, FIELD), 104.88103790077989, UNKNOWN, LVO)"
5,0.32034774702775226,0.24418294143999997,37.86275328802417,-122.00192035605157,"PatientState(Location(""FIELD"", (37.86275328802417, -122.00192035605157), -1.0, FIELD), 112.99890613812526, UNKNOWN, NLVO)"
