sample,reward_best,reward_CA,location_lat,location_lon,patient_state
1,0.24418294143999997,0.24418294143999997,37.931091095904506,-121.7860116961938,"PatientState(Location(""FIELD"", (37.931091095904506, -121.7860116961938), -1.0, FIELD), 113.32019410285763, UNKNOWN, NLVO)"
2,0.24418294143999997,0.24418294143999997,37.93236039711948,-121.78979836136841,"PatientState(Location(""FIELD"", (37.93236039711948, -121.78979836136841), -1.0, FIELD), 183.222150569946, UNKNOWN, LVO)"
3,0.3164289279329525,0.24418294143999997,37.9336238179996,-121.78696522747859,"PatientState(Location(""FIELD"", (37.9336238179996, -121.78696522747859), -1.0, FIELD), 30.499728300887373, UNKNOWN, NLVO)"
4,0.24418294143999997,0.24418294143999997,37.933295593591374,-121.78974088754745,"PatientState(Location(""FIELD"", (37.933295593591374, -121.78974088754745), -1.0, FIELD), 109.69274967253895, UNKNOWN, LVO)"
5,0.24418294143999997,0.24418294143999997,37.93047016573431,-121.7861203635375,"PatientState(Location(""FIELD"", (37.93047016573431, -121.7861203635375), -1.0, FIELD), 258.72404772802867, UNKNOWN, LVO)"
