sample,reward_best,reward_CA,location_lat,location_lon,patient_state
1,0.24418294143999997,0.24418294143999997,38.004031901194054,-121.6808101947026,"PatientState(Location(""FIELD"", (38.004031901194054, -121.6808101947026), -1.0, FIELD), 171.50617875833035, UNKNOWN, LVO)"
2,0.24418294143999997,0.24418294143999997,38.007982229332896,-121.68168426167891,"PatientState(Location(""FIELD"", (38.007982229332896, -121.68168426167891), -1.0, FIELD), 219.39672259621216, UNKNOWN, LVO)"
3,0.24418294143999997,0.24418294143999997,38.00428873491482,-121.68353989087721,"PatientState(Location(""FIELD"", (38.00428873491482, -121.68353989087721), -1.0, FIELD), 127.49695598123895, UNKNOWN, MIMIC)"
4,0.2522011988380438,0.24418294143999997,38.00497284033158,-121.68146524239226,"PatientState(Location(""FIELD"", (38.00497284033158, -121.68146524239226), -1.0, FIELD), 49.46869744587204, UNKNOWN, HEMORRHAGIC)"
5,0.24418294143999997,0.24418294143999997,38.00710280454889,-121.68501847981388,"PatientState(Location(""FIELD"", (38.00710280454889, -121.68501847981388), -1.0, FIELD), 75.5166816977087, UNKNOWN, MIMIC)"
