sample,reward_best,reward_CA,location_lat,location_lon,patient_state
1,0.3341027632818008,0.24418294143999997,37.65211655883381,-122.127555166815,"PatientState(Location(""FIELD"", (37.65211655883381, -122.127555166815), -1.0, FIELD), 89.78262880800577, UNKNOWN, LVO)"
2,0.316235838563573,0.24418294143999997,37.651185799388735,-122.1289607846355,"PatientState(Location(""FIELD"", (37.651185799388735, -122.1289607846355), -1.0, FIELD), 168.21554931468444, UNKNOWN, HEMORRHAGIC)"
3,0.33319476324829234,0.24418294143999997,37.6496437015434,-122.12960448779818,"PatientState(Location(""FIELD"", (37.6496437015434, -122.12960448779818), -1.0, FIELD), 92.78210063055917, UNKNOWN, LVO)"
4,0.3514989611293269,0.3301035201236881,37.652487021139905,-122.12813762838103,"PatientState(Location(""FIELD"", (37.652487021139905, -122.12813762838103), -1.0, FIELD), 15.165225541546098, UNKNOWN, LVO)"
5,0.24418294143999997,0.24418294143999997,37.65055821550623,-122.13051070014157,"PatientState(Location(""FIELD"", (37.65055821550623, -122.13051070014157), -1.0, FIELD), 201.64987314443567, UNKNOWN, HEMORRHAGIC)"
