sample,reward_best,reward_CA,location_lat,location_lon,patient_state
1,0.33891641993345983,0.3243978347555749,37.38883371220012,-122.12280566508957,"PatientState(Location(""FIELD"", (37.38883371220012, -122.12280566508957), -1.0, FIELD), 77.8365699255181, UNKNOWN, HEMORRHAGIC)"
2,0.24418294143999997,0.24418294143999997,37.39004953537904,-122.12383653806423,"PatientState(Location(""FIELD"", (37.39004953537904, -122.12383653806423), -1.0, FIELD), 209.29196363571182, UNKNOWN, NLVO)"
3,0.24418294143999997,0.24418294143999997,37.39187421911685,-122.12225786643518,"PatientState(Location(""FIELD"", (37.39187421911685, -122.12225786643518), -1.0, FIELD), 234.2991854773251, UNKNOWN, HEMORRHAGIC)"
4,0.3288991638248731,0.3146424585663116,37.38903089541777,-122.12221637754355,"PatientState(Location(""FIELD"", (37.38903089541777, -122.12221637754355), -1.0, FIELD), 121.61905734503554, UNKNOWN, MIMIC)"
5,0.3188356087251292,0.24418294143999997,37.3896377255944,-122.1215391050501,"PatientState(Location(""FIELD"", (37.3896377255944, -122.1215391050501), -1.0, FIELD), 166.6059954069583, UNKNOWN, HEMORRHAGIC)"
