sample,reward_best,reward_CA,location_lat,location_lon,patient_state
1,0.24418294143999997,0.24418294143999997,38.001037947748955,-121.62559846883131,"PatientState(Location(""FIELD"", (38.001037947748955, -121.62559846883131), -1.0, FIELD), 239.17923482395673, UNKNOWN, MIMIC)"
2,0.24418294143999997,0.24418294143999997,38.00377153275124,-121.62390806547424,"PatientState(Location(""FIELD"", (38.00377153275124, -121.62390806547424), -1.0, FIELD), 55.55198624385371, UNKNOWN, HEMORRHAGIC)"
3,0.24418294143999997,0.24418294143999997,38.00123834522879,-121.62423381378838,"PatientState(Location(""FIELD"", (38.00123834522879, -121.62423381378838), -1.0, FIELD), 52.30097791525367, UNKNOWN, LVO)"
4,0.24418294143999997,0.24418294143999997,38.00129902733869,-121.62509859874237,"PatientState(Location(""FIELD"", (38.00129902733869, -121.62509859874237), -1.0, FIELD), 167.9261018127451, UNKNOWN, NLVO)"
5,0.24418294143999997,0.24418294143999997,38.00012145808415,-121.62557124465826,"PatientState(Location(""FIELD"", (38.00012145808415, -121.62557124465826), -1.0, FIELD), 204.99881929353265, UNKNOWN, NLVO)"
