sample,reward_best,reward_CA,location_lat,location_lon,patient_state
1,0.24418294143999997,0.24418294143999997,37.85030799097303,-121.74963986770783,"PatientState(Location(""FIELD"", (37.85030799097303, -121.74963986770783), -1.0, FIELD), 84.59823486013306, UNKNOWN, LVO)"
2,0.24418294143999997,0.24418294143999997,37.85095070746708,-121.7491070295326,"PatientState(Location(""FIELD"", (37.85095070746708, -121.7491070295326), -1.0, FIELD), 104.72297726241062, UNKNOWN, LVO)"
3,0.24418294143999997,0.24418294143999997,37.851099398370756,-121.74999633064546,"PatientState(Location(""FIELD"", (37.851099398370756, -121.74999633064546), -1.0, FIELD), 55.18205157667717, UNKNOWN, LVO)"
4,0.3204732908615428,0.24418294143999997,37.85277892447556,-121.75044102792185,"PatientState(Location(""FIELD"", (37.85277892447556, -121.75044102792185), -1.0, FIELD), 2.4858100179889964, UNKNOWN, HEMORRHAGIC)"
5,0.24418294143999997,0.24418294143999997,37.85225165243514,-121.74827992319901,"PatientState(Location(""FIELD"", (37.85225165243514, -121.74827992319901), -1.0, FIELD), 195.76260457567264, UNKNOWN, LVO)"
