sample,reward_best,reward_CA,location_lat,location_lon,patient_state
1,0.3355934613026252,0.31806030744518454,37.5220516370251,-121.96886620123695,"PatientState(Location(""FIELD"", (37.5220516370251, -121.96886620123695), -1.0, FIELD), 91.4174379245332, UNKNOWN, LVO)"
2,0.3474120157465511,0.3292753983060681,37.520719925395746,-121.9658670824322,"PatientState(Location(""FIELD"", (37.520719925395746, -121.9658670824322), -1.0, FIELD), 40.0273646025268, UNKNOWN, NLVO)"
3,0.3208005953889423,0.24418294143999997,37.520644958461396,-121.9698794894596,"PatientState(Location(""FIELD"", (37.520644958461396, -121.9698794894596), -1.0, FIELD), 156.08237664537648, UNKNOWN, HEMORRHAGIC)"
4,0.3487359865129214,0.3308979129564217,37.52262912084947,-121.97016652722326,"PatientState(Location(""FIELD"", (37.52262912084947, -121.97016652722326), -1.0, FIELD), 34.31193864325406, UNKNOWN, HEMORRHAGIC)"
5,0.24418294143999997,0.24418294143999997,37.52015862520668,-121.9699475769862,"PatientState(Location(""FIELD"", (37.52015862520668, -121.9699475769862), -1.0, FIELD), 235.93103217320376, UNKNOWN, MIMIC)"
