sample,reward_best,reward_CA,location_lat,location_lon,patient_state
1,0.34107741527701024,0.34107741527701024,37.2955179065102,-121.85256809704977,"PatientState(Location(""FIELD"", (37.2955179065102, -121.85256809704977), -1.0, FIELD), 74.09978178469883, UNKNOWN, LVO)"
2,0.34830196052140816,0.34830196052140816,37.29619381505716,-121.85080383166407,"PatientState(Location(""FIELD"", (37.29619381505716, -121.85080383166407), -1.0, FIELD), 42.844833751012104, UNKNOWN, LVO)"
3,0.31656934749635,0.31656934749635,37.293908064254296,-121.85569360178387,"PatientState(Location(""FIELD"", (37.293908064254296, -121.85569360178387), -1.0, FIELD), 180.34182847662242, UNKNOWN, LVO)"
4,0.3381692389286733,0.3381692389286733,37.29503560111153,-121.85574276623458,"PatientState(Location(""FIELD"", (37.29503560111153, -121.85574276623458), -1.0, FIELD), 85.5231173403359, UNKNOWN, HEMORRHAGIC)"
5,0.24418294143999997,0.24418294143999997,37.29419489827233,-121.85303312610148,"PatientState(Location(""FIELD"", (37.29419489827233, -121.85303312610148), -1.0, FIELD), 216.30687826653482, UNKNOWN, LVO)"
