sample,reward_best,reward_CA,location_lat,location_lon,patient_state
1,0.24418294143999997,0.24418294143999997,37.39506457482698,-122.37664918446451,"PatientState(Location(""FIELD"", (37.39506457482698, -122.37664918446451), -1.0, FIELD), 254.0299923384592, UNKNOWN, HEMORRHAGIC)"
2,0.34795981367010814,0.34235621012196826,37.39560462706877,-122.37649343449998,"PatientState(Location(""FIELD"", (37.39560462706877, -122.37649343449998), -1.0, FIELD), 16.976417997923345, UNKNOWN, LVO)"
3,0.24418294143999997,0.24418294143999997,37.396329088218366,-122.37616480526214,"PatientState(Location(""FIELD"", (37.396329088218366, -122.37616480526214), -1.0, FIELD), 259.767087313079, UNKNOWN, LVO)"
4,0.33947903235665405,0.33360560173360415,37.39719384188095,-122.37726314686455,"PatientState(Location(""FIELD"", (37.39719384188095, -122.37726314686455), -1.0, FIELD), 53.02254623161177, UNKNOWN, LVO)"
5,0.24418294143999997,0.24418294143999997,37.39443523585601,-122.37611767049887,"PatientState(Location(""FIELD"", (37.39443523585601, -122.37611767049887), -1.0, FIELD), 193.678217838469, UNKNOWN, LVO)"
