sample,reward_best,reward_CA,location_lat,location_lon,patient_state
1,0.24418294143999997,0.24418294143999997,37.83627493338747,-122.18608279896375,"PatientState(Location(""FIELD"", (37.83627493338747, -122.18608279896375), -1.0, FIELD), 167.60005781334993, UNKNOWN, NLVO)"
2,0.24418294143999997,0.24418294143999997,37.83455035462955,-122.18710550300788,"PatientState(Location(""FIELD"", (37.83455035462955, -122.18710550300788), -1.0, FIELD), 249.15684583049202, UNKNOWN, HEMORRHAGIC)"
3,0.24418294143999997,0.24418294143999997,37.83557663908171,-122.18960386505793,"PatientState(Location(""FIELD"", (37.83557663908171, -122.18960386505793), -1.0, FIELD), 226.5097532683343, UNKNOWN, LVO)"
4,0.31922509579276315,0.24418294143999997,37.83800532109983,-122.18914318373926,"PatientState(Location(""FIELD"", (37.83800532109983, -122.18914318373926), -1.0, FIELD), 133.28991177955123, UNKNOWN, HEMORRHAGIC)"
5,0.24418294143999997,0.24418294143999997,37.83706980248014,-122.18863117821653,"PatientState(Location(""FIELD"", (37.83706980248014, -122.18863117821653), -1.0, FIELD), 175.42983578886867, UNKNOWN, LVO)"
