sample,reward_best,reward_CA,location_lat,location_lon,patient_state
1,0.24418294143999997,0.24418294143999997,37.794391094625304,-121.79865553907305,"PatientState(Location(""FIELD"", (37.794391094625304, -121.79865553907305), -1.0, FIELD), 252.69272737620147, UNKNOWN, NLVO)"
2,0.3432300424214604,0.3214768916166472,37.79545418932197,-121.79932072019548,"PatientState(Location(""FIELD"", (37.79545418932197, -121.79932072019548), -1.0, FIELD), 19.417377080803547, UNKNOWN, LVO)"
3,0.3319030161187688,0.24418294143999997,37.79671295294479,-121.80030123685052,"PatientState(Location(""FIELD"", (37.79671295294479, -121.80030123685052), -1.0, FIELD), 67.85042067389975, UNKNOWN, HEMORRHAGIC)"
4,0.24418294143999997,0.24418294143999997,37.79628118587683,-121.79853301018511,"PatientState(Location(""FIELD"", (37.79628118587683, -121.79853301018511), -1.0, FIELD), 194.90864640004642, UNKNOWN, NLVO)"
5,0.24418294143999997,0.24418294143999997,37.79832092688198,-121.79669666794375,"PatientState(Location(""FIELD"", (37.79832092688198, -121.79669666794375), -1.0, FIELD), 243.57794094929247, UNKNOWN, NLVO)"
