sample,reward_best,reward_CA,location_lat,location_lon,patient_state
1,0.24418294143999997,0.24418294143999997,37.8736841014414,-122.09946970015301,"PatientState(Location(""FIELD"", (37.8736841014414, -122.09946970015301), -1.0, FIELD), 158.10918665858972, UNKNOWN, LVO)"
2,0.33838341732251465,0.3235395298353974,37.86936635688312,-122.09807439689897,"PatientState(Location(""FIELD"", (37.86936635688312, -122.09807439689897), -1.0, FIELD), 39.239974939532694, UNKNOWN, HEMORRHAGIC)"
3,0.24418294143999997,0.24418294143999997,37.86899088942144,-122.0982901042906,"PatientState(Location(""FIELD"", (37.86899088942144, -122.0982901042906), -1.0, FIELD), 226.0583352721477, UNKNOWN, HEMORRHAGIC)"
4,0.34682349433460835,0.3317761929825694,37.87223143114698,-122.10001321840934,"PatientState(Location(""FIELD"", (37.87223143114698, -122.10001321840934), -1.0, FIELD), 2.550379284452704, UNKNOWN, HEMORRHAGIC)"
5,0.34364131849929297,0.3286690101593784,37.87316385596504,-122.1007148154991,"PatientState(Location(""FIELD"", (37.87316385596504, -122.1007148154991), -1.0, FIELD), 15.642698017137207, UNKNOWN, LVO)"
