sample,reward_best,reward_CA,location_lat,location_lon,patient_state
1,0.33791023024077044,0.33465881575284695,37.39511021795908,-122.09740912063597,"PatientState(Location(""FIELD"", (37.39511021795908, -122.09740912063597), -1.0, FIELD), 82.80860025578988, UNKNOWN, LVO)"
2,0.24418294143999997,0.24418294143999997,37.37753830190073,-122.11511376443167,"PatientState(Location(""FIELD"", (37.37753830190073, -122.11511376443167), -1.0, FIELD), 206.21994302794175, UNKNOWN, NLVO)"
3,0.3570770058422419,0.3416403810393287,37.39815534750096,-122.11163607751377,"PatientState(Location(""FIELD"", (37.39815534750096, -122.11163607751377), -1.0, FIELD), 0.6014109340904861, UNKNOWN, NLVO)"
