sample,reward_best,reward_CA,location_lat,location_lon,patient_state
1,0.24418294143999997,0.24418294143999997,37.22729712642807,-121.75992599698546,"PatientState(Location(""FIELD"", (37.22729712642807, -121.75992599698546), -1.0, FIELD), 238.39585294910339, UNKNOWN, HEMORRHAGIC)"
2,0.32730021109415375,0.264501837280877,37.228054230251374,-121.75977250213306,"PatientState(Location(""FIELD"", (37.228054230251374, -121.75977250213306), -1.0, FIELD), 126.44345134348404, UNKNOWN, NLVO)"
3,0.34962110611451686,0.34711278352450525,37.22758860424792,-121.75583875437849,"PatientState(Location(""FIELD"", (37.22758860424792, -121.75583875437849), -1.0, FIELD), 28.398913090171185, UNKNOWN, LVO)"
4,0.31973896958753034,0.25855237727690983,37.22524760217702,-121.75772174304159,"PatientState(Location(""FIELD"", (37.22524760217702, -121.75772174304159), -1.0, FIELD), 160.61650815107092, UNKNOWN, MIMIC)"
5,0.25352870303934005,0.25352870303934005,37.225403875836484,-121.76027687563295,"PatientState(Location(""FIELD"", (37.225403875836484, -121.76027687563295), -1.0, FIELD), 189.09031509753854, UNKNOWN, HEMORRHAGIC)"
