sample,reward_best,reward_CA,location_lat,location_lon,patient_state
1,0.3495542743119317,0.32973577690547134,37.540410742839356,-122.0754567218308,"PatientState(Location(""FIELD"", (37.540410742839356, -122.0754567218308), -1.0, FIELD), 30.415830396678935, UNKNOWN, HEMORRHAGIC)"
2,0.24418294143999997,0.24418294143999997,37.541713099827994,-122.0741995254648,"PatientState(Location(""FIELD"", (37.541713099827994, -122.0741995254648), -1.0, FIELD), 268.2428173485819, UNKNOWN, LVO)"
3,0.34895136768328827,0.32915197772663973,37.541374112100044,-122.07083789991418,"PatientState(Location(""FIELD"", (37.541374112100044, -122.07083789991418), -1.0, FIELD), 36.02702924317363, UNKNOWN, LVO)"
4,0.24418294143999997,0.24418294143999997,37.543712424537354,-122.07118420273837,"PatientState(Location(""FIELD"", (37.543712424537354, -122.07118420273837), -1.0, FIELD), 225.49339098182256, UNKNOWN, HEMORRHAGIC)"
5,0.3420134740280437,0.3224408091837806,37.54157268067097,-122.07507432665962,"PatientState(Location(""FIELD"", (37.54157268067097, -122.07507432665962), -1.0, FIELD), 62.45410555552891, UNKNOWN, HEMORRHAGIC)"
