sample,reward_best,reward_CA,location_lat,location_lon,patient_state
1,0.3225152802434716,0.24418294143999997,37.88868155716434,-121.85793111532178,"PatientState(Location(""FIELD"", (37.88868155716434, -121.85793111532178), -1.0, FIELD), 16.134473185184717, UNKNOWN, NLVO)"
2,0.24418294143999997,0.24418294143999997,37.88703949655794,-121.85686889511463,"PatientState(Location(""FIELD"", (37.88703949655794, -121.85686889511463), -1.0, FIELD), 110.7145457242213, UNKNOWN, LVO)"
3,0.24418294143999997,0.24418294143999997,37.88718444911416,-121.86050741579908,"PatientState(Location(""FIELD"", (37.88718444911416, -121.86050741579908), -1.0, FIELD), 227.8595741369242, UNKNOWN, HEMORRHAGIC)"
4,0.24418294143999997,0.24418294143999997,37.88804415672126,-121.85728960991749,"PatientState(Location(""FIELD"", (37.88804415672126, -121.85728960991749), -1.0, FIELD), 90.50062947565507, UNKNOWN, LVO)"
5,0.30691765306643354,0.24418294143999997,37.884516597854,-121.85924936975914,"PatientState(Location(""FIELD"", (37.884516597854, -121.85924936975914), -1.0, FIELD), 53.217166765961444, UNKNOWN, HEMORRHAGIC)"
