sample,reward_best,reward_CA,location_lat,location_lon,patient_state
1,0.3263763759855989,0.24418294143999997,37.88140946275395,-122.03133727334348,"PatientState(Location(""FIELD"", (37.88140946275395, -122.03133727334348), -1.0, FIELD), 91.61392230928692, UNKNOWN, LVO)"
2,0.3250773957214579,0.24418294143999997,37.882291155560445,-122.03337731981497,"PatientState(Location(""FIELD"", (37.882291155560445, -122.03337731981497), -1.0, FIELD), 98.05334977856573, UNKNOWN, LVO)"
3,0.33037143682200243,0.31662807280273136,37.87937827479247,-122.0344558041872,"PatientState(Location(""FIELD"", (37.87937827479247, -122.0344558041872), -1.0, FIELD), 75.6257854009222, UNKNOWN, LVO)"
4,0.24418294143999997,0.24418294143999997,37.87948710975467,-122.03488249671213,"PatientState(Location(""FIELD"", (37.87948710975467, -122.03488249671213), -1.0, FIELD), 267.3998876902846, UNKNOWN, LVO)"
5,0.3290144614736459,0.3153050434393759,37.880864908192734,-122.03110213537737,"PatientState(Location(""FIELD"", (37.880864908192734, -122.03110213537737), -1.0, FIELD), 80.19320291688669, UNKNOWN, LVO)"
