sample,reward_best,reward_CA,location_lat,location_lon,patient_state
1,0.24418294143999997,0.24418294143999997,37.785568533074816,-121.85578801706355,"PatientState(Location(""FIELD"", (37.785568533074816, -121.85578801706355), -1.0, FIELD), 200.5996848888952, UNKNOWN, LVO)"
2,0.24418294143999997,0.24418294143999997,37.786011520933215,-121.85423908637975,"PatientState(Location(""FIELD"", (37.786011520933215, -121.85423908637975), -1.0, FIELD), 242.13570924537694, UNKNOWN, HEMORRHAGIC)"
3,0.34105223085074216,0.32003936658177307,37.788242157538456,-121.85267197705369,"PatientState(Location(""FIELD"", (37.788242157538456, -121.85267197705369), -1.0, FIELD), 40.3230393733426, UNKNOWN, LVO)"
4,0.24418294143999997,0.24418294143999997,37.787412388107725,-121.85258544521646,"PatientState(Location(""FIELD"", (37.787412388107725, -121.85258544521646), -1.0, FIELD), 166.68204576180977, UNKNOWN, LVO)"
5,0.3196064651658435,0.24418294143999997,37.78457490175201,-121.85335030298369,"PatientState(Location(""FIELD"", (37.78457490175201, -121.85335030298369), -1.0, FIELD), 134.54641248696424, UNKNOWN, HEMORRHAGIC)"
