sample,reward_best,reward_CA,location_lat,location_lon,patient_state
1,0.2524997183359764,0.24418294143999997,37.868351869031585,-122.30805244574566,"PatientState(Location(""FIELD"", (37.868351869031585, -122.30805244574566), -1.0, FIELD), 167.03860757963213, UNKNOWN, LVO)"
2,0.24418294143999997,0.24418294143999997,37.866543563042036,-122.30738822653174,"PatientState(Location(""FIELD"", (37.866543563042036, -122.30738822653174), -1.0, FIELD), 225.6240735031043, UNKNOWN, HEMORRHAGIC)"
3,0.24418294143999997,0.24418294143999997,37.86771486122245,-122.30663624889885,"PatientState(Location(""FIELD"", (37.86771486122245, -122.30663624889885), -1.0, FIELD), 227.0888076263384, UNKNOWN, HEMORRHAGIC)"
4,0.2525774794979679,0.24418294143999997,37.867450879980254,-122.31019635258522,"PatientState(Location(""FIELD"", (37.867450879980254, -122.31019635258522), -1.0, FIELD), 165.02428724214104, UNKNOWN, HEMORRHAGIC)"
5,0.24418294143999997,0.24418294143999997,37.86784092023775,-122.3084319138817,"PatientState(Location(""FIELD"", (37.86784092023775, -122.3084319138817), -1.0, FIELD), 233.4041750197649, UNKNOWN, HEMORRHAGIC)"
