sample,reward_best,reward_CA,location_lat,location_lon,patient_state
1,0.24418294143999997,0.24418294143999997,37.251620707421424,-122.3840388203314,"PatientState(Location(""FIELD"", (37.251620707421424, -122.3840388203314), -1.0, FIELD), 201.79516127133087, UNKNOWN, NLVO)"
2,0.33596579781023916,0.331498463065028,37.25362665985414,-122.38196209800763,"PatientState(Location(""FIELD"", (37.25362665985414, -122.38196209800763), -1.0, FIELD), 55.03472629526725, UNKNOWN, HEMORRHAGIC)"
3,0.324226530130731,0.26240405253167026,37.25182773408705,-122.38112385614737,"PatientState(Location(""FIELD"", (37.25182773408705, -122.38112385614737), -1.0, FIELD), 107.94263886905533, UNKNOWN, LVO)"
4,0.3411207770072537,0.33667556388025044,37.2521955103937,-122.38166313215766,"PatientState(Location(""FIELD"", (37.2521955103937, -122.38166313215766), -1.0, FIELD), 34.36839751177207, UNKNOWN, HEMORRHAGIC)"
5,0.3248864292130847,0.26293520942661736,37.25073435370605,-122.38556734265478,"PatientState(Location(""FIELD"", (37.25073435370605, -122.38556734265478), -1.0, FIELD), 105.76563745428636, UNKNOWN, LVO)"
