sample,reward_best,reward_CA,location_lat,location_lon,patient_state
1,0.33462125934226267,0.24418294143999997,37.56039653302247,-121.63387659498535,"PatientState(Location(""FIELD"", (37.56039653302247, -121.63387659498535), -1.0, FIELD), 32.38748273672112, UNKNOWN, HEMORRHAGIC)"
2,0.24418294143999997,0.24418294143999997,37.55927239908386,-121.63330538832437,"PatientState(Location(""FIELD"", (37.55927239908386, -121.63330538832437), -1.0, FIELD), 142.06340040377103, UNKNOWN, LVO)"
3,0.24418294143999997,0.24418294143999997,37.56304551855857,-121.63160643984371,"PatientState(Location(""FIELD"", (37.56304551855857, -121.63160643984371), -1.0, FIELD), 131.4114666573555, UNKNOWN, LVO)"
4,0.24418294143999997,0.24418294143999997,37.56180532796296,-121.63110829955832,"PatientState(Location(""FIELD"", (37.56180532796296, -121.63110829955832), -1.0, FIELD), 244.708282022197, UNKNOWN, MIMIC)"
5,0.24418294143999997,0.24418294143999997,37.55932685674942,-121.63557912429532,"PatientState(Location(""FIELD"", (37.55932685674942, -121.63557912429532), -1.0, FIELD), 138.80248429151507, UNKNOWN, HEMORRHAGIC)"
