sample,reward_best,reward_CA,location_lat,location_lon,patient_state
1,0.3348200923923896,0.3314976286618984,37.57464428188089,-122.35321921457309,"PatientState(Location(""FIELD"", (37.57464428188089, -122.35321921457309), -1.0, FIELD), 98.04050988047811, UNKNOWN, HEMORRHAGIC)"
2,0.35013773537322046,0.3467785629845316,37.57492489321326,-122.3515344456162,"PatientState(Location(""FIELD"", (37.57492489321326, -122.3515344456162), -1.0, FIELD), 32.875988130264126, UNKNOWN, HEMORRHAGIC)"
3,0.3445924388914449,0.3413565546797096,37.57861780567656,-122.35115736555241,"PatientState(Location(""FIELD"", (37.57861780567656, -122.35115736555241), -1.0, FIELD), 55.85034307770755, UNKNOWN, MIMIC)"
4,0.3303129649535872,0.3267564547872186,37.57404473572471,-122.35083101790521,"PatientState(Location(""FIELD"", (37.57404473572471, -122.35083101790521), -1.0, FIELD), 118.4366916182315, UNKNOWN, LVO)"
5,0.32739433017339004,0.26433408452773177,37.5765784029589,-122.35207045531584,"PatientState(Location(""FIELD"", (37.5765784029589, -122.35207045531584), -1.0, FIELD), 131.08764580276386, UNKNOWN, HEMORRHAGIC)"
