sample,reward_best,reward_CA,location_lat,location_lon,patient_state
1,0.24418294143999997,0.24418294143999997,37.39767539393579,-122.1082956342937,"PatientState(Location(""FIELD"", (37.39767539393579, -122.1082956342937), -1.0, FIELD), 201.13308445926438, UNKNOWN, MIMIC)"
2,0.32689648018298395,0.2636921083588103,37.398476466112946,-122.10859715584508,"PatientState(Location(""FIELD"", (37.398476466112946, -122.10859715584508), -1.0, FIELD), 130.42407167543635, UNKNOWN, LVO)"
3,0.3348435320549549,0.3348435320549549,37.397981668325585,-122.109605207882,"PatientState(Location(""FIELD"", (37.397981668325585, -122.109605207882), -1.0, FIELD), 79.80160783404763, UNKNOWN, NLVO)"
4,0.24418294143999997,0.24418294143999997,37.39721688857229,-122.10644851779973,"PatientState(Location(""FIELD"", (37.39721688857229, -122.10644851779973), -1.0, FIELD), 223.87445517275506, UNKNOWN, LVO)"
5,0.35482575111570136,0.33968476934111347,37.39482001666472,-122.10953638793288,"PatientState(Location(""FIELD"", (37.39482001666472, -122.10953638793288), -1.0, FIELD), 8.420584186628737, UNKNOWN, LVO)"
