sample,reward_best,reward_CA,location_lat,location_lon,patient_state
1,0.24418294143999997,0.24418294143999997,37.938123569336206,-122.37026675188608,"PatientState(Location(""FIELD"", (37.938123569336206, -122.37026675188608), -1.0, FIELD), 216.8293224092795, UNKNOWN, HEMORRHAGIC)"
2,0.25391273057948965,0.24418294143999997,37.93855382716642,-122.36828285576689,"PatientState(Location(""FIELD"", (37.93855382716642, -122.36828285576689), -1.0, FIELD), 150.24885814014118, UNKNOWN, LVO)"
3,0.326706007593414,0.31564898915686834,37.936263390336954,-122.36937653113293,"PatientState(Location(""FIELD"", (37.936263390336954, -122.36937653113293), -1.0, FIELD), 77.87033221727584, UNKNOWN, HEMORRHAGIC)"
4,0.24418294143999997,0.24418294143999997,37.93871836272639,-122.36819637703246,"PatientState(Location(""FIELD"", (37.93871836272639, -122.36819637703246), -1.0, FIELD), 170.06813753399922, UNKNOWN, LVO)"
5,0.334503826508861,0.3231890243454653,37.93468636200307,-122.3671840650623,"PatientState(Location(""FIELD"", (37.93468636200307, -122.3671840650623), -1.0, FIELD), 44.52915415730999, UNKNOWN, HEMORRHAGIC)"
