sample,reward_best,reward_CA,location_lat,location_lon,patient_state
1,0.24418294143999997,0.24418294143999997,37.65604165693757,-121.73636744413658,"PatientState(Location(""FIELD"", (37.65604165693757, -121.73636744413658), -1.0, FIELD), 269.64479263926927, UNKNOWN, LVO)"
2,0.24418294143999997,0.24418294143999997,37.65646829872106,-121.73629953224821,"PatientState(Location(""FIELD"", (37.65646829872106, -121.73629953224821), -1.0, FIELD), 170.48267504760798, UNKNOWN, MIMIC)"
3,0.35131277624957097,0.3318485701175966,37.65748731116394,-121.74069312968422,"PatientState(Location(""FIELD"", (37.65748731116394, -121.74069312968422), -1.0, FIELD), 1.6331873071481084, UNKNOWN, LVO)"
4,0.24418294143999997,0.24418294143999997,37.65801655436813,-121.73729815615359,"PatientState(Location(""FIELD"", (37.65801655436813, -121.73729815615359), -1.0, FIELD), 214.20797615307828, UNKNOWN, LVO)"
5,0.3181021834722079,0.24418294143999997,37.654783311751494,-121.7367445123777,"PatientState(Location(""FIELD"", (37.654783311751494, -121.7367445123777), -1.0, FIELD), 144.32987103669137, UNKNOWN, LVO)"
