sample,reward_best,reward_CA,location_lat,location_lon,patient_state
1,0.24418294143999997,0.24418294143999997,38.00499423553872,-121.89046087975204,"PatientState(Location(""FIELD"", (38.00499423553872, -121.89046087975204), -1.0, FIELD), 219.7821584638561, UNKNOWN, LVO)"
2,0.3201068837991577,0.24418294143999997,38.00684447339348,-121.88898198857555,"PatientState(Location(""FIELD"", (38.00684447339348, -121.88898198857555), -1.0, FIELD), 42.472092282116996, UNKNOWN, HEMORRHAGIC)"
3,0.24418294143999997,0.24418294143999997,38.00525589998887,-121.88698022641738,"PatientState(Location(""FIELD"", (38.00525589998887, -121.88698022641738), -1.0, FIELD), 83.13442775810218, UNKNOWN, HEMORRHAGIC)"
4,0.24418294143999997,0.24418294143999997,38.007920765080584,-121.88700940425977,"PatientState(Location(""FIELD"", (38.007920765080584, -121.88700940425977), -1.0, FIELD), 198.10918181191255, UNKNOWN, LVO)"
5,0.24418294143999997,0.24418294143999997,38.00779596969982,-121.8907062828438,"PatientState(Location(""FIELD"", (38.00779596969982, -121.8907062828438), -1.0, FIELD), 255.82836426154321, UNKNOWN, LVO)"
