sample,reward_best,reward_CA,location_lat,location_lon,patient_state
1,0.34576619967934885,0.328349731331878,37.5910919727404,-122.02506562199963,"PatientState(Location(""FIELD"", (37.5910919727404, -122.02506562199963), -1.0, FIELD), 40.12699373254842, UNKNOWN, LVO)"
2,0.3538208667014543,0.3361813525231451,37.58914859798345,-122.02418775038899,"PatientState(Location(""FIELD"", (37.58914859798345, -122.02418775038899), -1.0, FIELD), 7.5360010598286244, UNKNOWN, LVO)"
3,0.24418294143999997,0.24418294143999997,37.59154652767356,-122.02185274611284,"PatientState(Location(""FIELD"", (37.59154652767356, -122.02185274611284), -1.0, FIELD), 202.15313455643206, UNKNOWN, LVO)"
4,0.35148010169225086,0.33390415230110837,37.59273762588893,-122.0240426635927,"PatientState(Location(""FIELD"", (37.59273762588893, -122.0240426635927), -1.0, FIELD), 14.290031922099585, UNKNOWN, LVO)"
5,0.32079434577285443,0.24418294143999997,37.590216118673524,-122.02566441360003,"PatientState(Location(""FIELD"", (37.590216118673524, -122.02566441360003), -1.0, FIELD), 149.5152170236788, UNKNOWN, LVO)"
