sample,reward_best,reward_CA,location_lat,location_lon,patient_state
1,0.24418294143999997,0.24418294143999997,37.94268801335329,-121.85579994924485,"PatientState(Location(""FIELD"", (37.94268801335329, -121.85579994924485), -1.0, FIELD), 126.53032309824627, UNKNOWN, LVO)"
2,0.24418294143999997,0.24418294143999997,37.940173812448435,-121.85569260713834,"PatientState(Location(""FIELD"", (37.940173812448435, -121.85569260713834), -1.0, FIELD), 122.95334695199679, UNKNOWN, HEMORRHAGIC)"
3,0.24418294143999997,0.24418294143999997,37.9406692737815,-121.85438178582898,"PatientState(Location(""FIELD"", (37.9406692737815, -121.85438178582898), -1.0, FIELD), 166.86193046376067, UNKNOWN, HEMORRHAGIC)"
4,0.2523145508484566,0.2523145508484566,37.94260694988373,-121.85313895665222,"PatientState(Location(""FIELD"", (37.94260694988373, -121.85313895665222), -1.0, FIELD), 31.540259817178722, UNKNOWN, NLVO)"
5,0.24418294143999997,0.24418294143999997,37.942178849862835,-121.85254897369666,"PatientState(Location(""FIELD"", (37.942178849862835, -121.85254897369666), -1.0, FIELD), 86.9213487027267, UNKNOWN, NLVO)"
