sample,reward_best,reward_CA,location_lat,location_lon,patient_state
1,0.3422559991025974,0.3204364717756921,37.56959206741689,-121.6886260571463,"PatientState(Location(""FIELD"", (37.56959206741689, -121.6886260571463), -1.0, FIELD), 23.651682152397836, UNKNOWN, HEMORRHAGIC)"
2,0.3296809178080833,0.24418294143999997,37.56880978676061,-121.68744722433713,"PatientState(Location(""FIELD"", (37.56880978676061, -121.68744722433713), -1.0, FIELD), 77.91458321623503, UNKNOWN, HEMORRHAGIC)"
3,0.32887748172173253,0.24418294143999997,37.57251138900905,-121.68692077276843,"PatientState(Location(""FIELD"", (37.57251138900905, -121.68692077276843), -1.0, FIELD), 78.55419662254936, UNKNOWN, HEMORRHAGIC)"
4,0.33823270060974037,0.316566624714757,37.57253588810684,-121.68596708925821,"PatientState(Location(""FIELD"", (37.57253588810684, -121.68596708925821), -1.0, FIELD), 37.707393327699805, UNKNOWN, LVO)"
5,0.3311601613337705,0.24418294143999997,37.5731307203102,-121.69044276039777,"PatientState(Location(""FIELD"", (37.5731307203102, -121.69044276039777), -1.0, FIELD), 69.57645473149005, UNKNOWN, LVO)"
