sample,reward_best,reward_CA,location_lat,location_lon,patient_state
1,0.3168827684860215,0.25660891337896374,37.59722090612915,-122.38291143046153,"PatientState(Location(""FIELD"", (37.59722090612915, -122.38291143046153), -1.0, FIELD), 176.62096840984876, UNKNOWN, LVO)"
2,0.35402501997225844,0.35175677675130673,37.597484701426005,-122.38087336390205,"PatientState(Location(""FIELD"", (37.597484701426005, -122.38087336390205), -1.0, FIELD), 15.963385677466315, UNKNOWN, LVO)"
3,0.3446122151417671,0.3422291646280736,37.59603834189336,-122.381236972155,"PatientState(Location(""FIELD"", (37.59603834189336, -122.381236972155), -1.0, FIELD), 55.49580069375376, UNKNOWN, LVO)"
4,0.3444049846931947,0.34271650549920185,37.594135015704616,-122.38195882461183,"PatientState(Location(""FIELD"", (37.594135015704616, -122.38195882461183), -1.0, FIELD), 54.94349340192079, UNKNOWN, MIMIC)"
5,0.24418294143999997,0.24418294143999997,37.59658991629601,-122.38417595322272,"PatientState(Location(""FIELD"", (37.59658991629601, -122.38417595322272), -1.0, FIELD), 217.1651184026135, UNKNOWN, LVO)"
