sample,reward_best,reward_CA,location_lat,location_lon,patient_state
1,0.32443043947818706,0.24418294143999997,37.51484010652963,-121.64196766317433,"PatientState(Location(""FIELD"", (37.51484010652963, -121.64196766317433), -1.0, FIELD), 78.93038282176887, UNKNOWN, LVO)"
2,0.3341349159240164,0.24418294143999997,37.514186749892474,-121.6417343189887,"PatientState(Location(""FIELD"", (37.514186749892474, -121.6417343189887), -1.0, FIELD), 36.374496394977264, UNKNOWN, LVO)"
3,0.31507673544417075,0.24418294143999997,37.51636190521986,-121.64256624790545,"PatientState(Location(""FIELD"", (37.51636190521986, -121.64256624790545), -1.0, FIELD), 120.65058702974886, UNKNOWN, NLVO)"
4,0.24418294143999997,0.24418294143999997,37.517938247804736,-121.6448267899919,"PatientState(Location(""FIELD"", (37.517938247804736, -121.6448267899919), -1.0, FIELD), 216.6933682558819, UNKNOWN, HEMORRHAGIC)"
5,0.24418294143999997,0.24418294143999997,37.51670910477113,-121.64259193405057,"PatientState(Location(""FIELD"", (37.51670910477113, -121.64259193405057), -1.0, FIELD), 222.46835693979088, UNKNOWN, HEMORRHAGIC)"
