sample,reward_best,reward_CA,location_lat,location_lon,patient_state
1,0.32239238077707655,0.32239238077707655,37.22098713535902,-122.15541150196725,"PatientState(Location(""FIELD"", (37.22098713535902, -122.15541150196725), -1.0, FIELD), 132.68900595630427, UNKNOWN, LVO)"
2,0.3378271723791563,0.3378271723791563,37.223615999991345,-122.15209456764194,"PatientState(Location(""FIELD"", (37.223615999991345, -122.15209456764194), -1.0, FIELD), 65.45247827394417, UNKNOWN, LVO)"
3,0.24418294143999997,0.24418294143999997,37.21918885588973,-122.15238615931209,"PatientState(Location(""FIELD"", (37.21918885588973, -122.15238615931209), -1.0, FIELD), 263.1371935382537, UNKNOWN, NLVO)"
4,0.24418294143999997,0.24418294143999997,37.22127356304238,-122.15332179983315,"PatientState(Location(""FIELD"", (37.22127356304238, -122.15332179983315), -1.0, FIELD), 204.97692111351603, UNKNOWN, MIMIC)"
5,0.33054796944326553,0.33054796944326553,37.22047537874706,-122.15439080866268,"PatientState(Location(""FIELD"", (37.22047537874706, -122.15439080866268), -1.0, FIELD), 96.68167177767184, UNKNOWN, LVO)"
