sample,reward_best,reward_CA,location_lat,location_lon,patient_state
1,0.3228172181122246,0.3228172181122246,37.27407638521847,-122.30430329152125,"PatientState(Location(""FIELD"", (37.27407638521847, -122.30430329152125), -1.0, FIELD), 123.38304583965719, UNKNOWN, HEMORRHAGIC)"
2,0.33601967941499694,0.33601967941499694,37.27563209796371,-122.3042917678884,"PatientState(Location(""FIELD"", (37.27563209796371, -122.3042917678884), -1.0, FIELD), 65.51785615650306, UNKNOWN, LVO)"
3,0.24418294143999997,0.24418294143999997,37.277345014644645,-122.30222011350911,"PatientState(Location(""FIELD"", (37.277345014644645, -122.30222011350911), -1.0, FIELD), 218.3460075462154, UNKNOWN, LVO)"
4,0.24418294143999997,0.24418294143999997,37.278024584221704,-122.30161378325343,"PatientState(Location(""FIELD"", (37.278024584221704, -122.30161378325343), -1.0, FIELD), 198.58726344561865, UNKNOWN, NLVO)"
5,0.3285291069608784,0.3285291069608784,37.27503180764777,-122.30446196396085,"PatientState(Location(""FIELD"", (37.27503180764777, -122.30446196396085), -1.0, FIELD), 98.15834441643483, UNKNOWN, LVO)"
