sample,reward_best,reward_CA,location_lat,location_lon,patient_state
1,0.33948765688737825,0.3245356131986377,37.835935627013036,-122.21726693609799,"PatientState(Location(""FIELD"", (37.835935627013036, -122.21726693609799), -1.0, FIELD), 49.45371226597688, UNKNOWN, LVO)"
2,0.3198016796160357,0.24418294143999997,37.83657884710463,-122.21847495144297,"PatientState(Location(""FIELD"", (37.83657884710463, -122.21847495144297), -1.0, FIELD), 135.41325720354484, UNKNOWN, NLVO)"
3,0.24418294143999997,0.24418294143999997,37.836489468711044,-122.22033168540025,"PatientState(Location(""FIELD"", (37.836489468711044, -122.22033168540025), -1.0, FIELD), 256.3201534085653, UNKNOWN, HEMORRHAGIC)"
4,0.24418294143999997,0.24418294143999997,37.834057506130364,-122.21889335400373,"PatientState(Location(""FIELD"", (37.834057506130364, -122.21889335400373), -1.0, FIELD), 213.2969021948072, UNKNOWN, LVO)"
5,0.31479554052515596,0.24418294143999997,37.83541233367032,-122.2159425170287,"PatientState(Location(""FIELD"", (37.83541233367032, -122.2159425170287), -1.0, FIELD), 156.57134715486822, UNKNOWN, LVO)"
