sample,reward_best,reward_CA,location_lat,location_lon,patient_state
1,0.33653105749490825,0.31754489303741296,37.51984709598752,-121.71457631806263,"PatientState(Location(""FIELD"", (37.51984709598752, -121.71457631806263), -1.0, FIELD), 17.51745597230947, UNKNOWN, LVO)"
2,0.318204081301078,0.24418294143999997,37.5229068212016,-121.7122432298147,"PatientState(Location(""FIELD"", (37.5229068212016, -121.7122432298147), -1.0, FIELD), 98.2202400470239, UNKNOWN, LVO)"
3,0.24418294143999997,0.24418294143999997,37.52211239080659,-121.71198951262127,"PatientState(Location(""FIELD"", (37.52211239080659, -121.71198951262127), -1.0, FIELD), 247.42330243445397, UNKNOWN, HEMORRHAGIC)"
4,0.24418294143999997,0.24418294143999997,37.52207752705997,-121.71486982310044,"PatientState(Location(""FIELD"", (37.52207752705997, -121.71486982310044), -1.0, FIELD), 236.31760583721345, UNKNOWN, LVO)"
5,0.24418294143999997,0.24418294143999997,37.522718730721586,-121.71401758757484,"PatientState(Location(""FIELD"", (37.522718730721586, -121.71401758757484), -1.0, FIELD), 187.32661759155934, UNKNOWN, MIMIC)"
