sample,reward_best,reward_CA,location_lat,location_lon,patient_state
1,0.3175833046034584,0.25542245731891766,37.34549101680287,-121.91166067206528,"PatientState(Location(""FIELD"", (37.34549101680287, -121.91166067206528), -1.0, FIELD), 179.6448485095517, UNKNOWN, HEMORRHAGIC)"
2,0.3461927237581044,0.341852288599924,37.34603564285076,-121.91242851642654,"PatientState(Location(""FIELD"", (37.34603564285076, -121.91242851642654), -1.0, FIELD), 55.23577418142534, UNKNOWN, HEMORRHAGIC)"
3,0.3137304596845236,0.25230152552268775,37.34764840638702,-121.9125850319362,"PatientState(Location(""FIELD"", (37.34764840638702, -121.9125850319362), -1.0, FIELD), 197.6503281826622, UNKNOWN, LVO)"
4,0.3297672866507175,0.3255241719205127,37.344335889361716,-121.91376469440209,"PatientState(Location(""FIELD"", (37.344335889361716, -121.91376469440209), -1.0, FIELD), 126.18283598227369, UNKNOWN, LVO)"
5,0.24418294143999997,0.24418294143999997,37.34454280521701,-121.91484012567135,"PatientState(Location(""FIELD"", (37.34454280521701, -121.91484012567135), -1.0, FIELD), 258.1744258028197, UNKNOWN, LVO)"
