sample,reward_best,reward_CA,location_lat,location_lon,patient_state
1,0.24418294143999997,0.24418294143999997,37.97248790981666,-121.81952802748111,"PatientState(Location(""FIELD"", (37.97248790981666, -121.81952802748111), -1.0, FIELD), 92.63731966110177, UNKNOWN, LVO)"
2,0.24418294143999997,0.24418294143999997,37.96930008368172,-121.81883919257434,"PatientState(Location(""FIELD"", (37.96930008368172, -121.81883919257434), -1.0, FIELD), 134.58654581167764, UNKNOWN, NLVO)"
3,0.24418294143999997,0.24418294143999997,37.97330638352919,-121.81720240785123,"PatientState(Location(""FIELD"", (37.97330638352919, -121.81720240785123), -1.0, FIELD), 140.3620539583495, UNKNOWN, LVO)"
4,0.317266130786037,0.24418294143999997,37.9704705588883,-121.81738151588264,"PatientState(Location(""FIELD"", (37.9704705588883, -121.81738151588264), -1.0, FIELD), 34.895690813782345, UNKNOWN, MIMIC)"
5,0.24418294143999997,0.24418294143999997,37.972400123781554,-121.81597629723642,"PatientState(Location(""FIELD"", (37.972400123781554, -121.81597629723642), -1.0, FIELD), 123.77806523713731, UNKNOWN, NLVO)"
