sample,reward_best,reward_CA,location_lat,location_lon,patient_state
1,0.24418294143999997,0.24418294143999997,38.032277298584006,-121.90317059076541,"PatientState(Location(""FIELD"", (38.032277298584006, -121.90317059076541), -1.0, FIELD), 156.83729629683978, UNKNOWN, LVO)"
2,0.24418294143999997,0.24418294143999997,38.03150545023045,-121.90317579255019,"PatientState(Location(""FIELD"", (38.03150545023045, -121.90317579255019), -1.0, FIELD), 213.74671776092845, UNKNOWN, HEMORRHAGIC)"
3,0.3284627862285461,0.24418294143999997,38.02518339897779,-121.90855713780434,"PatientState(Location(""FIELD"", (38.02518339897779, -121.90855713780434), -1.0, FIELD), 4.672373317927892, UNKNOWN, HEMORRHAGIC)"
