sample,reward_best,reward_CA,location_lat,location_lon,patient_state
1,0.3240778844157198,0.24418294143999997,37.51547272865129,-121.58630572154692,"PatientState(Location(""FIELD"", (37.51547272865129, -121.58630572154692), -1.0, FIELD), 74.06224944463419, UNKNOWN, LVO)"
2,0.24418294143999997,0.24418294143999997,37.51601325772937,-121.58591019009839,"PatientState(Location(""FIELD"", (37.51601325772937, -121.58591019009839), -1.0, FIELD), 218.79049877250404, UNKNOWN, LVO)"
3,0.32767061099650024,0.24418294143999997,37.51841439451352,-121.58660551132243,"PatientState(Location(""FIELD"", (37.51841439451352, -121.58660551132243), -1.0, FIELD), 59.015709311131246, UNKNOWN, LVO)"
4,0.32331034807372255,0.24418294143999997,37.51428936736412,-121.58643255974728,"PatientState(Location(""FIELD"", (37.51428936736412, -121.58643255974728), -1.0, FIELD), 77.46249721809298, UNKNOWN, LVO)"
5,0.3157398975460489,0.24418294143999997,37.51666314216903,-121.5893540010094,"PatientState(Location(""FIELD"", (37.51666314216903, -121.5893540010094), -1.0, FIELD), 111.54942108863244, UNKNOWN, MIMIC)"
