sample,reward_best,reward_CA,location_lat,location_lon,patient_state
1,0.24418294143999997,0.24418294143999997,38.10122715236518,-121.58979429950114,"PatientState(Location(""FIELD"", (38.10122715236518, -121.58979429950114), -1.0, FIELD), 239.47571725109896, UNKNOWN, NLVO)"
2,0.24418294143999997,0.24418294143999997,38.11706704543256,-121.62764750521195,"PatientState(Location(""FIELD"", (38.11706704543256, -121.62764750521195), -1.0, FIELD), 62.23871315643709, UNKNOWN, LVO)"
3,0.24418294143999997,0.24418294143999997,38.11410744166522,-121.61179811717847,"PatientState(Location(""FIELD"", (38.11410744166522, -121.61179811717847), -1.0, FIELD), 182.04346458829693, UNKNOWN, HEMORRHAGIC)"
