sample,reward_best,reward_CA,location_lat,location_lon,patient_state
1,0.32769439278011736,0.24418294143999997,37.69830169943665,-122.18200959593695,"PatientState(Location(""FIELD"", (37.69830169943665, -122.18200959593695), -1.0, FIELD), 112.32279613605138, UNKNOWN, LVO)"
2,0.24418294143999997,0.24418294143999997,37.69856823008278,-122.18237432747748,"PatientState(Location(""FIELD"", (37.69856823008278, -122.18237432747748), -1.0, FIELD), 245.0232425212604, UNKNOWN, HEMORRHAGIC)"
3,0.33182066899023915,0.24418294143999997,37.69832226113451,-122.18344212073316,"PatientState(Location(""FIELD"", (37.69832226113451, -122.18344212073316), -1.0, FIELD), 93.70485880841503, UNKNOWN, HEMORRHAGIC)"
4,0.24418294143999997,0.24418294143999997,37.69735007468067,-122.18320840497285,"PatientState(Location(""FIELD"", (37.69735007468067, -122.18320840497285), -1.0, FIELD), 253.5876937227914, UNKNOWN, LVO)"
5,0.24418294143999997,0.24418294143999997,37.69591056263441,-122.18212694771114,"PatientState(Location(""FIELD"", (37.69591056263441, -122.18212694771114), -1.0, FIELD), 210.7002848954711, UNKNOWN, MIMIC)"
