sample,reward_best,reward_CA,location_lat,location_lon,patient_state
1,0.24418294143999997,0.24418294143999997,38.04368704322428,-122.24947815722534,"PatientState(Location(""FIELD"", (38.04368704322428, -122.24947815722534), -1.0, FIELD), 266.34804958604906, UNKNOWN, LVO)"
2,0.2561164668095633,0.24418294143999997,38.04047633645815,-122.24935688700315,"PatientState(Location(""FIELD"", (38.04047633645815, -122.24935688700315), -1.0, FIELD), 125.3427643168816, UNKNOWN, NLVO)"
3,0.3182358257806434,0.3165195980449773,38.040963258557326,-122.2507006509437,"PatientState(Location(""FIELD"", (38.040963258557326, -122.2507006509437), -1.0, FIELD), 61.1764392149397, UNKNOWN, LVO)"
4,0.24418294143999997,0.24418294143999997,38.04106222179962,-122.24689801729683,"PatientState(Location(""FIELD"", (38.04106222179962, -122.24689801729683), -1.0, FIELD), 245.87674555073724, UNKNOWN, HEMORRHAGIC)"
5,0.24418294143999997,0.24418294143999997,38.043041111455985,-122.24930016242367,"PatientState(Location(""FIELD"", (38.043041111455985, -122.24930016242367), -1.0, FIELD), 233.2192093700191, UNKNOWN, NLVO)"
