sample,reward_best,reward_CA,location_lat,location_lon,patient_state
1,0.35519815938424426,0.35519815938424426,37.403087872709115,-121.84772228838138,"PatientState(Location(""FIELD"", (37.403087872709115, -121.84772228838138), -1.0, FIELD), 17.71410428606811, UNKNOWN, LVO)"
2,0.3240804875662704,0.3240804875662704,37.398999355262816,-121.84985577389844,"PatientState(Location(""FIELD"", (37.398999355262816, -121.84985577389844), -1.0, FIELD), 152.71239231954115, UNKNOWN, LVO)"
3,0.24418294143999997,0.24418294143999997,37.402265930548396,-121.84990776682622,"PatientState(Location(""FIELD"", (37.402265930548396, -121.84990776682622), -1.0, FIELD), 257.6776576938345, UNKNOWN, HEMORRHAGIC)"
4,0.35012430434788466,0.35012430434788466,37.40030130016091,-121.84927364386151,"PatientState(Location(""FIELD"", (37.40030130016091, -121.84927364386151), -1.0, FIELD), 39.79626774982219, UNKNOWN, MIMIC)"
5,0.3176939842626336,0.3176939842626336,37.39885744812505,-121.84886010588598,"PatientState(Location(""FIELD"", (37.39885744812505, -121.84886010588598), -1.0, FIELD), 181.62371560707732, UNKNOWN, HEMORRHAGIC)"
