sample,reward_best,reward_CA,location_lat,location_lon,patient_state
1,0.24418294143999997,0.24418294143999997,38.07073705900599,-122.23945416000517,"PatientState(Location(""FIELD"", (38.07073705900599, -122.23945416000517), -1.0, FIELD), 232.19707688778416, UNKNOWN, LVO)"
2,0.2588872864427987,0.24418294143999997,38.070839627405846,-122.24041159768176,"PatientState(Location(""FIELD"", (38.070839627405846, -122.24041159768176), -1.0, FIELD), 109.20413681271943, UNKNOWN, LVO)"
3,0.2620257480713884,0.24418294143999997,38.0701291766911,-122.23712452187388,"PatientState(Location(""FIELD"", (38.0701291766911, -122.23712452187388), -1.0, FIELD), 91.91441274545672, UNKNOWN, LVO)"
4,0.24418294143999997,0.24418294143999997,38.07183519306045,-122.23935365727836,"PatientState(Location(""FIELD"", (38.07183519306045, -122.23935365727836), -1.0, FIELD), 155.0351755119029, UNKNOWN, LVO)"
5,0.3166504164108457,0.24418294143999997,38.07293198029326,-122.23861585849365,"PatientState(Location(""FIELD"", (38.07293198029326, -122.23861585849365), -1.0, FIELD), 67.71297274697515, UNKNOWN, LVO)"
