sample,reward_best,reward_CA,location_lat,location_lon,patient_state
1,0.3340765568424468,0.32982175817465936,37.303616169080776,-121.97562663716785,"PatientState(Location(""FIELD"", (37.303616169080776, -121.97562663716785), -1.0, FIELD), 102.99157957267363, UNKNOWN, LVO)"
2,0.24418294143999997,0.24418294143999997,37.300069860229165,-121.97452700317294,"PatientState(Location(""FIELD"", (37.300069860229165, -121.97452700317294), -1.0, FIELD), 204.3425448759591, UNKNOWN, LVO)"
3,0.24418294143999997,0.24418294143999997,37.30139275384309,-121.97179671254663,"PatientState(Location(""FIELD"", (37.30139275384309, -121.97179671254663), -1.0, FIELD), 239.9888658059817, UNKNOWN, HEMORRHAGIC)"
4,0.3245166990992914,0.261073142453419,37.30231871549147,-121.97538351279944,"PatientState(Location(""FIELD"", (37.30231871549147, -121.97538351279944), -1.0, FIELD), 145.46213930458399, UNKNOWN, LVO)"
5,0.3144764090473024,0.2530628423556582,37.29973047833512,-121.97135284331063,"PatientState(Location(""FIELD"", (37.29973047833512, -121.97135284331063), -1.0, FIELD), 190.98232246446256, UNKNOWN, NLVO)"
