sample,reward_best,reward_CA,location_lat,location_lon,patient_state
1,0.34108524778704363,0.34284825443756856,37.50082528933204,-122.47979973492605,"PatientState(Location(""FIELD"", (37.50082528933204, -122.47979973492605), -1.0, FIELD), 42.991113897334984, UNKNOWN, LVO)"
2,0.31930135453183994,0.2632294815724414,37.502856258775886,-122.4798734355864,"PatientState(Location(""FIELD"", (37.502856258775886, -122.4798734355864), -1.0, FIELD), 139.23084375968497, UNKNOWN, LVO)"
3,0.35088668170720505,0.35088668170720505,37.4997025780366,-122.47928568147992,"PatientState(Location(""FIELD"", (37.4997025780366, -122.47928568147992), -1.0, FIELD), 9.144105265551138, UNKNOWN, HEMORRHAGIC)"
4,0.3292003714275821,0.27136816532591423,37.5014462382629,-122.47993722670076,"PatientState(Location(""FIELD"", (37.5014462382629, -122.47993722670076), -1.0, FIELD), 94.5827655901682, UNKNOWN, NLVO)"
5,0.24418294143999997,0.24418294143999997,37.50166408750062,-122.48056469229287,"PatientState(Location(""FIELD"", (37.50166408750062, -122.48056469229287), -1.0, FIELD), 230.8505231902297, UNKNOWN, MIMIC)"
