sample,reward_best,reward_CA,location_lat,location_lon,patient_state
1,0.24418294143999997,0.24418294143999997,37.37904235709558,-121.99343026945992,"PatientState(Location(""FIELD"", (37.37904235709558, -121.99343026945992), -1.0, FIELD), 261.0450521965435, UNKNOWN, HEMORRHAGIC)"
2,0.3215758564399646,0.259360866483858,37.38150558402587,-121.99236067551178,"PatientState(Location(""FIELD"", (37.38150558402587, -121.99236067551178), -1.0, FIELD), 157.13140966858597, UNKNOWN, HEMORRHAGIC)"
3,0.32278809937491443,0.2602652356370196,37.38206304062205,-121.99269657692135,"PatientState(Location(""FIELD"", (37.38206304062205, -121.99269657692135), -1.0, FIELD), 151.85392913207713, UNKNOWN, MIMIC)"
4,0.3355695980442269,0.33197954014884007,37.38147984124699,-121.99184719848687,"PatientState(Location(""FIELD"", (37.38147984124699, -121.99184719848687), -1.0, FIELD), 95.58760536696212, UNKNOWN, HEMORRHAGIC)"
5,0.3515463620389746,0.34777603378573946,37.38268317037622,-121.99406914394481,"PatientState(Location(""FIELD"", (37.38268317037622, -121.99406914394481), -1.0, FIELD), 27.929651349544777, UNKNOWN, LVO)"
