sample,reward_best,reward_CA,location_lat,location_lon,patient_state
1,0.24418294143999997,0.24418294143999997,37.456794582605866,-121.83536037493695,"PatientState(Location(""FIELD"", (37.456794582605866, -121.83536037493695), -1.0, FIELD), 248.67703667714107, UNKNOWN, LVO)"
2,0.3327530220187665,0.3327530220187665,37.45505090260174,-121.83525688168632,"PatientState(Location(""FIELD"", (37.45505090260174, -121.83525688168632), -1.0, FIELD), 105.36988655695306, UNKNOWN, HEMORRHAGIC)"
3,0.33490437555683594,0.33490437555683594,37.45694124723585,-121.83389711309844,"PatientState(Location(""FIELD"", (37.45694124723585, -121.83389711309844), -1.0, FIELD), 95.45951014200871, UNKNOWN, LVO)"
4,0.3218127629880271,0.3218127629880271,37.45457430856404,-121.83156109661246,"PatientState(Location(""FIELD"", (37.45457430856404, -121.83156109661246), -1.0, FIELD), 153.75455048609916, UNKNOWN, LVO)"
5,0.3380538469269342,0.3380538469269342,37.45613776669694,-121.83532207983379,"PatientState(Location(""FIELD"", (37.45613776669694, -121.83532207983379), -1.0, FIELD), 82.35150707510462, UNKNOWN, LVO)"
