sample,reward_best,reward_CA,location_lat,location_lon,patient_state
1,0.24418294143999997,0.24418294143999997,38.05956634835317,-121.68393440585756,"PatientState(Location(""FIELD"", (38.05956634835317, -121.68393440585756), -1.0, FIELD), 115.90817472557829, UNKNOWN, LVO)"
2,0.24418294143999997,0.24418294143999997,38.061164294769426,-121.68132112468777,"PatientState(Location(""FIELD"", (38.061164294769426, -121.68132112468777), -1.0, FIELD), 112.32106181724264, UNKNOWN, HEMORRHAGIC)"
3,0.24418294143999997,0.24418294143999997,38.06132808099517,-121.68323398157531,"PatientState(Location(""FIELD"", (38.06132808099517, -121.68323398157531), -1.0, FIELD), 185.66312284689337, UNKNOWN, LVO)"
4,0.24418294143999997,0.24418294143999997,38.062388175153366,-121.68096110158487,"PatientState(Location(""FIELD"", (38.062388175153366, -121.68096110158487), -1.0, FIELD), 264.4938050542685, UNKNOWN, HEMORRHAGIC)"
5,0.24418294143999997,0.24418294143999997,38.05934575158091,-121.6833269343499,"PatientState(Location(""FIELD"", (38.05934575158091, -121.6833269343499), -1.0, FIELD), 90.72044113248553, UNKNOWN, LVO)"
