sample,reward_best,reward_CA,location_lat,location_lon,patient_state
1,0.24418294143999997,0.24418294143999997,38.16831043524352,-122.47101657689625,"PatientState(Location(""FIELD"", (38.16831043524352, -122.47101657689625), -1.0, FIELD), 220.5340663723986, UNKNOWN, HEMORRHAGIC)"
2,0.24418294143999997,0.24418294143999997,38.167788419858674,-122.47129254214164,"PatientState(Location(""FIELD"", (38.167788419858674, -122.47129254214164), -1.0, FIELD), 149.44925187788397, UNKNOWN, LVO)"
3,0.24418294143999997,0.24418294143999997,38.165575307980106,-122.47319150397799,"PatientState(Location(""FIELD"", (38.165575307980106, -122.47319150397799), -1.0, FIELD), 77.2202247872583, UNKNOWN, LVO)"
4,0.25408456776710525,0.24418294143999997,38.165563964304006,-122.47415600620027,"PatientState(Location(""FIELD"", (38.165563964304006, -122.47415600620027), -1.0, FIELD), 55.15160036408487, UNKNOWN, HEMORRHAGIC)"
5,0.24418294143999997,0.24418294143999997,38.16833626364398,-122.4726328996452,"PatientState(Location(""FIELD"", (38.16833626364398, -122.4726328996452), -1.0, FIELD), 112.91005156707463, UNKNOWN, LVO)"
