sample,reward_best,reward_CA,location_lat,location_lon,patient_state
1,0.321005638678512,0.2579325951832183,37.294658290719156,-122.00377404216016,"PatientState(Location(""FIELD"", (37.294658290719156, -122.00377404216016), -1.0, FIELD), 162.13081736911053, UNKNOWN, LVO)"
2,0.329479560644023,0.2656461071221348,37.297800487618126,-122.00134215722788,"PatientState(Location(""FIELD"", (37.297800487618126, -122.00134215722788), -1.0, FIELD), 119.97869624393417, UNKNOWN, HEMORRHAGIC)"
3,0.3473685356206936,0.34267893026269514,37.29637952108561,-122.00203239044559,"PatientState(Location(""FIELD"", (37.29637952108561, -122.00203239044559), -1.0, FIELD), 46.51579239392314, UNKNOWN, LVO)"
4,0.3192234159274113,0.25652040840136664,37.29400997562374,-122.0010744550826,"PatientState(Location(""FIELD"", (37.29400997562374, -122.0010744550826), -1.0, FIELD), 171.7090848962809, UNKNOWN, NLVO)"
5,0.3313928876966061,0.3267400968218282,37.295647682037774,-122.00510986488639,"PatientState(Location(""FIELD"", (37.295647682037774, -122.00510986488639), -1.0, FIELD), 115.74291836119899, UNKNOWN, LVO)"
