sample,reward_best,reward_CA,location_lat,location_lon,patient_state
1,0.3205467116794205,0.3205467116794205,38.15135475899224,-122.09643135369288,"PatientState(Location(""FIELD"", (38.15135475899224, -122.09643135369288), -1.0, FIELD), 27.67593504682504, UNKNOWN, HEMORRHAGIC)"
2,0.24418294143999997,0.24418294143999997,38.1514048721307,-122.09607663836677,"PatientState(Location(""FIELD"", (38.1514048721307, -122.09607663836677), -1.0, FIELD), 258.0083548829727, UNKNOWN, HEMORRHAGIC)"
3,0.32626201570283575,0.32626201570283575,38.15278438853501,-122.09810795409282,"PatientState(Location(""FIELD"", (38.15278438853501, -122.09810795409282), -1.0, FIELD), 3.1929353074971, UNKNOWN, HEMORRHAGIC)"
4,0.3264208652787341,0.3264208652787341,38.151972187537254,-122.09813350226008,"PatientState(Location(""FIELD"", (38.151972187537254, -122.09813350226008), -1.0, FIELD), 2.381592657142213, UNKNOWN, HEMORRHAGIC)"
5,0.2520411120458333,0.2520411120458333,38.15285330109,-122.09692157905836,"PatientState(Location(""FIELD"", (38.15285330109, -122.09692157905836), -1.0, FIELD), 59.430497065709154, UNKNOWN, MIMIC)"
