sample,reward_best,reward_CA,location_lat,location_lon,patient_state
1,0.24418294143999997,0.24418294143999997,38.09461696153558,-121.74695830026126,"PatientState(Location(""FIELD"", (38.09461696153558, -121.74695830026126), -1.0, FIELD), 242.2840741044461, UNKNOWN, LVO)"
2,0.24418294143999997,0.24418294143999997,38.095528061740644,-121.74959122812659,"PatientState(Location(""FIELD"", (38.095528061740644, -121.74959122812659), -1.0, FIELD), 53.13209818688708, UNKNOWN, HEMORRHAGIC)"
3,0.24418294143999997,0.24418294143999997,38.09595023001787,-121.74811122842891,"PatientState(Location(""FIELD"", (38.09595023001787, -121.74811122842891), -1.0, FIELD), 97.81588886645746, UNKNOWN, LVO)"
4,0.24418294143999997,0.24418294143999997,38.09529268985218,-121.74893826565066,"PatientState(Location(""FIELD"", (38.09529268985218, -121.74893826565066), -1.0, FIELD), 222.6536542082445, UNKNOWN, LVO)"
5,0.24418294143999997,0.24418294143999997,38.09543494716941,-121.74636774649855,"PatientState(Location(""FIELD"", (38.09543494716941, -121.74636774649855), -1.0, FIELD), 86.24268426290928, UNKNOWN, HEMORRHAGIC)"
