sample,reward_best,reward_CA,location_lat,location_lon,patient_state
1,0.35368684448601406,0.35179688218253785,37.33333163355707,-121.9848752240737,"PatientState(Location(""FIELD"", (37.33333163355707, -121.9848752240737), -1.0, FIELD), 15.896328271231448, UNKNOWN, LVO)"
2,0.3180246159382384,0.25762245474955947,37.33015000666921,-121.98399684610928,"PatientState(Location(""FIELD"", (37.33015000666921, -121.98399684610928), -1.0, FIELD), 171.87061337616743, UNKNOWN, HEMORRHAGIC)"
3,0.24418294143999997,0.24418294143999997,37.331481645310646,-121.98420541513708,"PatientState(Location(""FIELD"", (37.331481645310646, -121.98420541513708), -1.0, FIELD), 266.78279707487707, UNKNOWN, LVO)"
4,0.3450218465803421,0.3428637423731582,37.33067723669541,-121.98273044280084,"PatientState(Location(""FIELD"", (37.33067723669541, -121.98273044280084), -1.0, FIELD), 53.23022362253719, UNKNOWN, HEMORRHAGIC)"
5,0.3218312313502775,0.2605836736175933,37.32980082984585,-121.98178133160181,"PatientState(Location(""FIELD"", (37.32980082984585, -121.98178133160181), -1.0, FIELD), 154.99577501491046, UNKNOWN, MIMIC)"
