sample,reward_best,reward_CA,location_lat,location_lon,patient_state
1,0.2600925833668052,0.24418294143999997,38.07039570332325,-122.54007817965964,"PatientState(Location(""FIELD"", (38.07039570332325, -122.54007817965964), -1.0, FIELD), 100.20442543051992, UNKNOWN, LVO)"
2,0.24418294143999997,0.24418294143999997,38.07285182266868,-122.53834875610961,"PatientState(Location(""FIELD"", (38.07285182266868, -122.53834875610961), -1.0, FIELD), 165.6003379704548, UNKNOWN, HEMORRHAGIC)"
3,0.24418294143999997,0.24418294143999997,38.073506183111526,-122.5407657893449,"PatientState(Location(""FIELD"", (38.073506183111526, -122.5407657893449), -1.0, FIELD), 262.97425304595845, UNKNOWN, LVO)"
4,0.24418294143999997,0.24418294143999997,38.072962278984,-122.5397677812509,"PatientState(Location(""FIELD"", (38.072962278984, -122.5397677812509), -1.0, FIELD), 257.90674870950113, UNKNOWN, HEMORRHAGIC)"
5,0.24418294143999997,0.24418294143999997,38.07342592814864,-122.53583293173246,"PatientState(Location(""FIELD"", (38.07342592814864, -122.53583293173246), -1.0, FIELD), 153.7401676889432, UNKNOWN, MIMIC)"
