sample,reward_best,reward_CA,location_lat,location_lon,patient_state
1,0.24418294143999997,0.24418294143999997,38.1667619476759,-121.83214372444586,"PatientState(Location(""FIELD"", (38.1667619476759, -121.83214372444586), -1.0, FIELD), 66.34132323874086, UNKNOWN, NLVO)"
2,0.24418294143999997,0.24418294143999997,38.16681572853258,-121.83342668712731,"PatientState(Location(""FIELD"", (38.16681572853258, -121.83342668712731), -1.0, FIELD), 155.1824122613125, UNKNOWN, HEMORRHAGIC)"
3,0.24418294143999997,0.24418294143999997,38.167470221117625,-121.83148239021106,"PatientState(Location(""FIELD"", (38.167470221117625, -121.83148239021106), -1.0, FIELD), 186.7061655950841, UNKNOWN, LVO)"
4,0.24418294143999997,0.24418294143999997,38.167150815802614,-121.83118546671766,"PatientState(Location(""FIELD"", (38.167150815802614, -121.83118546671766), -1.0, FIELD), 147.06933447260764, UNKNOWN, HEMORRHAGIC)"
5,0.24418294143999997,0.24418294143999997,38.166524160132425,-121.833830679286,"PatientState(Location(""FIELD"", (38.166524160132425, -121.833830679286), -1.0, FIELD), 253.35854086888259, UNKNOWN, NLVO)"
