sample,reward_best,reward_CA,location_lat,location_lon,patient_state
1,0.24418294143999997,0.24418294143999997,38.009012974621086,-122.53103084756684,"PatientState(Location(""FIELD"", (38.009012974621086, -122.53103084756684), -1.0, FIELD), 156.74333607744157, UNKNOWN, LVO)"
2,0.24418294143999997,0.24418294143999997,38.01070407726253,-122.53424459148772,"PatientState(Location(""FIELD"", (38.01070407726253, -122.53424459148772), -1.0, FIELD), 190.36727530045349, UNKNOWN, LVO)"
3,0.3407317501051238,0.26522017637647755,38.00927231423318,-122.53317422934839,"PatientState(Location(""FIELD"", (38.00927231423318, -122.53317422934839), -1.0, FIELD), 1.5529733577197502, UNKNOWN, MIMIC)"
4,0.24418294143999997,0.24418294143999997,38.01140876873182,-122.53163333667756,"PatientState(Location(""FIELD"", (38.01140876873182, -122.53163333667756), -1.0, FIELD), 243.41292601298153, UNKNOWN, HEMORRHAGIC)"
5,0.2644284001219851,0.25202844887010784,38.01305964199971,-122.53335372154899,"PatientState(Location(""FIELD"", (38.01305964199971, -122.53335372154899), -1.0, FIELD), 77.25357595599081, UNKNOWN, NLVO)"
