sample,reward_best,reward_CA,location_lat,location_lon,patient_state
1,0.3185755730411775,0.24418294143999997,38.135324999747475,-122.20993319396847,"PatientState(Location(""FIELD"", (38.135324999747475, -122.20993319396847), -1.0, FIELD), 55.81658010494984, UNKNOWN, MIMIC)"
2,0.3188063245538518,0.24418294143999997,38.166905967647054,-122.2300717556041,"PatientState(Location(""FIELD"", (38.166905967647054, -122.2300717556041), -1.0, FIELD), 52.69602911577419, UNKNOWN, NLVO)"
3,0.24418294143999997,0.24418294143999997,38.128817917702264,-122.21721892879316,"PatientState(Location(""FIELD"", (38.128817917702264, -122.21721892879316), -1.0, FIELD), 122.16617732307004, UNKNOWN, NLVO)"
