sample,reward_best,reward_CA,location_lat,location_lon,patient_state
1,0.3176163676982537,0.3174654433167235,37.466719066434386,-122.17492679890819,"PatientState(Location(""FIELD"", (37.466719066434386, -122.17492679890819), -1.0, FIELD), 179.76329493467597, UNKNOWN, LVO)"
2,0.24418294143999997,0.24418294143999997,37.46814339922626,-122.17547864460754,"PatientState(Location(""FIELD"", (37.46814339922626, -122.17547864460754), -1.0, FIELD), 266.7022773398129, UNKNOWN, MIMIC)"
3,0.34272910838236936,0.3426315418224278,37.46414140602826,-122.17119980542728,"PatientState(Location(""FIELD"", (37.46414140602826, -122.17119980542728), -1.0, FIELD), 70.91754922336699, UNKNOWN, HEMORRHAGIC)"
4,0.33233609168015166,0.33228832523132273,37.46382756193462,-122.17101498455887,"PatientState(Location(""FIELD"", (37.46382756193462, -122.17101498455887), -1.0, FIELD), 114.6525966409601, UNKNOWN, LVO)"
5,0.316579875801841,0.31645189217107267,37.46563540898021,-122.1751379634383,"PatientState(Location(""FIELD"", (37.46563540898021, -122.1751379634383), -1.0, FIELD), 184.66786626969923, UNKNOWN, MIMIC)"
