sample,reward_best,reward_CA,location_lat,location_lon,patient_state
1,0.3396279325742218,0.31984215595892757,37.71162065220661,-121.84651819302671,"PatientState(Location(""FIELD"", (37.71162065220661, -121.84651819302671), -1.0, FIELD), 56.639268651447, UNKNOWN, LVO)"
2,0.3257944642947745,0.24418294143999997,37.70986087406915,-121.84938771706257,"PatientState(Location(""FIELD"", (37.70986087406915, -121.84938771706257), -1.0, FIELD), 117.6736895953821, UNKNOWN, LVO)"
3,0.31491676738476254,0.24418294143999997,37.70943132864527,-121.8476020536667,"PatientState(Location(""FIELD"", (37.70943132864527, -121.8476020536667), -1.0, FIELD), 166.08485264066042, UNKNOWN, NLVO)"
4,0.3517557546914739,0.3315697430450581,37.71178613890175,-121.85058612959769,"PatientState(Location(""FIELD"", (37.71178613890175, -121.85058612959769), -1.0, FIELD), 5.6021138777341015, UNKNOWN, LVO)"
5,0.24418294143999997,0.24418294143999997,37.71006363194964,-121.84972549298534,"PatientState(Location(""FIELD"", (37.71006363194964, -121.84972549298534), -1.0, FIELD), 191.6024400367249, UNKNOWN, LVO)"
