sample,reward_best,reward_CA,location_lat,location_lon,patient_state
1,0.32293045487820904,0.24418294143999997,37.75038997726265,-122.09708734776412,"PatientState(Location(""FIELD"", (37.75038997726265, -122.09708734776412), -1.0, FIELD), 122.23228380803381, UNKNOWN, MIMIC)"
2,0.3240612786761374,0.24418294143999997,37.75245655315727,-122.09740965839487,"PatientState(Location(""FIELD"", (37.75245655315727, -122.09740965839487), -1.0, FIELD), 116.77409544643322, UNKNOWN, HEMORRHAGIC)"
3,0.3350983027504241,0.3195233462087285,37.75233668593472,-122.09676237010997,"PatientState(Location(""FIELD"", (37.75233668593472, -122.09676237010997), -1.0, FIELD), 68.61757889001103, UNKNOWN, LVO)"
4,0.24418294143999997,0.24418294143999997,37.75302300338912,-122.0965257137668,"PatientState(Location(""FIELD"", (37.75302300338912, -122.0965257137668), -1.0, FIELD), 211.74594808108134, UNKNOWN, HEMORRHAGIC)"
5,0.34163850144214514,0.3258850438530209,37.751470217605515,-122.10025509456389,"PatientState(Location(""FIELD"", (37.751470217605515, -122.10025509456389), -1.0, FIELD), 40.20902091418784, UNKNOWN, HEMORRHAGIC)"
