sample,reward_best,reward_CA,location_lat,location_lon,patient_state
1,0.24418294143999997,0.24418294143999997,37.98448866056749,-121.71889530307213,"PatientState(Location(""FIELD"", (37.98448866056749, -121.71889530307213), -1.0, FIELD), 70.22546895131622, UNKNOWN, LVO)"
2,0.24418294143999997,0.24418294143999997,37.987307964408025,-121.71750515416399,"PatientState(Location(""FIELD"", (37.987307964408025, -121.71750515416399), -1.0, FIELD), 229.88408801190457, UNKNOWN, LVO)"
3,0.3226219973430173,0.24418294143999997,37.988641503823565,-121.71864463698735,"PatientState(Location(""FIELD"", (37.988641503823565, -121.71864463698735), -1.0, FIELD), 18.467754173116354, UNKNOWN, LVO)"
4,0.24418294143999997,0.24418294143999997,37.985293472669994,-121.7177050184461,"PatientState(Location(""FIELD"", (37.985293472669994, -121.7177050184461), -1.0, FIELD), 121.3506746122981, UNKNOWN, HEMORRHAGIC)"
5,0.24418294143999997,0.24418294143999997,37.985181848441144,-121.71659467569827,"PatientState(Location(""FIELD"", (37.985181848441144, -121.71659467569827), -1.0, FIELD), 249.7292479505279, UNKNOWN, LVO)"
