sample,reward_best,reward_CA,location_lat,location_lon,patient_state
1,0.24418294143999997,0.24418294143999997,37.73187001020862,-122.13955635310596,"PatientState(Location(""FIELD"", (37.73187001020862, -122.13955635310596), -1.0, FIELD), 230.153110573543, UNKNOWN, NLVO)"
2,0.24418294143999997,0.24418294143999997,37.73079640436119,-122.13945994828758,"PatientState(Location(""FIELD"", (37.73079640436119, -122.13945994828758), -1.0, FIELD), 247.02071296948085, UNKNOWN, HEMORRHAGIC)"
3,0.3183729888741551,0.24418294143999997,37.729961276293075,-122.13776347182463,"PatientState(Location(""FIELD"", (37.729961276293075, -122.13776347182463), -1.0, FIELD), 151.8840774405714, UNKNOWN, MIMIC)"
4,0.34971470998568177,0.33351717261237407,37.733466887151955,-122.14061465820122,"PatientState(Location(""FIELD"", (37.733466887151955, -122.14061465820122), -1.0, FIELD), 13.858441555405468, UNKNOWN, HEMORRHAGIC)"
5,0.3189579416698701,0.24418294143999997,37.733069346243745,-122.13671510427808,"PatientState(Location(""FIELD"", (37.733069346243745, -122.13671510427808), -1.0, FIELD), 147.9223319527319, UNKNOWN, LVO)"
