sample,reward_best,reward_CA,location_lat,location_lon,patient_state
1,0.3338579545569321,0.320576412105716,37.897729596826565,-122.29548601460918,"PatientState(Location(""FIELD"", (37.897729596826565, -122.29548601460918), -1.0, FIELD), 61.76230375880265, UNKNOWN, LVO)"
2,0.33266164641669566,0.31916599736164636,37.897922606206954,-122.29267487580788,"PatientState(Location(""FIELD"", (37.897922606206954, -122.29267487580788), -1.0, FIELD), 67.09148212217414, UNKNOWN, MIMIC)"
3,0.31425841857525116,0.24418294143999997,37.89797642996955,-122.2931497832707,"PatientState(Location(""FIELD"", (37.89797642996955, -122.2931497832707), -1.0, FIELD), 148.58768990335375, UNKNOWN, HEMORRHAGIC)"
4,0.24418294143999997,0.24418294143999997,37.897402510516216,-122.29100838840994,"PatientState(Location(""FIELD"", (37.897402510516216, -122.29100838840994), -1.0, FIELD), 172.04207679658828, UNKNOWN, LVO)"
5,0.3223474750000756,0.24418294143999997,37.89823519799388,-122.29280198915257,"PatientState(Location(""FIELD"", (37.89823519799388, -122.29280198915257), -1.0, FIELD), 112.33511017932805, UNKNOWN, HEMORRHAGIC)"
