sample,reward_best,reward_CA,location_lat,location_lon,patient_state
1,0.3167387087789022,0.25510659806421154,37.256227125606046,-121.68293846339752,"PatientState(Location(""FIELD"", (37.256227125606046, -121.68293846339752), -1.0, FIELD), 155.19614147374222, UNKNOWN, LVO)"
2,0.3172383671118732,0.25598650251091504,37.25476375479221,-121.68169131536241,"PatientState(Location(""FIELD"", (37.25476375479221, -121.68169131536241), -1.0, FIELD), 163.25010690152052, UNKNOWN, LVO)"
3,0.3408039299874829,0.33696689106925337,37.25692135395,-121.68448041701414,"PatientState(Location(""FIELD"", (37.25692135395, -121.68448041701414), -1.0, FIELD), 49.90228225420141, UNKNOWN, LVO)"
4,0.3224336191560032,0.25962692943756416,37.255371928094945,-121.68186472160184,"PatientState(Location(""FIELD"", (37.255371928094945, -121.68186472160184), -1.0, FIELD), 128.4425379722669, UNKNOWN, LVO)"
5,0.32196714591120573,0.25925471565989633,37.256300735452996,-121.68244891253225,"PatientState(Location(""FIELD"", (37.256300735452996, -121.68244891253225), -1.0, FIELD), 131.83826652763491, UNKNOWN, HEMORRHAGIC)"
