sample,reward_best,reward_CA,location_lat,location_lon,patient_state
1,0.24418294143999997,0.24418294143999997,37.90094578930867,-121.95931552714819,"PatientState(Location(""FIELD"", (37.90094578930867, -121.95931552714819), -1.0, FIELD), 249.461984430034, UNKNOWN, LVO)"
2,0.3236021243280899,0.3236021243280899,37.90063441205128,-121.95924770647245,"PatientState(Location(""FIELD"", (37.90063441205128, -121.95924770647245), -1.0, FIELD), 18.856173845932098, UNKNOWN, NLVO)"
3,0.3252957472143278,0.3252957472143278,37.901309686863705,-121.95971201789011,"PatientState(Location(""FIELD"", (37.901309686863705, -121.95971201789011), -1.0, FIELD), 11.370092913473961, UNKNOWN, HEMORRHAGIC)"
4,0.24418294143999997,0.24418294143999997,37.903106750466605,-121.9576445448555,"PatientState(Location(""FIELD"", (37.903106750466605, -121.9576445448555), -1.0, FIELD), 228.59193109048766, UNKNOWN, HEMORRHAGIC)"
5,0.24418294143999997,0.24418294143999997,37.901048424413005,-121.95879406314629,"PatientState(Location(""FIELD"", (37.901048424413005, -121.95879406314629), -1.0, FIELD), 238.58968905389102, UNKNOWN, HEMORRHAGIC)"
