sample,reward_best,reward_CA,location_lat,location_lon,patient_state
1,0.32722593561850455,0.32722593561850455,37.27509183906787,-122.02179132008011,"PatientState(Location(""FIELD"", (37.27509183906787, -122.02179132008011), -1.0, FIELD), 137.09699203238944, UNKNOWN, LVO)"
2,0.3197544376616211,0.3197544376616211,37.274722605914334,-122.02509034955236,"PatientState(Location(""FIELD"", (37.274722605914334, -122.02509034955236), -1.0, FIELD), 168.7424603875647, UNKNOWN, LVO)"
3,0.3138990914284483,0.3138990914284483,37.27468258353199,-122.02269144024203,"PatientState(Location(""FIELD"", (37.27468258353199, -122.02269144024203), -1.0, FIELD), 196.08348910077194, UNKNOWN, NLVO)"
4,0.34682495794260026,0.34682495794260026,37.27433222432457,-122.02394347872702,"PatientState(Location(""FIELD"", (37.27433222432457, -122.02394347872702), -1.0, FIELD), 50.97914345408535, UNKNOWN, LVO)"
5,0.32522723170478085,0.32522723170478085,37.2754254264123,-122.02566402608444,"PatientState(Location(""FIELD"", (37.2754254264123, -122.02566402608444), -1.0, FIELD), 144.48137724309382, UNKNOWN, LVO)"
