sample,reward_best,reward_CA,location_lat,location_lon,patient_state
1,0.24418294143999997,0.24418294143999997,38.050091646133325,-121.73876216761406,"PatientState(Location(""FIELD"", (38.050091646133325, -121.73876216761406), -1.0, FIELD), 100.41983045169087, UNKNOWN, LVO)"
2,0.24418294143999997,0.24418294143999997,38.05233619912676,-121.73639910528055,"PatientState(Location(""FIELD"", (38.05233619912676, -121.73639910528055), -1.0, FIELD), 267.5238984145282, UNKNOWN, LVO)"
3,0.24418294143999997,0.24418294143999997,38.05200084768275,-121.73631444228715,"PatientState(Location(""FIELD"", (38.05200084768275, -121.73631444228715), -1.0, FIELD), 178.8213957342946, UNKNOWN, LVO)"
4,0.3240604494888407,0.24418294143999997,38.0492675857523,-121.73738281093107,"PatientState(Location(""FIELD"", (38.0492675857523, -121.73738281093107), -1.0, FIELD), 12.567955953001084, UNKNOWN, NLVO)"
5,0.3198659237820511,0.24418294143999997,38.04936184686287,-121.73908756378208,"PatientState(Location(""FIELD"", (38.04936184686287, -121.73908756378208), -1.0, FIELD), 31.207981683838668, UNKNOWN, HEMORRHAGIC)"
