sample,reward_best,reward_CA,location_lat,location_lon,patient_state
1,0.32435731573492904,0.32435731573492904,37.205770172617164,-122.15817056039705,"PatientState(Location(""FIELD"", (37.205770172617164, -122.15817056039705), -1.0, FIELD), 121.64890032330408, UNKNOWN, LVO)"
2,0.34892271219179005,0.34892271219179005,37.20627647325021,-122.1565187379786,"PatientState(Location(""FIELD"", (37.20627647325021, -122.1565187379786), -1.0, FIELD), 15.197070484045858, UNKNOWN, LVO)"
3,0.24418294143999997,0.24418294143999997,37.20394502942058,-122.15703487478565,"PatientState(Location(""FIELD"", (37.20394502942058, -122.15703487478565), -1.0, FIELD), 179.2986250475263, UNKNOWN, NLVO)"
4,0.33558407264040185,0.33558407264040185,37.205893098251856,-122.15638511038294,"PatientState(Location(""FIELD"", (37.205893098251856, -122.15638511038294), -1.0, FIELD), 72.41815834948504, UNKNOWN, HEMORRHAGIC)"
5,0.3256463360465235,0.3256463360465235,37.20451649856575,-122.15676103874576,"PatientState(Location(""FIELD"", (37.20451649856575, -122.15676103874576), -1.0, FIELD), 115.82576090426798, UNKNOWN, LVO)"
