sample,reward_best,reward_CA,location_lat,location_lon,patient_state
1,0.3139812213762038,0.2531098305255639,37.33979721977073,-121.92642918740307,"PatientState(Location(""FIELD"", (37.33979721977073, -121.92642918740307), -1.0, FIELD), 195.91420853636174, UNKNOWN, LVO)"
2,0.32689502771141965,0.26342343205769153,37.3410565651492,-121.92906029364849,"PatientState(Location(""FIELD"", (37.3410565651492, -121.92906029364849), -1.0, FIELD), 138.122134717884, UNKNOWN, LVO)"
3,0.24418294143999997,0.24418294143999997,37.3428973693766,-121.92953605103091,"PatientState(Location(""FIELD"", (37.3428973693766, -121.92953605103091), -1.0, FIELD), 221.40009905964413, UNKNOWN, HEMORRHAGIC)"
4,0.3501154321187012,0.34671594870281897,37.34324719263315,-121.92616366054241,"PatientState(Location(""FIELD"", (37.34324719263315, -121.92616366054241), -1.0, FIELD), 37.91721910857148, UNKNOWN, LVO)"
5,0.24418294143999997,0.24418294143999997,37.339477809532646,-121.92789661926216,"PatientState(Location(""FIELD"", (37.339477809532646, -121.92789661926216), -1.0, FIELD), 242.2406491188705, UNKNOWN, LVO)"
