sample,reward_best,reward_CA,location_lat,location_lon,patient_state
1,0.31644335875070195,0.31644335875070195,37.305699755619976,-122.17251589159989,"PatientState(Location(""FIELD"", (37.305699755619976, -122.17251589159989), -1.0, FIELD), 159.5862102044866, UNKNOWN, HEMORRHAGIC)"
2,0.24418294143999997,0.24418294143999997,37.305097108655104,-122.17115550928877,"PatientState(Location(""FIELD"", (37.305097108655104, -122.17115550928877), -1.0, FIELD), 196.36674756754505, UNKNOWN, MIMIC)"
3,0.31833754772235984,0.31833754772235984,37.30572303628876,-122.17175174856416,"PatientState(Location(""FIELD"", (37.30572303628876, -122.17175174856416), -1.0, FIELD), 151.09105203980246, UNKNOWN, LVO)"
4,0.3152053079687478,0.3152053079687478,37.305499589460766,-122.17088312074144,"PatientState(Location(""FIELD"", (37.305499589460766, -122.17088312074144), -1.0, FIELD), 165.15631775372563, UNKNOWN, LVO)"
5,0.3374142816038373,0.3374142816038373,37.30516873886381,-122.17293334346134,"PatientState(Location(""FIELD"", (37.30516873886381, -122.17293334346134), -1.0, FIELD), 67.20389814441172, UNKNOWN, LVO)"
