sample,reward_best,reward_CA,location_lat,location_lon,patient_state
1,0.32013683445417834,0.24418294143999997,37.797582623854275,-122.390531680933,"PatientState(Location(""FIELD"", (37.797582623854275, -122.390531680933), -1.0, FIELD), 140.37614947273013, UNKNOWN, LVO)"
2,0.3161832323961463,0.24418294143999997,37.7940140830686,-122.38652029949229,"PatientState(Location(""FIELD"", (37.7940140830686, -122.38652029949229), -1.0, FIELD), 161.57371004405456, UNKNOWN, LVO)"
3,0.34413562312071283,0.3315781335260963,37.79424616004067,-122.38991775729302,"PatientState(Location(""FIELD"", (37.79424616004067, -122.38991775729302), -1.0, FIELD), 36.113919370400666, UNKNOWN, MIMIC)"
4,0.24418294143999997,0.24418294143999997,37.797244182106496,-122.39029088311064,"PatientState(Location(""FIELD"", (37.797244182106496, -122.39029088311064), -1.0, FIELD), 268.52156091416407, UNKNOWN, HEMORRHAGIC)"
5,0.35212860928278467,0.33942584783203544,37.7975980878905,-122.38863194141345,"PatientState(Location(""FIELD"", (37.7975980878905, -122.38863194141345), -1.0, FIELD), 1.6320090614838034, UNKNOWN, HEMORRHAGIC)"
