sample,reward_best,reward_CA,location_lat,location_lon,patient_state
1,0.24418294143999997,0.24418294143999997,37.542108026542586,-121.87147060876806,"PatientState(Location(""FIELD"", (37.542108026542586, -121.87147060876806), -1.0, FIELD), 194.0480078990715, UNKNOWN, HEMORRHAGIC)"
2,0.24418294143999997,0.24418294143999997,37.54013619915115,-121.87212912061278,"PatientState(Location(""FIELD"", (37.54013619915115, -121.87212912061278), -1.0, FIELD), 185.53673217238307, UNKNOWN, HEMORRHAGIC)"
3,0.24418294143999997,0.24418294143999997,37.54115000703829,-121.8717519390177,"PatientState(Location(""FIELD"", (37.54115000703829, -121.8717519390177), -1.0, FIELD), 185.7208771552348, UNKNOWN, MIMIC)"
4,0.3532405885927883,0.33371811597960216,37.54093476493659,-121.87111456348498,"PatientState(Location(""FIELD"", (37.54093476493659, -121.87111456348498), -1.0, FIELD), 10.474469305119168, UNKNOWN, NLVO)"
5,0.3518005359126609,0.332321499292882,37.54188975878932,-121.87098014850172,"PatientState(Location(""FIELD"", (37.54188975878932, -121.87098014850172), -1.0, FIELD), 16.119360319005914, UNKNOWN, HEMORRHAGIC)"
