sample,reward_best,reward_CA,location_lat,location_lon,patient_state
1,0.2530963261426764,0.24418294143999997,37.77713501561269,-122.46215253075566,"PatientState(Location(""FIELD"", (37.77713501561269, -122.46215253075566), -1.0, FIELD), 175.78340374979015, UNKNOWN, HEMORRHAGIC)"
2,0.31512805834773044,0.24418294143999997,37.77734589253907,-122.46215472965206,"PatientState(Location(""FIELD"", (37.77734589253907, -122.46215472965206), -1.0, FIELD), 159.73767234567842, UNKNOWN, HEMORRHAGIC)"
3,0.3143391331968099,0.24418294143999997,37.77711781339799,-122.4637022178902,"PatientState(Location(""FIELD"", (37.77711781339799, -122.4637022178902), -1.0, FIELD), 163.02173977602007, UNKNOWN, HEMORRHAGIC)"
4,0.3466573576569608,0.33499264910830573,37.776457610020586,-122.46295416120347,"PatientState(Location(""FIELD"", (37.776457610020586, -122.46295416120347), -1.0, FIELD), 21.646641367415317, UNKNOWN, LVO)"
5,0.25331534555959945,0.24418294143999997,37.77820807145758,-122.46218330451671,"PatientState(Location(""FIELD"", (37.77820807145758, -122.46218330451671), -1.0, FIELD), 174.0816412872977, UNKNOWN, LVO)"
