sample,reward_best,reward_CA,location_lat,location_lon,patient_state
1,0.3242581650479336,0.24418294143999997,37.68083302664364,-122.0990215852657,"PatientState(Location(""FIELD"", (37.68083302664364, -122.0990215852657), -1.0, FIELD), 128.42263836575086, UNKNOWN, LVO)"
2,0.24418294143999997,0.24418294143999997,37.682638704775925,-122.09960109091668,"PatientState(Location(""FIELD"", (37.682638704775925, -122.09960109091668), -1.0, FIELD), 231.46993604527313, UNKNOWN, NLVO)"
3,0.3350259329636337,0.31729967763564354,37.68185896085729,-122.09957649209665,"PatientState(Location(""FIELD"", (37.68185896085729, -122.09957649209665), -1.0, FIELD), 80.55007205995902, UNKNOWN, HEMORRHAGIC)"
4,0.32256864898967447,0.24418294143999997,37.67987496967152,-122.0967489401433,"PatientState(Location(""FIELD"", (37.67987496967152, -122.0967489401433), -1.0, FIELD), 135.70298785188308, UNKNOWN, MIMIC)"
5,0.24418294143999997,0.24418294143999997,37.68133642740917,-122.09852384311117,"PatientState(Location(""FIELD"", (37.68133642740917, -122.09852384311117), -1.0, FIELD), 254.1281426575262, UNKNOWN, LVO)"
