sample,reward_best,reward_CA,location_lat,location_lon,patient_state
1,0.3346546966417598,0.3346546966417598,37.26274838214115,-121.60966170973997,"PatientState(Location(""FIELD"", (37.26274838214115, -121.60966170973997), -1.0, FIELD), 45.17389278518353, UNKNOWN, HEMORRHAGIC)"
2,0.24418294143999997,0.24418294143999997,37.261238508178174,-121.60777091987663,"PatientState(Location(""FIELD"", (37.261238508178174, -121.60777091987663), -1.0, FIELD), 139.8632515982943, UNKNOWN, HEMORRHAGIC)"
3,0.32773207098762125,0.32773207098762125,37.261972256554955,-121.60977793660146,"PatientState(Location(""FIELD"", (37.261972256554955, -121.60977793660146), -1.0, FIELD), 74.45378300174984, UNKNOWN, NLVO)"
4,0.24418294143999997,0.24418294143999997,37.262336151109245,-121.60887507463433,"PatientState(Location(""FIELD"", (37.262336151109245, -121.60887507463433), -1.0, FIELD), 242.50697033087846, UNKNOWN, LVO)"
5,0.3343183933197635,0.3343183933197635,37.26274202502412,-121.60686106117387,"PatientState(Location(""FIELD"", (37.26274202502412, -121.60686106117387), -1.0, FIELD), 46.63521982716597, UNKNOWN, LVO)"
