sample,reward_best,reward_CA,location_lat,location_lon,patient_state
1,0.342018173788227,0.342018173788227,37.19492472713604,-122.01501963391298,"PatientState(Location(""FIELD"", (37.19492472713604, -122.01501963391298), -1.0, FIELD), 68.0172668676711, UNKNOWN, NLVO)"
2,0.34952319699153706,0.34952319699153706,37.19781011967037,-122.0154826732399,"PatientState(Location(""FIELD"", (37.19781011967037, -122.0154826732399), -1.0, FIELD), 31.74770859516595, UNKNOWN, MIMIC)"
3,0.24418294143999997,0.24418294143999997,37.19848257451832,-122.01443376594649,"PatientState(Location(""FIELD"", (37.19848257451832, -122.01443376594649), -1.0, FIELD), 194.38408371889454, UNKNOWN, HEMORRHAGIC)"
4,0.3139177403414794,0.3139177403414794,37.19741557659706,-122.0143328148908,"PatientState(Location(""FIELD"", (37.19741557659706, -122.0143328148908), -1.0, FIELD), 187.68592072833857, UNKNOWN, HEMORRHAGIC)"
5,0.322087043593759,0.322087043593759,37.19810755780772,-122.01499918588732,"PatientState(Location(""FIELD"", (37.19810755780772, -122.01499918588732), -1.0, FIELD), 150.77375481533068, UNKNOWN, LVO)"
