sample,reward_best,reward_CA,location_lat,location_lon,patient_state
1,0.24418294143999997,0.24418294143999997,37.30132778650668,-121.69730987067169,"PatientState(Location(""FIELD"", (37.30132778650668, -121.69730987067169), -1.0, FIELD), 215.6426129410314, UNKNOWN, LVO)"
2,0.3340520818033193,0.3340520818033193,37.29941904268468,-121.69629896178066,"PatientState(Location(""FIELD"", (37.29941904268468, -121.69629896178066), -1.0, FIELD), 73.60633979526862, UNKNOWN, LVO)"
3,0.3509954969958128,0.3509954969958128,37.30219862837932,-121.69668305926386,"PatientState(Location(""FIELD"", (37.30219862837932, -121.69668305926386), -1.0, FIELD), 2.0797762894460456, UNKNOWN, HEMORRHAGIC)"
4,0.3503685696002955,0.3503685696002955,37.299006179618715,-121.69843023573496,"PatientState(Location(""FIELD"", (37.299006179618715, -121.69843023573496), -1.0, FIELD), 3.5424454140558312, UNKNOWN, MIMIC)"
5,0.24418294143999997,0.24418294143999997,37.30278550845412,-121.69675822578517,"PatientState(Location(""FIELD"", (37.30278550845412, -121.69675822578517), -1.0, FIELD), 264.5834578171997, UNKNOWN, NLVO)"
