sample,reward_best,reward_CA,location_lat,location_lon,patient_state
1,0.24418294143999997,0.24418294143999997,37.76822269119582,-121.63281422041473,"PatientState(Location(""FIELD"", (37.76822269119582, -121.63281422041473), -1.0, FIELD), 157.3372820449506, UNKNOWN, LVO)"
2,0.24418294143999997,0.24418294143999997,37.76810621448413,-121.63111201300609,"PatientState(Location(""FIELD"", (37.76810621448413, -121.63111201300609), -1.0, FIELD), 216.30264168048785, UNKNOWN, NLVO)"
3,0.3385959895478669,0.24418294143999997,37.76840131852787,-121.6334313608131,"PatientState(Location(""FIELD"", (37.76840131852787, -121.6334313608131), -1.0, FIELD), 20.612420655435997, UNKNOWN, LVO)"
4,0.24418294143999997,0.24418294143999997,37.76750418426054,-121.63482640663867,"PatientState(Location(""FIELD"", (37.76750418426054, -121.63482640663867), -1.0, FIELD), 177.75757967283948, UNKNOWN, MIMIC)"
5,0.24418294143999997,0.24418294143999997,37.765495344154914,-121.63274716707173,"PatientState(Location(""FIELD"", (37.765495344154914, -121.63274716707173), -1.0, FIELD), 183.4494032419763, UNKNOWN, LVO)"
