sample,reward_best,reward_CA,location_lat,location_lon,patient_state
1,0.24418294143999997,0.24418294143999997,37.789841686824964,-121.89991934280818,"PatientState(Location(""FIELD"", (37.789841686824964, -121.89991934280818), -1.0, FIELD), 235.6934779783063, UNKNOWN, LVO)"
2,0.3284112897279547,0.24418294143999997,37.792509269763194,-121.89821125490604,"PatientState(Location(""FIELD"", (37.792509269763194, -121.89821125490604), -1.0, FIELD), 92.33737210824704, UNKNOWN, LVO)"
3,0.3315155640324001,0.24418294143999997,37.79239268805274,-121.89761013555302,"PatientState(Location(""FIELD"", (37.79239268805274, -121.89761013555302), -1.0, FIELD), 78.75039898566274, UNKNOWN, HEMORRHAGIC)"
4,0.3359906254142163,0.3163356026458152,37.79291101101312,-121.896475702918,"PatientState(Location(""FIELD"", (37.79291101101312, -121.896475702918), -1.0, FIELD), 59.45044776177556, UNKNOWN, HEMORRHAGIC)"
5,0.3262784096545383,0.24418294143999997,37.79284454574711,-121.89698997732121,"PatientState(Location(""FIELD"", (37.79284454574711, -121.89698997732121), -1.0, FIELD), 101.4824620380164, UNKNOWN, LVO)"
