sample,reward_best,reward_CA,location_lat,location_lon,patient_state
1,0.24418294143999997,0.24418294143999997,37.86262683774215,-121.63996750609124,"PatientState(Location(""FIELD"", (37.86262683774215, -121.63996750609124), -1.0, FIELD), 122.81549616204806, UNKNOWN, NLVO)"
2,0.24418294143999997,0.24418294143999997,37.86310009301028,-121.63861802794557,"PatientState(Location(""FIELD"", (37.86310009301028, -121.63861802794557), -1.0, FIELD), 175.43567260819665, UNKNOWN, MIMIC)"
3,0.31981223368688055,0.24418294143999997,37.85979204237216,-121.6363778450177,"PatientState(Location(""FIELD"", (37.85979204237216, -121.6363778450177), -1.0, FIELD), 28.98655532406093, UNKNOWN, HEMORRHAGIC)"
4,0.31824700631829134,0.24418294143999997,37.86036078659226,-121.63597734085556,"PatientState(Location(""FIELD"", (37.86036078659226, -121.63597734085556), -1.0, FIELD), 36.08959914023546, UNKNOWN, LVO)"
5,0.24418294143999997,0.24418294143999997,37.862817344792624,-121.64023058137236,"PatientState(Location(""FIELD"", (37.862817344792624, -121.64023058137236), -1.0, FIELD), 251.29858409305257, UNKNOWN, HEMORRHAGIC)"
