sample,reward_best,reward_CA,location_lat,location_lon,patient_state
1,0.34679046389306717,0.34525971328646843,37.60320026773348,-122.41437012699508,"PatientState(Location(""FIELD"", (37.60320026773348, -122.41437012699508), -1.0, FIELD), 40.4611120145482, UNKNOWN, HEMORRHAGIC)"
2,0.3334639660575911,0.3318519584039966,37.60317085732755,-122.4141417017582,"PatientState(Location(""FIELD"", (37.60317085732755, -122.4141417017582), -1.0, FIELD), 97.8750310519239, UNKNOWN, LVO)"
3,0.24418294143999997,0.24418294143999997,37.602296343219905,-122.41137610824843,"PatientState(Location(""FIELD"", (37.602296343219905, -122.41137610824843), -1.0, FIELD), 210.88768531500986, UNKNOWN, LVO)"
4,0.3137314383311351,0.2546858510997051,37.59998888306842,-122.41131545603254,"PatientState(Location(""FIELD"", (37.59998888306842, -122.41131545603254), -1.0, FIELD), 187.0942394457044, UNKNOWN, LVO)"
5,0.34354741682779644,0.34199633561682324,37.602361412201894,-122.412425144475,"PatientState(Location(""FIELD"", (37.602361412201894, -122.412425144475), -1.0, FIELD), 54.59974583685684, UNKNOWN, LVO)"
