sample,reward_best,reward_CA,location_lat,location_lon,patient_state
1,0.24418294143999997,0.24418294143999997,38.07929946982079,-122.17846484183123,"PatientState(Location(""FIELD"", (38.07929946982079, -122.17846484183123), -1.0, FIELD), 244.738032816912, UNKNOWN, NLVO)"
2,0.3166012250203745,0.3149439927526582,38.08089820833501,-122.17852157579402,"PatientState(Location(""FIELD"", (38.08089820833501, -122.17852157579402), -1.0, FIELD), 64.833575024531, UNKNOWN, HEMORRHAGIC)"
3,0.24418294143999997,0.24418294143999997,38.080339942471376,-122.1777956933442,"PatientState(Location(""FIELD"", (38.080339942471376, -122.1777956933442), -1.0, FIELD), 207.46809084144388, UNKNOWN, LVO)"
4,0.24418294143999997,0.24418294143999997,38.07933235667065,-122.17724599776844,"PatientState(Location(""FIELD"", (38.07933235667065, -122.17724599776844), -1.0, FIELD), 203.38588781834298, UNKNOWN, NLVO)"
5,0.24418294143999997,0.24418294143999997,38.08195390486197,-122.1806126068104,"PatientState(Location(""FIELD"", (38.08195390486197, -122.1806126068104), -1.0, FIELD), 236.46022743046422, UNKNOWN, HEMORRHAGIC)"
