sample,reward_best,reward_CA,location_lat,location_lon,patient_state
1,0.3188033870129272,0.24418294143999997,37.811171296662636,-122.41467205121829,"PatientState(Location(""FIELD"", (37.811171296662636, -122.41467205121829), -1.0, FIELD), 143.05675957358557, UNKNOWN, HEMORRHAGIC)"
2,0.33877847689502316,0.32716875044464283,37.810204943884294,-122.41141838324471,"PatientState(Location(""FIELD"", (37.810204943884294, -122.41141838324471), -1.0, FIELD), 55.743312406283266, UNKNOWN, LVO)"
3,0.24418294143999997,0.24418294143999997,37.80948453310406,-122.41089767138013,"PatientState(Location(""FIELD"", (37.80948453310406, -122.41089767138013), -1.0, FIELD), 191.2150007689626, UNKNOWN, NLVO)"
4,0.3446716473237883,0.3329575140505266,37.810418422679426,-122.41318774283523,"PatientState(Location(""FIELD"", (37.810418422679426, -122.41318774283523), -1.0, FIELD), 30.30508011832018, UNKNOWN, LVO)"
5,0.3157857791869905,0.24418294143999997,37.81260951102216,-122.41454453404585,"PatientState(Location(""FIELD"", (37.81260951102216, -122.41454453404585), -1.0, FIELD), 155.98296964324206, UNKNOWN, LVO)"
