sample,reward_best,reward_CA,location_lat,location_lon,patient_state
1,0.24418294143999997,0.24418294143999997,38.11609387237446,-121.82081058836002,"PatientState(Location(""FIELD"", (38.11609387237446, -121.82081058836002), -1.0, FIELD), 140.54101889807774, UNKNOWN, LVO)"
2,0.24418294143999997,0.24418294143999997,38.11824946837206,-121.82203344310403,"PatientState(Location(""FIELD"", (38.11824946837206, -121.82203344310403), -1.0, FIELD), 180.49259426589478, UNKNOWN, HEMORRHAGIC)"
3,0.24418294143999997,0.24418294143999997,38.11427940870704,-121.82200664463998,"PatientState(Location(""FIELD"", (38.11427940870704, -121.82200664463998), -1.0, FIELD), 207.32300695948746, UNKNOWN, LVO)"
4,0.24418294143999997,0.24418294143999997,38.11804688530223,-121.82468902298727,"PatientState(Location(""FIELD"", (38.11804688530223, -121.82468902298727), -1.0, FIELD), 222.9404714087645, UNKNOWN, LVO)"
5,0.24418294143999997,0.24418294143999997,38.11868333828674,-121.82418700493386,"PatientState(Location(""FIELD"", (38.11868333828674, -121.82418700493386), -1.0, FIELD), 229.99662692219948, UNKNOWN, HEMORRHAGIC)"
