sample,reward_best,reward_CA,location_lat,location_lon,patient_state
1,0.3539327540954206,0.3411305197223688,37.74316595972523,-122.40943889635011,"PatientState(Location(""FIELD"", (37.74316595972523, -122.40943889635011), -1.0, FIELD), 2.1107894919585526, UNKNOWN, LVO)"
2,0.31368567921078455,0.24418294143999997,37.741302333200984,-122.40623893071663,"PatientState(Location(""FIELD"", (37.741302333200984, -122.40623893071663), -1.0, FIELD), 177.98768094643918, UNKNOWN, LVO)"
3,0.3531316713982758,0.33998369538382955,37.74026147373187,-122.40774809799443,"PatientState(Location(""FIELD"", (37.74026147373187, -122.40774809799443), -1.0, FIELD), 3.200930611032166, UNKNOWN, HEMORRHAGIC)"
4,0.3252394248369755,0.2519180548227677,37.7429510889493,-122.40748812151381,"PatientState(Location(""FIELD"", (37.7429510889493, -122.40748812151381), -1.0, FIELD), 123.24584967140223, UNKNOWN, LVO)"
5,0.33513544081897817,0.32202212939638786,37.73909740016416,-122.40630005198501,"PatientState(Location(""FIELD"", (37.73909740016416, -122.40630005198501), -1.0, FIELD), 83.53804275616771, UNKNOWN, MIMIC)"
