sample,reward_best,reward_CA,location_lat,location_lon,patient_state
1,0.35832574402823847,0.35520492444268664,37.32381503458137,-121.95667218502086,"PatientState(Location(""FIELD"", (37.32381503458137, -121.95667218502086), -1.0, FIELD), 1.0189740464190067, UNKNOWN, LVO)"
2,0.24418294143999997,0.24418294143999997,37.326166312146306,-121.95826417298197,"PatientState(Location(""FIELD"", (37.326166312146306, -121.95826417298197), -1.0, FIELD), 218.74073398457537, UNKNOWN, LVO)"
3,0.3148016082403211,0.2541681726483772,37.324253697233,-121.95747699187318,"PatientState(Location(""FIELD"", (37.324253697233, -121.95747699187318), -1.0, FIELD), 189.13232378959427, UNKNOWN, LVO)"
4,0.35257874041181686,0.349762781871375,37.32595972932172,-121.95899692653094,"PatientState(Location(""FIELD"", (37.32595972932172, -121.95899692653094), -1.0, FIELD), 24.27621703090547, UNKNOWN, HEMORRHAGIC)"
5,0.25310141666510966,0.25310141666510966,37.32847273094686,-121.95700904832505,"PatientState(Location(""FIELD"", (37.32847273094686, -121.95700904832505), -1.0, FIELD), 196.33584517424617, UNKNOWN, LVO)"
