sample,reward_best,reward_CA,location_lat,location_lon,patient_state
1,0.24418294143999997,0.24418294143999997,37.20880948080074,-122.35206336930266,"PatientState(Location(""FIELD"", (37.20880948080074, -122.35206336930266), -1.0, FIELD), 174.27316072094072, UNKNOWN, HEMORRHAGIC)"
2,0.3390585091783999,0.3346044308511336,37.210673071316414,-122.3508938812262,"PatientState(Location(""FIELD"", (37.210673071316414, -122.3508938812262), -1.0, FIELD), 34.97208026399936, UNKNOWN, MIMIC)"
3,0.3415522160923651,0.337109370618629,37.20999822722295,-122.3524113172849,"PatientState(Location(""FIELD"", (37.20999822722295, -122.3524113172849), -1.0, FIELD), 24.141281702874927, UNKNOWN, HEMORRHAGIC)"
4,0.24418294143999997,0.24418294143999997,37.21117988437793,-122.35148348223322,"PatientState(Location(""FIELD"", (37.21117988437793, -122.35148348223322), -1.0, FIELD), 248.67773203552974, UNKNOWN, LVO)"
5,0.24418294143999997,0.24418294143999997,37.21339129680091,-122.35152348400933,"PatientState(Location(""FIELD"", (37.21339129680091, -122.35152348400933), -1.0, FIELD), 235.72935604811565, UNKNOWN, NLVO)"
