sample,reward_best,reward_CA,location_lat,location_lon,patient_state
1,0.33923181338785885,0.3175271774160186,37.61936172909148,-121.66398675078266,"PatientState(Location(""FIELD"", (37.61936172909148, -121.66398675078266), -1.0, FIELD), 31.256486468907365, UNKNOWN, LVO)"
2,0.31766901729697145,0.24418294143999997,37.620124481190935,-121.66538253091909,"PatientState(Location(""FIELD"", (37.620124481190935, -121.66538253091909), -1.0, FIELD), 126.1722896366128, UNKNOWN, HEMORRHAGIC)"
3,0.3284747705920662,0.24418294143999997,37.61973558492806,-121.66108820861398,"PatientState(Location(""FIELD"", (37.61973558492806, -121.66108820861398), -1.0, FIELD), 76.01526688852724, UNKNOWN, LVO)"
4,0.24418294143999997,0.24418294143999997,37.62175770848333,-121.66314036201875,"PatientState(Location(""FIELD"", (37.62175770848333, -121.66314036201875), -1.0, FIELD), 233.10598545116966, UNKNOWN, LVO)"
5,0.31397042098856875,0.24418294143999997,37.619219784570696,-121.66372431880954,"PatientState(Location(""FIELD"", (37.619219784570696, -121.66372431880954), -1.0, FIELD), 142.59131916540997, UNKNOWN, NLVO)"
