sample,reward_best,reward_CA,location_lat,location_lon,patient_state
1,0.24418294143999997,0.24418294143999997,38.064475997439374,-122.52013668194368,"PatientState(Location(""FIELD"", (38.064475997439374, -122.52013668194368), -1.0, FIELD), 224.4881609325903, UNKNOWN, LVO)"
2,0.2530974702056357,0.24418294143999997,38.064140676853036,-122.51615301869299,"PatientState(Location(""FIELD"", (38.064140676853036, -122.51615301869299), -1.0, FIELD), 136.52350216386677, UNKNOWN, LVO)"
3,0.3308530179810983,0.25753995008638664,38.064502080164004,-122.51616536124584,"PatientState(Location(""FIELD"", (38.064502080164004, -122.51616536124584), -1.0, FIELD), 41.65930600938694, UNKNOWN, LVO)"
4,0.3355557344749832,0.26117885598455887,38.06469365602048,-122.51944263310658,"PatientState(Location(""FIELD"", (38.06469365602048, -122.51944263310658), -1.0, FIELD), 20.834230529952144, UNKNOWN, LVO)"
5,0.25868957008359533,0.24418294143999997,38.06452036915683,-122.52001119436902,"PatientState(Location(""FIELD"", (38.06452036915683, -122.52001119436902), -1.0, FIELD), 104.19415764558805, UNKNOWN, HEMORRHAGIC)"
