sample,reward_best,reward_CA,location_lat,location_lon,patient_state
1,0.24418294143999997,0.24418294143999997,38.02120523406631,-122.15257941211254,"PatientState(Location(""FIELD"", (38.02120523406631, -122.15257941211254), -1.0, FIELD), 188.09250117435056, UNKNOWN, HEMORRHAGIC)"
2,0.24418294143999997,0.24418294143999997,38.02281767233198,-122.1534125586433,"PatientState(Location(""FIELD"", (38.02281767233198, -122.1534125586433), -1.0, FIELD), 213.3808589712073, UNKNOWN, HEMORRHAGIC)"
3,0.252696687281238,0.24418294143999997,38.02359943960349,-122.15390540212377,"PatientState(Location(""FIELD"", (38.02359943960349, -122.15390540212377), -1.0, FIELD), 135.67003069043395, UNKNOWN, HEMORRHAGIC)"
4,0.24418294143999997,0.24418294143999997,38.02352651221731,-122.15139980271707,"PatientState(Location(""FIELD"", (38.02352651221731, -122.15139980271707), -1.0, FIELD), 240.93964491042215, UNKNOWN, LVO)"
5,0.24418294143999997,0.24418294143999997,38.02102629424172,-122.15277948781706,"PatientState(Location(""FIELD"", (38.02102629424172, -122.15277948781706), -1.0, FIELD), 247.1800371050184, UNKNOWN, NLVO)"
