sample,reward_best,reward_CA,location_lat,location_lon,patient_state
1,0.3178083007439598,0.3178083007439598,37.2283045606733,-121.84740578305548,"PatientState(Location(""FIELD"", (37.2283045606733, -121.84740578305548), -1.0, FIELD), 167.20306246274373, UNKNOWN, LVO)"
2,0.3290558527352052,0.3290558527352052,37.223925160845326,-121.84676955396976,"PatientState(Location(""FIELD"", (37.223925160845326, -121.84676955396976), -1.0, FIELD), 120.15996261411546, UNKNOWN, NLVO)"
3,0.32466201730234723,0.32466201730234723,37.225987243153405,-121.84980814465708,"PatientState(Location(""FIELD"", (37.225987243153405, -121.84980814465708), -1.0, FIELD), 138.7594511405913, UNKNOWN, HEMORRHAGIC)"
4,0.35298367112207985,0.35298367112207985,37.22472869098965,-121.84745335603641,"PatientState(Location(""FIELD"", (37.22472869098965, -121.84745335603641), -1.0, FIELD), 13.362493919526965, UNKNOWN, HEMORRHAGIC)"
5,0.35468317349928946,0.35468317349928946,37.226741337978865,-121.8467302007938,"PatientState(Location(""FIELD"", (37.226741337978865, -121.8467302007938), -1.0, FIELD), 7.039499808840826, UNKNOWN, HEMORRHAGIC)"
