sample,reward_best,reward_CA,location_lat,location_lon,patient_state
1,0.24418294143999997,0.24418294143999997,37.710946641260925,-121.69783308531471,"PatientState(Location(""FIELD"", (37.710946641260925, -121.69783308531471), -1.0, FIELD), 248.2892079661674, UNKNOWN, LVO)"
2,0.24418294143999997,0.24418294143999997,37.7124228371643,-121.70009538919538,"PatientState(Location(""FIELD"", (37.7124228371643, -121.70009538919538), -1.0, FIELD), 231.56269322916805, UNKNOWN, HEMORRHAGIC)"
3,0.24418294143999997,0.24418294143999997,37.71348977349079,-121.70047035824138,"PatientState(Location(""FIELD"", (37.71348977349079, -121.70047035824138), -1.0, FIELD), 235.16340889853072, UNKNOWN, MIMIC)"
4,0.32941661013749346,0.24418294143999997,37.711151060680336,-121.69752906344179,"PatientState(Location(""FIELD"", (37.711151060680336, -121.69752906344179), -1.0, FIELD), 92.99964139637683, UNKNOWN, HEMORRHAGIC)"
5,0.3460772798488666,0.32607377772533747,37.711100844747456,-121.6981291475377,"PatientState(Location(""FIELD"", (37.711100844747456, -121.6981291475377), -1.0, FIELD), 20.98314259700376, UNKNOWN, HEMORRHAGIC)"
