sample,reward_best,reward_CA,location_lat,location_lon,patient_state
1,0.3216320604824159,0.24418294143999997,37.59830735600652,-121.92887720083944,"PatientState(Location(""FIELD"", (37.59830735600652, -121.92887720083944), -1.0, FIELD), 145.84309286675892, UNKNOWN, NLVO)"
2,0.3191382300366964,0.24418294143999997,37.59532516206694,-121.92896995804507,"PatientState(Location(""FIELD"", (37.59532516206694, -121.92896995804507), -1.0, FIELD), 155.38643593041354, UNKNOWN, LVO)"
3,0.24418294143999997,0.24418294143999997,37.59654124500079,-121.92952338791447,"PatientState(Location(""FIELD"", (37.59654124500079, -121.92952338791447), -1.0, FIELD), 183.75990122083138, UNKNOWN, LVO)"
4,0.24418294143999997,0.24418294143999997,37.59671192117129,-121.92765806912259,"PatientState(Location(""FIELD"", (37.59671192117129, -121.92765806912259), -1.0, FIELD), 237.79644032450022, UNKNOWN, HEMORRHAGIC)"
5,0.3141696267820465,0.24418294143999997,37.59793595735888,-121.92838973752524,"PatientState(Location(""FIELD"", (37.59793595735888, -121.92838973752524), -1.0, FIELD), 179.26683123594032, UNKNOWN, LVO)"
