sample,reward_best,reward_CA,location_lat,location_lon,patient_state
1,0.24418294143999997,0.24418294143999997,37.95103463174858,-121.64470707316141,"PatientState(Location(""FIELD"", (37.95103463174858, -121.64470707316141), -1.0, FIELD), 75.57626553100414, UNKNOWN, MIMIC)"
2,0.24418294143999997,0.24418294143999997,37.950874460329665,-121.6435619925475,"PatientState(Location(""FIELD"", (37.950874460329665, -121.6435619925475), -1.0, FIELD), 68.9118077523116, UNKNOWN, HEMORRHAGIC)"
3,0.24418294143999997,0.24418294143999997,37.95349261894234,-121.64192957741342,"PatientState(Location(""FIELD"", (37.95349261894234, -121.64192957741342), -1.0, FIELD), 148.09821375938066, UNKNOWN, HEMORRHAGIC)"
4,0.24418294143999997,0.24418294143999997,37.95284040501385,-121.64197666529725,"PatientState(Location(""FIELD"", (37.95284040501385, -121.64197666529725), -1.0, FIELD), 171.24144010487723, UNKNOWN, HEMORRHAGIC)"
5,0.24418294143999997,0.24418294143999997,37.950231809235035,-121.64309551570568,"PatientState(Location(""FIELD"", (37.950231809235035, -121.64309551570568), -1.0, FIELD), 212.73477151237256, UNKNOWN, LVO)"
