sample,reward_best,reward_CA,location_lat,location_lon,patient_state
1,0.34817990975911006,0.34817990975911006,37.36007606466916,-121.58769438036435,"PatientState(Location(""FIELD"", (37.36007606466916, -121.58769438036435), -1.0, FIELD), 7.9954148728124235, UNKNOWN, LVO)"
2,0.24418294143999997,0.24418294143999997,37.3610607703986,-121.58805959965166,"PatientState(Location(""FIELD"", (37.3610607703986, -121.58805959965166), -1.0, FIELD), 230.2660816386176, UNKNOWN, HEMORRHAGIC)"
3,0.31993186112006966,0.31993186112006966,37.3597037732442,-121.58931482126518,"PatientState(Location(""FIELD"", (37.3597037732442, -121.58931482126518), -1.0, FIELD), 131.17061169258528, UNKNOWN, LVO)"
4,0.32739487276602336,0.32739487276602336,37.36202425723662,-121.59072223873044,"PatientState(Location(""FIELD"", (37.36202425723662, -121.59072223873044), -1.0, FIELD), 93.4285918482753, UNKNOWN, HEMORRHAGIC)"
5,0.24418294143999997,0.24418294143999997,37.35943509585049,-121.58729752194452,"PatientState(Location(""FIELD"", (37.35943509585049, -121.58729752194452), -1.0, FIELD), 208.64200172756978, UNKNOWN, HEMORRHAGIC)"
