sample,reward_best,reward_CA,location_lat,location_lon,patient_state
1,0.24418294143999997,0.24418294143999997,37.938705856453154,-121.74457900495825,"PatientState(Location(""FIELD"", (37.938705856453154, -121.74457900495825), -1.0, FIELD), 93.8488743906363, UNKNOWN, LVO)"
2,0.31666553535337233,0.24418294143999997,37.937235802024034,-121.7418640602345,"PatientState(Location(""FIELD"", (37.937235802024034, -121.7418640602345), -1.0, FIELD), 43.85765976128237, UNKNOWN, NLVO)"
3,0.25212471688177984,0.24418294143999997,37.93771514492122,-121.74099680840158,"PatientState(Location(""FIELD"", (37.93771514492122, -121.74099680840158), -1.0, FIELD), 57.39146263953389, UNKNOWN, LVO)"
4,0.24418294143999997,0.24418294143999997,37.937651983386935,-121.74258391348162,"PatientState(Location(""FIELD"", (37.937651983386935, -121.74258391348162), -1.0, FIELD), 261.65384349377246, UNKNOWN, MIMIC)"
5,0.24418294143999997,0.24418294143999997,37.93582899994029,-121.7412976642075,"PatientState(Location(""FIELD"", (37.93582899994029, -121.7412976642075), -1.0, FIELD), 127.17185623037864, UNKNOWN, HEMORRHAGIC)"
