sample,reward_best,reward_CA,location_lat,location_lon,patient_state
1,0.34411011709990774,0.34247746126530837,37.64094806152314,-122.43025804627486,"PatientState(Location(""FIELD"", (37.64094806152314, -122.43025804627486), -1.0, FIELD), 50.54803649460197, UNKNOWN, LVO)"
2,0.3399218841011327,0.3382601545242296,37.64149616598541,-122.42867578579619,"PatientState(Location(""FIELD"", (37.64149616598541, -122.42867578579619), -1.0, FIELD), 69.28808327461924, UNKNOWN, HEMORRHAGIC)"
3,0.24418294143999997,0.24418294143999997,37.640851260036285,-122.426061279247,"PatientState(Location(""FIELD"", (37.640851260036285, -122.426061279247), -1.0, FIELD), 228.76161139392048, UNKNOWN, HEMORRHAGIC)"
4,0.3334184412533224,0.33171322393507074,37.64080835250976,-122.42722402292385,"PatientState(Location(""FIELD"", (37.64080835250976, -122.42722402292385), -1.0, FIELD), 97.45986801211788, UNKNOWN, LVO)"
5,0.3160315805280202,0.25688871999316126,37.64083538202188,-122.42675631381756,"PatientState(Location(""FIELD"", (37.64083538202188, -122.42675631381756), -1.0, FIELD), 174.28394480769015, UNKNOWN, LVO)"
