sample,reward_best,reward_CA,location_lat,location_lon,patient_state
1,0.347654946326891,0.347654946326891,37.35153440099322,-121.7752539878667,"PatientState(Location(""FIELD"", (37.35153440099322, -121.7752539878667), -1.0, FIELD), 46.003431722483406, UNKNOWN, HEMORRHAGIC)"
2,0.3324656387263938,0.3324656387263938,37.34897996189093,-121.77306578045796,"PatientState(Location(""FIELD"", (37.34897996189093, -121.77306578045796), -1.0, FIELD), 108.07266408847686, UNKNOWN, LVO)"
3,0.24418294143999997,0.24418294143999997,37.34896008504286,-121.77181281304617,"PatientState(Location(""FIELD"", (37.34896008504286, -121.77181281304617), -1.0, FIELD), 205.58745083295162, UNKNOWN, LVO)"
4,0.24418294143999997,0.24418294143999997,37.349179018856354,-121.77203599897442,"PatientState(Location(""FIELD"", (37.349179018856354, -121.77203599897442), -1.0, FIELD), 206.06538996271976, UNKNOWN, LVO)"
5,0.32617349135979357,0.32617349135979357,37.352410374897026,-121.77406537618344,"PatientState(Location(""FIELD"", (37.352410374897026, -121.77406537618344), -1.0, FIELD), 138.99173507206447, UNKNOWN, LVO)"
