sample,reward_best,reward_CA,location_lat,location_lon,patient_state
1,0.24418294143999997,0.24418294143999997,37.56335711161967,-122.33640428337881,"PatientState(Location(""FIELD"", (37.56335711161967, -122.33640428337881), -1.0, FIELD), 207.51779897990508, UNKNOWN, HEMORRHAGIC)"
2,0.24418294143999997,0.24418294143999997,37.559658844472395,-122.34007966224,"PatientState(Location(""FIELD"", (37.559658844472395, -122.34007966224), -1.0, FIELD), 241.84222550763525, UNKNOWN, NLVO)"
3,0.35478746213971984,0.3384096194540031,37.56128329868861,-122.33936239022636,"PatientState(Location(""FIELD"", (37.56128329868861, -122.33936239022636), -1.0, FIELD), 13.411857950944936, UNKNOWN, HEMORRHAGIC)"
4,0.24418294143999997,0.24418294143999997,37.56110378059248,-122.33927506292451,"PatientState(Location(""FIELD"", (37.56110378059248, -122.33927506292451), -1.0, FIELD), 264.2649136200175, UNKNOWN, NLVO)"
5,0.3158757217205246,0.24418294143999997,37.56317849602699,-122.33618626640762,"PatientState(Location(""FIELD"", (37.56317849602699, -122.33618626640762), -1.0, FIELD), 182.69831560532612, UNKNOWN, LVO)"
