sample,reward_best,reward_CA,location_lat,location_lon,patient_state
1,0.25664977354717844,0.24418294143999997,37.94178435630321,-122.09445402236128,"PatientState(Location(""FIELD"", (37.94178435630321, -122.09445402236128), -1.0, FIELD), 122.40363644923164, UNKNOWN, LVO)"
2,0.24418294143999997,0.24418294143999997,37.941658380071445,-122.09368817331759,"PatientState(Location(""FIELD"", (37.941658380071445, -122.09368817331759), -1.0, FIELD), 160.5232116021552, UNKNOWN, HEMORRHAGIC)"
3,0.3357661087903128,0.32528657560528557,37.941732588964065,-122.09396219210655,"PatientState(Location(""FIELD"", (37.941732588964065, -122.09396219210655), -1.0, FIELD), 27.4122357728502, UNKNOWN, MIMIC)"
4,0.2528051140366706,0.24418294143999997,37.943267629504916,-122.09578052423696,"PatientState(Location(""FIELD"", (37.943267629504916, -122.09578052423696), -1.0, FIELD), 144.50315407068985, UNKNOWN, LVO)"
5,0.2630062661685513,0.24418294143999997,37.94317188013838,-122.09437598002107,"PatientState(Location(""FIELD"", (37.94317188013838, -122.09437598002107), -1.0, FIELD), 87.30426298769778, UNKNOWN, LVO)"
