sample,reward_best,reward_CA,location_lat,location_lon,patient_state
1,0.24418294143999997,0.24418294143999997,37.33530712593697,-121.71382397833796,"PatientState(Location(""FIELD"", (37.33530712593697, -121.71382397833796), -1.0, FIELD), 260.9862968433633, UNKNOWN, HEMORRHAGIC)"
2,0.24418294143999997,0.24418294143999997,37.33417988398632,-121.71488693696185,"PatientState(Location(""FIELD"", (37.33417988398632, -121.71488693696185), -1.0, FIELD), 209.45292005701927, UNKNOWN, NLVO)"
3,0.3333026916493017,0.3333026916493017,37.33646143086164,-121.71459308897391,"PatientState(Location(""FIELD"", (37.33646143086164, -121.71459308897391), -1.0, FIELD), 97.2154644835185, UNKNOWN, HEMORRHAGIC)"
4,0.24418294143999997,0.24418294143999997,37.33728942453499,-121.7108307272749,"PatientState(Location(""FIELD"", (37.33728942453499, -121.7108307272749), -1.0, FIELD), 244.2661711002662, UNKNOWN, LVO)"
5,0.3454320121269852,0.3454320121269852,37.3382376652401,-121.71566884201576,"PatientState(Location(""FIELD"", (37.3382376652401, -121.71566884201576), -1.0, FIELD), 45.14512592890108, UNKNOWN, LVO)"
