sample,reward_best,reward_CA,location_lat,location_lon,patient_state
1,0.32532233856341364,0.32532233856341364,37.24690053004949,-122.07413878556805,"PatientState(Location(""FIELD"", (37.24690053004949, -122.07413878556805), -1.0, FIELD), 136.80129268278455, UNKNOWN, LVO)"
2,0.31843979498380603,0.31843979498380603,37.24694141572519,-122.07519839744835,"PatientState(Location(""FIELD"", (37.24694141572519, -122.07519839744835), -1.0, FIELD), 167.15340448249538, UNKNOWN, HEMORRHAGIC)"
3,0.3138800850270752,0.3138800850270752,37.24690085004777,-122.07181754336398,"PatientState(Location(""FIELD"", (37.24690085004777, -122.07181754336398), -1.0, FIELD), 188.79100890421802, UNKNOWN, HEMORRHAGIC)"
4,0.3238631964205849,0.3238631964205849,37.2481975071663,-122.07482101801972,"PatientState(Location(""FIELD"", (37.2481975071663, -122.07482101801972), -1.0, FIELD), 144.29283831090214, UNKNOWN, MIMIC)"
5,0.34540671443269544,0.34540671443269544,37.24602023524287,-122.07497861698965,"PatientState(Location(""FIELD"", (37.24602023524287, -122.07497861698965), -1.0, FIELD), 49.1398041839676, UNKNOWN, HEMORRHAGIC)"
