sample,reward_best,reward_CA,location_lat,location_lon,patient_state
1,0.24418294143999997,0.24418294143999997,38.08404756427747,-122.17499186469958,"PatientState(Location(""FIELD"", (38.08404756427747, -122.17499186469958), -1.0, FIELD), 213.68434524587278, UNKNOWN, NLVO)"
2,0.24418294143999997,0.24418294143999997,38.08582680980596,-122.1713236918964,"PatientState(Location(""FIELD"", (38.08582680980596, -122.1713236918964), -1.0, FIELD), 215.21883260798714, UNKNOWN, HEMORRHAGIC)"
3,0.24418294143999997,0.24418294143999997,38.08453328744852,-122.17156816929186,"PatientState(Location(""FIELD"", (38.08453328744852, -122.17156816929186), -1.0, FIELD), 94.75695328049086, UNKNOWN, LVO)"
4,0.24418294143999997,0.24418294143999997,38.08635289953512,-122.17089472151578,"PatientState(Location(""FIELD"", (38.08635289953512, -122.17089472151578), -1.0, FIELD), 171.1773736382044, UNKNOWN, LVO)"
5,0.3216264930955213,0.31987474987936354,38.08812622782269,-122.17378133553024,"PatientState(Location(""FIELD"", (38.08812622782269, -122.17378133553024), -1.0, FIELD), 40.336958487010044, UNKNOWN, MIMIC)"
