sample,reward_best,reward_CA,location_lat,location_lon,patient_state
1,0.26056062685447023,0.24418294143999997,37.94789455334306,-122.41346321187474,"PatientState(Location(""FIELD"", (37.94789455334306, -122.41346321187474), -1.0, FIELD), 107.40353804122836, UNKNOWN, MIMIC)"
2,0.24418294143999997,0.24418294143999997,37.94419841210535,-122.41139498774629,"PatientState(Location(""FIELD"", (37.94419841210535, -122.41139498774629), -1.0, FIELD), 167.0148125146532, UNKNOWN, LVO)"
3,0.3323698290512025,0.3211538062248973,37.94774275554212,-122.41343697756733,"PatientState(Location(""FIELD"", (37.94774275554212, -122.41343697756733), -1.0, FIELD), 48.031651155923576, UNKNOWN, LVO)"
4,0.25507214585398247,0.24418294143999997,37.94697050655675,-122.41360541921864,"PatientState(Location(""FIELD"", (37.94697050655675, -122.41360541921864), -1.0, FIELD), 139.5437192771646, UNKNOWN, HEMORRHAGIC)"
5,0.24418294143999997,0.24418294143999997,37.945555884780084,-122.41324820877485,"PatientState(Location(""FIELD"", (37.945555884780084, -122.41324820877485), -1.0, FIELD), 260.98055658892105, UNKNOWN, LVO)"
