sample,reward_best,reward_CA,location_lat,location_lon,patient_state
1,0.25190297674153594,0.24418294143999997,38.03393272636866,-122.21251321780444,"PatientState(Location(""FIELD"", (38.03393272636866, -122.21251321780444), -1.0, FIELD), 152.8745846431129, UNKNOWN, MIMIC)"
2,0.24418294143999997,0.24418294143999997,38.03425705650519,-122.2111596904968,"PatientState(Location(""FIELD"", (38.03425705650519, -122.2111596904968), -1.0, FIELD), 167.8653606361032, UNKNOWN, LVO)"
3,0.2643571555421751,0.24418294143999997,38.03720140667792,-122.21141941902917,"PatientState(Location(""FIELD"", (38.03720140667792, -122.21141941902917), -1.0, FIELD), 82.26521032242033, UNKNOWN, HEMORRHAGIC)"
4,0.26252214209569824,0.24418294143999997,38.03561486736914,-122.21535308829797,"PatientState(Location(""FIELD"", (38.03561486736914, -122.21535308829797), -1.0, FIELD), 93.37185431224066, UNKNOWN, LVO)"
5,0.24418294143999997,0.24418294143999997,38.03573296135755,-122.21537129680028,"PatientState(Location(""FIELD"", (38.03573296135755, -122.21537129680028), -1.0, FIELD), 235.67477397556462, UNKNOWN, HEMORRHAGIC)"
