sample,reward_best,reward_CA,location_lat,location_lon,patient_state
1,0.24418294143999997,0.24418294143999997,37.29278128663729,-122.08568081535691,"PatientState(Location(""FIELD"", (37.29278128663729, -122.08568081535691), -1.0, FIELD), 265.13142242899994, UNKNOWN, LVO)"
2,0.24418294143999997,0.24418294143999997,37.289534819057955,-122.08551916293888,"PatientState(Location(""FIELD"", (37.289534819057955, -122.08551916293888), -1.0, FIELD), 196.6961840256879, UNKNOWN, HEMORRHAGIC)"
3,0.31386576389183707,0.25232025838361083,37.29119826495375,-122.08185286924062,"PatientState(Location(""FIELD"", (37.29119826495375, -122.08185286924062), -1.0, FIELD), 186.6040339693133, UNKNOWN, LVO)"
4,0.3186489191296912,0.2560852650092876,37.290100974612706,-122.08543359546239,"PatientState(Location(""FIELD"", (37.290100974612706, -122.08543359546239), -1.0, FIELD), 161.71434410332915, UNKNOWN, HEMORRHAGIC)"
5,0.32022855362124936,0.2573355678732402,37.29231184835707,-122.08438117478529,"PatientState(Location(""FIELD"", (37.29231184835707, -122.08438117478529), -1.0, FIELD), 155.5704082997186, UNKNOWN, LVO)"
