sample,reward_best,reward_CA,location_lat,location_lon,patient_state
1,0.24418294143999997,0.24418294143999997,37.93772202171418,-121.79465456785967,"PatientState(Location(""FIELD"", (37.93772202171418, -121.79465456785967), -1.0, FIELD), 193.38298482527725, UNKNOWN, HEMORRHAGIC)"
2,0.24418294143999997,0.24418294143999997,37.93785879487425,-121.79081225609107,"PatientState(Location(""FIELD"", (37.93785879487425, -121.79081225609107), -1.0, FIELD), 124.2197329053703, UNKNOWN, MIMIC)"
3,0.24418294143999997,0.24418294143999997,37.935793133873275,-121.79431444983697,"PatientState(Location(""FIELD"", (37.935793133873275, -121.79431444983697), -1.0, FIELD), 161.64685876925768, UNKNOWN, MIMIC)"
4,0.25292572869331914,0.24418294143999997,37.93443443406557,-121.79169952399914,"PatientState(Location(""FIELD"", (37.93443443406557, -121.79169952399914), -1.0, FIELD), 39.661573301318114, UNKNOWN, HEMORRHAGIC)"
5,0.24418294143999997,0.24418294143999997,37.93559237114203,-121.79202554144112,"PatientState(Location(""FIELD"", (37.93559237114203, -121.79202554144112), -1.0, FIELD), 162.40264847735915, UNKNOWN, LVO)"
