sample,reward_best,reward_CA,location_lat,location_lon,patient_state
1,0.24418294143999997,0.24418294143999997,37.75604821795404,-121.6140382409283,"PatientState(Location(""FIELD"", (37.75604821795404, -121.6140382409283), -1.0, FIELD), 196.65843961473624, UNKNOWN, LVO)"
2,0.24418294143999997,0.24418294143999997,37.75573475218349,-121.6153100505887,"PatientState(Location(""FIELD"", (37.75573475218349, -121.6153100505887), -1.0, FIELD), 193.21052577495573, UNKNOWN, LVO)"
3,0.3456693273210701,0.32567926597146696,37.75557497007708,-121.6148766839288,"PatientState(Location(""FIELD"", (37.75557497007708, -121.6148766839288), -1.0, FIELD), 10.078748305391457, UNKNOWN, LVO)"
4,0.31564815293609516,0.24418294143999997,37.756811751693185,-121.61167545367235,"PatientState(Location(""FIELD"", (37.756811751693185, -121.61167545367235), -1.0, FIELD), 121.24396468298067, UNKNOWN, MIMIC)"
5,0.24418294143999997,0.24418294143999997,37.75755769452606,-121.61498954381895,"PatientState(Location(""FIELD"", (37.75755769452606, -121.61498954381895), -1.0, FIELD), 159.08605783106697, UNKNOWN, NLVO)"
