sample,reward_best,reward_CA,location_lat,location_lon,patient_state
1,0.24418294143999997,0.24418294143999997,37.30344720482917,-122.1141911735236,"PatientState(Location(""FIELD"", (37.30344720482917, -122.1141911735236), -1.0, FIELD), 193.50107900990238, UNKNOWN, LVO)"
2,0.33641192528051445,0.3315889041773824,37.29927659719958,-122.11450254102174,"PatientState(Location(""FIELD"", (37.29927659719958, -122.11450254102174), -1.0, FIELD), 63.375060519353255, UNKNOWN, LVO)"
3,0.3346557426557749,0.329832632836391,37.29913549843796,-122.11174356825708,"PatientState(Location(""FIELD"", (37.29913549843796, -122.11174356825708), -1.0, FIELD), 70.49934887693206, UNKNOWN, LVO)"
4,0.24418294143999997,0.24418294143999997,37.30314870637451,-122.11175494442504,"PatientState(Location(""FIELD"", (37.30314870637451, -122.11175494442504), -1.0, FIELD), 255.7959158405597, UNKNOWN, LVO)"
5,0.3304243700281325,0.26548896248101306,37.30069179317577,-122.1136239649649,"PatientState(Location(""FIELD"", (37.30069179317577, -122.1136239649649), -1.0, FIELD), 87.3091423363068, UNKNOWN, LVO)"
