sample,reward_best,reward_CA,location_lat,location_lon,patient_state
1,0.31599111979395594,0.24418294143999997,37.70803712449815,-121.93614832107328,"PatientState(Location(""FIELD"", (37.70803712449815, -121.93614832107328), -1.0, FIELD), 164.76257843900314, UNKNOWN, MIMIC)"
2,0.33589617958402485,0.3165037565067076,37.70414231790932,-121.94063363052703,"PatientState(Location(""FIELD"", (37.70414231790932, -121.94063363052703), -1.0, FIELD), 76.0648341683283, UNKNOWN, LVO)"
3,0.24418294143999997,0.24418294143999997,37.70383677704804,-121.93599905097904,"PatientState(Location(""FIELD"", (37.70383677704804, -121.93599905097904), -1.0, FIELD), 256.6280195131375, UNKNOWN, HEMORRHAGIC)"
4,0.3145632906140184,0.24418294143999997,37.70479495186107,-121.93966808358792,"PatientState(Location(""FIELD"", (37.70479495186107, -121.93966808358792), -1.0, FIELD), 170.59371892569888, UNKNOWN, NLVO)"
5,0.3185402658363133,0.24418294143999997,37.7043100221539,-121.94061883628278,"PatientState(Location(""FIELD"", (37.7043100221539, -121.94061883628278), -1.0, FIELD), 151.83879860797572, UNKNOWN, LVO)"
