sample,reward_best,reward_CA,location_lat,location_lon,patient_state
1,0.32294465566085356,0.24418294143999997,37.943076873995814,-121.71643625299494,"PatientState(Location(""FIELD"", (37.943076873995814, -121.71643625299494), -1.0, FIELD), 15.782061964919968, UNKNOWN, LVO)"
2,0.24418294143999997,0.24418294143999997,37.94154907339344,-121.7167540768957,"PatientState(Location(""FIELD"", (37.94154907339344, -121.7167540768957), -1.0, FIELD), 106.67737613509647, UNKNOWN, LVO)"
3,0.24418294143999997,0.24418294143999997,37.9397203328784,-121.71730512838113,"PatientState(Location(""FIELD"", (37.9397203328784, -121.71730512838113), -1.0, FIELD), 130.20227334754003, UNKNOWN, LVO)"
4,0.24418294143999997,0.24418294143999997,37.93981587407944,-121.71811529704755,"PatientState(Location(""FIELD"", (37.93981587407944, -121.71811529704755), -1.0, FIELD), 113.2067940480412, UNKNOWN, LVO)"
5,0.3210440314045633,0.24418294143999997,37.93995266829734,-121.71865296240478,"PatientState(Location(""FIELD"", (37.93995266829734, -121.71865296240478), -1.0, FIELD), 25.242331199662075, UNKNOWN, HEMORRHAGIC)"
