sample,reward_best,reward_CA,location_lat,location_lon,patient_state
1,0.3254943960897362,0.24418294143999997,37.668878122294444,-121.85147262390626,"PatientState(Location(""FIELD"", (37.668878122294444, -121.85147262390626), -1.0, FIELD), 120.91150759876477, UNKNOWN, NLVO)"
2,0.35012376927483874,0.330695966991003,37.67102079670837,-121.85291618630643,"PatientState(Location(""FIELD"", (37.67102079670837, -121.85291618630643), -1.0, FIELD), 15.846869765540673, UNKNOWN, LVO)"
3,0.3352154015316508,0.31627496660884685,37.67212299950146,-121.85245385665321,"PatientState(Location(""FIELD"", (37.67212299950146, -121.85245385665321), -1.0, FIELD), 79.72266339939773, UNKNOWN, LVO)"
4,0.32766908091677444,0.24418294143999997,37.66981705920131,-121.85555085869623,"PatientState(Location(""FIELD"", (37.66981705920131, -121.85555085869623), -1.0, FIELD), 111.58077128917724, UNKNOWN, MIMIC)"
5,0.3207275937156234,0.24418294143999997,37.66909977361362,-121.85109097741547,"PatientState(Location(""FIELD"", (37.66909977361362, -121.85109097741547), -1.0, FIELD), 141.97760079552947, UNKNOWN, HEMORRHAGIC)"
