sample,reward_best,reward_CA,location_lat,location_lon,patient_state
1,0.24418294143999997,0.24418294143999997,38.099147093706364,-121.85277760930889,"PatientState(Location(""FIELD"", (38.099147093706364, -121.85277760930889), -1.0, FIELD), 78.93969894221685, UNKNOWN, LVO)"
2,0.24418294143999997,0.24418294143999997,38.10330950361581,-121.8533056332846,"PatientState(Location(""FIELD"", (38.10330950361581, -121.8533056332846), -1.0, FIELD), 195.79282859031125, UNKNOWN, HEMORRHAGIC)"
3,0.24418294143999997,0.24418294143999997,38.10033482343003,-121.85283911064832,"PatientState(Location(""FIELD"", (38.10033482343003, -121.85283911064832), -1.0, FIELD), 242.14332425348405, UNKNOWN, LVO)"
4,0.24418294143999997,0.24418294143999997,38.099673617248186,-121.85220205690275,"PatientState(Location(""FIELD"", (38.099673617248186, -121.85220205690275), -1.0, FIELD), 205.4524664036536, UNKNOWN, HEMORRHAGIC)"
5,0.24418294143999997,0.24418294143999997,38.102074287840374,-121.85135896039183,"PatientState(Location(""FIELD"", (38.102074287840374, -121.85135896039183), -1.0, FIELD), 187.52009000380363, UNKNOWN, LVO)"
