sample,reward_best,reward_CA,location_lat,location_lon,patient_state
1,0.24418294143999997,0.24418294143999997,37.19634745110301,-122.17224108736325,"PatientState(Location(""FIELD"", (37.19634745110301, -122.17224108736325), -1.0, FIELD), 246.86427328546526, UNKNOWN, HEMORRHAGIC)"
2,0.24418294143999997,0.24418294143999997,37.19496465943667,-122.17356093552608,"PatientState(Location(""FIELD"", (37.19496465943667, -122.17356093552608), -1.0, FIELD), 202.1383211765481, UNKNOWN, HEMORRHAGIC)"
3,0.24418294143999997,0.24418294143999997,37.197684810687385,-122.17499847587459,"PatientState(Location(""FIELD"", (37.197684810687385, -122.17499847587459), -1.0, FIELD), 200.39857428509364, UNKNOWN, LVO)"
4,0.34349085034584453,0.34349085034584453,37.198495714767965,-122.17105302471182,"PatientState(Location(""FIELD"", (37.198495714767965, -122.17105302471182), -1.0, FIELD), 34.48863480756686, UNKNOWN, HEMORRHAGIC)"
5,0.24418294143999997,0.24418294143999997,37.19724253861451,-122.17192384822992,"PatientState(Location(""FIELD"", (37.19724253861451, -122.17192384822992), -1.0, FIELD), 197.92782432098426, UNKNOWN, MIMIC)"
