sample,reward_best,reward_CA,location_lat,location_lon,patient_state
1,0.24418294143999997,0.24418294143999997,38.04185385997739,-122.25845383572845,"PatientState(Location(""FIELD"", (38.04185385997739, -122.25845383572845), -1.0, FIELD), 260.4146140113065, UNKNOWN, LVO)"
2,0.33426806396827363,0.3229599517118721,38.03905500497023,-122.2577090579263,"PatientState(Location(""FIELD"", (38.03905500497023, -122.2577090579263), -1.0, FIELD), 35.59904715752683, UNKNOWN, LVO)"
3,0.24418294143999997,0.24418294143999997,38.04173845246073,-122.26005491901977,"PatientState(Location(""FIELD"", (38.04173845246073, -122.26005491901977), -1.0, FIELD), 261.2805471843991, UNKNOWN, NLVO)"
4,0.2547885905237128,0.24418294143999997,38.03912272501188,-122.25979891000101,"PatientState(Location(""FIELD"", (38.03912272501188, -122.25979891000101), -1.0, FIELD), 135.81236744827297, UNKNOWN, HEMORRHAGIC)"
5,0.2544179876699933,0.24418294143999997,38.038870421780466,-122.25824480387168,"PatientState(Location(""FIELD"", (38.038870421780466, -122.25824480387168), -1.0, FIELD), 137.55801246778537, UNKNOWN, LVO)"
