sample,reward_best,reward_CA,location_lat,location_lon,patient_state
1,0.24418294143999997,0.24418294143999997,37.442533360470435,-121.95695154248926,"PatientState(Location(""FIELD"", (37.442533360470435, -121.95695154248926), -1.0, FIELD), 232.44851711545545, UNKNOWN, LVO)"
2,0.33144761558389224,0.3267030455210007,37.44214291094235,-121.9584908683793,"PatientState(Location(""FIELD"", (37.44214291094235, -121.9584908683793), -1.0, FIELD), 106.82718497630586, UNKNOWN, LVO)"
3,0.34537940818864443,0.34076481527114744,37.44158318510214,-121.95624378616007,"PatientState(Location(""FIELD"", (37.44158318510214, -121.95624378616007), -1.0, FIELD), 41.68972951122823, UNKNOWN, HEMORRHAGIC)"
4,0.35491620716334527,0.3501818982371788,37.43949847202116,-121.95967168144587,"PatientState(Location(""FIELD"", (37.43949847202116, -121.95967168144587), -1.0, FIELD), 6.401282328363286, UNKNOWN, LVO)"
5,0.3284493857044861,0.2636833894564859,37.44070316805397,-121.95879138982968,"PatientState(Location(""FIELD"", (37.44070316805397, -121.95879138982968), -1.0, FIELD), 119.95840573208278, UNKNOWN, LVO)"
