sample,reward_best,reward_CA,location_lat,location_lon,patient_state
1,0.24418294143999997,0.24418294143999997,37.376281021131874,-121.85254709611544,"PatientState(Location(""FIELD"", (37.376281021131874, -121.85254709611544), -1.0, FIELD), 225.12928465054185, UNKNOWN, HEMORRHAGIC)"
2,0.3342453658522303,0.3342453658522303,37.37575006255283,-121.85253068876582,"PatientState(Location(""FIELD"", (37.37575006255283, -121.85253068876582), -1.0, FIELD), 112.63265380793739, UNKNOWN, LVO)"
3,0.3439667619167431,0.3439667619167431,37.37618617432189,-121.8550497317626,"PatientState(Location(""FIELD"", (37.37618617432189, -121.8550497317626), -1.0, FIELD), 72.18306967519742, UNKNOWN, HEMORRHAGIC)"
4,0.24418294143999997,0.24418294143999997,37.37859768498142,-121.85565263203388,"PatientState(Location(""FIELD"", (37.37859768498142, -121.85565263203388), -1.0, FIELD), 251.41915040508752, UNKNOWN, LVO)"
5,0.24418294143999997,0.24418294143999997,37.378405206417156,-121.85496864021871,"PatientState(Location(""FIELD"", (37.378405206417156, -121.85496864021871), -1.0, FIELD), 257.52429718006215, UNKNOWN, LVO)"
