sample,reward_best,reward_CA,location_lat,location_lon,patient_state
1,0.33324403865123736,0.24418294143999997,37.59711522301623,-121.6628064426624,"PatientState(Location(""FIELD"", (37.59711522301623, -121.6628064426624), -1.0, FIELD), 58.16752224469115, UNKNOWN, LVO)"
2,0.3335584695902859,0.24418294143999997,37.59592153576717,-121.66494111300423,"PatientState(Location(""FIELD"", (37.59592153576717, -121.66494111300423), -1.0, FIELD), 58.29203815885123, UNKNOWN, LVO)"
3,0.3383407386008262,0.31667047853674934,37.595388196410156,-121.66113379515738,"PatientState(Location(""FIELD"", (37.595388196410156, -121.66113379515738), -1.0, FIELD), 36.82423322168242, UNKNOWN, LVO)"
4,0.341363315427615,0.3195774176875637,37.59747839294486,-121.6640645123214,"PatientState(Location(""FIELD"", (37.59747839294486, -121.6640645123214), -1.0, FIELD), 23.492783314461068, UNKNOWN, NLVO)"
5,0.24418294143999997,0.24418294143999997,37.595833068227584,-121.66178812958027,"PatientState(Location(""FIELD"", (37.595833068227584, -121.66178812958027), -1.0, FIELD), 174.7889611421335, UNKNOWN, HEMORRHAGIC)"
