sample,reward_best,reward_CA,location_lat,location_lon,patient_state
1,0.3227234168750482,0.25916459189779684,37.40613515614275,-121.93614257069459,"PatientState(Location(""FIELD"", (37.40613515614275, -121.93614257069459), -1.0, FIELD), 151.52598833625098, UNKNOWN, LVO)"
2,0.32372645758835816,0.2599527006108684,37.40788138412625,-121.93967953132696,"PatientState(Location(""FIELD"", (37.40788138412625, -121.93967953132696), -1.0, FIELD), 146.20015353067387, UNKNOWN, LVO)"
3,0.24418294143999997,0.24418294143999997,37.40865028259505,-121.93779877579806,"PatientState(Location(""FIELD"", (37.40865028259505, -121.93779877579806), -1.0, FIELD), 255.93805386755275, UNKNOWN, HEMORRHAGIC)"
4,0.3383597338549622,0.3336883683968648,37.40652447541587,-121.93718674009916,"PatientState(Location(""FIELD"", (37.40652447541587, -121.93718674009916), -1.0, FIELD), 81.24222278683028, UNKNOWN, LVO)"
5,0.24418294143999997,0.24418294143999997,37.40706852815327,-121.9394163296964,"PatientState(Location(""FIELD"", (37.40706852815327, -121.9394163296964), -1.0, FIELD), 268.0587174807209, UNKNOWN, HEMORRHAGIC)"
