sample,reward_best,reward_CA,location_lat,location_lon,patient_state
1,0.34669244015097156,0.3442802157876147,37.208734619179424,-121.75484007483959,"PatientState(Location(""FIELD"", (37.208734619179424, -121.75484007483959), -1.0, FIELD), 39.47213588179759, UNKNOWN, LVO)"
2,0.31450854083781393,0.25439794381069136,37.20544715566597,-121.75379901714342,"PatientState(Location(""FIELD"", (37.20544715566597, -121.75379901714342), -1.0, FIELD), 178.40402919438344, UNKNOWN, LVO)"
3,0.31697444296953753,0.2563377672471715,37.2047796014039,-121.75385345303236,"PatientState(Location(""FIELD"", (37.2047796014039, -121.75385345303236), -1.0, FIELD), 166.46277392354207, UNKNOWN, HEMORRHAGIC)"
4,0.345843573486556,0.3434275964084409,37.20861586238101,-121.75300348871681,"PatientState(Location(""FIELD"", (37.20861586238101, -121.75300348871681), -1.0, FIELD), 42.30682980719758, UNKNOWN, HEMORRHAGIC)"
5,0.3544668359216704,0.35209048911890367,37.20826669383812,-121.75295277538207,"PatientState(Location(""FIELD"", (37.20826669383812, -121.75295277538207), -1.0, FIELD), 5.662674775767805, UNKNOWN, HEMORRHAGIC)"
