sample,reward_best,reward_CA,location_lat,location_lon,patient_state
1,0.3386495611705199,0.3331181949049364,37.416199111582706,-121.90258288463133,"PatientState(Location(""FIELD"", (37.416199111582706, -121.90258288463133), -1.0, FIELD), 87.88623231902511, UNKNOWN, LVO)"
2,0.3211102641307934,0.25723880596048415,37.41741171758775,-121.90307906277674,"PatientState(Location(""FIELD"", (37.41741171758775, -121.90307906277674), -1.0, FIELD), 164.40497439003818, UNKNOWN, HEMORRHAGIC)"
3,0.24418294143999997,0.24418294143999997,37.41840968170213,-121.90410289373989,"PatientState(Location(""FIELD"", (37.41840968170213, -121.90410289373989), -1.0, FIELD), 205.04139181736076, UNKNOWN, HEMORRHAGIC)"
4,0.357247857613333,0.3515286860874496,37.4163835209925,-121.90143877149549,"PatientState(Location(""FIELD"", (37.4163835209925, -121.90143877149549), -1.0, FIELD), 8.880749151481101, UNKNOWN, LVO)"
5,0.24418294143999997,0.24418294143999997,37.41836298874842,-121.90184652651271,"PatientState(Location(""FIELD"", (37.41836298874842, -121.90184652651271), -1.0, FIELD), 221.87196268178187, UNKNOWN, HEMORRHAGIC)"
