sample,reward_best,reward_CA,location_lat,location_lon,patient_state
1,0.24418294143999997,0.24418294143999997,37.994951646834636,-121.7104490541819,"PatientState(Location(""FIELD"", (37.994951646834636, -121.7104490541819), -1.0, FIELD), 163.70854287643243, UNKNOWN, HEMORRHAGIC)"
2,0.24418294143999997,0.24418294143999997,37.99799679446586,-121.70653170850613,"PatientState(Location(""FIELD"", (37.99799679446586, -121.70653170850613), -1.0, FIELD), 159.49385465639315, UNKNOWN, HEMORRHAGIC)"
3,0.31763312871379185,0.24418294143999997,37.99592526186012,-121.70599981131548,"PatientState(Location(""FIELD"", (37.99592526186012, -121.70599981131548), -1.0, FIELD), 39.7346619387747, UNKNOWN, HEMORRHAGIC)"
4,0.32338085412235457,0.24418294143999997,37.99801081604129,-121.70924983282684,"PatientState(Location(""FIELD"", (37.99801081604129, -121.70924983282684), -1.0, FIELD), 11.720985192019565, UNKNOWN, MIMIC)"
5,0.24418294143999997,0.24418294143999997,37.99810929641217,-121.70890913049786,"PatientState(Location(""FIELD"", (37.99810929641217, -121.70890913049786), -1.0, FIELD), 140.32226348352836, UNKNOWN, HEMORRHAGIC)"
