sample,reward_best,reward_CA,location_lat,location_lon,patient_state
1,0.24418294143999997,0.24418294143999997,37.32452990640632,-121.80113092779227,"PatientState(Location(""FIELD"", (37.32452990640632, -121.80113092779227), -1.0, FIELD), 243.1113434531845, UNKNOWN, LVO)"
2,0.34983688946519387,0.34983688946519387,37.32472823016639,-121.80110718396607,"PatientState(Location(""FIELD"", (37.32472823016639, -121.80110718396607), -1.0, FIELD), 39.90347864200986, UNKNOWN, HEMORRHAGIC)"
3,0.3494097214117877,0.3494097214117877,37.32848682386595,-121.80263832218651,"PatientState(Location(""FIELD"", (37.32848682386595, -121.80263832218651), -1.0, FIELD), 39.755965365753596, UNKNOWN, LVO)"
4,0.24418294143999997,0.24418294143999997,37.32808015054952,-121.80571500233714,"PatientState(Location(""FIELD"", (37.32808015054952, -121.80571500233714), -1.0, FIELD), 256.0054001630951, UNKNOWN, NLVO)"
5,0.32070760777561585,0.32070760777561585,37.32523034613492,-121.80140758762747,"PatientState(Location(""FIELD"", (37.32523034613492, -121.80140758762747), -1.0, FIELD), 166.76998000628979, UNKNOWN, MIMIC)"
