sample,reward_best,reward_CA,location_lat,location_lon,patient_state
1,0.3529335053784043,0.34832475969921106,37.41461947109439,-121.91636754225159,"PatientState(Location(""FIELD"", (37.41461947109439, -121.91636754225159), -1.0, FIELD), 24.302669857269038, UNKNOWN, NLVO)"
2,0.24418294143999997,0.24418294143999997,37.41433580164797,-121.91941383769603,"PatientState(Location(""FIELD"", (37.41433580164797, -121.91941383769603), -1.0, FIELD), 263.96062092064557, UNKNOWN, LVO)"
3,0.34634573022614207,0.3417296076062103,37.41606402273408,-121.92074590526653,"PatientState(Location(""FIELD"", (37.41606402273408, -121.92074590526653), -1.0, FIELD), 51.206666674499644, UNKNOWN, LVO)"
4,0.3378148127222965,0.3331938850351802,37.415282201013724,-121.9186354479388,"PatientState(Location(""FIELD"", (37.415282201013724, -121.9186354479388), -1.0, FIELD), 88.58588629773577, UNKNOWN, LVO)"
5,0.24418294143999997,0.24418294143999997,37.41575609236624,-121.91957153957715,"PatientState(Location(""FIELD"", (37.41575609236624, -121.91957153957715), -1.0, FIELD), 217.19815750333993, UNKNOWN, HEMORRHAGIC)"
