sample,reward_best,reward_CA,location_lat,location_lon,patient_state
1,0.24418294143999997,0.24418294143999997,38.09575254151551,-122.26002456842016,"PatientState(Location(""FIELD"", (38.09575254151551, -122.26002456842016), -1.0, FIELD), 108.81729694350169, UNKNOWN, HEMORRHAGIC)"
2,0.24418294143999997,0.24418294143999997,38.09436478047862,-122.25725610517264,"PatientState(Location(""FIELD"", (38.09436478047862, -122.25725610517264), -1.0, FIELD), 235.94844579100388, UNKNOWN, HEMORRHAGIC)"
3,0.24418294143999997,0.24418294143999997,38.09389759038088,-122.25871179051599,"PatientState(Location(""FIELD"", (38.09389759038088, -122.25871179051599), -1.0, FIELD), 213.7182931109701, UNKNOWN, LVO)"
4,0.24418294143999997,0.24418294143999997,38.097471990069096,-122.26061538122049,"PatientState(Location(""FIELD"", (38.097471990069096, -122.26061538122049), -1.0, FIELD), 264.87388429357384, UNKNOWN, LVO)"
5,0.24418294143999997,0.24418294143999997,38.09611413573274,-122.25781479570804,"PatientState(Location(""FIELD"", (38.09611413573274, -122.25781479570804), -1.0, FIELD), 163.11266466839706, UNKNOWN, LVO)"
