sample,reward_best,reward_CA,location_lat,location_lon,patient_state
1,0.24418294143999997,0.24418294143999997,37.73030602858455,-122.13124772258263,"PatientState(Location(""FIELD"", (37.73030602858455, -122.13124772258263), -1.0, FIELD), 266.75324226257993, UNKNOWN, HEMORRHAGIC)"
2,0.24418294143999997,0.24418294143999997,37.72899518475414,-122.13121757755736,"PatientState(Location(""FIELD"", (37.72899518475414, -122.13121757755736), -1.0, FIELD), 201.55654453755525, UNKNOWN, HEMORRHAGIC)"
3,0.32971958071568086,0.31529880362249574,37.728937653830734,-122.13139739056,"PatientState(Location(""FIELD"", (37.728937653830734, -122.13139739056), -1.0, FIELD), 98.7501795039857, UNKNOWN, HEMORRHAGIC)"
4,0.3249821654565004,0.24418294143999997,37.73235204096735,-122.13545309034618,"PatientState(Location(""FIELD"", (37.73235204096735, -122.13545309034618), -1.0, FIELD), 120.80417132464305, UNKNOWN, HEMORRHAGIC)"
5,0.24418294143999997,0.24418294143999997,37.730325158960376,-122.13347935552683,"PatientState(Location(""FIELD"", (37.730325158960376, -122.13347935552683), -1.0, FIELD), 236.23148737297862, UNKNOWN, LVO)"
