sample,reward_best,reward_CA,location_lat,location_lon,patient_state
1,0.24418294143999997,0.24418294143999997,37.51460155989102,-121.74286463647877,"PatientState(Location(""FIELD"", (37.51460155989102, -121.74286463647877), -1.0, FIELD), 152.39654755321857, UNKNOWN, NLVO)"
2,0.24418294143999997,0.24418294143999997,37.516781661041215,-121.74140636724685,"PatientState(Location(""FIELD"", (37.516781661041215, -121.74140636724685), -1.0, FIELD), 170.64709986676826, UNKNOWN, HEMORRHAGIC)"
3,0.24418294143999997,0.24418294143999997,37.515718103476054,-121.74389986215421,"PatientState(Location(""FIELD"", (37.515718103476054, -121.74389986215421), -1.0, FIELD), 235.79321730817585, UNKNOWN, HEMORRHAGIC)"
4,0.329410979725168,0.24418294143999997,37.516101185662635,-121.74316799687358,"PatientState(Location(""FIELD"", (37.516101185662635, -121.74316799687358), -1.0, FIELD), 68.85265729594576, UNKNOWN, MIMIC)"
5,0.3270052878294558,0.24418294143999997,37.51424401596645,-121.74543946491625,"PatientState(Location(""FIELD"", (37.51424401596645, -121.74543946491625), -1.0, FIELD), 79.76828759683978, UNKNOWN, HEMORRHAGIC)"
