sample,reward_best,reward_CA,location_lat,location_lon,patient_state
1,0.24418294143999997,0.24418294143999997,37.35490711150858,-121.9458955591088,"PatientState(Location(""FIELD"", (37.35490711150858, -121.9458955591088), -1.0, FIELD), 207.0710342459997, UNKNOWN, HEMORRHAGIC)"
2,0.33385325566989266,0.33053837966534866,37.35626457096024,-121.94994019519721,"PatientState(Location(""FIELD"", (37.35626457096024, -121.94994019519721), -1.0, FIELD), 104.0544102691348, UNKNOWN, HEMORRHAGIC)"
3,0.32534637496564217,0.26229601470357383,37.35759866372643,-121.95073146736155,"PatientState(Location(""FIELD"", (37.35759866372643, -121.95073146736155), -1.0, FIELD), 141.11346959962103, UNKNOWN, LVO)"
4,0.35201432119011367,0.34871195399738975,37.35682721875706,-121.95005920986206,"PatientState(Location(""FIELD"", (37.35682721875706, -121.95005920986206), -1.0, FIELD), 26.25023537310964, UNKNOWN, MIMIC)"
5,0.31705308882076094,0.2557197573771131,37.35643999916995,-121.94912561905016,"PatientState(Location(""FIELD"", (37.35643999916995, -121.94912561905016), -1.0, FIELD), 178.23645913325544, UNKNOWN, LVO)"
