sample,reward_best,reward_CA,location_lat,location_lon,patient_state
1,0.24418294143999997,0.24418294143999997,37.557097671091114,-121.80543993377125,"PatientState(Location(""FIELD"", (37.557097671091114, -121.80543993377125), -1.0, FIELD), 183.51880468640576, UNKNOWN, HEMORRHAGIC)"
2,0.3155877818428208,0.24418294143999997,37.55492442847628,-121.80430681654764,"PatientState(Location(""FIELD"", (37.55492442847628, -121.80430681654764), -1.0, FIELD), 136.28069408866804, UNKNOWN, HEMORRHAGIC)"
3,0.33060482622937754,0.24418294143999997,37.55632116834715,-121.80268288089951,"PatientState(Location(""FIELD"", (37.55632116834715, -121.80268288089951), -1.0, FIELD), 69.13793698525186, UNKNOWN, LVO)"
4,0.24418294143999997,0.24418294143999997,37.556566723509775,-121.80329374973917,"PatientState(Location(""FIELD"", (37.556566723509775, -121.80329374973917), -1.0, FIELD), 254.98430719265784, UNKNOWN, NLVO)"
5,0.33684760299881844,0.3178509662148839,37.55492309692466,-121.80478070676959,"PatientState(Location(""FIELD"", (37.55492309692466, -121.80478070676959), -1.0, FIELD), 41.0637230599902, UNKNOWN, LVO)"
