sample,reward_best,reward_CA,location_lat,location_lon,patient_state
1,0.24418294143999997,0.24418294143999997,37.258558402763555,-122.0310047096904,"PatientState(Location(""FIELD"", (37.258558402763555, -122.0310047096904), -1.0, FIELD), 267.8917591001991, UNKNOWN, HEMORRHAGIC)"
2,0.35521024122292977,0.35521024122292977,37.25434008389913,-122.03385916368198,"PatientState(Location(""FIELD"", (37.25434008389913, -122.03385916368198), -1.0, FIELD), 14.339909855791372, UNKNOWN, LVO)"
3,0.32685949132507064,0.32685949132507064,37.25418548299384,-122.0346223470039,"PatientState(Location(""FIELD"", (37.25418548299384, -122.0346223470039), -1.0, FIELD), 135.96030136700233, UNKNOWN, LVO)"
4,0.33167896659712953,0.33167896659712953,37.258721683230235,-122.03202831710865,"PatientState(Location(""FIELD"", (37.258721683230235, -122.03202831710865), -1.0, FIELD), 116.84516499762064, UNKNOWN, LVO)"
5,0.3365509220775102,0.3365509220775102,37.254669516021174,-122.03090137761166,"PatientState(Location(""FIELD"", (37.254669516021174, -122.03090137761166), -1.0, FIELD), 93.08643636381386, UNKNOWN, MIMIC)"
