sample,reward_best,reward_CA,location_lat,location_lon,patient_state
1,0.24418294143999997,0.24418294143999997,38.149472688772676,-122.36095026034029,"PatientState(Location(""FIELD"", (38.149472688772676, -122.36095026034029), -1.0, FIELD), 130.94675189436657, UNKNOWN, HEMORRHAGIC)"
2,0.24418294143999997,0.24418294143999997,38.152773363468924,-122.36427329308545,"PatientState(Location(""FIELD"", (38.152773363468924, -122.36427329308545), -1.0, FIELD), 155.5110994046321, UNKNOWN, HEMORRHAGIC)"
3,0.32389284287718956,0.24418294143999997,38.15138593177555,-122.36491393937824,"PatientState(Location(""FIELD"", (38.15138593177555, -122.36491393937824), -1.0, FIELD), 18.131619145147166, UNKNOWN, LVO)"
4,0.24418294143999997,0.24418294143999997,38.149424009132034,-122.36202192053301,"PatientState(Location(""FIELD"", (38.149424009132034, -122.36202192053301), -1.0, FIELD), 86.36258591173326, UNKNOWN, LVO)"
5,0.24418294143999997,0.24418294143999997,38.15110765144715,-122.36569008583876,"PatientState(Location(""FIELD"", (38.15110765144715, -122.36569008583876), -1.0, FIELD), 77.26052409565649, UNKNOWN, MIMIC)"
