sample,reward_best,reward_CA,location_lat,location_lon,patient_state
1,0.35375220098818744,0.35375220098818744,37.254250068349855,-121.99340427044874,"PatientState(Location(""FIELD"", (37.254250068349855, -121.99340427044874), -1.0, FIELD), 20.293964210571417, UNKNOWN, LVO)"
2,0.35384973256273616,0.35384973256273616,37.2547541254275,-121.99253711219319,"PatientState(Location(""FIELD"", (37.2547541254275, -121.99253711219319), -1.0, FIELD), 19.565920695061756, UNKNOWN, HEMORRHAGIC)"
3,0.3261083559194545,0.3261083559194545,37.255990401172724,-121.99415705067179,"PatientState(Location(""FIELD"", (37.255990401172724, -121.99415705067179), -1.0, FIELD), 139.01564230964365, UNKNOWN, LVO)"
4,0.24418294143999997,0.24418294143999997,37.25679345709229,-121.99147812654677,"PatientState(Location(""FIELD"", (37.25679345709229, -121.99147812654677), -1.0, FIELD), 219.35350311958314, UNKNOWN, HEMORRHAGIC)"
5,0.24418294143999997,0.24418294143999997,37.25828012446561,-121.99236444694262,"PatientState(Location(""FIELD"", (37.25828012446561, -121.99236444694262), -1.0, FIELD), 250.7665981955565, UNKNOWN, HEMORRHAGIC)"
