sample,reward_best,reward_CA,location_lat,location_lon,patient_state
1,0.24418294143999997,0.24418294143999997,37.24656440980822,-122.04438885935218,"PatientState(Location(""FIELD"", (37.24656440980822, -122.04438885935218), -1.0, FIELD), 233.60513978646495, UNKNOWN, HEMORRHAGIC)"
2,0.3524458455388836,0.3524458455388836,37.24511880624088,-122.041211361384,"PatientState(Location(""FIELD"", (37.24511880624088, -122.041211361384), -1.0, FIELD), 19.581098631318426, UNKNOWN, HEMORRHAGIC)"
3,0.3469234424243001,0.3469234424243001,37.24518662495608,-122.04415679599954,"PatientState(Location(""FIELD"", (37.24518662495608, -122.04415679599954), -1.0, FIELD), 42.484573047143364, UNKNOWN, LVO)"
4,0.32130450230920954,0.32130450230920954,37.24624640327205,-122.04300768415725,"PatientState(Location(""FIELD"", (37.24624640327205, -122.04300768415725), -1.0, FIELD), 154.46538262611568, UNKNOWN, LVO)"
5,0.3139384296689654,0.3139384296689654,37.244686355213545,-122.04283555252276,"PatientState(Location(""FIELD"", (37.244686355213545, -122.04283555252276), -1.0, FIELD), 187.9158065239903, UNKNOWN, LVO)"
