sample,reward_best,reward_CA,location_lat,location_lon,patient_state
1,0.32314223178276097,0.32314223178276097,37.38040484670587,-121.66762865853525,"PatientState(Location(""FIELD"", (37.38040484670587, -121.66762865853525), -1.0, FIELD), 125.48125876888012, UNKNOWN, LVO)"
2,0.3421857104956311,0.3421857104956311,37.38327914192157,-121.66731378221903,"PatientState(Location(""FIELD"", (37.38327914192157, -121.66731378221903), -1.0, FIELD), 39.584940106040285, UNKNOWN, HEMORRHAGIC)"
3,0.24418294143999997,0.24418294143999997,37.38207659710892,-121.66965683440758,"PatientState(Location(""FIELD"", (37.38207659710892, -121.66965683440758), -1.0, FIELD), 172.63843605999685, UNKNOWN, NLVO)"
4,0.24418294143999997,0.24418294143999997,37.38301010201007,-121.66614978396814,"PatientState(Location(""FIELD"", (37.38301010201007, -121.66614978396814), -1.0, FIELD), 231.56358694342478, UNKNOWN, MIMIC)"
5,0.32421218555586184,0.32421218555586184,37.382829302569405,-121.66985416344775,"PatientState(Location(""FIELD"", (37.382829302569405, -121.66985416344775), -1.0, FIELD), 120.3444569407703, UNKNOWN, HEMORRHAGIC)"
