sample,reward_best,reward_CA,location_lat,location_lon,patient_state
1,0.24418294143999997,0.24418294143999997,37.86997767923795,-121.94668409359839,"PatientState(Location(""FIELD"", (37.86997767923795, -121.94668409359839), -1.0, FIELD), 268.9532452510966, UNKNOWN, LVO)"
2,0.32597677270335496,0.24418294143999997,37.8731114638986,-121.94779567423353,"PatientState(Location(""FIELD"", (37.8731114638986, -121.94779567423353), -1.0, FIELD), 68.94434933661834, UNKNOWN, LVO)"
3,0.340959817740249,0.32746590065037984,37.86924201601061,-121.94864207207343,"PatientState(Location(""FIELD"", (37.86924201601061, -121.94864207207343), -1.0, FIELD), 2.686989453044788, UNKNOWN, LVO)"
4,0.33129514660213993,0.31802170456710843,37.86986589316865,-121.94590464839106,"PatientState(Location(""FIELD"", (37.86986589316865, -121.94590464839106), -1.0, FIELD), 44.14326909827794, UNKNOWN, MIMIC)"
5,0.24418294143999997,0.24418294143999997,37.871254165582904,-121.94628524363479,"PatientState(Location(""FIELD"", (37.871254165582904, -121.94628524363479), -1.0, FIELD), 231.41985941271955, UNKNOWN, LVO)"
