sample,reward_best,reward_CA,location_lat,location_lon,patient_state
1,0.329540999836602,0.24418294143999997,37.792253025981665,-122.02011548837687,"PatientState(Location(""FIELD"", (37.792253025981665, -122.02011548837687), -1.0, FIELD), 83.71107251328186, UNKNOWN, LVO)"
2,0.3474708155774982,0.3283606837780312,37.793597362421906,-122.01824622424549,"PatientState(Location(""FIELD"", (37.793597362421906, -122.01824622424549), -1.0, FIELD), 6.223740023920823, UNKNOWN, HEMORRHAGIC)"
3,0.3213221855886466,0.24418294143999997,37.7935243930736,-122.0167594566506,"PatientState(Location(""FIELD"", (37.7935243930736, -122.0167594566506), -1.0, FIELD), 120.7633537277783, UNKNOWN, HEMORRHAGIC)"
4,0.24418294143999997,0.24418294143999997,37.79180611500601,-122.01798057060253,"PatientState(Location(""FIELD"", (37.79180611500601, -122.01798057060253), -1.0, FIELD), 178.59145486523653, UNKNOWN, HEMORRHAGIC)"
5,0.3408675608213807,0.31976038136539114,37.78957570893366,-122.01725074801841,"PatientState(Location(""FIELD"", (37.78957570893366, -122.01725074801841), -1.0, FIELD), 45.870326274160504, UNKNOWN, LVO)"
