sample,reward_best,reward_CA,location_lat,location_lon,patient_state
1,0.34195292605939687,0.3245393355229892,37.51762394276769,-122.01605738800743,"PatientState(Location(""FIELD"", (37.51762394276769, -122.01605738800743), -1.0, FIELD), 60.20733248508423, UNKNOWN, LVO)"
2,0.3452211550092328,0.3277118985616863,37.51666998188375,-122.01972461186175,"PatientState(Location(""FIELD"", (37.51666998188375, -122.01972461186175), -1.0, FIELD), 45.77886636677308, UNKNOWN, HEMORRHAGIC)"
3,0.34101795659351775,0.3236321983351963,37.516797134576116,-122.01962719187813,"PatientState(Location(""FIELD"", (37.516797134576116, -122.01962719187813), -1.0, FIELD), 63.7887107308168, UNKNOWN, MIMIC)"
4,0.24418294143999997,0.24418294143999997,37.51608430479565,-122.01666002278162,"PatientState(Location(""FIELD"", (37.51608430479565, -122.01666002278162), -1.0, FIELD), 227.8905507729551, UNKNOWN, HEMORRHAGIC)"
5,0.3165075407569852,0.24418294143999997,37.51797086424346,-122.01601628204368,"PatientState(Location(""FIELD"", (37.51797086424346, -122.01601628204368), -1.0, FIELD), 172.13283207969724, UNKNOWN, LVO)"
