sample,reward_best,reward_CA,location_lat,location_lon,patient_state
1,0.24418294143999997,0.24418294143999997,37.720145006104445,-122.23206728555674,"PatientState(Location(""FIELD"", (37.720145006104445, -122.23206728555674), -1.0, FIELD), 187.04667431446805, UNKNOWN, LVO)"
2,0.24418294143999997,0.24418294143999997,37.72374109744954,-122.23174823111975,"PatientState(Location(""FIELD"", (37.72374109744954, -122.23174823111975), -1.0, FIELD), 221.80734350710406, UNKNOWN, MIMIC)"
3,0.35168355372941973,0.33456983917166405,37.720075381346305,-122.23405114620434,"PatientState(Location(""FIELD"", (37.720075381346305, -122.23405114620434), -1.0, FIELD), 0.7008756890676282, UNKNOWN, LVO)"
4,0.24418294143999997,0.24418294143999997,37.721021337737604,-122.23182321420381,"PatientState(Location(""FIELD"", (37.721021337737604, -122.23182321420381), -1.0, FIELD), 176.44446907983317, UNKNOWN, MIMIC)"
5,0.24418294143999997,0.24418294143999997,37.72017843857053,-122.23424235734902,"PatientState(Location(""FIELD"", (37.72017843857053, -122.23424235734902), -1.0, FIELD), 195.16651692275622, UNKNOWN, HEMORRHAGIC)"
