sample,reward_best,reward_CA,location_lat,location_lon,patient_state
1,0.3538344955793514,0.32660413254614695,37.596586128773396,-122.22959123652979,"PatientState(Location(""FIELD"", (37.596586128773396, -122.22959123652979), -1.0, FIELD), 19.23018484049607, UNKNOWN, NLVO)"
2,0.34717161742442826,0.3202340518941489,37.59652524455339,-122.22630069209025,"PatientState(Location(""FIELD"", (37.59652524455339, -122.22630069209025), -1.0, FIELD), 47.29588791217002, UNKNOWN, LVO)"
3,0.3432945035874164,0.3268142462627007,37.59427856283285,-122.22622526784191,"PatientState(Location(""FIELD"", (37.59427856283285, -122.22622526784191), -1.0, FIELD), 50.22123913985446, UNKNOWN, LVO)"
4,0.24418294143999997,0.24418294143999997,37.59409453251206,-122.22670049635454,"PatientState(Location(""FIELD"", (37.59409453251206, -122.22670049635454), -1.0, FIELD), 201.64603009273944, UNKNOWN, HEMORRHAGIC)"
5,0.24418294143999997,0.24418294143999997,37.59796046878254,-122.23056788295325,"PatientState(Location(""FIELD"", (37.59796046878254, -122.23056788295325), -1.0, FIELD), 220.37223781115415, UNKNOWN, LVO)"
