sample,reward_best,reward_CA,location_lat,location_lon,patient_state
1,0.24418294143999997,0.24418294143999997,37.679247207891116,-122.15475660409294,"PatientState(Location(""FIELD"", (37.679247207891116, -122.15475660409294), -1.0, FIELD), 267.7256801640405, UNKNOWN, LVO)"
2,0.32750262277314174,0.24418294143999997,37.68054782066811,-122.153137035591,"PatientState(Location(""FIELD"", (37.68054782066811, -122.153137035591), -1.0, FIELD), 114.80956231879046, UNKNOWN, LVO)"
3,0.315533718209406,0.24418294143999997,37.68338526470523,-122.15282079606733,"PatientState(Location(""FIELD"", (37.68338526470523, -122.15282079606733), -1.0, FIELD), 167.9557288679189, UNKNOWN, HEMORRHAGIC)"
4,0.34226966341620235,0.32315272554291957,37.682295418618864,-122.15393177089507,"PatientState(Location(""FIELD"", (37.682295418618864, -122.15393177089507), -1.0, FIELD), 49.971389106288434, UNKNOWN, LVO)"
5,0.34210418940100895,0.3229926355885617,37.680075655675246,-122.1534720770038,"PatientState(Location(""FIELD"", (37.680075655675246, -122.1534720770038), -1.0, FIELD), 51.70310227392065, UNKNOWN, NLVO)"
