sample,reward_best,reward_CA,location_lat,location_lon,patient_state
1,0.24418294143999997,0.24418294143999997,37.947114754472835,-122.38515644179923,"PatientState(Location(""FIELD"", (37.947114754472835, -122.38515644179923), -1.0, FIELD), 259.0285254936103, UNKNOWN, HEMORRHAGIC)"
2,0.3428841009077783,0.33138441224496873,37.94515820735593,-122.38418834666948,"PatientState(Location(""FIELD"", (37.94515820735593, -122.38418834666948), -1.0, FIELD), 3.736196284092874, UNKNOWN, LVO)"
3,0.2531559623817541,0.24418294143999997,37.944809975297815,-122.38155563570088,"PatientState(Location(""FIELD"", (37.944809975297815, -122.38155563570088), -1.0, FIELD), 151.08773757680706, UNKNOWN, LVO)"
4,0.25466598483566927,0.24418294143999997,37.94521475596075,-122.3825298788732,"PatientState(Location(""FIELD"", (37.94521475596075, -122.3825298788732), -1.0, FIELD), 142.20576446028002, UNKNOWN, LVO)"
5,0.26025405005044355,0.24418294143999997,37.947801887042196,-122.38520510119854,"PatientState(Location(""FIELD"", (37.947801887042196, -122.38520510119854), -1.0, FIELD), 105.00269253600963, UNKNOWN, MIMIC)"
