sample,reward_best,reward_CA,location_lat,location_lon,patient_state
1,0.3345059585642901,0.317387419290825,37.821983618911545,-122.32886732058681,"PatientState(Location(""FIELD"", (37.821983618911545, -122.32886732058681), -1.0, FIELD), 74.81676298621016, UNKNOWN, LVO)"
2,0.33674756466054656,0.31956072758521264,37.82346952669554,-122.32975187205317,"PatientState(Location(""FIELD"", (37.82346952669554, -122.32975187205317), -1.0, FIELD), 65.14340132677688, UNKNOWN, LVO)"
3,0.3399194208668183,0.3226380141510797,37.823634756913805,-122.32778765959961,"PatientState(Location(""FIELD"", (37.823634756913805, -122.32778765959961), -1.0, FIELD), 51.25702441299717, UNKNOWN, LVO)"
4,0.24418294143999997,0.24418294143999997,37.82363052525951,-122.32791755641269,"PatientState(Location(""FIELD"", (37.82363052525951, -122.32791755641269), -1.0, FIELD), 211.86628631557062, UNKNOWN, MIMIC)"
5,0.24418294143999997,0.24418294143999997,37.823085136349064,-122.32646792479062,"PatientState(Location(""FIELD"", (37.823085136349064, -122.32646792479062), -1.0, FIELD), 263.6004186500066, UNKNOWN, NLVO)"
