sample,reward_best,reward_CA,location_lat,location_lon,patient_state
1,0.3139027823787792,0.24418294143999997,37.77709277876672,-121.96595921961487,"PatientState(Location(""FIELD"", (37.77709277876672, -121.96595921961487), -1.0, FIELD), 168.61681723455433, UNKNOWN, LVO)"
2,0.24418294143999997,0.24418294143999997,37.776398906782894,-121.97028747556942,"PatientState(Location(""FIELD"", (37.776398906782894, -121.97028747556942), -1.0, FIELD), 179.0251780023187, UNKNOWN, LVO)"
3,0.24418294143999997,0.24418294143999997,37.77533663805773,-121.9685496781958,"PatientState(Location(""FIELD"", (37.77533663805773, -121.9685496781958), -1.0, FIELD), 205.49848539658834, UNKNOWN, HEMORRHAGIC)"
4,0.33607759093020506,0.31549611152496965,37.77523760561326,-121.96875836477415,"PatientState(Location(""FIELD"", (37.77523760561326, -121.96875836477415), -1.0, FIELD), 71.04354278186645, UNKNOWN, LVO)"
5,0.32515018277199675,0.24418294143999997,37.778017851052006,-121.96653863676809,"PatientState(Location(""FIELD"", (37.778017851052006, -121.96653863676809), -1.0, FIELD), 118.9550882380688, UNKNOWN, HEMORRHAGIC)"
