sample,reward_best,reward_CA,location_lat,location_lon,patient_state
1,0.24418294143999997,0.24418294143999997,37.77815204937028,-122.39207974209242,"PatientState(Location(""FIELD"", (37.77815204937028, -122.39207974209242), -1.0, FIELD), 238.95934902255206, UNKNOWN, LVO)"
2,0.3152620048183396,0.24418294143999997,37.77491649248924,-122.39525649737728,"PatientState(Location(""FIELD"", (37.77491649248924, -122.39525649737728), -1.0, FIELD), 169.33259165122413, UNKNOWN, HEMORRHAGIC)"
3,0.332743851917116,0.3205149297258496,37.77512002310268,-122.39460141515532,"PatientState(Location(""FIELD"", (37.77512002310268, -122.39460141515532), -1.0, FIELD), 92.07818510926695, UNKNOWN, LVO)"
4,0.34081426882676324,0.33108810427900937,37.774635170686736,-122.39342027884827,"PatientState(Location(""FIELD"", (37.774635170686736, -122.39342027884827), -1.0, FIELD), 45.363126716583324, UNKNOWN, NLVO)"
5,0.24418294143999997,0.24418294143999997,37.776583238348415,-122.39121692699034,"PatientState(Location(""FIELD"", (37.776583238348415, -122.39121692699034), -1.0, FIELD), 256.8248395058225, UNKNOWN, LVO)"
