sample,reward_best,reward_CA,location_lat,location_lon,patient_state
1,0.34384863753486183,0.26754785099171896,37.932778668269776,-122.5101363346683,"PatientState(Location(""FIELD"", (37.932778668269776, -122.5101363346683), -1.0, FIELD), 0.893758085777927, UNKNOWN, LVO)"
2,0.24418294143999997,0.24418294143999997,37.93243608773776,-122.50928669592992,"PatientState(Location(""FIELD"", (37.93243608773776, -122.50928669592992), -1.0, FIELD), 214.62426203565764, UNKNOWN, LVO)"
3,0.2647871048585676,0.2517830993930756,37.93133402590305,-122.5082210240484,"PatientState(Location(""FIELD"", (37.93133402590305, -122.5082210240484), -1.0, FIELD), 88.82037851709907, UNKNOWN, HEMORRHAGIC)"
4,0.24418294143999997,0.24418294143999997,37.9289654074583,-122.50965454197963,"PatientState(Location(""FIELD"", (37.9289654074583, -122.50965454197963), -1.0, FIELD), 237.4341339171342, UNKNOWN, MIMIC)"
5,0.2648803201811218,0.2518708754894096,37.93313672376726,-122.50953953208273,"PatientState(Location(""FIELD"", (37.93313672376726, -122.50953953208273), -1.0, FIELD), 88.19830796210304, UNKNOWN, HEMORRHAGIC)"
