sample,reward_best,reward_CA,location_lat,location_lon,patient_state
1,0.33087016156583804,0.33087016156583804,37.19023724866425,-122.14285934731743,"PatientState(Location(""FIELD"", (37.19023724866425, -122.14285934731743), -1.0, FIELD), 89.35415474083582, UNKNOWN, HEMORRHAGIC)"
2,0.24418294143999997,0.24418294143999997,37.18919802086507,-122.14130441136219,"PatientState(Location(""FIELD"", (37.18919802086507, -122.14130441136219), -1.0, FIELD), 197.78810076008955, UNKNOWN, NLVO)"
3,0.3317947655989539,0.3317947655989539,37.19284001986144,-122.14452167564293,"PatientState(Location(""FIELD"", (37.19284001986144, -122.14452167564293), -1.0, FIELD), 85.23960221152615, UNKNOWN, LVO)"
4,0.34807664694235796,0.34807664694235796,37.19210744922697,-122.14104470741324,"PatientState(Location(""FIELD"", (37.19210744922697, -122.14104470741324), -1.0, FIELD), 12.996189641969266, UNKNOWN, NLVO)"
5,0.3352043854107036,0.3352043854107036,37.19125970236874,-122.1430361782915,"PatientState(Location(""FIELD"", (37.19125970236874, -122.1430361782915), -1.0, FIELD), 70.52380619837902, UNKNOWN, LVO)"
