sample,reward_best,reward_CA,location_lat,location_lon,patient_state
1,0.24418294143999997,0.24418294143999997,37.743363247137005,-122.17576030772332,"PatientState(Location(""FIELD"", (37.743363247137005, -122.17576030772332), -1.0, FIELD), 257.4229369877262, UNKNOWN, HEMORRHAGIC)"
2,0.24418294143999997,0.24418294143999997,37.74181311645977,-122.17451467606942,"PatientState(Location(""FIELD"", (37.74181311645977, -122.17451467606942), -1.0, FIELD), 192.64988162010522, UNKNOWN, HEMORRHAGIC)"
3,0.3296003491458416,0.24418294143999997,37.74378190866839,-122.1717653453182,"PatientState(Location(""FIELD"", (37.74378190866839, -122.1717653453182), -1.0, FIELD), 100.41763682370842, UNKNOWN, MIMIC)"
4,0.3344388951276642,0.3169809135905061,37.7405111996285,-122.17552249033443,"PatientState(Location(""FIELD"", (37.7405111996285, -122.17552249033443), -1.0, FIELD), 80.97651167511, UNKNOWN, HEMORRHAGIC)"
5,0.3476374313741585,0.32978637274415623,37.739597025396314,-122.17552366042852,"PatientState(Location(""FIELD"", (37.739597025396314, -122.17552366042852), -1.0, FIELD), 23.904631014464417, UNKNOWN, HEMORRHAGIC)"
