sample,reward_best,reward_CA,location_lat,location_lon,patient_state
1,0.3448048458400295,0.3448048458400295,37.3888510782688,-122.24127727225942,"PatientState(Location(""FIELD"", (37.3888510782688, -122.24127727225942), -1.0, FIELD), 58.18578219794848, UNKNOWN, NLVO)"
2,0.3362576734314751,0.3362576734314751,37.39247328272144,-122.24180044267163,"PatientState(Location(""FIELD"", (37.39247328272144, -122.24180044267163), -1.0, FIELD), 96.26824652816147, UNKNOWN, LVO)"
3,0.24418294143999997,0.24418294143999997,37.38973697150415,-122.2420633797695,"PatientState(Location(""FIELD"", (37.38973697150415, -122.2420633797695), -1.0, FIELD), 230.55208719878004, UNKNOWN, LVO)"
4,0.33624567385630943,0.33624567385630943,37.39073166215197,-122.24525530324999,"PatientState(Location(""FIELD"", (37.39073166215197, -122.24525530324999), -1.0, FIELD), 94.9868999854224, UNKNOWN, LVO)"
5,0.24418294143999997,0.24418294143999997,37.39340799347849,-122.24476901842905,"PatientState(Location(""FIELD"", (37.39340799347849, -122.24476901842905), -1.0, FIELD), 197.24189548791122, UNKNOWN, HEMORRHAGIC)"
