sample,reward_best,reward_CA,location_lat,location_lon,patient_state
1,0.24418294143999997,0.24418294143999997,37.60250627698242,-121.75163196188585,"PatientState(Location(""FIELD"", (37.60250627698242, -121.75163196188585), -1.0, FIELD), 223.37791462404545, UNKNOWN, MIMIC)"
2,0.34848545864946107,0.32910840360908716,37.60331838124418,-121.7523590214415,"PatientState(Location(""FIELD"", (37.60331838124418, -121.7523590214415), -1.0, FIELD), 8.259843591422166, UNKNOWN, LVO)"
3,0.34739767007609323,0.3280546872299467,37.60361377947066,-121.75349232829011,"PatientState(Location(""FIELD"", (37.60361377947066, -121.75349232829011), -1.0, FIELD), 13.013432653441642, UNKNOWN, LVO)"
4,0.32400559896835535,0.24418294143999997,37.60225184104869,-121.75367794741335,"PatientState(Location(""FIELD"", (37.60225184104869, -121.75367794741335), -1.0, FIELD), 113.03560312721746, UNKNOWN, LVO)"
5,0.24418294143999997,0.24418294143999997,37.59964515867485,-121.75398047499816,"PatientState(Location(""FIELD"", (37.59964515867485, -121.75398047499816), -1.0, FIELD), 243.11029428374954, UNKNOWN, LVO)"
