sample,reward_best,reward_CA,location_lat,location_lon,patient_state
1,0.24418294143999997,0.24418294143999997,37.47245310755177,-122.26713017164931,"PatientState(Location(""FIELD"", (37.47245310755177, -122.26713017164931), -1.0, FIELD), 264.9060528614593, UNKNOWN, MIMIC)"
2,0.3576320635109784,0.35444663688741673,37.47162787044182,-122.26754981799863,"PatientState(Location(""FIELD"", (37.47162787044182, -122.26754981799863), -1.0, FIELD), 3.5115777179157357, UNKNOWN, LVO)"
3,0.3580230071416646,0.3548383634435156,37.473621174321146,-122.26791336254462,"PatientState(Location(""FIELD"", (37.473621174321146, -122.26791336254462), -1.0, FIELD), 4.8416443070586155, UNKNOWN, LVO)"
4,0.34989921211038955,0.34669210704932985,37.47329667321993,-122.26742562847897,"PatientState(Location(""FIELD"", (37.47329667321993, -122.26742562847897), -1.0, FIELD), 38.96080248056813, UNKNOWN, LVO)"
5,0.3450936775820881,0.34187472603180985,37.47166988318693,-122.26724914254912,"PatientState(Location(""FIELD"", (37.47166988318693, -122.26724914254912), -1.0, FIELD), 56.403363631444286, UNKNOWN, LVO)"
