sample,reward_best,reward_CA,location_lat,location_lon,patient_state
1,0.24418294143999997,0.24418294143999997,37.77030917686376,-121.92476999332813,"PatientState(Location(""FIELD"", (37.77030917686376, -121.92476999332813), -1.0, FIELD), 219.67074923385184, UNKNOWN, HEMORRHAGIC)"
2,0.32826548961400404,0.24418294143999997,37.77114602813735,-121.92247692584375,"PatientState(Location(""FIELD"", (37.77114602813735, -121.92247692584375), -1.0, FIELD), 101.49776417673823, UNKNOWN, LVO)"
3,0.32892706701037033,0.24418294143999997,37.772402983118546,-121.92337633143433,"PatientState(Location(""FIELD"", (37.772402983118546, -121.92337633143433), -1.0, FIELD), 98.32162591684452, UNKNOWN, NLVO)"
4,0.24418294143999997,0.24418294143999997,37.77085987170616,-121.92547472068475,"PatientState(Location(""FIELD"", (37.77085987170616, -121.92547472068475), -1.0, FIELD), 193.92418364809615, UNKNOWN, HEMORRHAGIC)"
5,0.343287767940695,0.32199732840560147,37.77350108840856,-121.92272849195932,"PatientState(Location(""FIELD"", (37.77350108840856, -121.92272849195932), -1.0, FIELD), 36.71675859332896, UNKNOWN, NLVO)"
