sample,reward_best,reward_CA,location_lat,location_lon,patient_state
1,0.3145749303009305,0.3145749303009305,37.45470817949038,-122.16500302733017,"PatientState(Location(""FIELD"", (37.45470817949038, -122.16500302733017), -1.0, FIELD), 193.07454908679262, UNKNOWN, LVO)"
2,0.32168434691127057,0.32168434691127057,37.45495640266623,-122.16533534046961,"PatientState(Location(""FIELD"", (37.45495640266623, -122.16533534046961), -1.0, FIELD), 161.0755584162537, UNKNOWN, HEMORRHAGIC)"
3,0.3159444986900721,0.3159444986900721,37.455145910214505,-122.16513955780216,"PatientState(Location(""FIELD"", (37.455145910214505, -122.16513955780216), -1.0, FIELD), 187.69226948489745, UNKNOWN, LVO)"
4,0.33090325659799835,0.33090325659799835,37.456577850026534,-122.16499871898883,"PatientState(Location(""FIELD"", (37.456577850026534, -122.16499871898883), -1.0, FIELD), 121.11611769792034, UNKNOWN, MIMIC)"
5,0.35282387924999464,0.35282387924999464,37.45435384300504,-122.16155681586662,"PatientState(Location(""FIELD"", (37.45435384300504, -122.16155681586662), -1.0, FIELD), 27.688990275025137, UNKNOWN, LVO)"
