sample,reward_best,reward_CA,location_lat,location_lon,patient_state
1,0.24418294143999997,0.24418294143999997,37.92543749206794,-121.78408689059867,"PatientState(Location(""FIELD"", (37.92543749206794, -121.78408689059867), -1.0, FIELD), 238.7835803601671, UNKNOWN, LVO)"
2,0.24418294143999997,0.24418294143999997,37.92589601815593,-121.78421218201026,"PatientState(Location(""FIELD"", (37.92589601815593, -121.78421218201026), -1.0, FIELD), 233.01211674397499, UNKNOWN, LVO)"
3,0.24418294143999997,0.24418294143999997,37.92817013974991,-121.78215921057561,"PatientState(Location(""FIELD"", (37.92817013974991, -121.78215921057561), -1.0, FIELD), 74.91607839646856, UNKNOWN, HEMORRHAGIC)"
4,0.24418294143999997,0.24418294143999997,37.925439682920725,-121.7818457129811,"PatientState(Location(""FIELD"", (37.925439682920725, -121.7818457129811), -1.0, FIELD), 243.36980687979076, UNKNOWN, HEMORRHAGIC)"
5,0.24418294143999997,0.24418294143999997,37.9242878501411,-121.78519210953712,"PatientState(Location(""FIELD"", (37.9242878501411, -121.78519210953712), -1.0, FIELD), 99.1946952751149, UNKNOWN, HEMORRHAGIC)"
