sample,reward_best,reward_CA,location_lat,location_lon,patient_state
1,0.24418294143999997,0.24418294143999997,37.78675254984578,-122.2340070359958,"PatientState(Location(""FIELD"", (37.78675254984578, -122.2340070359958), -1.0, FIELD), 241.14603709677112, UNKNOWN, LVO)"
2,0.24418294143999997,0.24418294143999997,37.78527880249017,-122.23446208795646,"PatientState(Location(""FIELD"", (37.78527880249017, -122.23446208795646), -1.0, FIELD), 265.96680202156716, UNKNOWN, HEMORRHAGIC)"
3,0.3213760119601954,0.24418294143999997,37.78816831094595,-122.23370605023516,"PatientState(Location(""FIELD"", (37.78816831094595, -122.23370605023516), -1.0, FIELD), 133.3721611329572, UNKNOWN, LVO)"
4,0.32736649940801543,0.24418294143999997,37.78548216755534,-122.23216864500559,"PatientState(Location(""FIELD"", (37.78548216755534, -122.23216864500559), -1.0, FIELD), 107.790098190707, UNKNOWN, LVO)"
5,0.24418294143999997,0.24418294143999997,37.78780849887142,-122.23522971141793,"PatientState(Location(""FIELD"", (37.78780849887142, -122.23522971141793), -1.0, FIELD), 258.76480638102805, UNKNOWN, LVO)"
