sample,reward_best,reward_CA,location_lat,location_lon,patient_state
1,0.3273866424259343,0.24418294143999997,37.743828244852,-122.07722507104206,"PatientState(Location(""FIELD"", (37.743828244852, -122.07722507104206), -1.0, FIELD), 97.76980378145545, UNKNOWN, HEMORRHAGIC)"
2,0.33557663210212824,0.3199879302823447,37.74745554020082,-122.07902092236624,"PatientState(Location(""FIELD"", (37.74745554020082, -122.07902092236624), -1.0, FIELD), 61.99542984366152, UNKNOWN, HEMORRHAGIC)"
3,0.31390275195943856,0.24418294143999997,37.745956252862726,-122.07808972371366,"PatientState(Location(""FIELD"", (37.745956252862726, -122.07808972371366), -1.0, FIELD), 157.86528797023695, UNKNOWN, MIMIC)"
4,0.3422760306475734,0.3265052901830041,37.744614089527786,-122.0790709925425,"PatientState(Location(""FIELD"", (37.744614089527786, -122.0790709925425), -1.0, FIELD), 33.097404429407334, UNKNOWN, LVO)"
5,0.24418294143999997,0.24418294143999997,37.74578030537731,-122.07811830893456,"PatientState(Location(""FIELD"", (37.74578030537731, -122.07811830893456), -1.0, FIELD), 212.29749834870867, UNKNOWN, HEMORRHAGIC)"
