sample,reward_best,reward_CA,location_lat,location_lon,patient_state
1,0.34724507703296453,0.3279068979549391,37.579790980564056,-121.8949810427729,"PatientState(Location(""FIELD"", (37.579790980564056, -121.8949810427729), -1.0, FIELD), 38.23641967755665, UNKNOWN, HEMORRHAGIC)"
2,0.24418294143999997,0.24418294143999997,37.583114858175925,-121.89473875899553,"PatientState(Location(""FIELD"", (37.583114858175925, -121.89473875899553), -1.0, FIELD), 240.171125632154, UNKNOWN, HEMORRHAGIC)"
3,0.24418294143999997,0.24418294143999997,37.57964356480995,-121.89207993070653,"PatientState(Location(""FIELD"", (37.57964356480995, -121.89207993070653), -1.0, FIELD), 191.20771117518407, UNKNOWN, HEMORRHAGIC)"
4,0.3532192511390189,0.33369741832241817,37.57999497827865,-121.89262114569516,"PatientState(Location(""FIELD"", (37.57999497827865, -121.89262114569516), -1.0, FIELD), 12.031206645710993, UNKNOWN, LVO)"
5,0.3334976845083734,0.314617168389094,37.583654886379946,-121.89249954313986,"PatientState(Location(""FIELD"", (37.583654886379946, -121.89249954313986), -1.0, FIELD), 95.88159732902658, UNKNOWN, HEMORRHAGIC)"
