sample,reward_best,reward_CA,location_lat,location_lon,patient_state
1,0.24418294143999997,0.24418294143999997,37.320384217736056,-121.93021489336046,"PatientState(Location(""FIELD"", (37.320384217736056, -121.93021489336046), -1.0, FIELD), 265.3097552715822, UNKNOWN, LVO)"
2,0.35047271757420856,0.3478001245498042,37.32190254555411,-121.9284691450896,"PatientState(Location(""FIELD"", (37.32190254555411, -121.9284691450896), -1.0, FIELD), 34.404385779383055, UNKNOWN, HEMORRHAGIC)"
3,0.3341583227924018,0.33121452281256225,37.31994636652761,-121.92735884555618,"PatientState(Location(""FIELD"", (37.31994636652761, -121.92735884555618), -1.0, FIELD), 105.68939525439335, UNKNOWN, LVO)"
4,0.25264376013815204,0.25264376013815204,37.31958629937428,-121.92814800387026,"PatientState(Location(""FIELD"", (37.31958629937428, -121.92814800387026), -1.0, FIELD), 200.66785834968894, UNKNOWN, HEMORRHAGIC)"
5,0.35630352995360326,0.3533736956735957,37.31966998284363,-121.92610557105735,"PatientState(Location(""FIELD"", (37.31966998284363, -121.92610557105735), -1.0, FIELD), 11.220948760988845, UNKNOWN, LVO)"
