sample,reward_best,reward_CA,location_lat,location_lon,patient_state
1,0.3165232522372908,0.24418294143999997,37.59710859700298,-122.08692512302632,"PatientState(Location(""FIELD"", (37.59710859700298, -122.08692512302632), -1.0, FIELD), 165.53391073519086, UNKNOWN, LVO)"
2,0.24418294143999997,0.24418294143999997,37.594928705081756,-122.08790692139394,"PatientState(Location(""FIELD"", (37.594928705081756, -122.08790692139394), -1.0, FIELD), 213.2195259654301, UNKNOWN, MIMIC)"
3,0.24418294143999997,0.24418294143999997,37.59802986473623,-122.0895125535648,"PatientState(Location(""FIELD"", (37.59802986473623, -122.0895125535648), -1.0, FIELD), 200.70402894027237, UNKNOWN, NLVO)"
4,0.329610644880823,0.24418294143999997,37.597371293808955,-122.08790632226854,"PatientState(Location(""FIELD"", (37.597371293808955, -122.08790632226854), -1.0, FIELD), 107.38918453570899, UNKNOWN, NLVO)"
5,0.32215561626162986,0.24418294143999997,37.59823439796725,-122.08908230406468,"PatientState(Location(""FIELD"", (37.59823439796725, -122.08908230406468), -1.0, FIELD), 139.99239503549245, UNKNOWN, LVO)"
