sample,reward_best,reward_CA,location_lat,location_lon,patient_state
1,0.3201406202411669,0.24418294143999997,38.04406521770686,-121.929405631684,"PatientState(Location(""FIELD"", (38.04406521770686, -121.929405631684), -1.0, FIELD), 37.461732431503556, UNKNOWN, LVO)"
2,0.24418294143999997,0.24418294143999997,38.04400554159567,-121.9296304674534,"PatientState(Location(""FIELD"", (38.04400554159567, -121.9296304674534), -1.0, FIELD), 69.36614145468388, UNKNOWN, LVO)"
3,0.24418294143999997,0.24418294143999997,38.043951771281876,-121.92878190800036,"PatientState(Location(""FIELD"", (38.043951771281876, -121.92878190800036), -1.0, FIELD), 191.6392165485458, UNKNOWN, HEMORRHAGIC)"
4,0.24418294143999997,0.24418294143999997,38.044217921252795,-121.92901936132947,"PatientState(Location(""FIELD"", (38.044217921252795, -121.92901936132947), -1.0, FIELD), 149.27439725195754, UNKNOWN, LVO)"
5,0.24418294143999997,0.24418294143999997,38.04413305269103,-121.92681669668681,"PatientState(Location(""FIELD"", (38.04413305269103, -121.92681669668681), -1.0, FIELD), 171.08285034050084, UNKNOWN, HEMORRHAGIC)"
