sample,reward_best,reward_CA,location_lat,location_lon,patient_state
1,0.31856822655633793,0.24418294143999997,37.7694056675645,-121.64799978935258,"PatientState(Location(""FIELD"", (37.7694056675645, -121.64799978935258), -1.0, FIELD), 102.09369068912721, UNKNOWN, HEMORRHAGIC)"
2,0.31706154857222657,0.24418294143999997,37.773178407625906,-121.64926956472195,"PatientState(Location(""FIELD"", (37.773178407625906, -121.64926956472195), -1.0, FIELD), 109.54182640735372, UNKNOWN, HEMORRHAGIC)"
3,0.24418294143999997,0.24418294143999997,37.771244548105976,-121.65006626967444,"PatientState(Location(""FIELD"", (37.771244548105976, -121.65006626967444), -1.0, FIELD), 266.2713112562577, UNKNOWN, HEMORRHAGIC)"
4,0.33115730814269895,0.24418294143999997,37.77326813398133,-121.65070270226508,"PatientState(Location(""FIELD"", (37.77326813398133, -121.65070270226508), -1.0, FIELD), 47.272257311887905, UNKNOWN, HEMORRHAGIC)"
5,0.3312613204171292,0.24418294143999997,37.77218093872404,-121.64895912321703,"PatientState(Location(""FIELD"", (37.77218093872404, -121.64895912321703), -1.0, FIELD), 46.42273474125913, UNKNOWN, MIMIC)"
