sample,reward_best,reward_CA,location_lat,location_lon,patient_state
1,0.24418294143999997,0.24418294143999997,37.283942855783785,-121.76276024091551,"PatientState(Location(""FIELD"", (37.283942855783785, -121.76276024091551), -1.0, FIELD), 250.17488350970805, UNKNOWN, NLVO)"
2,0.24418294143999997,0.24418294143999997,37.28806574358718,-121.76572041858363,"PatientState(Location(""FIELD"", (37.28806574358718, -121.76572041858363), -1.0, FIELD), 235.0233582033634, UNKNOWN, MIMIC)"
3,0.24418294143999997,0.24418294143999997,37.288457382995794,-121.76355255068908,"PatientState(Location(""FIELD"", (37.288457382995794, -121.76355255068908), -1.0, FIELD), 232.89162921739387, UNKNOWN, HEMORRHAGIC)"
4,0.3508360029899849,0.3463719480205585,37.2858597563276,-121.7622325891158,"PatientState(Location(""FIELD"", (37.2858597563276, -121.7622325891158), -1.0, FIELD), 25.95858525001638, UNKNOWN, LVO)"
5,0.24418294143999997,0.24418294143999997,37.28576643186777,-121.76164633851359,"PatientState(Location(""FIELD"", (37.28576643186777, -121.76164633851359), -1.0, FIELD), 212.99102927502423, UNKNOWN, MIMIC)"
