sample,reward_best,reward_CA,location_lat,location_lon,patient_state
1,0.24418294143999997,0.24418294143999997,37.94174817097039,-122.27030937099252,"PatientState(Location(""FIELD"", (37.94174817097039, -122.27030937099252), -1.0, FIELD), 163.7702964179145, UNKNOWN, HEMORRHAGIC)"
2,0.32970200569926233,0.3166636026079363,37.94322341289091,-122.27004314141476,"PatientState(Location(""FIELD"", (37.94322341289091, -122.27004314141476), -1.0, FIELD), 57.389666619941046, UNKNOWN, LVO)"
3,0.24418294143999997,0.24418294143999997,37.94343760972293,-122.27073492631615,"PatientState(Location(""FIELD"", (37.94343760972293, -122.27073492631615), -1.0, FIELD), 250.0491846947035, UNKNOWN, LVO)"
4,0.2516745808638863,0.24418294143999997,37.9390523920952,-122.2672057640317,"PatientState(Location(""FIELD"", (37.9390523920952, -122.2672057640317), -1.0, FIELD), 155.3225777255243, UNKNOWN, HEMORRHAGIC)"
5,0.24418294143999997,0.24418294143999997,37.94359920350579,-122.26754625939047,"PatientState(Location(""FIELD"", (37.94359920350579, -122.26754625939047), -1.0, FIELD), 246.76760052482894, UNKNOWN, LVO)"
