sample,reward_best,reward_CA,location_lat,location_lon,patient_state
1,0.24418294143999997,0.24418294143999997,37.981727872478714,-121.92409850970084,"PatientState(Location(""FIELD"", (37.981727872478714, -121.92409850970084), -1.0, FIELD), 230.8837628058584, UNKNOWN, HEMORRHAGIC)"
2,0.325709693250549,0.24418294143999997,37.98223655817223,-121.92285406944525,"PatientState(Location(""FIELD"", (37.98223655817223, -121.92285406944525), -1.0, FIELD), 9.248981123264965, UNKNOWN, LVO)"
3,0.24418294143999997,0.24418294143999997,37.97942309002028,-121.92407002188499,"PatientState(Location(""FIELD"", (37.97942309002028, -121.92407002188499), -1.0, FIELD), 230.09157680554807, UNKNOWN, LVO)"
4,0.24418294143999997,0.24418294143999997,37.97933932220673,-121.92438796298089,"PatientState(Location(""FIELD"", (37.97933932220673, -121.92438796298089), -1.0, FIELD), 206.8672932249672, UNKNOWN, HEMORRHAGIC)"
5,0.24418294143999997,0.24418294143999997,37.98063999141969,-121.92576639679449,"PatientState(Location(""FIELD"", (37.98063999141969, -121.92576639679449), -1.0, FIELD), 144.4653851806356, UNKNOWN, LVO)"
