sample,reward_best,reward_CA,location_lat,location_lon,patient_state
1,0.24418294143999997,0.24418294143999997,37.76269447093961,-121.69135087672097,"PatientState(Location(""FIELD"", (37.76269447093961, -121.69135087672097), -1.0, FIELD), 224.8957519567537, UNKNOWN, NLVO)"
2,0.33723148597767155,0.24418294143999997,37.76055659386371,-121.69081605909685,"PatientState(Location(""FIELD"", (37.76055659386371, -121.69081605909685), -1.0, FIELD), 40.549434245684246, UNKNOWN, LVO)"
3,0.3329579339150104,0.24418294143999997,37.761268366934935,-121.69413096432676,"PatientState(Location(""FIELD"", (37.761268366934935, -121.69413096432676), -1.0, FIELD), 59.37866925065831, UNKNOWN, MIMIC)"
4,0.24418294143999997,0.24418294143999997,37.76149790790905,-121.69521863832067,"PatientState(Location(""FIELD"", (37.76149790790905, -121.69521863832067), -1.0, FIELD), 264.20792463790843, UNKNOWN, HEMORRHAGIC)"
5,0.24418294143999997,0.24418294143999997,37.76010316664495,-121.69342487186603,"PatientState(Location(""FIELD"", (37.76010316664495, -121.69342487186603), -1.0, FIELD), 195.03170807359388, UNKNOWN, HEMORRHAGIC)"
