sample,reward_best,reward_CA,location_lat,location_lon,patient_state
1,0.3491461928068836,0.32987834028151514,37.67972164947767,-122.05406086549506,"PatientState(Location(""FIELD"", (37.67972164947767, -122.05406086549506), -1.0, FIELD), 19.934687610649625, UNKNOWN, MIMIC)"
2,0.3396349395515932,0.3211329273203927,37.681697618620674,-122.05386267039287,"PatientState(Location(""FIELD"", (37.681697618620674, -122.05386267039287), -1.0, FIELD), 59.40407938507101, UNKNOWN, LVO)"
3,0.3445390526670172,0.3260147309889182,37.68368119755994,-122.05313675710393,"PatientState(Location(""FIELD"", (37.68368119755994, -122.05313675710393), -1.0, FIELD), 37.88191237675909, UNKNOWN, HEMORRHAGIC)"
4,0.34030800196539546,0.32182222804277466,37.682446880880185,-122.05298739945557,"PatientState(Location(""FIELD"", (37.682446880880185, -122.05298739945557), -1.0, FIELD), 56.502469274410664, UNKNOWN, LVO)"
5,0.3534758510400837,0.33442546377352833,37.680366474238156,-122.05168979074956,"PatientState(Location(""FIELD"", (37.680366474238156, -122.05168979074956), -1.0, FIELD), 0.851546513499355, UNKNOWN, HEMORRHAGIC)"
