sample,reward_best,reward_CA,location_lat,location_lon,patient_state
1,0.34474866810164195,0.34190663216211165,37.59882550028928,-122.42305363090894,"PatientState(Location(""FIELD"", (37.59882550028928, -122.42305363090894), -1.0, FIELD), 49.10920819225391, UNKNOWN, LVO)"
2,0.346260772563319,0.3447266766667353,37.59988581316611,-122.4217157930002,"PatientState(Location(""FIELD"", (37.59988581316611, -122.4217157930002), -1.0, FIELD), 41.78225273065102, UNKNOWN, LVO)"
3,0.24418294143999997,0.24418294143999997,37.60208731698223,-122.4248347704047,"PatientState(Location(""FIELD"", (37.60208731698223, -122.4248347704047), -1.0, FIELD), 241.7519690561643, UNKNOWN, MIMIC)"
4,0.32591874256214143,0.26459512644533884,37.60325944500187,-122.4248225778328,"PatientState(Location(""FIELD"", (37.60325944500187, -122.4248225778328), -1.0, FIELD), 127.64701417291916, UNKNOWN, LVO)"
5,0.3184510817498941,0.25790163324203413,37.59882206192572,-122.42377980373979,"PatientState(Location(""FIELD"", (37.59882206192572, -122.42377980373979), -1.0, FIELD), 163.9878918588289, UNKNOWN, LVO)"
