sample,reward_best,reward_CA,location_lat,location_lon,patient_state
1,0.31870982315430857,0.3152538436778383,38.08284268645453,-122.23871093845722,"PatientState(Location(""FIELD"", (38.08284268645453, -122.23871093845722), -1.0, FIELD), 61.223619853582164, UNKNOWN, MIMIC)"
2,0.24418294143999997,0.24418294143999997,38.080345704704804,-122.23817314283133,"PatientState(Location(""FIELD"", (38.080345704704804, -122.23817314283133), -1.0, FIELD), 96.81164531115986, UNKNOWN, LVO)"
3,0.34128123613495553,0.3278047186880773,38.079187273147525,-122.23684123970877,"PatientState(Location(""FIELD"", (38.079187273147525, -122.23684123970877), -1.0, FIELD), 4.488140473832571, UNKNOWN, HEMORRHAGIC)"
4,0.2528134063377223,0.24418294143999997,38.079684653746256,-122.23887024020807,"PatientState(Location(""FIELD"", (38.079684653746256, -122.23887024020807), -1.0, FIELD), 145.9621467085881, UNKNOWN, NLVO)"
5,0.24418294143999997,0.24418294143999997,38.08376057089421,-122.23715580098455,"PatientState(Location(""FIELD"", (38.08376057089421, -122.23715580098455), -1.0, FIELD), 248.95438909215895, UNKNOWN, LVO)"
