sample,reward_best,reward_CA,location_lat,location_lon,patient_state
1,0.24418294143999997,0.24418294143999997,38.10923907048952,-121.6123295892495,"PatientState(Location(""FIELD"", (38.10923907048952, -121.6123295892495), -1.0, FIELD), 196.1238252171764, UNKNOWN, LVO)"
2,0.24418294143999997,0.24418294143999997,38.110675207589225,-121.61180799370814,"PatientState(Location(""FIELD"", (38.110675207589225, -121.61180799370814), -1.0, FIELD), 144.67497407468682, UNKNOWN, NLVO)"
3,0.24418294143999997,0.24418294143999997,38.1096602337354,-121.61204486798658,"PatientState(Location(""FIELD"", (38.1096602337354, -121.61204486798658), -1.0, FIELD), 243.93065944464354, UNKNOWN, HEMORRHAGIC)"
4,0.24418294143999997,0.24418294143999997,38.11011426313853,-121.61297130358847,"PatientState(Location(""FIELD"", (38.11011426313853, -121.61297130358847), -1.0, FIELD), 185.50491791715848, UNKNOWN, NLVO)"
5,0.31979685074017683,0.24418294143999997,38.111978654383456,-121.61095552429914,"PatientState(Location(""FIELD"", (38.111978654383456, -121.61095552429914), -1.0, FIELD), 13.039342766169057, UNKNOWN, HEMORRHAGIC)"
