sample,reward_best,reward_CA,location_lat,location_lon,patient_state
1,0.24418294143999997,0.24418294143999997,37.999548773446755,-121.951233281143,"PatientState(Location(""FIELD"", (37.999548773446755, -121.951233281143), -1.0, FIELD), 242.03254408683918, UNKNOWN, HEMORRHAGIC)"
2,0.24418294143999997,0.24418294143999997,38.000936972056955,-121.9531336727112,"PatientState(Location(""FIELD"", (38.000936972056955, -121.9531336727112), -1.0, FIELD), 113.69265397541427, UNKNOWN, HEMORRHAGIC)"
3,0.24418294143999997,0.24418294143999997,38.00021436439028,-121.95339205432101,"PatientState(Location(""FIELD"", (38.00021436439028, -121.95339205432101), -1.0, FIELD), 99.69027424091534, UNKNOWN, LVO)"
4,0.32153867715408324,0.24418294143999997,38.00360693237744,-121.95348360300882,"PatientState(Location(""FIELD"", (38.00360693237744, -121.95348360300882), -1.0, FIELD), 34.12941119021159, UNKNOWN, HEMORRHAGIC)"
5,0.24418294143999997,0.24418294143999997,38.00057766239135,-121.9524558890974,"PatientState(Location(""FIELD"", (38.00057766239135, -121.9524558890974), -1.0, FIELD), 130.62307873696312, UNKNOWN, NLVO)"
