sample,reward_best,reward_CA,location_lat,location_lon,patient_state
1,0.24418294143999997,0.24418294143999997,37.38740767108203,-122.27307265009827,"PatientState(Location(""FIELD"", (37.38740767108203, -122.27307265009827), -1.0, FIELD), 192.69299523987735, UNKNOWN, HEMORRHAGIC)"
2,0.24418294143999997,0.24418294143999997,37.387554403706176,-122.27151417988341,"PatientState(Location(""FIELD"", (37.387554403706176, -122.27151417988341), -1.0, FIELD), 198.55790291470535, UNKNOWN, HEMORRHAGIC)"
3,0.24418294143999997,0.24418294143999997,37.38837314756083,-122.27388753802735,"PatientState(Location(""FIELD"", (37.38837314756083, -122.27388753802735), -1.0, FIELD), 218.79455421432306, UNKNOWN, LVO)"
4,0.32790335305832585,0.32790335305832585,37.386750528428394,-122.27216235488874,"PatientState(Location(""FIELD"", (37.386750528428394, -122.27216235488874), -1.0, FIELD), 122.64409213780762, UNKNOWN, HEMORRHAGIC)"
5,0.24418294143999997,0.24418294143999997,37.38558311235534,-122.2712744565743,"PatientState(Location(""FIELD"", (37.38558311235534, -122.2712744565743), -1.0, FIELD), 260.1753173893924, UNKNOWN, HEMORRHAGIC)"
