sample,reward_best,reward_CA,location_lat,location_lon,patient_state
1,0.2526584842852088,0.24418294143999997,37.78654110948685,-122.39910116296146,"PatientState(Location(""FIELD"", (37.78654110948685, -122.39910116296146), -1.0, FIELD), 182.5681412047644, UNKNOWN, NLVO)"
2,0.24418294143999997,0.24418294143999997,37.7864386102637,-122.39616583968693,"PatientState(Location(""FIELD"", (37.7864386102637, -122.39616583968693), -1.0, FIELD), 225.70219618784233, UNKNOWN, LVO)"
3,0.3466977695495379,0.33310290069932935,37.78519619279831,-122.39749808291401,"PatientState(Location(""FIELD"", (37.78519619279831, -122.39749808291401), -1.0, FIELD), 29.11609178602193, UNKNOWN, LVO)"
4,0.3320917625547216,0.3190144899607395,37.78777215155675,-122.39813593929372,"PatientState(Location(""FIELD"", (37.78777215155675, -122.39813593929372), -1.0, FIELD), 91.62008636165267, UNKNOWN, HEMORRHAGIC)"
5,0.3150022635300953,0.24418294143999997,37.78831548165981,-122.40016796625409,"PatientState(Location(""FIELD"", (37.78831548165981, -122.40016796625409), -1.0, FIELD), 167.12618204238487, UNKNOWN, LVO)"
