sample,reward_best,reward_CA,location_lat,location_lon,patient_state
1,0.24418294143999997,0.24418294143999997,37.3946293227599,-121.67530191042941,"PatientState(Location(""FIELD"", (37.3946293227599, -121.67530191042941), -1.0, FIELD), 153.8522000498081, UNKNOWN, HEMORRHAGIC)"
2,0.24418294143999997,0.24418294143999997,37.394950909173005,-121.67187650542277,"PatientState(Location(""FIELD"", (37.394950909173005, -121.67187650542277), -1.0, FIELD), 247.27989462922122, UNKNOWN, MIMIC)"
3,0.3207522977703797,0.3207522977703797,37.39672359888891,-121.67512346340061,"PatientState(Location(""FIELD"", (37.39672359888891, -121.67512346340061), -1.0, FIELD), 121.07753849019642, UNKNOWN, LVO)"
4,0.24418294143999997,0.24418294143999997,37.39829866338967,-121.67336759290883,"PatientState(Location(""FIELD"", (37.39829866338967, -121.67336759290883), -1.0, FIELD), 152.58456788701784, UNKNOWN, HEMORRHAGIC)"
5,0.3181291133006662,0.3181291133006662,37.39487471923034,-121.67167008749237,"PatientState(Location(""FIELD"", (37.39487471923034, -121.67167008749237), -1.0, FIELD), 134.0626037962384, UNKNOWN, HEMORRHAGIC)"
