sample,reward_best,reward_CA,location_lat,location_lon,patient_state
1,0.3413957370360136,0.24418294143999997,37.771527961138,-121.62588383226584,"PatientState(Location(""FIELD"", (37.771527961138, -121.62588383226584), -1.0, FIELD), 7.811818866766077, UNKNOWN, LVO)"
2,0.24418294143999997,0.24418294143999997,37.771539981215156,-121.62677098038279,"PatientState(Location(""FIELD"", (37.771539981215156, -121.62677098038279), -1.0, FIELD), 142.91058708177806, UNKNOWN, LVO)"
3,0.32583087939324223,0.24418294143999997,37.7719839188243,-121.62761309830229,"PatientState(Location(""FIELD"", (37.7719839188243, -121.62761309830229), -1.0, FIELD), 78.57133873569936, UNKNOWN, LVO)"
4,0.32457491708004005,0.24418294143999997,37.77001057027389,-121.62946621043103,"PatientState(Location(""FIELD"", (37.77001057027389, -121.62946621043103), -1.0, FIELD), 82.964641915528, UNKNOWN, HEMORRHAGIC)"
5,0.319087925376913,0.24418294143999997,37.77056138388818,-121.62767945999543,"PatientState(Location(""FIELD"", (37.77056138388818, -121.62767945999543), -1.0, FIELD), 107.35960415712715, UNKNOWN, LVO)"
