sample,reward_best,reward_CA,location_lat,location_lon,patient_state
1,0.24418294143999997,0.24418294143999997,37.74409469362797,-122.49188202691538,"PatientState(Location(""FIELD"", (37.74409469362797, -122.49188202691538), -1.0, FIELD), 192.7101235920544, UNKNOWN, HEMORRHAGIC)"
2,0.3309933400880782,0.2547356382238053,37.748400469606096,-122.49510183801698,"PatientState(Location(""FIELD"", (37.748400469606096, -122.49510183801698), -1.0, FIELD), 94.30228203696073, UNKNOWN, LVO)"
3,0.254205531301946,0.24418294143999997,37.74423546526503,-122.49308934232744,"PatientState(Location(""FIELD"", (37.74423546526503, -122.49308934232744), -1.0, FIELD), 175.98896685192764, UNKNOWN, LVO)"
4,0.33067519303078186,0.2542733410072961,37.744769738079725,-122.49471669199814,"PatientState(Location(""FIELD"", (37.744769738079725, -122.49471669199814), -1.0, FIELD), 96.30013364979824, UNKNOWN, LVO)"
5,0.3355562327589585,0.32042757619308443,37.74574133168342,-122.49296381493478,"PatientState(Location(""FIELD"", (37.74574133168342, -122.49296381493478), -1.0, FIELD), 75.2255756819216, UNKNOWN, HEMORRHAGIC)"
