sample,reward_best,reward_CA,location_lat,location_lon,patient_state
1,0.24418294143999997,0.24418294143999997,37.374014732537155,-122.14870373114728,"PatientState(Location(""FIELD"", (37.374014732537155, -122.14870373114728), -1.0, FIELD), 240.44984238064526, UNKNOWN, LVO)"
2,0.31790390827772724,0.25400703763238197,37.37692053870972,-122.14814977801082,"PatientState(Location(""FIELD"", (37.37692053870972, -122.14814977801082), -1.0, FIELD), 178.79301187897465, UNKNOWN, MIMIC)"
3,0.35770608956048144,0.34164824066458954,37.37389660345661,-122.14697852801595,"PatientState(Location(""FIELD"", (37.37389660345661, -122.14697852801595), -1.0, FIELD), 1.8576536877703587, UNKNOWN, NLVO)"
4,0.3245511164580572,0.24418294143999997,37.374677031144635,-122.14801122718552,"PatientState(Location(""FIELD"", (37.374677031144635, -122.14801122718552), -1.0, FIELD), 144.374908371307, UNKNOWN, LVO)"
5,0.33495241176679336,0.3194753150951005,37.37800553382418,-122.14609102406187,"PatientState(Location(""FIELD"", (37.37800553382418, -122.14609102406187), -1.0, FIELD), 99.93926949544714, UNKNOWN, LVO)"
