sample,reward_best,reward_CA,location_lat,location_lon,patient_state
1,0.24418294143999997,0.24418294143999997,37.83100308072765,-121.66075398254819,"PatientState(Location(""FIELD"", (37.83100308072765, -121.66075398254819), -1.0, FIELD), 99.4640142369462, UNKNOWN, HEMORRHAGIC)"
2,0.24418294143999997,0.24418294143999997,37.829243686497584,-121.65831449482899,"PatientState(Location(""FIELD"", (37.829243686497584, -121.65831449482899), -1.0, FIELD), 114.50590767740462, UNKNOWN, LVO)"
3,0.24418294143999997,0.24418294143999997,37.82888402026489,-121.6564314633942,"PatientState(Location(""FIELD"", (37.82888402026489, -121.6564314633942), -1.0, FIELD), 190.89625406284213, UNKNOWN, HEMORRHAGIC)"
4,0.32589091475825627,0.24418294143999997,37.8294380508383,-121.65813054282867,"PatientState(Location(""FIELD"", (37.8294380508383, -121.65813054282867), -1.0, FIELD), 8.910800219311392, UNKNOWN, NLVO)"
5,0.31701096824283054,0.24418294143999997,37.83321809732056,-121.65664376971414,"PatientState(Location(""FIELD"", (37.83321809732056, -121.65664376971414), -1.0, FIELD), 48.937956821057256, UNKNOWN, LVO)"
