sample,reward_best,reward_CA,location_lat,location_lon,patient_state
1,0.35718568064987877,0.35718568064987877,37.35718437364336,-121.84230942583102,"PatientState(Location(""FIELD"", (37.35718437364336, -121.84230942583102), -1.0, FIELD), 17.33178273707036, UNKNOWN, LVO)"
2,0.31515018307407133,0.31515018307407133,37.35509747736182,-121.84366528245822,"PatientState(Location(""FIELD"", (37.35509747736182, -121.84366528245822), -1.0, FIELD), 198.39799145260946, UNKNOWN, NLVO)"
3,0.24418294143999997,0.24418294143999997,37.35556497395764,-121.84210027853085,"PatientState(Location(""FIELD"", (37.35556497395764, -121.84210027853085), -1.0, FIELD), 231.00670158355211, UNKNOWN, LVO)"
4,0.3578538678103007,0.3578538678103007,37.35733231086989,-121.84570592334246,"PatientState(Location(""FIELD"", (37.35733231086989, -121.84570592334246), -1.0, FIELD), 14.294379725598203, UNKNOWN, LVO)"
5,0.3147079212852529,0.3147079212852529,37.35603585141463,-121.8409529707046,"PatientState(Location(""FIELD"", (37.35603585141463, -121.8409529707046), -1.0, FIELD), 201.44308918518865, UNKNOWN, LVO)"
