sample,reward_best,reward_CA,location_lat,location_lon,patient_state
1,0.33168859110476673,0.24418294143999997,37.74561064891641,-121.60095671419528,"PatientState(Location(""FIELD"", (37.74561064891641, -121.60095671419528), -1.0, FIELD), 75.568141807893, UNKNOWN, LVO)"
2,0.3212919994474314,0.24418294143999997,37.74499847099787,-121.60557396158622,"PatientState(Location(""FIELD"", (37.74499847099787, -121.60557396158622), -1.0, FIELD), 121.41769216686568, UNKNOWN, NLVO)"
3,0.24418294143999997,0.24418294143999997,37.746095676377855,-121.6025921035893,"PatientState(Location(""FIELD"", (37.746095676377855, -121.6025921035893), -1.0, FIELD), 242.2475207888058, UNKNOWN, NLVO)"
4,0.24418294143999997,0.24418294143999997,37.74661639448256,-121.60189059993662,"PatientState(Location(""FIELD"", (37.74661639448256, -121.60189059993662), -1.0, FIELD), 202.12363687765216, UNKNOWN, MIMIC)"
5,0.24418294143999997,0.24418294143999997,37.74525992838912,-121.60187629416471,"PatientState(Location(""FIELD"", (37.74525992838912, -121.60187629416471), -1.0, FIELD), 214.344429005102, UNKNOWN, LVO)"
