sample,reward_best,reward_CA,location_lat,location_lon,patient_state
1,0.24418294143999997,0.24418294143999997,38.11657434646403,-121.86104701238503,"PatientState(Location(""FIELD"", (38.11657434646403, -121.86104701238503), -1.0, FIELD), 142.9102530503522, UNKNOWN, LVO)"
2,0.24418294143999997,0.24418294143999997,38.117317988565695,-121.86147685690153,"PatientState(Location(""FIELD"", (38.117317988565695, -121.86147685690153), -1.0, FIELD), 201.77587339669734, UNKNOWN, NLVO)"
3,0.24418294143999997,0.24418294143999997,38.11549717860705,-121.86540140112929,"PatientState(Location(""FIELD"", (38.11549717860705, -121.86540140112929), -1.0, FIELD), 55.69413385508784, UNKNOWN, LVO)"
4,0.24418294143999997,0.24418294143999997,38.117468290057175,-121.86441005319506,"PatientState(Location(""FIELD"", (38.117468290057175, -121.86441005319506), -1.0, FIELD), 117.04850778460535, UNKNOWN, HEMORRHAGIC)"
5,0.3192564213496659,0.24418294143999997,38.11393278761823,-121.86134336545481,"PatientState(Location(""FIELD"", (38.11393278761823, -121.86134336545481), -1.0, FIELD), 3.070443383838123, UNKNOWN, LVO)"
