sample,reward_best,reward_CA,location_lat,location_lon,patient_state
1,0.33033047353588835,0.24418294143999997,37.46941715636566,-121.59391289800297,"PatientState(Location(""FIELD"", (37.46941715636566, -121.59391289800297), -1.0, FIELD), 25.026727975956078, UNKNOWN, HEMORRHAGIC)"
2,0.314018984579557,0.24418294143999997,37.471973628559596,-121.59279247076674,"PatientState(Location(""FIELD"", (37.471973628559596, -121.59279247076674), -1.0, FIELD), 97.58866892005288, UNKNOWN, HEMORRHAGIC)"
3,0.24418294143999997,0.24418294143999997,37.47059204244028,-121.59511604477584,"PatientState(Location(""FIELD"", (37.47059204244028, -121.59511604477584), -1.0, FIELD), 195.3732243557239, UNKNOWN, HEMORRHAGIC)"
4,0.24418294143999997,0.24418294143999997,37.471848422909645,-121.59109778951095,"PatientState(Location(""FIELD"", (37.471848422909645, -121.59109778951095), -1.0, FIELD), 158.561799484196, UNKNOWN, LVO)"
5,0.24418294143999997,0.24418294143999997,37.470170355147346,-121.59387752548106,"PatientState(Location(""FIELD"", (37.470170355147346, -121.59387752548106), -1.0, FIELD), 192.29733418543586, UNKNOWN, HEMORRHAGIC)"
