sample,reward_best,reward_CA,location_lat,location_lon,patient_state
1,0.24418294143999997,0.24418294143999997,37.747731389486226,-121.68851291660701,"PatientState(Location(""FIELD"", (37.747731389486226, -121.68851291660701), -1.0, FIELD), 185.12504559010281, UNKNOWN, HEMORRHAGIC)"
2,0.3186433272966037,0.24418294143999997,37.74824360926692,-121.68717439909717,"PatientState(Location(""FIELD"", (37.74824360926692, -121.68717439909717), -1.0, FIELD), 131.20602639699132, UNKNOWN, LVO)"
3,0.3199270450480119,0.24418294143999997,37.74473636586997,-121.69047776199845,"PatientState(Location(""FIELD"", (37.74473636586997, -121.69047776199845), -1.0, FIELD), 124.8721023954467, UNKNOWN, LVO)"
4,0.24418294143999997,0.24418294143999997,37.74612402120394,-121.68861830741051,"PatientState(Location(""FIELD"", (37.74612402120394, -121.68861830741051), -1.0, FIELD), 157.26264938369656, UNKNOWN, LVO)"
5,0.24418294143999997,0.24418294143999997,37.74582170257319,-121.68641809583751,"PatientState(Location(""FIELD"", (37.74582170257319, -121.68641809583751), -1.0, FIELD), 210.91320916450982, UNKNOWN, NLVO)"
