sample,reward_best,reward_CA,location_lat,location_lon,patient_state
1,0.24418294143999997,0.24418294143999997,38.003789223696394,-121.67596435804417,"PatientState(Location(""FIELD"", (38.003789223696394, -121.67596435804417), -1.0, FIELD), 164.57268268133916, UNKNOWN, NLVO)"
2,0.24418294143999997,0.24418294143999997,38.00064876670242,-121.67657945018328,"PatientState(Location(""FIELD"", (38.00064876670242, -121.67657945018328), -1.0, FIELD), 265.29744193722223, UNKNOWN, LVO)"
3,0.24418294143999997,0.24418294143999997,38.001470691086325,-121.67720666134507,"PatientState(Location(""FIELD"", (38.001470691086325, -121.67720666134507), -1.0, FIELD), 239.23719994482408, UNKNOWN, NLVO)"
4,0.2529469698757825,0.24418294143999997,38.00225044786678,-121.68066917771154,"PatientState(Location(""FIELD"", (38.00225044786678, -121.68066917771154), -1.0, FIELD), 46.22119577059739, UNKNOWN, HEMORRHAGIC)"
5,0.3161015303963117,0.24418294143999997,38.002288992157276,-121.68068079194234,"PatientState(Location(""FIELD"", (38.002288992157276, -121.68068079194234), -1.0, FIELD), 40.25850412213806, UNKNOWN, NLVO)"
