sample,reward_best,reward_CA,location_lat,location_lon,patient_state
1,0.24418294143999997,0.24418294143999997,37.18864547326104,-122.32948097972219,"PatientState(Location(""FIELD"", (37.18864547326104, -122.32948097972219), -1.0, FIELD), 193.8578911015403, UNKNOWN, MIMIC)"
2,0.3207399799908157,0.25960599731789324,37.187178871199166,-122.327366032932,"PatientState(Location(""FIELD"", (37.187178871199166, -122.327366032932), -1.0, FIELD), 110.62408306660006, UNKNOWN, LVO)"
3,0.33925056376449114,0.33479694498380524,37.18485056003909,-122.33066480189288,"PatientState(Location(""FIELD"", (37.18485056003909, -122.33066480189288), -1.0, FIELD), 30.350650360371077, UNKNOWN, LVO)"
4,0.24418294143999997,0.24418294143999997,37.18509230232158,-122.3289133657008,"PatientState(Location(""FIELD"", (37.18509230232158, -122.3289133657008), -1.0, FIELD), 199.18195587640056, UNKNOWN, HEMORRHAGIC)"
5,0.32495811965604404,0.2629932863209706,37.185543845476126,-122.32888136432216,"PatientState(Location(""FIELD"", (37.185543845476126, -122.32888136432216), -1.0, FIELD), 92.40710794760996, UNKNOWN, LVO)"
