sample,reward_best,reward_CA,location_lat,location_lon,patient_state
1,0.24418294143999997,0.24418294143999997,37.84758562732479,-121.81593665722245,"PatientState(Location(""FIELD"", (37.84758562732479, -121.81593665722245), -1.0, FIELD), 155.43145706992985, UNKNOWN, MIMIC)"
2,0.24418294143999997,0.24418294143999997,37.84560132222422,-121.81823079387883,"PatientState(Location(""FIELD"", (37.84560132222422, -121.81823079387883), -1.0, FIELD), 239.04834399342442, UNKNOWN, LVO)"
3,0.24418294143999997,0.24418294143999997,37.845539333029606,-121.8164896995381,"PatientState(Location(""FIELD"", (37.845539333029606, -121.8164896995381), -1.0, FIELD), 155.92286348403098, UNKNOWN, HEMORRHAGIC)"
4,0.3172871049339793,0.24418294143999997,37.84600168490046,-121.81594814414592,"PatientState(Location(""FIELD"", (37.84600168490046, -121.81594814414592), -1.0, FIELD), 25.148723734332066, UNKNOWN, NLVO)"
5,0.24418294143999997,0.24418294143999997,37.84470757186801,-121.81832854555525,"PatientState(Location(""FIELD"", (37.84470757186801, -121.81832854555525), -1.0, FIELD), 68.51872080424272, UNKNOWN, HEMORRHAGIC)"
