sample,reward_best,reward_CA,location_lat,location_lon,patient_state
1,0.33033012868421163,0.3278783992293435,37.20642794589784,-121.79511757773484,"PatientState(Location(""FIELD"", (37.20642794589784, -121.79511757773484), -1.0, FIELD), 110.73657060850049, UNKNOWN, LVO)"
2,0.3231248177425615,0.2612830216623777,37.20617411172128,-121.7938144994002,"PatientState(Location(""FIELD"", (37.20617411172128, -121.7938144994002), -1.0, FIELD), 142.47848628047814, UNKNOWN, LVO)"
3,0.3269876796050395,0.2643937371471415,37.20678499790748,-121.79217021184373,"PatientState(Location(""FIELD"", (37.20678499790748, -121.79217021184373), -1.0, FIELD), 125.10914952075417, UNKNOWN, LVO)"
4,0.32184188321023877,0.26025481982102416,37.20872795489338,-121.79457398533846,"PatientState(Location(""FIELD"", (37.20872795489338, -121.79457398533846), -1.0, FIELD), 148.11508572355146, UNKNOWN, HEMORRHAGIC)"
5,0.24418294143999997,0.24418294143999997,37.20727618305241,-121.7914448477351,"PatientState(Location(""FIELD"", (37.20727618305241, -121.7914448477351), -1.0, FIELD), 201.5484801117987, UNKNOWN, MIMIC)"
