sample,reward_best,reward_CA,location_lat,location_lon,patient_state
1,0.3389640659970106,0.3226047488302133,37.578113632727245,-122.30642308093803,"PatientState(Location(""FIELD"", (37.578113632727245, -122.30642308093803), -1.0, FIELD), 82.34105937335138, UNKNOWN, LVO)"
2,0.32609587604510565,0.24418294143999997,37.57844140306544,-122.30591279426156,"PatientState(Location(""FIELD"", (37.57844140306544, -122.30591279426156), -1.0, FIELD), 138.45234787256584, UNKNOWN, HEMORRHAGIC)"
3,0.3281160457355857,0.24418294143999997,37.576966803205295,-122.30899646642996,"PatientState(Location(""FIELD"", (37.576966803205295, -122.30899646642996), -1.0, FIELD), 129.55933554452966, UNKNOWN, LVO)"
4,0.24418294143999997,0.24418294143999997,37.576383302632856,-122.30738810187981,"PatientState(Location(""FIELD"", (37.576383302632856, -122.30738810187981), -1.0, FIELD), 251.5148753247374, UNKNOWN, HEMORRHAGIC)"
5,0.24418294143999997,0.24418294143999997,37.57787484072046,-122.30808964226364,"PatientState(Location(""FIELD"", (37.57787484072046, -122.30808964226364), -1.0, FIELD), 244.69987430544052, UNKNOWN, LVO)"
