sample,reward_best,reward_CA,location_lat,location_lon,patient_state
1,0.3349654342308249,0.325399657324424,37.97003074379529,-122.05788462541027,"PatientState(Location(""FIELD"", (37.97003074379529, -122.05788462541027), -1.0, FIELD), 29.484897769818456, UNKNOWN, LVO)"
2,0.2603005488071334,0.24418294143999997,37.97237081557175,-122.05613942696571,"PatientState(Location(""FIELD"", (37.97237081557175, -122.05613942696571), -1.0, FIELD), 101.20290888617174, UNKNOWN, LVO)"
3,0.24418294143999997,0.24418294143999997,37.96979454508933,-122.06065723126238,"PatientState(Location(""FIELD"", (37.96979454508933, -122.06065723126238), -1.0, FIELD), 194.87394295375685, UNKNOWN, LVO)"
4,0.24418294143999997,0.24418294143999997,37.97321690018664,-122.05979556593762,"PatientState(Location(""FIELD"", (37.97321690018664, -122.05979556593762), -1.0, FIELD), 186.3711807487894, UNKNOWN, NLVO)"
5,0.25768883509938073,0.24418294143999997,37.96977495040961,-122.05652902631296,"PatientState(Location(""FIELD"", (37.96977495040961, -122.05652902631296), -1.0, FIELD), 115.80100497779289, UNKNOWN, HEMORRHAGIC)"
