sample,reward_best,reward_CA,location_lat,location_lon,patient_state
1,0.24418294143999997,0.24418294143999997,37.9841118568322,-121.74606586865953,"PatientState(Location(""FIELD"", (37.9841118568322, -121.74606586865953), -1.0, FIELD), 112.60896180781927, UNKNOWN, NLVO)"
2,0.24418294143999997,0.24418294143999997,37.984961737289595,-121.74973461144894,"PatientState(Location(""FIELD"", (37.984961737289595, -121.74973461144894), -1.0, FIELD), 126.71132442596532, UNKNOWN, LVO)"
3,0.24418294143999997,0.24418294143999997,37.98549282525377,-121.74770195746589,"PatientState(Location(""FIELD"", (37.98549282525377, -121.74770195746589), -1.0, FIELD), 162.18123291448785, UNKNOWN, NLVO)"
4,0.24418294143999997,0.24418294143999997,37.98673055935187,-121.74788745316421,"PatientState(Location(""FIELD"", (37.98673055935187, -121.74788745316421), -1.0, FIELD), 163.48859508885798, UNKNOWN, LVO)"
5,0.24418294143999997,0.24418294143999997,37.985157997576124,-121.74628985606724,"PatientState(Location(""FIELD"", (37.985157997576124, -121.74628985606724), -1.0, FIELD), 168.293883433972, UNKNOWN, HEMORRHAGIC)"
