sample,reward_best,reward_CA,location_lat,location_lon,patient_state
1,0.32465912048761586,0.24418294143999997,37.83782285431185,-122.19413823770358,"PatientState(Location(""FIELD"", (37.83782285431185, -122.19413823770358), -1.0, FIELD), 109.11726096326498, UNKNOWN, HEMORRHAGIC)"
2,0.24418294143999997,0.24418294143999997,37.83767901363087,-122.1908569522277,"PatientState(Location(""FIELD"", (37.83767901363087, -122.1908569522277), -1.0, FIELD), 214.31526792637666, UNKNOWN, LVO)"
3,0.24418294143999997,0.24418294143999997,37.83709042978862,-122.19239962975512,"PatientState(Location(""FIELD"", (37.83709042978862, -122.19239962975512), -1.0, FIELD), 238.08427630043118, UNKNOWN, LVO)"
4,0.24418294143999997,0.24418294143999997,37.83843341143552,-122.1911227479352,"PatientState(Location(""FIELD"", (37.83843341143552, -122.1911227479352), -1.0, FIELD), 183.82485766432995, UNKNOWN, LVO)"
5,0.3385084471404131,0.3242899863437126,37.83385964426279,-122.19086083262712,"PatientState(Location(""FIELD"", (37.83385964426279, -122.19086083262712), -1.0, FIELD), 50.74358664522407, UNKNOWN, NLVO)"
