sample,reward_best,reward_CA,location_lat,location_lon,patient_state
1,0.24418294143999997,0.24418294143999997,37.84328962985542,-121.96595677910635,"PatientState(Location(""FIELD"", (37.84328962985542, -121.96595677910635), -1.0, FIELD), 211.38086028549736, UNKNOWN, LVO)"
2,0.24418294143999997,0.24418294143999997,37.83946316387126,-121.96871187825882,"PatientState(Location(""FIELD"", (37.83946316387126, -121.96871187825882), -1.0, FIELD), 261.872655863065, UNKNOWN, HEMORRHAGIC)"
3,0.3394987071884625,0.32329052490795634,37.83971352002595,-121.9701946621674,"PatientState(Location(""FIELD"", (37.83971352002595, -121.9701946621674), -1.0, FIELD), 35.36942523139609, UNKNOWN, MIMIC)"
4,0.3328990885894773,0.31687525318677506,37.84093948873505,-121.96804452159519,"PatientState(Location(""FIELD"", (37.84093948873505, -121.96804452159519), -1.0, FIELD), 63.0933831697189, UNKNOWN, MIMIC)"
5,0.34430869322144675,0.32797195000998147,37.840696490743305,-121.96920648387305,"PatientState(Location(""FIELD"", (37.840696490743305, -121.96920648387305), -1.0, FIELD), 14.248622468273831, UNKNOWN, HEMORRHAGIC)"
