sample,reward_best,reward_CA,location_lat,location_lon,patient_state
1,0.24418294143999997,0.24418294143999997,37.9131157583227,-121.62898828843312,"PatientState(Location(""FIELD"", (37.9131157583227, -121.62898828843312), -1.0, FIELD), 210.75669373749164, UNKNOWN, LVO)"
2,0.24418294143999997,0.24418294143999997,37.911816316197864,-121.6282261800499,"PatientState(Location(""FIELD"", (37.911816316197864, -121.6282261800499), -1.0, FIELD), 73.49047187912346, UNKNOWN, NLVO)"
3,0.24418294143999997,0.24418294143999997,37.91211195272802,-121.62913606145536,"PatientState(Location(""FIELD"", (37.91211195272802, -121.62913606145536), -1.0, FIELD), 138.99001285978477, UNKNOWN, MIMIC)"
4,0.24418294143999997,0.24418294143999997,37.91269720444425,-121.62881548386522,"PatientState(Location(""FIELD"", (37.91269720444425, -121.62881548386522), -1.0, FIELD), 66.82472353199876, UNKNOWN, LVO)"
5,0.24418294143999997,0.24418294143999997,37.91041288103304,-121.62672128393739,"PatientState(Location(""FIELD"", (37.91041288103304, -121.62672128393739), -1.0, FIELD), 52.17828261962511, UNKNOWN, NLVO)"
