sample,reward_best,reward_CA,location_lat,location_lon,patient_state
1,0.32254403745437,0.32254403745437,37.18401406588824,-122.01109118967297,"PatientState(Location(""FIELD"", (37.18401406588824, -122.01109118967297), -1.0, FIELD), 151.7355880920842, UNKNOWN, LVO)"
2,0.340732261841549,0.340732261841549,37.186396692316315,-122.01159406152615,"PatientState(Location(""FIELD"", (37.186396692316315, -122.01159406152615), -1.0, FIELD), 72.83049980435615, UNKNOWN, HEMORRHAGIC)"
3,0.24418294143999997,0.24418294143999997,37.18515630191798,-122.0153633785699,"PatientState(Location(""FIELD"", (37.18515630191798, -122.0153633785699), -1.0, FIELD), 250.93311185022569, UNKNOWN, NLVO)"
4,0.31381522018116875,0.31381522018116875,37.188085483536135,-122.01264106893196,"PatientState(Location(""FIELD"", (37.188085483536135, -122.01264106893196), -1.0, FIELD), 190.1356998245069, UNKNOWN, HEMORRHAGIC)"
5,0.3393624626460608,0.3393624626460608,37.18651147537692,-122.0157160638555,"PatientState(Location(""FIELD"", (37.18651147537692, -122.0157160638555), -1.0, FIELD), 76.54328591855311, UNKNOWN, HEMORRHAGIC)"
