sample,reward_best,reward_CA,location_lat,location_lon,patient_state
1,0.24418294143999997,0.24418294143999997,37.25027510464909,-121.81447494767137,"PatientState(Location(""FIELD"", (37.25027510464909, -121.81447494767137), -1.0, FIELD), 231.1602486648954, UNKNOWN, HEMORRHAGIC)"
2,0.3159105986648541,0.25464100798694606,37.248959661272785,-121.81539617830705,"PatientState(Location(""FIELD"", (37.248959661272785, -121.81539617830705), -1.0, FIELD), 185.9747565499628, UNKNOWN, LVO)"
3,0.3330586927565785,0.32975800961231805,37.249611825269376,-121.81138233396095,"PatientState(Location(""FIELD"", (37.249611825269376, -121.81138233396095), -1.0, FIELD), 108.67307119782349, UNKNOWN, LVO)"
4,0.31915706893464474,0.25756285193448736,37.25114963015066,-121.81167573867774,"PatientState(Location(""FIELD"", (37.25114963015066, -121.81167573867774), -1.0, FIELD), 170.59057522898485, UNKNOWN, LVO)"
5,0.3390857363848192,0.33531720667965276,37.25313733145605,-121.81458019530075,"PatientState(Location(""FIELD"", (37.25313733145605, -121.81458019530075), -1.0, FIELD), 83.7563336196871, UNKNOWN, LVO)"
