sample,reward_best,reward_CA,location_lat,location_lon,patient_state
1,0.34576070440264806,0.34576070440264806,37.26808213200773,-121.98105568208419,"PatientState(Location(""FIELD"", (37.26808213200773, -121.98105568208419), -1.0, FIELD), 55.64377758389898, UNKNOWN, LVO)"
2,0.31598428212247576,0.31598428212247576,37.26777480978283,-121.9850537433362,"PatientState(Location(""FIELD"", (37.26777480978283, -121.9850537433362), -1.0, FIELD), 183.24166480534316, UNKNOWN, LVO)"
3,0.3390579114695827,0.3390579114695827,37.26664270012318,-121.98324583074896,"PatientState(Location(""FIELD"", (37.26664270012318, -121.98324583074896), -1.0, FIELD), 83.03299118652733, UNKNOWN, HEMORRHAGIC)"
4,0.3309838811576475,0.3309838811576475,37.264566681361416,-121.98441455572609,"PatientState(Location(""FIELD"", (37.264566681361416, -121.98441455572609), -1.0, FIELD), 117.9569659020256, UNKNOWN, HEMORRHAGIC)"
5,0.24418294143999997,0.24418294143999997,37.26751551920462,-121.98488660659393,"PatientState(Location(""FIELD"", (37.26751551920462, -121.98488660659393), -1.0, FIELD), 203.73863507746256, UNKNOWN, NLVO)"
