sample,reward_best,reward_CA,location_lat,location_lon,patient_state
1,0.31534284106509375,0.31534284106509375,37.37757031752873,-122.24548438687842,"PatientState(Location(""FIELD"", (37.37757031752873, -122.24548438687842), -1.0, FIELD), 180.50684692481644, UNKNOWN, HEMORRHAGIC)"
2,0.33885294652051967,0.33885294652051967,37.37795793813506,-122.24347646840107,"PatientState(Location(""FIELD"", (37.37795793813506, -122.24347646840107), -1.0, FIELD), 77.17037286431437, UNKNOWN, NLVO)"
3,0.24418294143999997,0.24418294143999997,37.376051041851184,-122.24419872753501,"PatientState(Location(""FIELD"", (37.376051041851184, -122.24419872753501), -1.0, FIELD), 267.6174352980917, UNKNOWN, LVO)"
4,0.34618717223466666,0.34618717223466666,37.37812288991124,-122.24556037925764,"PatientState(Location(""FIELD"", (37.37812288991124, -122.24556037925764), -1.0, FIELD), 45.45444947493263, UNKNOWN, LVO)"
5,0.24418294143999997,0.24418294143999997,37.37821149656059,-122.24117874521214,"PatientState(Location(""FIELD"", (37.37821149656059, -122.24117874521214), -1.0, FIELD), 256.6916074779104, UNKNOWN, LVO)"
