sample,reward_best,reward_CA,location_lat,location_lon,patient_state
1,0.24418294143999997,0.24418294143999997,37.77786612108371,-121.69333009642997,"PatientState(Location(""FIELD"", (37.77786612108371, -121.69333009642997), -1.0, FIELD), 265.0028162184196, UNKNOWN, HEMORRHAGIC)"
2,0.24418294143999997,0.24418294143999997,37.77412968335837,-121.69137685935367,"PatientState(Location(""FIELD"", (37.77412968335837, -121.69137685935367), -1.0, FIELD), 189.76846930426845, UNKNOWN, NLVO)"
3,0.24418294143999997,0.24418294143999997,37.77631807106841,-121.69315213846039,"PatientState(Location(""FIELD"", (37.77631807106841, -121.69315213846039), -1.0, FIELD), 164.62859776382408, UNKNOWN, LVO)"
4,0.3461926521791582,0.24418294143999997,37.77662403457267,-121.69474406565304,"PatientState(Location(""FIELD"", (37.77662403457267, -121.69474406565304), -1.0, FIELD), 9.772746105844156, UNKNOWN, NLVO)"
5,0.24418294143999997,0.24418294143999997,37.77758438350357,-121.69498825622021,"PatientState(Location(""FIELD"", (37.77758438350357, -121.69498825622021), -1.0, FIELD), 228.04122709161285, UNKNOWN, HEMORRHAGIC)"
