sample,reward_best,reward_CA,location_lat,location_lon,patient_state
1,0.3215045520669875,0.24418294143999997,37.863863446073246,-121.91998930298594,"PatientState(Location(""FIELD"", (37.863863446073246, -121.91998930298594), -1.0, FIELD), 87.01026182212436, UNKNOWN, HEMORRHAGIC)"
2,0.325107506545873,0.24418294143999997,37.864596908901746,-121.91918401604654,"PatientState(Location(""FIELD"", (37.864596908901746, -121.91918401604654), -1.0, FIELD), 71.00030589863586, UNKNOWN, MIMIC)"
3,0.331444066620449,0.31570864778522695,37.86664789530944,-121.91919504140517,"PatientState(Location(""FIELD"", (37.86664789530944, -121.91919504140517), -1.0, FIELD), 43.061020480645126, UNKNOWN, LVO)"
4,0.31905833617390206,0.24418294143999997,37.86622609456858,-121.91875501887782,"PatientState(Location(""FIELD"", (37.86622609456858, -121.91875501887782), -1.0, FIELD), 97.7951958267582, UNKNOWN, HEMORRHAGIC)"
5,0.24418294143999997,0.24418294143999997,37.86499987588874,-121.92044050719798,"PatientState(Location(""FIELD"", (37.86499987588874, -121.92044050719798), -1.0, FIELD), 201.95288111292763, UNKNOWN, HEMORRHAGIC)"
