sample,reward_best,reward_CA,location_lat,location_lon,patient_state
1,0.24418294143999997,0.24418294143999997,37.91160052924993,-122.0400127899977,"PatientState(Location(""FIELD"", (37.91160052924993, -122.0400127899977), -1.0, FIELD), 228.59423035900042, UNKNOWN, HEMORRHAGIC)"
2,0.3175311640554549,0.24418294143999997,37.909166044720685,-122.03990367712962,"PatientState(Location(""FIELD"", (37.909166044720685, -122.03990367712962), -1.0, FIELD), 127.13361202428088, UNKNOWN, LVO)"
3,0.33976831587403317,0.32630063064225556,37.9111216284122,-122.03785720780323,"PatientState(Location(""FIELD"", (37.9111216284122, -122.03785720780323), -1.0, FIELD), 29.736164735069167, UNKNOWN, HEMORRHAGIC)"
4,0.3221249895288693,0.24418294143999997,37.910957679951416,-122.04044211451837,"PatientState(Location(""FIELD"", (37.910957679951416, -122.04044211451837), -1.0, FIELD), 107.91680904348108, UNKNOWN, HEMORRHAGIC)"
5,0.3323425095183695,0.31904431726859767,37.91103701296466,-122.03746742772549,"PatientState(Location(""FIELD"", (37.91103701296466, -122.03746742772549), -1.0, FIELD), 62.037939892048875, UNKNOWN, LVO)"
