sample,reward_best,reward_CA,location_lat,location_lon,patient_state
1,0.24418294143999997,0.24418294143999997,37.55946103173181,-121.92591412088348,"PatientState(Location(""FIELD"", (37.55946103173181, -121.92591412088348), -1.0, FIELD), 226.87112857930296, UNKNOWN, HEMORRHAGIC)"
2,0.3203615895743898,0.24418294143999997,37.562813055678056,-121.93024925961998,"PatientState(Location(""FIELD"", (37.562813055678056, -121.93024925961998), -1.0, FIELD), 155.67218806201163, UNKNOWN, HEMORRHAGIC)"
3,0.31877195178652545,0.24418294143999997,37.563298616950725,-121.92983320698542,"PatientState(Location(""FIELD"", (37.563298616950725, -121.92983320698542), -1.0, FIELD), 162.68401539673957, UNKNOWN, HEMORRHAGIC)"
4,0.32983139055049465,0.24418294143999997,37.56209531072898,-121.9270061408533,"PatientState(Location(""FIELD"", (37.56209531072898, -121.9270061408533), -1.0, FIELD), 114.9620106247181, UNKNOWN, HEMORRHAGIC)"
5,0.31746508350975466,0.24418294143999997,37.56147008634032,-121.9288708838736,"PatientState(Location(""FIELD"", (37.56147008634032, -121.9288708838736), -1.0, FIELD), 169.1915750342133, UNKNOWN, LVO)"
