sample,reward_best,reward_CA,location_lat,location_lon,patient_state
1,0.3189724763258153,0.2575637221287485,37.17531512711374,-121.75895580773249,"PatientState(Location(""FIELD"", (37.17531512711374, -121.75895580773249), -1.0, FIELD), 160.02901749001805, UNKNOWN, LVO)"
2,0.3522152312761575,0.34932493849343504,37.178414883735314,-121.75968175944445,"PatientState(Location(""FIELD"", (37.178414883735314, -121.75968175944445), -1.0, FIELD), 16.039144403311745, UNKNOWN, MIMIC)"
3,0.324988249840319,0.2623735037791013,37.17438240387125,-121.76016188524028,"PatientState(Location(""FIELD"", (37.17438240387125, -121.76016188524028), -1.0, FIELD), 132.59228226192928, UNKNOWN, HEMORRHAGIC)"
4,0.3521544935830422,0.349263565071522,37.17724402341701,-121.75587788237489,"PatientState(Location(""FIELD"", (37.17724402341701, -121.75587788237489), -1.0, FIELD), 16.147577426457367, UNKNOWN, LVO)"
5,0.3472307073187445,0.3443209619472095,37.173806656749576,-121.75971343407667,"PatientState(Location(""FIELD"", (37.173806656749576, -121.75971343407667), -1.0, FIELD), 36.30760529032382, UNKNOWN, LVO)"
