sample,reward_best,reward_CA,location_lat,location_lon,patient_state
1,0.24418294143999997,0.24418294143999997,37.37809865847614,-122.21768294190473,"PatientState(Location(""FIELD"", (37.37809865847614, -122.21768294190473), -1.0, FIELD), 256.6120835874813, UNKNOWN, HEMORRHAGIC)"
2,0.333191851624514,0.31608925138591165,37.374882016397656,-122.21650858693863,"PatientState(Location(""FIELD"", (37.374882016397656, -122.21650858693863), -1.0, FIELD), 106.53478037555898, UNKNOWN, LVO)"
3,0.3255129813138484,0.3255129813138484,37.37773307647742,-122.2198288202601,"PatientState(Location(""FIELD"", (37.37773307647742, -122.2198288202601), -1.0, FIELD), 138.84945203355994, UNKNOWN, LVO)"
4,0.24418294143999997,0.24418294143999997,37.37562720824053,-122.21678898519599,"PatientState(Location(""FIELD"", (37.37562720824053, -122.21678898519599), -1.0, FIELD), 266.4898142883992, UNKNOWN, HEMORRHAGIC)"
5,0.31537630361133273,0.24418294143999997,37.37634391952461,-122.21883302657737,"PatientState(Location(""FIELD"", (37.37634391952461, -122.21883302657737), -1.0, FIELD), 184.93615276088914, UNKNOWN, LVO)"
