sample,reward_best,reward_CA,location_lat,location_lon,patient_state
1,0.24418294143999997,0.24418294143999997,37.38276813843682,-121.96846615931656,"PatientState(Location(""FIELD"", (37.38276813843682, -121.96846615931656), -1.0, FIELD), 215.1550608111747, UNKNOWN, HEMORRHAGIC)"
2,0.3321129017144897,0.32700005491363415,37.379031471663936,-121.97039592371405,"PatientState(Location(""FIELD"", (37.379031471663936, -121.97039592371405), -1.0, FIELD), 113.24618767344514, UNKNOWN, LVO)"
3,0.32031086276378723,0.2571766285219568,37.382742779233524,-121.96808463835333,"PatientState(Location(""FIELD"", (37.382742779233524, -121.96808463835333), -1.0, FIELD), 164.27003232246372, UNKNOWN, HEMORRHAGIC)"
4,0.3234588828380465,0.2596763491990504,37.37906099577991,-121.97015747267845,"PatientState(Location(""FIELD"", (37.37906099577991, -121.97015747267845), -1.0, FIELD), 151.37242457227043, UNKNOWN, LVO)"
5,0.33792479609266335,0.3328106772656377,37.38007714297683,-121.96655471967024,"PatientState(Location(""FIELD"", (37.38007714297683, -121.96655471967024), -1.0, FIELD), 88.08400221050644, UNKNOWN, LVO)"
