sample,reward_best,reward_CA,location_lat,location_lon,patient_state
1,0.31681483398808746,0.24418294143999997,37.79145140045466,-121.6271574722449,"PatientState(Location(""FIELD"", (37.79145140045466, -121.6271574722449), -1.0, FIELD), 43.32524485771254, UNKNOWN, HEMORRHAGIC)"
2,0.24418294143999997,0.24418294143999997,37.79029585680332,-121.62845335952592,"PatientState(Location(""FIELD"", (37.79029585680332, -121.62845335952592), -1.0, FIELD), 105.48513231089352, UNKNOWN, MIMIC)"
3,0.24418294143999997,0.24418294143999997,37.792152961023014,-121.62755175985292,"PatientState(Location(""FIELD"", (37.792152961023014, -121.62755175985292), -1.0, FIELD), 163.84855194195856, UNKNOWN, NLVO)"
4,0.24418294143999997,0.24418294143999997,37.79357975573018,-121.6302846555785,"PatientState(Location(""FIELD"", (37.79357975573018, -121.6302846555785), -1.0, FIELD), 268.3682778332836, UNKNOWN, LVO)"
5,0.24418294143999997,0.24418294143999997,37.791519703425,-121.62957910710125,"PatientState(Location(""FIELD"", (37.791519703425, -121.62957910710125), -1.0, FIELD), 118.16902843105585, UNKNOWN, HEMORRHAGIC)"
