sample,reward_best,reward_CA,location_lat,location_lon,patient_state
1,0.24418294143999997,0.24418294143999997,37.63727150165148,-121.85263476022547,"PatientState(Location(""FIELD"", (37.63727150165148, -121.85263476022547), -1.0, FIELD), 196.94034229240393, UNKNOWN, HEMORRHAGIC)"
2,0.24418294143999997,0.24418294143999997,37.638222957929,-121.85312920447565,"PatientState(Location(""FIELD"", (37.638222957929, -121.85312920447565), -1.0, FIELD), 183.39039817827145, UNKNOWN, LVO)"
3,0.3458376063293121,0.3265440171383121,37.63484024576929,-121.85500555664186,"PatientState(Location(""FIELD"", (37.63484024576929, -121.85500555664186), -1.0, FIELD), 31.85229105493392, UNKNOWN, MIMIC)"
4,0.33271172102599045,0.3138588872369414,37.634848832305686,-121.85517040555806,"PatientState(Location(""FIELD"", (37.634848832305686, -121.85517040555806), -1.0, FIELD), 88.4448899055268, UNKNOWN, LVO)"
5,0.3478792278235458,0.3285211241439354,37.6384785904576,-121.85371966716858,"PatientState(Location(""FIELD"", (37.6384785904576, -121.85371966716858), -1.0, FIELD), 24.630868465361992, UNKNOWN, LVO)"
