sample,reward_best,reward_CA,location_lat,location_lon,patient_state
1,0.34672918091092086,0.32670429274839163,37.74560907491169,-121.7040486759221,"PatientState(Location(""FIELD"", (37.74560907491169, -121.7040486759221), -1.0, FIELD), 14.01223872212069, UNKNOWN, LVO)"
2,0.34043175806785864,0.3206182305077373,37.74501103794359,-121.70478843676507,"PatientState(Location(""FIELD"", (37.74501103794359, -121.70478843676507), -1.0, FIELD), 40.97656951827663, UNKNOWN, LVO)"
3,0.3429455766781857,0.32304639669442525,37.74487745222923,-121.70484679497488,"PatientState(Location(""FIELD"", (37.74487745222923, -121.70484679497488), -1.0, FIELD), 30.18129837307373, UNKNOWN, NLVO)"
4,0.34586780689790714,0.32587120071313336,37.74798527743291,-121.70413188340359,"PatientState(Location(""FIELD"", (37.74798527743291, -121.70413188340359), -1.0, FIELD), 17.84843068796455, UNKNOWN, HEMORRHAGIC)"
5,0.24418294143999997,0.24418294143999997,37.748011576849315,-121.70577295993913,"PatientState(Location(""FIELD"", (37.748011576849315, -121.70577295993913), -1.0, FIELD), 244.54622292188134, UNKNOWN, NLVO)"
