sample,reward_best,reward_CA,location_lat,location_lon,patient_state
1,0.24418294143999997,0.24418294143999997,37.306642668011044,-121.679776184864,"PatientState(Location(""FIELD"", (37.306642668011044, -121.679776184864), -1.0, FIELD), 269.76951271393796, UNKNOWN, NLVO)"
2,0.24418294143999997,0.24418294143999997,37.30748810697646,-121.67947482443444,"PatientState(Location(""FIELD"", (37.30748810697646, -121.67947482443444), -1.0, FIELD), 261.9920862990553, UNKNOWN, HEMORRHAGIC)"
3,0.3147796236131334,0.3147796236131334,37.30750673273337,-121.67905733923763,"PatientState(Location(""FIELD"", (37.30750673273337, -121.67905733923763), -1.0, FIELD), 169.50977790811876, UNKNOWN, HEMORRHAGIC)"
4,0.24418294143999997,0.24418294143999997,37.307409139204054,-121.67842171790745,"PatientState(Location(""FIELD"", (37.307409139204054, -121.67842171790745), -1.0, FIELD), 239.95036732582082, UNKNOWN, HEMORRHAGIC)"
5,0.3152362836172984,0.3152362836172984,37.30782622813857,-121.67722745340765,"PatientState(Location(""FIELD"", (37.30782622813857, -121.67722745340765), -1.0, FIELD), 167.79178327117484, UNKNOWN, NLVO)"
