sample,reward_best,reward_CA,location_lat,location_lon,patient_state
1,0.33930301660623063,0.32661608806536213,37.789904868800654,-122.48869536311285,"PatientState(Location(""FIELD"", (37.789904868800654, -122.48869536311285), -1.0, FIELD), 51.31786346063683, UNKNOWN, HEMORRHAGIC)"
2,0.32289178798919005,0.24418294143999997,37.792933318624904,-122.48800731198779,"PatientState(Location(""FIELD"", (37.792933318624904, -122.48800731198779), -1.0, FIELD), 122.17216898125812, UNKNOWN, NLVO)"
3,0.31624699976293397,0.24418294143999997,37.791828740169436,-122.48895353162739,"PatientState(Location(""FIELD"", (37.791828740169436, -122.48895353162739), -1.0, FIELD), 152.7470434182932, UNKNOWN, LVO)"
4,0.32948269034477295,0.31937727049384723,37.79326957662066,-122.48612917635651,"PatientState(Location(""FIELD"", (37.79326957662066, -122.48612917635651), -1.0, FIELD), 84.45472967547069, UNKNOWN, NLVO)"
5,0.32072772918902864,0.24418294143999997,37.79127317069813,-122.48735055118618,"PatientState(Location(""FIELD"", (37.79127317069813, -122.48735055118618), -1.0, FIELD), 131.98366388227126, UNKNOWN, LVO)"
