sample,reward_best,reward_CA,location_lat,location_lon,patient_state
1,0.35583267872760654,0.3362333298193513,37.5789363287857,-121.87962396443746,"PatientState(Location(""FIELD"", (37.5789363287857, -121.87962396443746), -1.0, FIELD), 5.955762481086962, UNKNOWN, HEMORRHAGIC)"
2,0.35268758417479046,0.3331817300929751,37.57906236340584,-121.87794064519106,"PatientState(Location(""FIELD"", (37.57906236340584, -121.87794064519106), -1.0, FIELD), 19.14304194606458, UNKNOWN, HEMORRHAGIC)"
3,0.33142655320347325,0.24418294143999997,37.583706354099704,-121.87715460921582,"PatientState(Location(""FIELD"", (37.583706354099704, -121.87715460921582), -1.0, FIELD), 110.08085530234139, UNKNOWN, HEMORRHAGIC)"
4,0.3372504873969722,0.31823971530221795,37.581845414659206,-121.87652747213848,"PatientState(Location(""FIELD"", (37.581845414659206, -121.87652747213848), -1.0, FIELD), 84.87558105589602, UNKNOWN, MIMIC)"
5,0.24418294143999997,0.24418294143999997,37.58288967096918,-121.8781793316283,"PatientState(Location(""FIELD"", (37.58288967096918, -121.8781793316283), -1.0, FIELD), 214.56402367463204, UNKNOWN, MIMIC)"
