sample,reward_best,reward_CA,location_lat,location_lon,patient_state
1,0.24418294143999997,0.24418294143999997,38.11331221126006,-122.57734543919715,"PatientState(Location(""FIELD"", (38.11331221126006, -122.57734543919715), -1.0, FIELD), 78.72886036764174, UNKNOWN, HEMORRHAGIC)"
2,0.24418294143999997,0.24418294143999997,38.11267111960061,-122.58043663009494,"PatientState(Location(""FIELD"", (38.11267111960061, -122.58043663009494), -1.0, FIELD), 135.0051013835792, UNKNOWN, LVO)"
3,0.24418294143999997,0.24418294143999997,38.11157235255877,-122.57619393656483,"PatientState(Location(""FIELD"", (38.11157235255877, -122.57619393656483), -1.0, FIELD), 242.10545372376845, UNKNOWN, HEMORRHAGIC)"
4,0.24418294143999997,0.24418294143999997,38.109622126655545,-122.57875557938586,"PatientState(Location(""FIELD"", (38.109622126655545, -122.57875557938586), -1.0, FIELD), 226.82762815740747, UNKNOWN, LVO)"
5,0.24418294143999997,0.24418294143999997,38.11377191007866,-122.58016976718095,"PatientState(Location(""FIELD"", (38.11377191007866, -122.58016976718095), -1.0, FIELD), 106.25408325244815, UNKNOWN, MIMIC)"
