sample,reward_best,reward_CA,location_lat,location_lon,patient_state
1,0.32205680220858307,0.24418294143999997,37.88212271008287,-122.1507335788488,"PatientState(Location(""FIELD"", (37.88212271008287, -122.1507335788488), -1.0, FIELD), 115.16814094390338, UNKNOWN, LVO)"
2,0.24418294143999997,0.24418294143999997,37.88048996200833,-122.14668368177958,"PatientState(Location(""FIELD"", (37.88048996200833, -122.14668368177958), -1.0, FIELD), 246.6097097258881, UNKNOWN, HEMORRHAGIC)"
3,0.3292275774225412,0.2518725810146459,37.88194702793357,-122.14712498111463,"PatientState(Location(""FIELD"", (37.88194702793357, -122.14712498111463), -1.0, FIELD), 80.13512420646059, UNKNOWN, MIMIC)"
4,0.24418294143999997,0.24418294143999997,37.88341168513746,-122.14789833710164,"PatientState(Location(""FIELD"", (37.88341168513746, -122.14789833710164), -1.0, FIELD), 166.28320347647363, UNKNOWN, LVO)"
5,0.32035335188858705,0.24418294143999997,37.88354408834223,-122.14657202769618,"PatientState(Location(""FIELD"", (37.88354408834223, -122.14657202769618), -1.0, FIELD), 119.36391622708568, UNKNOWN, LVO)"
