sample,reward_best,reward_CA,location_lat,location_lon,patient_state
1,0.24418294143999997,0.24418294143999997,37.354290771354016,-121.94164539650859,"PatientState(Location(""FIELD"", (37.354290771354016, -121.94164539650859), -1.0, FIELD), 217.96234240273796, UNKNOWN, HEMORRHAGIC)"
2,0.24418294143999997,0.24418294143999997,37.35495666569038,-121.9423880209519,"PatientState(Location(""FIELD"", (37.35495666569038, -121.9423880209519), -1.0, FIELD), 220.16056827760016, UNKNOWN, LVO)"
3,0.3394054580919754,0.33538027036447604,37.358478475167075,-121.94297106692032,"PatientState(Location(""FIELD"", (37.358478475167075, -121.94297106692032), -1.0, FIELD), 81.06796789731321, UNKNOWN, HEMORRHAGIC)"
4,0.24418294143999997,0.24418294143999997,37.35454730737718,-121.94200230679054,"PatientState(Location(""FIELD"", (37.35454730737718, -121.94200230679054), -1.0, FIELD), 268.23517806688386, UNKNOWN, LVO)"
5,0.33374654705329965,0.33030013616921994,37.35629846470703,-121.94413150160803,"PatientState(Location(""FIELD"", (37.35629846470703, -121.94413150160803), -1.0, FIELD), 104.0836297614499, UNKNOWN, LVO)"
