sample,reward_best,reward_CA,location_lat,location_lon,patient_state
1,0.24418294143999997,0.24418294143999997,38.13971423648042,-121.68619623869063,"PatientState(Location(""FIELD"", (38.13971423648042, -121.68619623869063), -1.0, FIELD), 198.2967625808055, UNKNOWN, HEMORRHAGIC)"
2,0.24418294143999997,0.24418294143999997,38.14132032727936,-121.68763725427927,"PatientState(Location(""FIELD"", (38.14132032727936, -121.68763725427927), -1.0, FIELD), 107.31420031611196, UNKNOWN, LVO)"
3,0.24418294143999997,0.24418294143999997,38.143276362465606,-121.68809891615453,"PatientState(Location(""FIELD"", (38.143276362465606, -121.68809891615453), -1.0, FIELD), 211.37895943465037, UNKNOWN, NLVO)"
4,0.24418294143999997,0.24418294143999997,38.1423189750508,-121.68628803116104,"PatientState(Location(""FIELD"", (38.1423189750508, -121.68628803116104), -1.0, FIELD), 122.40517929678981, UNKNOWN, NLVO)"
5,0.24418294143999997,0.24418294143999997,38.14367909641867,-121.68785227519773,"PatientState(Location(""FIELD"", (38.14367909641867, -121.68785227519773), -1.0, FIELD), 143.9776954688444, UNKNOWN, NLVO)"
