sample,reward_best,reward_CA,location_lat,location_lon,patient_state
1,0.24418294143999997,0.24418294143999997,37.503759131918294,-121.60607794626993,"PatientState(Location(""FIELD"", (37.503759131918294, -121.60607794626993), -1.0, FIELD), 156.77524535781956, UNKNOWN, LVO)"
2,0.24418294143999997,0.24418294143999997,37.500423143142015,-121.60887162230057,"PatientState(Location(""FIELD"", (37.500423143142015, -121.60887162230057), -1.0, FIELD), 262.56655681892977, UNKNOWN, LVO)"
3,0.24418294143999997,0.24418294143999997,37.49921047042981,-121.60759407783456,"PatientState(Location(""FIELD"", (37.49921047042981, -121.60759407783456), -1.0, FIELD), 265.62102837182533, UNKNOWN, HEMORRHAGIC)"
4,0.24418294143999997,0.24418294143999997,37.50211064784648,-121.6063941863731,"PatientState(Location(""FIELD"", (37.50211064784648, -121.6063941863731), -1.0, FIELD), 218.73849176851135, UNKNOWN, LVO)"
5,0.24418294143999997,0.24418294143999997,37.50250868810769,-121.61070844821509,"PatientState(Location(""FIELD"", (37.50250868810769, -121.61070844821509), -1.0, FIELD), 231.7933947767476, UNKNOWN, LVO)"
