sample,reward_best,reward_CA,location_lat,location_lon,patient_state
1,0.31497311815607193,0.24418294143999997,37.733338818654346,-121.71538485538397,"PatientState(Location(""FIELD"", (37.733338818654346, -121.71538485538397), -1.0, FIELD), 156.17586804876268, UNKNOWN, LVO)"
2,0.24418294143999997,0.24418294143999997,37.73009071590373,-121.71463334928777,"PatientState(Location(""FIELD"", (37.73009071590373, -121.71463334928777), -1.0, FIELD), 213.44638438736138, UNKNOWN, HEMORRHAGIC)"
3,0.3160054186392009,0.24418294143999997,37.73256677163351,-121.71480394319971,"PatientState(Location(""FIELD"", (37.73256677163351, -121.71480394319971), -1.0, FIELD), 151.698269501389, UNKNOWN, HEMORRHAGIC)"
4,0.24418294143999997,0.24418294143999997,37.73155765650918,-121.71438341235566,"PatientState(Location(""FIELD"", (37.73155765650918, -121.71438341235566), -1.0, FIELD), 194.93936653622023, UNKNOWN, LVO)"
5,0.3368712497597882,0.31718198877742343,37.73204819344057,-121.71101209521437,"PatientState(Location(""FIELD"", (37.73204819344057, -121.71101209521437), -1.0, FIELD), 60.016379572101414, UNKNOWN, NLVO)"
