sample,reward_best,reward_CA,location_lat,location_lon,patient_state
1,0.24418294143999997,0.24418294143999997,37.25931683460451,-122.1264750797223,"PatientState(Location(""FIELD"", (37.25931683460451, -122.1264750797223), -1.0, FIELD), 235.72110103702857, UNKNOWN, LVO)"
2,0.3284965966893119,0.3284965966893119,37.26061796347367,-122.12831387908172,"PatientState(Location(""FIELD"", (37.26061796347367, -122.12831387908172), -1.0, FIELD), 113.85942643578767, UNKNOWN, LVO)"
3,0.3528196903565914,0.3528196903565914,37.25955457370102,-122.1259727986187,"PatientState(Location(""FIELD"", (37.25955457370102, -122.1259727986187), -1.0, FIELD), 9.423349427198767, UNKNOWN, LVO)"
4,0.24418294143999997,0.24418294143999997,37.2596757841763,-122.1300667085119,"PatientState(Location(""FIELD"", (37.2596757841763, -122.1300667085119), -1.0, FIELD), 238.73734363151263, UNKNOWN, LVO)"
5,0.33307529646243694,0.33307529646243694,37.26268270139306,-122.12903387087958,"PatientState(Location(""FIELD"", (37.26268270139306, -122.12903387087958), -1.0, FIELD), 93.7074151644933, UNKNOWN, MIMIC)"
