sample,reward_best,reward_CA,location_lat,location_lon,patient_state
1,0.24418294143999997,0.24418294143999997,37.958679209002526,-122.2637319990129,"PatientState(Location(""FIELD"", (37.958679209002526, -122.2637319990129), -1.0, FIELD), 160.91906326795404, UNKNOWN, LVO)"
2,0.2612609437573124,0.24418294143999997,37.95775438984626,-122.26082196920225,"PatientState(Location(""FIELD"", (37.95775438984626, -122.26082196920225), -1.0, FIELD), 101.93549269930968, UNKNOWN, MIMIC)"
3,0.25307656931335215,0.24418294143999997,37.956331176295784,-122.26572537799969,"PatientState(Location(""FIELD"", (37.956331176295784, -122.26572537799969), -1.0, FIELD), 148.57850335649445, UNKNOWN, HEMORRHAGIC)"
4,0.3377217882132605,0.32638454763674385,37.956059332712485,-122.26448387318297,"PatientState(Location(""FIELD"", (37.956059332712485, -122.26448387318297), -1.0, FIELD), 23.92535352638428, UNKNOWN, LVO)"
5,0.33550001997808326,0.3241826734835877,37.95831379417914,-122.26281080209688,"PatientState(Location(""FIELD"", (37.95831379417914, -122.26281080209688), -1.0, FIELD), 33.163605084541395, UNKNOWN, HEMORRHAGIC)"
