sample,reward_best,reward_CA,location_lat,location_lon,patient_state
1,0.355639051252844,0.355639051252844,37.477399906775204,-122.17063551767663,"PatientState(Location(""FIELD"", (37.477399906775204, -122.17063551767663), -1.0, FIELD), 15.743619934680328, UNKNOWN, LVO)"
2,0.24418294143999997,0.24418294143999997,37.47723955309364,-122.16608989105545,"PatientState(Location(""FIELD"", (37.47723955309364, -122.16608989105545), -1.0, FIELD), 261.2899684668205, UNKNOWN, HEMORRHAGIC)"
3,0.24418294143999997,0.24418294143999997,37.47432149071877,-122.17034701190961,"PatientState(Location(""FIELD"", (37.47432149071877, -122.17034701190961), -1.0, FIELD), 269.4326340239524, UNKNOWN, LVO)"
4,0.24418294143999997,0.24418294143999997,37.475840653155636,-122.1684097826893,"PatientState(Location(""FIELD"", (37.475840653155636, -122.1684097826893), -1.0, FIELD), 200.70882001740944, UNKNOWN, LVO)"
5,0.31407040302258643,0.31407040302258643,37.47430091018414,-122.17030414019125,"PatientState(Location(""FIELD"", (37.47430091018414, -122.17030414019125), -1.0, FIELD), 197.2814833994733, UNKNOWN, HEMORRHAGIC)"
