sample,reward_best,reward_CA,location_lat,location_lon,patient_state
1,0.34604041695156834,0.32431693146704277,37.781298290088664,-121.81678311055026,"PatientState(Location(""FIELD"", (37.781298290088664, -121.81678311055026), -1.0, FIELD), 14.755380955328484, UNKNOWN, LVO)"
2,0.3232869887008371,0.24418294143999997,37.783538545728504,-121.81744535012758,"PatientState(Location(""FIELD"", (37.783538545728504, -121.81744535012758), -1.0, FIELD), 112.99772520353052, UNKNOWN, HEMORRHAGIC)"
3,0.3239592686076119,0.24418294143999997,37.78138858087936,-121.8169680525872,"PatientState(Location(""FIELD"", (37.78138858087936, -121.8169680525872), -1.0, FIELD), 110.64073866224584, UNKNOWN, LVO)"
4,0.24418294143999997,0.24418294143999997,37.7817928536358,-121.81616068832886,"PatientState(Location(""FIELD"", (37.7817928536358, -121.81616068832886), -1.0, FIELD), 244.63287258315077, UNKNOWN, MIMIC)"
5,0.32917243861777123,0.24418294143999997,37.780420804761235,-121.81838843559996,"PatientState(Location(""FIELD"", (37.780420804761235, -121.81838843559996), -1.0, FIELD), 87.99193369097402, UNKNOWN, NLVO)"
