sample,reward_best,reward_CA,location_lat,location_lon,patient_state
1,0.24418294143999997,0.24418294143999997,37.98689634178449,-121.67865046306244,"PatientState(Location(""FIELD"", (37.98689634178449, -121.67865046306244), -1.0, FIELD), 75.55623548033512, UNKNOWN, NLVO)"
2,0.24418294143999997,0.24418294143999997,37.986589977306224,-121.67926811502663,"PatientState(Location(""FIELD"", (37.986589977306224, -121.67926811502663), -1.0, FIELD), 143.83146370512955, UNKNOWN, MIMIC)"
3,0.31749635505119744,0.24418294143999997,37.98800950085174,-121.67891975701966,"PatientState(Location(""FIELD"", (37.98800950085174, -121.67891975701966), -1.0, FIELD), 36.409011828454666, UNKNOWN, HEMORRHAGIC)"
4,0.24418294143999997,0.24418294143999997,37.98777304945337,-121.67943195790845,"PatientState(Location(""FIELD"", (37.98777304945337, -121.67943195790845), -1.0, FIELD), 124.31663954110364, UNKNOWN, HEMORRHAGIC)"
5,0.24418294143999997,0.24418294143999997,37.986902842152354,-121.6768297659119,"PatientState(Location(""FIELD"", (37.986902842152354, -121.6768297659119), -1.0, FIELD), 194.94632390613816, UNKNOWN, LVO)"
