sample,reward_best,reward_CA,location_lat,location_lon,patient_state
1,0.33444629610938126,0.3155322213172033,37.52128147363867,-121.75865668508831,"PatientState(Location(""FIELD"", (37.52128147363867, -121.75865668508831), -1.0, FIELD), 52.601016719798025, UNKNOWN, LVO)"
2,0.24418294143999997,0.24418294143999997,37.522947878489866,-121.75999477984458,"PatientState(Location(""FIELD"", (37.522947878489866, -121.75999477984458), -1.0, FIELD), 217.05726030197368, UNKNOWN, LVO)"
3,0.24418294143999997,0.24418294143999997,37.5209179428637,-121.7569116348184,"PatientState(Location(""FIELD"", (37.5209179428637, -121.7569116348184), -1.0, FIELD), 254.80761888377592, UNKNOWN, HEMORRHAGIC)"
4,0.24418294143999997,0.24418294143999997,37.5201907294508,-121.75838077772404,"PatientState(Location(""FIELD"", (37.5201907294508, -121.75838077772404), -1.0, FIELD), 209.65384175533615, UNKNOWN, NLVO)"
5,0.31495716295792436,0.24418294143999997,37.52025122286603,-121.76026553480293,"PatientState(Location(""FIELD"", (37.52025122286603, -121.76026553480293), -1.0, FIELD), 140.7094451055748, UNKNOWN, LVO)"
