sample,reward_best,reward_CA,location_lat,location_lon,patient_state
1,0.3322234600419917,0.32818161041870664,37.38503953892554,-121.99778405512191,"PatientState(Location(""FIELD"", (37.38503953892554, -121.99778405512191), -1.0, FIELD), 111.30220041895939, UNKNOWN, MIMIC)"
2,0.32592161722711877,0.2625853899287482,37.38388031982041,-121.99943806589087,"PatientState(Location(""FIELD"", (37.38388031982041, -121.99943806589087), -1.0, FIELD), 138.58266536474858, UNKNOWN, NLVO)"
3,0.24418294143999997,0.24418294143999997,37.38408011767019,-121.99803508609871,"PatientState(Location(""FIELD"", (37.38408011767019, -121.99803508609871), -1.0, FIELD), 213.88650910866193, UNKNOWN, MIMIC)"
4,0.318739848998124,0.2567583462661635,37.387748055435274,-121.99627182198866,"PatientState(Location(""FIELD"", (37.387748055435274, -121.99627182198866), -1.0, FIELD), 169.39259916512742, UNKNOWN, LVO)"
5,0.33441876911090956,0.33090669206740697,37.385655297351526,-121.99590027912642,"PatientState(Location(""FIELD"", (37.385655297351526, -121.99590027912642), -1.0, FIELD), 100.44730644123274, UNKNOWN, HEMORRHAGIC)"
