sample,reward_best,reward_CA,location_lat,location_lon,patient_state
1,0.24418294143999997,0.24418294143999997,37.80355246742216,-121.7298354422056,"PatientState(Location(""FIELD"", (37.80355246742216, -121.7298354422056), -1.0, FIELD), 79.07391183708354, UNKNOWN, LVO)"
2,0.24418294143999997,0.24418294143999997,37.803002053472035,-121.72832992526341,"PatientState(Location(""FIELD"", (37.803002053472035, -121.72832992526341), -1.0, FIELD), 82.69534964003111, UNKNOWN, LVO)"
3,0.31719760144717113,0.24418294143999997,37.80363994553864,-121.72593349799111,"PatientState(Location(""FIELD"", (37.80363994553864, -121.72593349799111), -1.0, FIELD), 40.028651032037445, UNKNOWN, HEMORRHAGIC)"
4,0.3341252316528869,0.24418294143999997,37.80075605813778,-121.72729475574693,"PatientState(Location(""FIELD"", (37.80075605813778, -121.72729475574693), -1.0, FIELD), 50.36160261706246, UNKNOWN, LVO)"
5,0.24418294143999997,0.24418294143999997,37.80275974373996,-121.72818906742413,"PatientState(Location(""FIELD"", (37.80275974373996, -121.72818906742413), -1.0, FIELD), 101.45046303038171, UNKNOWN, LVO)"
