sample,reward_best,reward_CA,location_lat,location_lon,patient_state
1,0.3255606630751537,0.24418294143999997,37.53337152944855,-122.32323245024848,"PatientState(Location(""FIELD"", (37.53337152944855, -122.32323245024848), -1.0, FIELD), 141.0539453752321, UNKNOWN, LVO)"
2,0.3528606626814168,0.337878977068791,37.52885108700831,-122.32292132474944,"PatientState(Location(""FIELD"", (37.52885108700831, -122.32292132474944), -1.0, FIELD), 21.386967164675823, UNKNOWN, LVO)"
3,0.3224137110063607,0.24418294143999997,37.53336714947632,-122.32553589574913,"PatientState(Location(""FIELD"", (37.53336714947632, -122.32553589574913), -1.0, FIELD), 155.12594585219972, UNKNOWN, MIMIC)"
4,0.3154923259939007,0.24418294143999997,37.529237854588864,-122.32500694823287,"PatientState(Location(""FIELD"", (37.529237854588864, -122.32500694823287), -1.0, FIELD), 185.41207464351152, UNKNOWN, LVO)"
5,0.320915317656453,0.24418294143999997,37.52911182432991,-122.32552818177454,"PatientState(Location(""FIELD"", (37.52911182432991, -122.32552818177454), -1.0, FIELD), 161.108046160678, UNKNOWN, LVO)"
