sample,reward_best,reward_CA,location_lat,location_lon,patient_state
1,0.24418294143999997,0.24418294143999997,37.6766423640495,-121.82609790258243,"PatientState(Location(""FIELD"", (37.6766423640495, -121.82609790258243), -1.0, FIELD), 187.26524810099752, UNKNOWN, NLVO)"
2,0.33695718718560774,0.31795680256578696,37.675282110872246,-121.82673299644256,"PatientState(Location(""FIELD"", (37.675282110872246, -121.82673299644256), -1.0, FIELD), 69.68780836005855, UNKNOWN, NLVO)"
3,0.3348605968789314,0.3159324734482071,37.67572578188127,-121.826418840701,"PatientState(Location(""FIELD"", (37.67572578188127, -121.826418840701), -1.0, FIELD), 78.77627926045707, UNKNOWN, LVO)"
4,0.24418294143999997,0.24418294143999997,37.67566069046391,-121.83067409567101,"PatientState(Location(""FIELD"", (37.67566069046391, -121.83067409567101), -1.0, FIELD), 254.86994866809906, UNKNOWN, HEMORRHAGIC)"
5,0.33907361750100773,0.3200014757567446,37.675363741033664,-121.82847432049103,"PatientState(Location(""FIELD"", (37.675363741033664, -121.82847432049103), -1.0, FIELD), 60.54526054538277, UNKNOWN, LVO)"
