sample,reward_best,reward_CA,location_lat,location_lon,patient_state
1,0.32552594778370547,0.262299880295386,37.404981749441,-122.07876860270497,"PatientState(Location(""FIELD"", (37.404981749441, -122.07876860270497), -1.0, FIELD), 139.54220548818398, UNKNOWN, LVO)"
2,0.3444502284297338,0.34049357400075364,37.40530501442124,-122.07780203284443,"PatientState(Location(""FIELD"", (37.40530501442124, -122.07780203284443), -1.0, FIELD), 57.50502710801488, UNKNOWN, HEMORRHAGIC)"
3,0.34292382676305566,0.3393123898584281,37.40402152249262,-122.07624801450744,"PatientState(Location(""FIELD"", (37.40402152249262, -122.07624801450744), -1.0, FIELD), 63.027851197691696, UNKNOWN, LVO)"
4,0.3417200169423504,0.3377567702239331,37.403958080048724,-122.07818702776672,"PatientState(Location(""FIELD"", (37.403958080048724, -122.07818702776672), -1.0, FIELD), 69.18562624526736, UNKNOWN, LVO)"
5,0.24418294143999997,0.24418294143999997,37.40396763521496,-122.07712764538765,"PatientState(Location(""FIELD"", (37.40396763521496, -122.07712764538765), -1.0, FIELD), 206.77543684446115, UNKNOWN, HEMORRHAGIC)"
