sample,reward_best,reward_CA,location_lat,location_lon,patient_state
1,0.31851238874080884,0.25673454793803907,37.322182216187336,-122.02329689525396,"PatientState(Location(""FIELD"", (37.322182216187336, -122.02329689525396), -1.0, FIELD), 172.8552059438503, UNKNOWN, HEMORRHAGIC)"
2,0.32684310557559887,0.26330769195791875,37.320639524523386,-122.02239514477424,"PatientState(Location(""FIELD"", (37.320639524523386, -122.02239514477424), -1.0, FIELD), 135.8141332599037, UNKNOWN, HEMORRHAGIC)"
3,0.24418294143999997,0.24418294143999997,37.32061541108086,-122.02108391731493,"PatientState(Location(""FIELD"", (37.32061541108086, -122.02108391731493), -1.0, FIELD), 254.9864134688494, UNKNOWN, LVO)"
4,0.31510639959304276,0.2538408020164081,37.3213782952212,-122.02569056373316,"PatientState(Location(""FIELD"", (37.3213782952212, -122.02569056373316), -1.0, FIELD), 188.3535915714128, UNKNOWN, MIMIC)"
5,0.34880564883203885,0.34485406632826876,37.31963609639025,-122.02481193290022,"PatientState(Location(""FIELD"", (37.31963609639025, -122.02481193290022), -1.0, FIELD), 40.47099114401662, UNKNOWN, LVO)"
