sample,reward_best,reward_CA,location_lat,location_lon,patient_state
1,0.24418294143999997,0.24418294143999997,37.44380025709447,-122.42756021491624,"PatientState(Location(""FIELD"", (37.44380025709447, -122.42756021491624), -1.0, FIELD), 237.77997055197557, UNKNOWN, HEMORRHAGIC)"
2,0.33616725318770074,0.33270821516771903,37.44844274734558,-122.42877277899666,"PatientState(Location(""FIELD"", (37.44844274734558, -122.42877277899666), -1.0, FIELD), 73.84167419629915, UNKNOWN, LVO)"
3,0.34817447594306367,0.34479132358059394,37.446218821246056,-122.4263014134019,"PatientState(Location(""FIELD"", (37.446218821246056, -122.4263014134019), -1.0, FIELD), 21.988519610797773, UNKNOWN, LVO)"
4,0.3335798137374129,0.27081039487935016,37.44683744428505,-122.42585582163628,"PatientState(Location(""FIELD"", (37.44683744428505, -122.42585582163628), -1.0, FIELD), 84.82414706506346, UNKNOWN, LVO)"
5,0.24418294143999997,0.24418294143999997,37.44412605048065,-122.43064393596096,"PatientState(Location(""FIELD"", (37.44412605048065, -122.43064393596096), -1.0, FIELD), 253.98522530646318, UNKNOWN, HEMORRHAGIC)"
