sample,reward_best,reward_CA,location_lat,location_lon,patient_state
1,0.24418294143999997,0.24418294143999997,37.80433518636813,-122.17675768065816,"PatientState(Location(""FIELD"", (37.80433518636813, -122.17675768065816), -1.0, FIELD), 268.8244972108323, UNKNOWN, NLVO)"
2,0.24418294143999997,0.24418294143999997,37.805177316604095,-122.17590345041745,"PatientState(Location(""FIELD"", (37.805177316604095, -122.17590345041745), -1.0, FIELD), 264.02832716570947, UNKNOWN, MIMIC)"
3,0.24418294143999997,0.24418294143999997,37.80524121795114,-122.17776688802527,"PatientState(Location(""FIELD"", (37.80524121795114, -122.17776688802527), -1.0, FIELD), 254.87109317236064, UNKNOWN, HEMORRHAGIC)"
4,0.24418294143999997,0.24418294143999997,37.80767629317549,-122.17985258831715,"PatientState(Location(""FIELD"", (37.80767629317549, -122.17985258831715), -1.0, FIELD), 185.1341054905966, UNKNOWN, HEMORRHAGIC)"
5,0.31646500911705494,0.24418294143999997,37.807089402160926,-122.17974882271855,"PatientState(Location(""FIELD"", (37.807089402160926, -122.17974882271855), -1.0, FIELD), 150.80226142190878, UNKNOWN, LVO)"
