sample,reward_best,reward_CA,location_lat,location_lon,patient_state
1,0.24418294143999997,0.24418294143999997,37.7978422190529,-122.19255761289499,"PatientState(Location(""FIELD"", (37.7978422190529, -122.19255761289499), -1.0, FIELD), 265.5220505357376, UNKNOWN, NLVO)"
2,0.24418294143999997,0.24418294143999997,37.79412654409039,-122.19397547603354,"PatientState(Location(""FIELD"", (37.79412654409039, -122.19397547603354), -1.0, FIELD), 184.7628641324072, UNKNOWN, LVO)"
3,0.24418294143999997,0.24418294143999997,37.79713517408159,-122.19111010738911,"PatientState(Location(""FIELD"", (37.79713517408159, -122.19111010738911), -1.0, FIELD), 197.20944693649426, UNKNOWN, HEMORRHAGIC)"
4,0.344398719299065,0.32994419531750324,37.79613609588984,-122.19409412863264,"PatientState(Location(""FIELD"", (37.79613609588984, -122.19409412863264), -1.0, FIELD), 31.333619183750745, UNKNOWN, NLVO)"
5,0.3332091074803997,0.318880962789907,37.79488550556885,-122.19544476450503,"PatientState(Location(""FIELD"", (37.79488550556885, -122.19544476450503), -1.0, FIELD), 80.6963009477278, UNKNOWN, LVO)"
