sample,reward_best,reward_CA,location_lat,location_lon,patient_state
1,0.3152824663053577,0.24418294143999997,37.65276089164622,-121.84734228860394,"PatientState(Location(""FIELD"", (37.65276089164622, -121.84734228860394), -1.0, FIELD), 165.46042952977007, UNKNOWN, HEMORRHAGIC)"
2,0.34135645541656273,0.3222082405381358,37.650745917050116,-121.84736434047153,"PatientState(Location(""FIELD"", (37.650745917050116, -121.84736434047153), -1.0, FIELD), 50.387257917053326, UNKNOWN, HEMORRHAGIC)"
3,0.3306082063158547,0.24418294143999997,37.65223614396484,-121.84774933744679,"PatientState(Location(""FIELD"", (37.65223614396484, -121.84774933744679), -1.0, FIELD), 97.4548173704334, UNKNOWN, LVO)"
4,0.31566720503446993,0.24418294143999997,37.65273187672115,-121.84950056050789,"PatientState(Location(""FIELD"", (37.65273187672115, -121.84950056050789), -1.0, FIELD), 164.3715517656573, UNKNOWN, HEMORRHAGIC)"
5,0.24418294143999997,0.24418294143999997,37.651435522876305,-121.84713902662044,"PatientState(Location(""FIELD"", (37.651435522876305, -121.84713902662044), -1.0, FIELD), 179.50974512644163, UNKNOWN, HEMORRHAGIC)"
