sample,reward_best,reward_CA,location_lat,location_lon,patient_state
1,0.24418294143999997,0.24418294143999997,38.114297366771275,-122.08309837583364,"PatientState(Location(""FIELD"", (38.114297366771275, -122.08309837583364), -1.0, FIELD), 222.553808013405, UNKNOWN, LVO)"
2,0.24418294143999997,0.24418294143999997,38.117973825897224,-122.0856519240169,"PatientState(Location(""FIELD"", (38.117973825897224, -122.0856519240169), -1.0, FIELD), 252.13517177126334, UNKNOWN, HEMORRHAGIC)"
3,0.24418294143999997,0.24418294143999997,38.116808480690196,-122.08328591140678,"PatientState(Location(""FIELD"", (38.116808480690196, -122.08328591140678), -1.0, FIELD), 188.35193396241888, UNKNOWN, LVO)"
4,0.24418294143999997,0.24418294143999997,38.11681525705072,-122.0816953687681,"PatientState(Location(""FIELD"", (38.11681525705072, -122.0816953687681), -1.0, FIELD), 177.56009074824203, UNKNOWN, LVO)"
5,0.24418294143999997,0.24418294143999997,38.11661331545192,-122.08126473488473,"PatientState(Location(""FIELD"", (38.11661331545192, -122.08126473488473), -1.0, FIELD), 122.513392707624, UNKNOWN, LVO)"
