sample,reward_best,reward_CA,location_lat,location_lon,patient_state
1,0.3325826433131424,0.24418294143999997,37.66747032920192,-121.7057080842884,"PatientState(Location(""FIELD"", (37.66747032920192, -121.7057080842884), -1.0, FIELD), 79.82920261021204, UNKNOWN, LVO)"
2,0.33625496186833015,0.31493337536435145,37.664399676781294,-121.70466202684395,"PatientState(Location(""FIELD"", (37.664399676781294, -121.70466202684395), -1.0, FIELD), 64.48666064191217, UNKNOWN, HEMORRHAGIC)"
3,0.34750055280360226,0.3257611954354097,37.6656028696504,-121.705565568199,"PatientState(Location(""FIELD"", (37.6656028696504, -121.705565568199), -1.0, FIELD), 15.208833581662336, UNKNOWN, NLVO)"
4,0.34390474114136665,0.32229493458451236,37.66380438445079,-121.70116543500932,"PatientState(Location(""FIELD"", (37.66380438445079, -121.70116543500932), -1.0, FIELD), 30.856810132514077, UNKNOWN, LVO)"
5,0.3208046086074429,0.24418294143999997,37.665442266715566,-121.70460033770087,"PatientState(Location(""FIELD"", (37.665442266715566, -121.70460033770087), -1.0, FIELD), 132.33449900211224, UNKNOWN, HEMORRHAGIC)"
