sample,reward_best,reward_CA,location_lat,location_lon,patient_state
1,0.34470456848777736,0.32456819719942026,37.70701153432593,-121.79812336682039,"PatientState(Location(""FIELD"", (37.70701153432593, -121.79812336682039), -1.0, FIELD), 33.85436242888301, UNKNOWN, LVO)"
2,0.32205578918247485,0.24418294143999997,37.705058220698234,-121.79940537719112,"PatientState(Location(""FIELD"", (37.705058220698234, -121.79940537719112), -1.0, FIELD), 133.70930941296734, UNKNOWN, MIMIC)"
3,0.24418294143999997,0.24418294143999997,37.706730101703904,-121.79783978191229,"PatientState(Location(""FIELD"", (37.706730101703904, -121.79783978191229), -1.0, FIELD), 198.1747778494813, UNKNOWN, LVO)"
4,0.34889832889417266,0.32862348923587664,37.70420799625974,-121.79952290414485,"PatientState(Location(""FIELD"", (37.70420799625974, -121.79952290414485), -1.0, FIELD), 17.29730387557404, UNKNOWN, HEMORRHAGIC)"
5,0.34261897838258604,0.3225536100422693,37.705250038648224,-121.79608911702937,"PatientState(Location(""FIELD"", (37.705250038648224, -121.79608911702937), -1.0, FIELD), 42.13975509015434, UNKNOWN, LVO)"
