sample,reward_best,reward_CA,location_lat,location_lon,patient_state
1,0.24418294143999997,0.24418294143999997,37.77856727144209,-121.61967016741683,"PatientState(Location(""FIELD"", (37.77856727144209, -121.61967016741683), -1.0, FIELD), 229.92173412263477, UNKNOWN, LVO)"
2,0.24418294143999997,0.24418294143999997,37.7760204519889,-121.62049529344318,"PatientState(Location(""FIELD"", (37.7760204519889, -121.62049529344318), -1.0, FIELD), 151.33596536494122, UNKNOWN, NLVO)"
3,0.24418294143999997,0.24418294143999997,37.77402324256777,-121.61829762317234,"PatientState(Location(""FIELD"", (37.77402324256777, -121.61829762317234), -1.0, FIELD), 79.34373604786421, UNKNOWN, HEMORRHAGIC)"
4,0.24418294143999997,0.24418294143999997,37.777423054926835,-121.61998076911662,"PatientState(Location(""FIELD"", (37.777423054926835, -121.61998076911662), -1.0, FIELD), 267.32556804968675, UNKNOWN, LVO)"
5,0.24418294143999997,0.24418294143999997,37.77666308308209,-121.61747910908758,"PatientState(Location(""FIELD"", (37.77666308308209, -121.61747910908758), -1.0, FIELD), 249.25389291132112, UNKNOWN, HEMORRHAGIC)"
