sample,reward_best,reward_CA,location_lat,location_lon,patient_state
1,0.24418294143999997,0.24418294143999997,38.132504662677405,-121.90724617190891,"PatientState(Location(""FIELD"", (38.132504662677405, -121.90724617190891), -1.0, FIELD), 135.76263209026885, UNKNOWN, MIMIC)"
2,0.24418294143999997,0.24418294143999997,38.13351900133248,-121.90792697595573,"PatientState(Location(""FIELD"", (38.13351900133248, -121.90792697595573), -1.0, FIELD), 107.51473670994606, UNKNOWN, MIMIC)"
3,0.24418294143999997,0.24418294143999997,38.13373894275822,-121.90773215520333,"PatientState(Location(""FIELD"", (38.13373894275822, -121.90773215520333), -1.0, FIELD), 163.07933819987483, UNKNOWN, HEMORRHAGIC)"
4,0.24418294143999997,0.24418294143999997,38.1330338859181,-121.90833045757351,"PatientState(Location(""FIELD"", (38.1330338859181, -121.90833045757351), -1.0, FIELD), 167.26982017944394, UNKNOWN, LVO)"
5,0.24418294143999997,0.24418294143999997,38.132466187068125,-121.9080619466741,"PatientState(Location(""FIELD"", (38.132466187068125, -121.9080619466741), -1.0, FIELD), 110.2327529368141, UNKNOWN, HEMORRHAGIC)"
