sample,reward_best,reward_CA,location_lat,location_lon,patient_state
1,0.35372558969375884,0.35372558969375884,37.21690965540417,-121.89586986938431,"PatientState(Location(""FIELD"", (37.21690965540417, -121.89586986938431), -1.0, FIELD), 21.261217258078453, UNKNOWN, LVO)"
2,0.24418294143999997,0.24418294143999997,37.21837136676444,-121.89686179225728,"PatientState(Location(""FIELD"", (37.21837136676444, -121.89686179225728), -1.0, FIELD), 256.0342454273592, UNKNOWN, LVO)"
3,0.34002069421859604,0.34002069421859604,37.218768849500684,-121.89975332100694,"PatientState(Location(""FIELD"", (37.218768849500684, -121.89975332100694), -1.0, FIELD), 78.22759665286263, UNKNOWN, LVO)"
4,0.3170898238127977,0.3170898238127977,37.2164216265579,-121.90032800230156,"PatientState(Location(""FIELD"", (37.2164216265579, -121.90032800230156), -1.0, FIELD), 178.95326952381959, UNKNOWN, LVO)"
5,0.3204392387313286,0.3204392387313286,37.21566505504812,-121.90077870272886,"PatientState(Location(""FIELD"", (37.21566505504812, -121.90077870272886), -1.0, FIELD), 163.9726808001754, UNKNOWN, LVO)"
