sample,reward_best,reward_CA,location_lat,location_lon,patient_state
1,0.24418294143999997,0.24418294143999997,37.5971181185071,-121.76475974870044,"PatientState(Location(""FIELD"", (37.5971181185071, -121.76475974870044), -1.0, FIELD), 211.0656524103452, UNKNOWN, LVO)"
2,0.32582950367436864,0.24418294143999997,37.595768074694014,-121.76550305009863,"PatientState(Location(""FIELD"", (37.595768074694014, -121.76550305009863), -1.0, FIELD), 91.59740899566712, UNKNOWN, LVO)"
3,0.327752793456272,0.24418294143999997,37.595080828662105,-121.76128776222812,"PatientState(Location(""FIELD"", (37.595080828662105, -121.76128776222812), -1.0, FIELD), 84.47099967176239, UNKNOWN, LVO)"
4,0.3251551559130195,0.24418294143999997,37.59617008435264,-121.76326782082829,"PatientState(Location(""FIELD"", (37.59617008435264, -121.76326782082829), -1.0, FIELD), 95.41311701024938, UNKNOWN, MIMIC)"
5,0.34561455769861,0.3263280815955987,37.59479626798306,-121.76322488832187,"PatientState(Location(""FIELD"", (37.59479626798306, -121.76322488832187), -1.0, FIELD), 6.569181609702666, UNKNOWN, LVO)"
