sample,reward_best,reward_CA,location_lat,location_lon,patient_state
1,0.34067210767233047,0.33699983165134123,37.27456186020861,-121.78395539713087,"PatientState(Location(""FIELD"", (37.27456186020861, -121.78395539713087), -1.0, FIELD), 72.7725605985469, UNKNOWN, NLVO)"
2,0.33883961978252003,0.33516314363075195,37.27546397322611,-121.78379092871577,"PatientState(Location(""FIELD"", (37.27546397322611, -121.78379092871577), -1.0, FIELD), 80.09286351002307, UNKNOWN, LVO)"
3,0.24418294143999997,0.24418294143999997,37.273868563223694,-121.78576618275173,"PatientState(Location(""FIELD"", (37.273868563223694, -121.78576618275173), -1.0, FIELD), 227.22805521927344, UNKNOWN, NLVO)"
4,0.3373627771502734,0.3336837655803383,37.27664741339938,-121.78317423310739,"PatientState(Location(""FIELD"", (37.27664741339938, -121.78317423310739), -1.0, FIELD), 86.21494864164488, UNKNOWN, LVO)"
5,0.3385330848789708,0.3348563781940812,37.27384594227042,-121.78170010441667,"PatientState(Location(""FIELD"", (37.27384594227042, -121.78170010441667), -1.0, FIELD), 81.8922448237149, UNKNOWN, LVO)"
