sample,reward_best,reward_CA,location_lat,location_lon,patient_state
1,0.3386669800074638,0.3214592375020207,37.58682044774963,-122.01042740897628,"PatientState(Location(""FIELD"", (37.58682044774963, -122.01042740897628), -1.0, FIELD), 68.0460656700763, UNKNOWN, HEMORRHAGIC)"
2,0.32444280805800074,0.24418294143999997,37.58521447055465,-122.01046749237189,"PatientState(Location(""FIELD"", (37.58521447055465, -122.01046749237189), -1.0, FIELD), 133.20733222308573, UNKNOWN, NLVO)"
3,0.24418294143999997,0.24418294143999997,37.58803755340013,-122.00994168887135,"PatientState(Location(""FIELD"", (37.58803755340013, -122.00994168887135), -1.0, FIELD), 202.54609603020788, UNKNOWN, LVO)"
4,0.3518276451025816,0.33454822011458335,37.584476310351604,-122.00999829972011,"PatientState(Location(""FIELD"", (37.584476310351604, -122.00999829972011), -1.0, FIELD), 14.698030265335724, UNKNOWN, NLVO)"
5,0.3182937360117355,0.24418294143999997,37.58475973490541,-122.00951775694652,"PatientState(Location(""FIELD"", (37.58475973490541, -122.00951775694652), -1.0, FIELD), 160.28051031246736, UNKNOWN, HEMORRHAGIC)"
