sample,reward_best,reward_CA,location_lat,location_lon,patient_state
1,0.24418294143999997,0.24418294143999997,37.542296656101755,-121.62009693446254,"PatientState(Location(""FIELD"", (37.542296656101755, -121.62009693446254), -1.0, FIELD), 163.9170381292507, UNKNOWN, HEMORRHAGIC)"
2,0.24418294143999997,0.24418294143999997,37.54103353322842,-121.61686753461593,"PatientState(Location(""FIELD"", (37.54103353322842, -121.61686753461593), -1.0, FIELD), 222.01608925267735, UNKNOWN, HEMORRHAGIC)"
3,0.32768020089080413,0.24418294143999997,37.53962090183258,-121.61857107899911,"PatientState(Location(""FIELD"", (37.53962090183258, -121.61857107899911), -1.0, FIELD), 47.961870763429836, UNKNOWN, HEMORRHAGIC)"
4,0.31442316368729545,0.24418294143999997,37.54240809310288,-121.61859966209462,"PatientState(Location(""FIELD"", (37.54240809310288, -121.61859966209462), -1.0, FIELD), 107.42422242118859, UNKNOWN, HEMORRHAGIC)"
5,0.33495114886198574,0.24418294143999997,37.54340649439488,-121.61955431233791,"PatientState(Location(""FIELD"", (37.54340649439488, -121.61955431233791), -1.0, FIELD), 20.91141949808633, UNKNOWN, LVO)"
