sample,reward_best,reward_CA,location_lat,location_lon,patient_state
1,0.24418294143999997,0.24418294143999997,37.21330069900558,-122.08647896936651,"PatientState(Location(""FIELD"", (37.21330069900558, -122.08647896936651), -1.0, FIELD), 218.666597658799, UNKNOWN, HEMORRHAGIC)"
2,0.3275679447485298,0.3275679447485298,37.21208042637072,-122.08736976327181,"PatientState(Location(""FIELD"", (37.21208042637072, -122.08736976327181), -1.0, FIELD), 92.70056693506032, UNKNOWN, LVO)"
3,0.3344186361209262,0.3344186361209262,37.213322942743176,-122.08780845503999,"PatientState(Location(""FIELD"", (37.213322942743176, -122.08780845503999), -1.0, FIELD), 62.286217717765, UNKNOWN, HEMORRHAGIC)"
4,0.31910842500777925,0.31910842500777925,37.21207801169775,-122.08680017823329,"PatientState(Location(""FIELD"", (37.21207801169775, -122.08680017823329), -1.0, FIELD), 130.20464575203022, UNKNOWN, HEMORRHAGIC)"
5,0.32505809698558974,0.32505809698558974,37.212604851126706,-122.08669823072147,"PatientState(Location(""FIELD"", (37.212604851126706, -122.08669823072147), -1.0, FIELD), 103.59862465640822, UNKNOWN, HEMORRHAGIC)"
