sample,reward_best,reward_CA,location_lat,location_lon,patient_state
1,0.314402237243797,0.24418294143999997,37.85604367675577,-121.94387107875546,"PatientState(Location(""FIELD"", (37.85604367675577, -121.94387107875546), -1.0, FIELD), 126.87697927335005, UNKNOWN, LVO)"
2,0.31445427843881857,0.24418294143999997,37.855201700698046,-121.9457808620312,"PatientState(Location(""FIELD"", (37.855201700698046, -121.9457808620312), -1.0, FIELD), 127.01050182627833, UNKNOWN, LVO)"
3,0.33918224563432864,0.3232666489693996,37.85747888621205,-121.94144594324487,"PatientState(Location(""FIELD"", (37.85747888621205, -121.94144594324487), -1.0, FIELD), 16.9251934141315, UNKNOWN, LVO)"
4,0.3337400887095454,0.31804700038964073,37.856810717077224,-121.94492519152496,"PatientState(Location(""FIELD"", (37.856810717077224, -121.94492519152496), -1.0, FIELD), 41.75672851307352, UNKNOWN, LVO)"
5,0.24418294143999997,0.24418294143999997,37.857289581078675,-121.9421452592474,"PatientState(Location(""FIELD"", (37.857289581078675, -121.9421452592474), -1.0, FIELD), 242.12324043685186, UNKNOWN, MIMIC)"
