sample,reward_best,reward_CA,location_lat,location_lon,patient_state
1,0.3515822017771732,0.33058233221626016,37.648995144565134,-122.06790962598892,"PatientState(Location(""FIELD"", (37.648995144565134, -122.06790962598892), -1.0, FIELD), 13.794673244382253, UNKNOWN, HEMORRHAGIC)"
2,0.3311211073940075,0.24418294143999997,37.65144462700243,-122.07070068014802,"PatientState(Location(""FIELD"", (37.65144462700243, -122.07070068014802), -1.0, FIELD), 103.00213684607655, UNKNOWN, HEMORRHAGIC)"
3,0.3294029027533554,0.24418294143999997,37.65052597475673,-122.06765247487728,"PatientState(Location(""FIELD"", (37.65052597475673, -122.06765247487728), -1.0, FIELD), 110.04306550741252, UNKNOWN, LVO)"
4,0.32223236321971976,0.24418294143999997,37.65338215483754,-122.06670507417338,"PatientState(Location(""FIELD"", (37.65338215483754, -122.06670507417338), -1.0, FIELD), 140.6964281132061, UNKNOWN, NLVO)"
5,0.3381219228415063,0.3175630168771321,37.65114425971057,-122.06939031757881,"PatientState(Location(""FIELD"", (37.65114425971057, -122.06939031757881), -1.0, FIELD), 71.9458022647041, UNKNOWN, NLVO)"
