sample,reward_best,reward_CA,location_lat,location_lon,patient_state
1,0.24418294143999997,0.24418294143999997,37.460466780441415,-121.82201411839155,"PatientState(Location(""FIELD"", (37.460466780441415, -121.82201411839155), -1.0, FIELD), 202.41724023619787, UNKNOWN, LVO)"
2,0.3431977310154642,0.3431977310154642,37.462107275769924,-121.82540864463184,"PatientState(Location(""FIELD"", (37.462107275769924, -121.82540864463184), -1.0, FIELD), 55.31413601385873, UNKNOWN, HEMORRHAGIC)"
3,0.3533172704643526,0.3533172704643526,37.46222786375084,-121.82389990131747,"PatientState(Location(""FIELD"", (37.46222786375084, -121.82389990131747), -1.0, FIELD), 12.174131683056418, UNKNOWN, LVO)"
4,0.3495121676540419,0.3495121676540419,37.45942158528325,-121.82565077003592,"PatientState(Location(""FIELD"", (37.45942158528325, -121.82565077003592), -1.0, FIELD), 27.659513587111043, UNKNOWN, HEMORRHAGIC)"
5,0.3520711682260779,0.3520711682260779,37.46209947216729,-121.82356367307425,"PatientState(Location(""FIELD"", (37.46209947216729, -121.82356367307425), -1.0, FIELD), 17.438201568427772, UNKNOWN, LVO)"
