sample,reward_best,reward_CA,location_lat,location_lon,patient_state
1,0.24418294143999997,0.24418294143999997,37.2009187862142,-122.09872644728368,"PatientState(Location(""FIELD"", (37.2009187862142, -122.09872644728368), -1.0, FIELD), 172.12365674512304, UNKNOWN, LVO)"
2,0.24418294143999997,0.24418294143999997,37.20141311331932,-122.09956196653965,"PatientState(Location(""FIELD"", (37.20141311331932, -122.09956196653965), -1.0, FIELD), 217.02323471593243, UNKNOWN, LVO)"
3,0.31823368960799614,0.31823368960799614,37.19961686238108,-122.09753559791596,"PatientState(Location(""FIELD"", (37.19961686238108, -122.09753559791596), -1.0, FIELD), 132.7743383411687, UNKNOWN, LVO)"
4,0.3163491786974602,0.3163491786974602,37.19884553279698,-122.10078069452865,"PatientState(Location(""FIELD"", (37.19884553279698, -122.10078069452865), -1.0, FIELD), 143.7594414644471, UNKNOWN, NLVO)"
5,0.24418294143999997,0.24418294143999997,37.20060509676736,-122.09778554288064,"PatientState(Location(""FIELD"", (37.20060509676736, -122.09778554288064), -1.0, FIELD), 232.70482467558637, UNKNOWN, NLVO)"
