sample,reward_best,reward_CA,location_lat,location_lon,patient_state
1,0.3272802755952186,0.3272802755952186,37.53995880703941,-122.25818329818773,"PatientState(Location(""FIELD"", (37.53995880703941, -122.25818329818773), -1.0, FIELD), 135.09617981506457, UNKNOWN, HEMORRHAGIC)"
2,0.3262272072069666,0.24418294143999997,37.53949801287033,-122.25975938281721,"PatientState(Location(""FIELD"", (37.53949801287033, -122.25975938281721), -1.0, FIELD), 135.69321300459146, UNKNOWN, HEMORRHAGIC)"
3,0.24418294143999997,0.24418294143999997,37.543145504699226,-122.25816068970228,"PatientState(Location(""FIELD"", (37.543145504699226, -122.25816068970228), -1.0, FIELD), 259.99884044519644, UNKNOWN, HEMORRHAGIC)"
4,0.3265431504264838,0.3265431504264838,37.53999649714429,-122.2571593974425,"PatientState(Location(""FIELD"", (37.53999649714429, -122.2571593974425), -1.0, FIELD), 138.2022290422416, UNKNOWN, HEMORRHAGIC)"
5,0.35675611906400156,0.35675611906400156,37.53955961198214,-122.25612580684458,"PatientState(Location(""FIELD"", (37.53955961198214, -122.25612580684458), -1.0, FIELD), 8.00078000535124, UNKNOWN, LVO)"
