sample,reward_best,reward_CA,location_lat,location_lon,patient_state
1,0.3250402100081521,0.24418294143999997,38.02239079915374,-121.86574892238204,"PatientState(Location(""FIELD"", (38.02239079915374, -121.86574892238204), -1.0, FIELD), 15.168089439926554, UNKNOWN, LVO)"
2,0.3240606186115267,0.24418294143999997,38.023681518492765,-121.86164796630524,"PatientState(Location(""FIELD"", (38.023681518492765, -121.86164796630524), -1.0, FIELD), 20.643874527327288, UNKNOWN, NLVO)"
3,0.24418294143999997,0.24418294143999997,38.01949339218105,-121.86536887089447,"PatientState(Location(""FIELD"", (38.01949339218105, -121.86536887089447), -1.0, FIELD), 196.02231257410045, UNKNOWN, HEMORRHAGIC)"
4,0.24418294143999997,0.24418294143999997,38.02163973673937,-121.86183550133248,"PatientState(Location(""FIELD"", (38.02163973673937, -121.86183550133248), -1.0, FIELD), 91.02456715677253, UNKNOWN, MIMIC)"
5,0.24418294143999997,0.24418294143999997,38.02144157200871,-121.86401869766077,"PatientState(Location(""FIELD"", (38.02144157200871, -121.86401869766077), -1.0, FIELD), 84.56829541722985, UNKNOWN, HEMORRHAGIC)"
