sample,reward_best,reward_CA,location_lat,location_lon,patient_state
1,0.24418294143999997,0.24418294143999997,37.79389191185493,-121.67324243111135,"PatientState(Location(""FIELD"", (37.79389191185493, -121.67324243111135), -1.0, FIELD), 66.36380797720092, UNKNOWN, MIMIC)"
2,0.31502516681401826,0.24418294143999997,37.79699549436235,-121.67134948813228,"PatientState(Location(""FIELD"", (37.79699549436235, -121.67134948813228), -1.0, FIELD), 50.88855840835236, UNKNOWN, MIMIC)"
3,0.24418294143999997,0.24418294143999997,37.79688509814324,-121.67434388342399,"PatientState(Location(""FIELD"", (37.79688509814324, -121.67434388342399), -1.0, FIELD), 262.2288357844792, UNKNOWN, HEMORRHAGIC)"
4,0.24418294143999997,0.24418294143999997,37.793930063527476,-121.67188832341219,"PatientState(Location(""FIELD"", (37.793930063527476, -121.67188832341219), -1.0, FIELD), 157.59403365950493, UNKNOWN, HEMORRHAGIC)"
5,0.3245619718074211,0.24418294143999997,37.7949089622905,-121.67464055903811,"PatientState(Location(""FIELD"", (37.7949089622905, -121.67464055903811), -1.0, FIELD), 3.0738638016432818, UNKNOWN, LVO)"
