sample,reward_best,reward_CA,location_lat,location_lon,patient_state
1,0.24418294143999997,0.24418294143999997,37.90376508016531,-121.59409684541247,"PatientState(Location(""FIELD"", (37.90376508016531, -121.59409684541247), -1.0, FIELD), 158.23696304073934, UNKNOWN, HEMORRHAGIC)"
2,0.24418294143999997,0.24418294143999997,37.901521158698024,-121.5945815069937,"PatientState(Location(""FIELD"", (37.901521158698024, -121.5945815069937), -1.0, FIELD), 175.96911190134404, UNKNOWN, HEMORRHAGIC)"
3,0.24418294143999997,0.24418294143999997,37.901354115791804,-121.59576072544964,"PatientState(Location(""FIELD"", (37.901354115791804, -121.59576072544964), -1.0, FIELD), 103.67199062131104, UNKNOWN, NLVO)"
4,0.24418294143999997,0.24418294143999997,37.90251621309538,-121.5927376911281,"PatientState(Location(""FIELD"", (37.90251621309538, -121.5927376911281), -1.0, FIELD), 116.01590523110913, UNKNOWN, LVO)"
5,0.24418294143999997,0.24418294143999997,37.90077209141666,-121.59115740554525,"PatientState(Location(""FIELD"", (37.90077209141666, -121.59115740554525), -1.0, FIELD), 164.414986336484, UNKNOWN, HEMORRHAGIC)"
