sample,reward_best,reward_CA,location_lat,location_lon,patient_state
1,0.24418294143999997,0.24418294143999997,37.95330480387202,-121.70064239186624,"PatientState(Location(""FIELD"", (37.95330480387202, -121.70064239186624), -1.0, FIELD), 194.28180577415844, UNKNOWN, LVO)"
2,0.24418294143999997,0.24418294143999997,37.95105675478973,-121.69760628997508,"PatientState(Location(""FIELD"", (37.95105675478973, -121.69760628997508), -1.0, FIELD), 159.89943064619143, UNKNOWN, LVO)"
3,0.24418294143999997,0.24418294143999997,37.95089312978906,-121.69714453895428,"PatientState(Location(""FIELD"", (37.95089312978906, -121.69714453895428), -1.0, FIELD), 225.93168994075825, UNKNOWN, HEMORRHAGIC)"
4,0.24418294143999997,0.24418294143999997,37.95372704919131,-121.69701393338208,"PatientState(Location(""FIELD"", (37.95372704919131, -121.69701393338208), -1.0, FIELD), 67.7948372751069, UNKNOWN, LVO)"
5,0.24418294143999997,0.24418294143999997,37.94958814406338,-121.69909826167373,"PatientState(Location(""FIELD"", (37.94958814406338, -121.69909826167373), -1.0, FIELD), 129.29130334066525, UNKNOWN, MIMIC)"
