sample,reward_best,reward_CA,location_lat,location_lon,patient_state
1,0.24418294143999997,0.24418294143999997,37.83552346694259,-121.6078957410101,"PatientState(Location(""FIELD"", (37.83552346694259, -121.6078957410101), -1.0, FIELD), 80.62752985984851, UNKNOWN, LVO)"
2,0.24418294143999997,0.24418294143999997,37.8345486342614,-121.61055010523239,"PatientState(Location(""FIELD"", (37.8345486342614, -121.61055010523239), -1.0, FIELD), 170.20155600258232, UNKNOWN, LVO)"
3,0.24418294143999997,0.24418294143999997,37.83644999357895,-121.60821162280791,"PatientState(Location(""FIELD"", (37.83644999357895, -121.60821162280791), -1.0, FIELD), 85.74628739331798, UNKNOWN, HEMORRHAGIC)"
4,0.24418294143999997,0.24418294143999997,37.83812989363163,-121.60780639076413,"PatientState(Location(""FIELD"", (37.83812989363163, -121.60780639076413), -1.0, FIELD), 98.01330898471359, UNKNOWN, LVO)"
5,0.32361554515022545,0.24418294143999997,37.83507371290084,-121.60746466520136,"PatientState(Location(""FIELD"", (37.83507371290084, -121.60746466520136), -1.0, FIELD), 16.330840762214407, UNKNOWN, LVO)"
