sample,reward_best,reward_CA,location_lat,location_lon,patient_state
1,0.24418294143999997,0.24418294143999997,38.09821233686735,-122.26983275326577,"PatientState(Location(""FIELD"", (38.09821233686735, -122.26983275326577), -1.0, FIELD), 142.8832319920719, UNKNOWN, HEMORRHAGIC)"
2,0.32778013616634394,0.24418294143999997,38.09640104598664,-122.2697815058345,"PatientState(Location(""FIELD"", (38.09640104598664, -122.2697815058345), -1.0, FIELD), 12.509655262978702, UNKNOWN, LVO)"
3,0.24418294143999997,0.24418294143999997,38.09543682009843,-122.26852495260971,"PatientState(Location(""FIELD"", (38.09543682009843, -122.26852495260971), -1.0, FIELD), 259.52089630547357, UNKNOWN, LVO)"
4,0.3239435605733367,0.24418294143999997,38.097989515951745,-122.26972537417547,"PatientState(Location(""FIELD"", (38.097989515951745, -122.26972537417547), -1.0, FIELD), 29.62072014951892, UNKNOWN, HEMORRHAGIC)"
5,0.32292504206344824,0.24418294143999997,38.09742022930758,-122.26907121791076,"PatientState(Location(""FIELD"", (38.09742022930758, -122.26907121791076), -1.0, FIELD), 33.58789781306992, UNKNOWN, HEMORRHAGIC)"
