sample,reward_best,reward_CA,location_lat,location_lon,patient_state
1,0.34406983870598723,0.34406983870598723,37.347969453235216,-121.5915143273484,"PatientState(Location(""FIELD"", (37.347969453235216, -121.5915143273484), -1.0, FIELD), 26.887026592934966, UNKNOWN, LVO)"
2,0.24418294143999997,0.24418294143999997,37.34830196991119,-121.59478820276003,"PatientState(Location(""FIELD"", (37.34830196991119, -121.59478820276003), -1.0, FIELD), 195.49771206646759, UNKNOWN, HEMORRHAGIC)"
3,0.24418294143999997,0.24418294143999997,37.34711763382731,-121.59524120271249,"PatientState(Location(""FIELD"", (37.34711763382731, -121.59524120271249), -1.0, FIELD), 164.90052403974363, UNKNOWN, LVO)"
4,0.24418294143999997,0.24418294143999997,37.3477955270679,-121.59200749577289,"PatientState(Location(""FIELD"", (37.3477955270679, -121.59200749577289), -1.0, FIELD), 181.16906359591374, UNKNOWN, LVO)"
5,0.3456860872075058,0.3456860872075058,37.34620612459867,-121.59435841962704,"PatientState(Location(""FIELD"", (37.34620612459867, -121.59435841962704), -1.0, FIELD), 20.31888462637297, UNKNOWN, LVO)"
