sample,reward_best,reward_CA,location_lat,location_lon,patient_state
1,0.35601345631275017,0.3522938712980048,37.37017266594326,-121.930583570586,"PatientState(Location(""FIELD"", (37.37017266594326, -121.930583570586), -1.0, FIELD), 7.925487323623354, UNKNOWN, HEMORRHAGIC)"
2,0.24418294143999997,0.24418294143999997,37.371820463615514,-121.92654686142767,"PatientState(Location(""FIELD"", (37.371820463615514, -121.92654686142767), -1.0, FIELD), 235.93641833359555, UNKNOWN, HEMORRHAGIC)"
3,0.34933557393204057,0.3445243290572763,37.372371365634,-121.92628866926226,"PatientState(Location(""FIELD"", (37.372371365634, -121.92628866926226), -1.0, FIELD), 40.05569011976058, UNKNOWN, LVO)"
4,0.3299974925553598,0.32622485128220197,37.37153617891931,-121.93022215366771,"PatientState(Location(""FIELD"", (37.37153617891931, -121.93022215366771), -1.0, FIELD), 118.78616902048451, UNKNOWN, HEMORRHAGIC)"
5,0.3432792684689807,0.3387351655058066,37.372493695381735,-121.92802523326084,"PatientState(Location(""FIELD"", (37.372493695381735, -121.92802523326084), -1.0, FIELD), 65.7298339902991, UNKNOWN, LVO)"
