sample,reward_best,reward_CA,location_lat,location_lon,patient_state
1,0.3416339539036576,0.3416339539036576,37.34328050828659,-121.70871105808304,"PatientState(Location(""FIELD"", (37.34328050828659, -121.70871105808304), -1.0, FIELD), 58.29021792163524, UNKNOWN, LVO)"
2,0.3365551338396392,0.3365551338396392,37.342590773133566,-121.70586831977631,"PatientState(Location(""FIELD"", (37.342590773133566, -121.70586831977631), -1.0, FIELD), 59.19653186708883, UNKNOWN, LVO)"
3,0.35400751004977027,0.35400751004977027,37.34202429389415,-121.70809214056521,"PatientState(Location(""FIELD"", (37.34202429389415, -121.70809214056521), -1.0, FIELD), 8.382218393297713, UNKNOWN, MIMIC)"
4,0.3471689219207472,0.3471689219207472,37.34004927033484,-121.70731989139031,"PatientState(Location(""FIELD"", (37.34004927033484, -121.70731989139031), -1.0, FIELD), 37.34736640584117, UNKNOWN, HEMORRHAGIC)"
5,0.3513577392720049,0.3513577392720049,37.338859330167054,-121.71024784806606,"PatientState(Location(""FIELD"", (37.338859330167054, -121.71024784806606), -1.0, FIELD), 21.41621134217895, UNKNOWN, MIMIC)"
