sample,reward_best,reward_CA,location_lat,location_lon,patient_state
1,0.31570052282532235,0.24418294143999997,37.59083011470899,-121.80171331747208,"PatientState(Location(""FIELD"", (37.59083011470899, -121.80171331747208), -1.0, FIELD), 159.44327575155057, UNKNOWN, LVO)"
2,0.24418294143999997,0.24418294143999997,37.589513384198774,-121.8020304173862,"PatientState(Location(""FIELD"", (37.589513384198774, -121.8020304173862), -1.0, FIELD), 268.2778471606052, UNKNOWN, MIMIC)"
3,0.24418294143999997,0.24418294143999997,37.59050069819595,-121.80321785360151,"PatientState(Location(""FIELD"", (37.59050069819595, -121.80321785360151), -1.0, FIELD), 208.10537956546779, UNKNOWN, NLVO)"
4,0.24418294143999997,0.24418294143999997,37.59310752671635,-121.80318070795701,"PatientState(Location(""FIELD"", (37.59310752671635, -121.80318070795701), -1.0, FIELD), 221.6159281684308, UNKNOWN, MIMIC)"
5,0.34620816008512284,0.32690278211297497,37.59250416767759,-121.803589785756,"PatientState(Location(""FIELD"", (37.59250416767759, -121.803589785756), -1.0, FIELD), 26.108278053854896, UNKNOWN, LVO)"
