sample,reward_best,reward_CA,location_lat,location_lon,patient_state
1,0.24418294143999997,0.24418294143999997,37.936724407503455,-121.83957846066359,"PatientState(Location(""FIELD"", (37.936724407503455, -121.83957846066359), -1.0, FIELD), 94.57162372647078, UNKNOWN, HEMORRHAGIC)"
2,0.24418294143999997,0.24418294143999997,37.93506555688127,-121.8361640098707,"PatientState(Location(""FIELD"", (37.93506555688127, -121.8361640098707), -1.0, FIELD), 170.44817362537253, UNKNOWN, HEMORRHAGIC)"
3,0.24418294143999997,0.24418294143999997,37.93745882618648,-121.83624085688402,"PatientState(Location(""FIELD"", (37.93745882618648, -121.83624085688402), -1.0, FIELD), 203.09213344286246, UNKNOWN, LVO)"
4,0.24418294143999997,0.24418294143999997,37.93723986731332,-121.83637625127534,"PatientState(Location(""FIELD"", (37.93723986731332, -121.83637625127534), -1.0, FIELD), 180.746803261155, UNKNOWN, LVO)"
5,0.24418294143999997,0.24418294143999997,37.93760567282037,-121.83870574617814,"PatientState(Location(""FIELD"", (37.93760567282037, -121.83870574617814), -1.0, FIELD), 223.57466568229995, UNKNOWN, LVO)"
