sample,reward_best,reward_CA,location_lat,location_lon,patient_state
1,0.3435645856670469,0.33199874598356244,37.969311260905634,-122.34706166743581,"PatientState(Location(""FIELD"", (37.969311260905634, -122.34706166743581), -1.0, FIELD), 2.638455485993758, UNKNOWN, HEMORRHAGIC)"
2,0.24418294143999997,0.24418294143999997,37.97135343254378,-122.34593898645964,"PatientState(Location(""FIELD"", (37.97135343254378, -122.34593898645964), -1.0, FIELD), 214.3698037194131, UNKNOWN, HEMORRHAGIC)"
3,0.2562577238270326,0.24418294143999997,37.97064520106762,-122.34647158642518,"PatientState(Location(""FIELD"", (37.97064520106762, -122.34647158642518), -1.0, FIELD), 133.73700905978902, UNKNOWN, LVO)"
4,0.3295688427036466,0.3184306568261238,37.97254553490874,-122.34633059499899,"PatientState(Location(""FIELD"", (37.97254553490874, -122.34633059499899), -1.0, FIELD), 61.67816839073005, UNKNOWN, LVO)"
5,0.24418294143999997,0.24418294143999997,37.97318792780059,-122.34748794663645,"PatientState(Location(""FIELD"", (37.97318792780059, -122.34748794663645), -1.0, FIELD), 203.92379930888333, UNKNOWN, LVO)"
