sample,reward_best,reward_CA,location_lat,location_lon,patient_state
1,0.3285582775983512,0.24418294143999997,37.73214423929634,-121.74174474236757,"PatientState(Location(""FIELD"", (37.73214423929634, -121.74174474236757), -1.0, FIELD), 96.68360010645523, UNKNOWN, HEMORRHAGIC)"
2,0.24418294143999997,0.24418294143999997,37.73298601950888,-121.74392880570947,"PatientState(Location(""FIELD"", (37.73298601950888, -121.74392880570947), -1.0, FIELD), 199.0138659808323, UNKNOWN, LVO)"
3,0.34785284953147266,0.3277913638924031,37.730862617947935,-121.74429101027489,"PatientState(Location(""FIELD"", (37.730862617947935, -121.74429101027489), -1.0, FIELD), 13.604747977052149, UNKNOWN, LVO)"
4,0.24418294143999997,0.24418294143999997,37.72941943647226,-121.74548492061263,"PatientState(Location(""FIELD"", (37.72941943647226, -121.74548492061263), -1.0, FIELD), 208.52111948978265, UNKNOWN, LVO)"
5,0.33879047092533443,0.3190337943635476,37.73012427541054,-121.74267440426867,"PatientState(Location(""FIELD"", (37.73012427541054, -121.74267440426867), -1.0, FIELD), 52.25489910992538, UNKNOWN, HEMORRHAGIC)"
