sample,reward_best,reward_CA,location_lat,location_lon,patient_state
1,0.24418294143999997,0.24418294143999997,37.80338631907631,-122.45232178261764,"PatientState(Location(""FIELD"", (37.80338631907631, -122.45232178261764), -1.0, FIELD), 243.5876514842915, UNKNOWN, LVO)"
2,0.32733323234235046,0.2536856502341558,37.79991896238013,-122.45216073189941,"PatientState(Location(""FIELD"", (37.79991896238013, -122.45216073189941), -1.0, FIELD), 102.70481119543783, UNKNOWN, LVO)"
3,0.3230672351889141,0.24418294143999997,37.802490099315925,-122.45327598339263,"PatientState(Location(""FIELD"", (37.802490099315925, -122.45327598339263), -1.0, FIELD), 121.52220400881747, UNKNOWN, LVO)"
4,0.24418294143999997,0.24418294143999997,37.80290139777764,-122.4527247925619,"PatientState(Location(""FIELD"", (37.80290139777764, -122.4527247925619), -1.0, FIELD), 204.4408332913523, UNKNOWN, NLVO)"
5,0.24418294143999997,0.24418294143999997,37.801946569228114,-122.45196370794811,"PatientState(Location(""FIELD"", (37.801946569228114, -122.45196370794811), -1.0, FIELD), 224.67062705673277, UNKNOWN, HEMORRHAGIC)"
