sample,reward_best,reward_CA,location_lat,location_lon,patient_state
1,0.24418294143999997,0.24418294143999997,37.87807948125512,-121.68075154240195,"PatientState(Location(""FIELD"", (37.87807948125512, -121.68075154240195), -1.0, FIELD), 180.94119514583338, UNKNOWN, LVO)"
2,0.24418294143999997,0.24418294143999997,37.878565326546735,-121.67828731117957,"PatientState(Location(""FIELD"", (37.878565326546735, -121.67828731117957), -1.0, FIELD), 160.5917654741255, UNKNOWN, MIMIC)"
3,0.24418294143999997,0.24418294143999997,37.87492696262491,-121.67859553416335,"PatientState(Location(""FIELD"", (37.87492696262491, -121.67859553416335), -1.0, FIELD), 78.14641494486442, UNKNOWN, NLVO)"
4,0.24418294143999997,0.24418294143999997,37.87844662684493,-121.67733771955997,"PatientState(Location(""FIELD"", (37.87844662684493, -121.67733771955997), -1.0, FIELD), 126.08046234846738, UNKNOWN, HEMORRHAGIC)"
5,0.24418294143999997,0.24418294143999997,37.8753963011423,-121.67876383488284,"PatientState(Location(""FIELD"", (37.8753963011423, -121.67876383488284), -1.0, FIELD), 268.4041445104204, UNKNOWN, NLVO)"
