sample,reward_best,reward_CA,location_lat,location_lon,patient_state
1,0.3190905065253972,0.24418294143999997,38.026216026100386,-121.91494818654148,"PatientState(Location(""FIELD"", (38.026216026100386, -121.91494818654148), -1.0, FIELD), 47.25331788983539, UNKNOWN, HEMORRHAGIC)"
2,0.24418294143999997,0.24418294143999997,38.02380996880529,-121.91322199972434,"PatientState(Location(""FIELD"", (38.02380996880529, -121.91322199972434), -1.0, FIELD), 215.99252052149106, UNKNOWN, LVO)"
3,0.24418294143999997,0.24418294143999997,38.02684771696114,-121.913056648556,"PatientState(Location(""FIELD"", (38.02684771696114, -121.913056648556), -1.0, FIELD), 199.94916155595106, UNKNOWN, NLVO)"
4,0.24418294143999997,0.24418294143999997,38.02510708301557,-121.91228208063193,"PatientState(Location(""FIELD"", (38.02510708301557, -121.91228208063193), -1.0, FIELD), 102.95038209500228, UNKNOWN, HEMORRHAGIC)"
5,0.24418294143999997,0.24418294143999997,38.02411813015506,-121.91297431990827,"PatientState(Location(""FIELD"", (38.02411813015506, -121.91297431990827), -1.0, FIELD), 103.74355672053161, UNKNOWN, LVO)"
