sample,reward_best,reward_CA,location_lat,location_lon,patient_state
1,0.327035645887457,0.24418294143999997,37.834915252744395,-122.07571717123453,"PatientState(Location(""FIELD"", (37.834915252744395, -122.07571717123453), -1.0, FIELD), 67.85129431996629, UNKNOWN, HEMORRHAGIC)"
2,0.24418294143999997,0.24418294143999997,37.8338621740106,-122.07255661930218,"PatientState(Location(""FIELD"", (37.8338621740106, -122.07255661930218), -1.0, FIELD), 269.07480124418447, UNKNOWN, LVO)"
3,0.24418294143999997,0.24418294143999997,37.83453052677199,-122.07571016409874,"PatientState(Location(""FIELD"", (37.83453052677199, -122.07571016409874), -1.0, FIELD), 146.49696854721256, UNKNOWN, MIMIC)"
4,0.24418294143999997,0.24418294143999997,37.83437656272024,-122.0749304605235,"PatientState(Location(""FIELD"", (37.83437656272024, -122.0749304605235), -1.0, FIELD), 209.38370564701282, UNKNOWN, LVO)"
5,0.24418294143999997,0.24418294143999997,37.83408756726324,-122.07442928203331,"PatientState(Location(""FIELD"", (37.83408756726324, -122.07442928203331), -1.0, FIELD), 147.9414744546796, UNKNOWN, LVO)"
