sample,reward_best,reward_CA,location_lat,location_lon,patient_state
1,0.24418294143999997,0.24418294143999997,38.083446505934944,-121.88249847313269,"PatientState(Location(""FIELD"", (38.083446505934944, -121.88249847313269), -1.0, FIELD), 257.02784127427446, UNKNOWN, HEMORRHAGIC)"
2,0.24418294143999997,0.24418294143999997,38.07924597530868,-121.88195083863094,"PatientState(Location(""FIELD"", (38.07924597530868, -121.88195083863094), -1.0, FIELD), 153.1974933677906, UNKNOWN, HEMORRHAGIC)"
3,0.24418294143999997,0.24418294143999997,38.083249632714974,-121.8846138259491,"PatientState(Location(""FIELD"", (38.083249632714974, -121.8846138259491), -1.0, FIELD), 162.93974179964178, UNKNOWN, HEMORRHAGIC)"
4,0.24418294143999997,0.24418294143999997,38.079940267183,-121.8847721107552,"PatientState(Location(""FIELD"", (38.079940267183, -121.8847721107552), -1.0, FIELD), 221.24261583693414, UNKNOWN, HEMORRHAGIC)"
5,0.24418294143999997,0.24418294143999997,38.081734757376275,-121.8809089310898,"PatientState(Location(""FIELD"", (38.081734757376275, -121.8809089310898), -1.0, FIELD), 151.62340892942223, UNKNOWN, LVO)"
