sample,reward_best,reward_CA,location_lat,location_lon,patient_state
1,0.24418294143999997,0.24418294143999997,37.595928644185584,-121.58750169344523,"PatientState(Location(""FIELD"", (37.595928644185584, -121.58750169344523), -1.0, FIELD), 244.8635577998227, UNKNOWN, LVO)"
2,0.33730512725401873,0.31567512028526334,37.59424013489121,-121.58611920278015,"PatientState(Location(""FIELD"", (37.59424013489121, -121.58611920278015), -1.0, FIELD), 23.74926254689691, UNKNOWN, LVO)"
3,0.24418294143999997,0.24418294143999997,37.59504616269721,-121.58960709489358,"PatientState(Location(""FIELD"", (37.59504616269721, -121.58960709489358), -1.0, FIELD), 203.51378143247055, UNKNOWN, NLVO)"
4,0.3387459522637076,0.3170600301895584,37.59465785353535,-121.58808942434553,"PatientState(Location(""FIELD"", (37.59465785353535, -121.58808942434553), -1.0, FIELD), 17.525307293451807, UNKNOWN, LVO)"
5,0.24418294143999997,0.24418294143999997,37.59553138995641,-121.58788913531674,"PatientState(Location(""FIELD"", (37.59553138995641, -121.58788913531674), -1.0, FIELD), 262.7403600060884, UNKNOWN, LVO)"
