sample,reward_best,reward_CA,location_lat,location_lon,patient_state
1,0.24418294143999997,0.24418294143999997,37.960005801966574,-122.41275886125172,"PatientState(Location(""FIELD"", (37.960005801966574, -122.41275886125172), -1.0, FIELD), 241.91980973277202, UNKNOWN, LVO)"
2,0.32811805257041965,0.31702084316798795,37.96094354466628,-122.41323455114288,"PatientState(Location(""FIELD"", (37.96094354466628, -122.41323455114288), -1.0, FIELD), 61.60643382833109, UNKNOWN, LVO)"
3,0.33858998313797717,0.3271608962204421,37.95948728017782,-122.41107112490391,"PatientState(Location(""FIELD"", (37.95948728017782, -122.41107112490391), -1.0, FIELD), 16.149424270121237, UNKNOWN, HEMORRHAGIC)"
4,0.24418294143999997,0.24418294143999997,37.960167055785284,-122.41227138907517,"PatientState(Location(""FIELD"", (37.960167055785284, -122.41227138907517), -1.0, FIELD), 159.0341546655746, UNKNOWN, MIMIC)"
5,0.24418294143999997,0.24418294143999997,37.96210016663433,-122.41518299280207,"PatientState(Location(""FIELD"", (37.96210016663433, -122.41518299280207), -1.0, FIELD), 209.03464864458917, UNKNOWN, HEMORRHAGIC)"
