sample,reward_best,reward_CA,location_lat,location_lon,patient_state
1,0.24418294143999997,0.24418294143999997,37.76098925059435,-122.46894729145305,"PatientState(Location(""FIELD"", (37.76098925059435, -122.46894729145305), -1.0, FIELD), 195.03319997923558, UNKNOWN, MIMIC)"
2,0.24418294143999997,0.24418294143999997,37.75972776043965,-122.46582132031219,"PatientState(Location(""FIELD"", (37.75972776043965, -122.46582132031219), -1.0, FIELD), 233.63157292867757, UNKNOWN, LVO)"
3,0.24418294143999997,0.24418294143999997,37.75994595487864,-122.46783474064968,"PatientState(Location(""FIELD"", (37.75994595487864, -122.46783474064968), -1.0, FIELD), 239.8693952899864, UNKNOWN, HEMORRHAGIC)"
4,0.34485760356410045,0.3327364666162471,37.76297370669026,-122.4684538399488,"PatientState(Location(""FIELD"", (37.76297370669026, -122.4684538399488), -1.0, FIELD), 33.27865811022339, UNKNOWN, LVO)"
5,0.24418294143999997,0.24418294143999997,37.76347027011833,-122.46757909710195,"PatientState(Location(""FIELD"", (37.76347027011833, -122.46757909710195), -1.0, FIELD), 262.0711487268673, UNKNOWN, LVO)"
